t,stamp,label,moving,cmd_waist,cmd_shoulder,cmd_elbow,cmd_wrist_angle,cmd_wrist_rotate,meas_waist,meas_shoulder,meas_elbow,meas_wrist_angle,meas_wrist_rotate,enc_x,enc_y,enc_z,enc_qx,enc_qy,enc_qz,enc_qw,cam_x,cam_y,cam_z,cam_qx,cam_qy,cam_qz,cam_qw,fk_x,fk_y,fk_z,fk_pitch,raw_x,raw_y,raw_z,raw_qx,raw_qy,raw_qz,raw_qw,rk_ok,rk_dt,rk_x,rk_y,rk_z,rk_qx,rk_qy,rk_qz,rk_qw
8.199970722198486,1789121620.640205,r18_z20_w-40,0,-0.6981317007977318,-1.2709380307605356,1.2485804488902446,0.02235758187029102,0.0,-0.6979612708091736,-1.2762720584869385,1.2593982219696045,0.02147573232650757,0.0015339808305725455,0.13751038123018733,-0.11534497905537364,0.19784517149350445,0.0014273001060116993,0.00167946469412983,-0.34194072493288846,0.9397189382177626,0.08550045954302782,-0.07990393435187246,0.23313698567625163,0.01487354284879068,-0.0218779895845282,0.9047061531067132,-0.42521395535155815,0.13788799976141602,-0.11570176974357704,0.2,0.0,0.02377299179170223,-0.08436344449777158,0.4847229881897507,-0.23212510633051048,0.9476669025322124,-0.19636674032568835,-0.0973934297060904,0,nan,nan,nan,nan,nan,nan,nan,nan
8.201061725616455,1789121620.640205,r18_z20_w-40,0,-0.6981317007977318,-1.2709380307605356,1.2485804488902446,0.02235758187029102,0.0,-0.6979612708091736,-1.2762720584869385,1.2593982219696045,0.02147573232650757,0.0015339808305725455,0.13751038123018733,-0.11534497905537364,0.19784517149350445,0.0014273001060116993,0.00167946469412983,-0.34194072493288846,0.9397189382177626,0.08550045954302782,-0.07990393435187246,0.23313698567625163,0.01487354284879068,-0.0218779895845282,0.9047061531067132,-0.42521395535155815,0.13788799976141602,-0.11570176974357704,0.2,0.0,0.02377299179170223,-0.08436344449777158,0.4847229881897507,-0.23212510633051048,0.9476669025322124,-0.19636674032568835,-0.0973934297060904,0,nan,nan,nan,nan,nan,nan,nan,nan
8.21002197265625,1789121620.640205,r18_z20_w-40,0,-0.6981317007977318,-1.2709380307605356,1.2485804488902446,0.02235758187029102,0.0,-0.6979612708091736,-1.2762720584869385,1.2593982219696045,0.02147573232650757,0.0015339808305725455,0.13751038123018733,-0.11534497905537364,0.19784517149350445,0.0014273001060116993,0.00167946469412983,-0.34194072493288846,0.9397189382177626,0.08550045954302782,-0.07990393435187246,0.23313698567625163,0.01487354284879068,-0.0218779895845282,0.9047061531067132,-0.42521395535155815,0.13788799976141602,-0.11570176974357704,0.2,0.0,0.02377299179170223,-0.08436344449777158,0.4847229881897507,-0.23212510633051048,0.9476669025322124,-0.19636674032568835,-0.0973934297060904,0,nan,nan,nan,nan,nan,nan,nan,nan
8.219247579574585,1789121620.640205,r18_z20_w-40,0,-0.6981317007977318,-1.2709380307605356,1.2485804488902446,0.02235758187029102,0.0,-0.6979612708091736,-1.2762720584869385,1.2593982219696045,0.02147573232650757,0.0015339808305725455,0.13751038123018733,-0.11534497905537364,0.19784517149350445,0.0014273001060116993,0.00167946469412983,-0.34194072493288846,0.9397189382177626,0.08550045954302782,-0.07990393435187246,0.23313698567625163,0.01487354284879068,-0.0218779895845282,0.9047061531067132,-0.42521395535155815,0.13788799976141602,-0.11570176974357704,0.2,0.0,0.02377299179170223,-0.08436344449777158,0.4847229881897507,-0.23212510633051048,0.9476669025322124,-0.19636674032568835,-0.0973934297060904,0,nan,nan,nan,nan,nan,nan,nan,nan
8.21990180015564,1789121620.673562,r18_z20_w-40,0,-0.6981317007977318,-1.2709380307605356,1.2485804488902446,0.02235758187029102,0.0,-0.6979612708091736,-1.277806043624878,1.2593982219696045,0.02147573232650757,0.0015339808305725455,0.13754390591177065,-0.11537309986822042,0.1977609251474106,0.0015075409594221816,0.0018999842432498796,-0.341940718852959,0.9397183951431688,0.08547248054491158,-0.07989509148181931,0.23310075584453033,0.015083348953485181,-0.02196854084396476,0.9047291613062507,-0.42515293775254903,0.13788799976141602,-0.11570176974357704,0.2,0.0,0.0237792114377625,-0.08437261018728816,0.4847682753571548,-0.2322024348201562,0.9476992956648079,-0.19616279452107363,-0.09730484214930495,0,nan,nan,nan,nan,nan,nan,nan,nan
8.220570802688599,1789121620.673562,r18_z20_w-40,0,-0.6981317007977318,-1.2709380307605356,1.2485804488902446,0.02235758187029102,0.0,-0.6979612708091736,-1.277806043624878,1.2593982219696045,0.02147573232650757,0.0015339808305725455,0.13754390591177065,-0.11537309986822042,0.1977609251474106,0.0015075409594221816,0.0018999842432498796,-0.341940718852959,0.9397183951431688,0.08547248054491158,-0.07989509148181931,0.23310075584453033,0.015083348953485181,-0.02196854084396476,0.9047291613062507,-0.42515293775254903,0.13788799976141602,-0.11570176974357704,0.2,0.0,0.0237792114377625,-0.08437261018728816,0.4847682753571548,-0.2322024348201562,0.9476992956648079,-0.19616279452107363,-0.09730484214930495,0,nan,nan,nan,nan,nan,nan,nan,nan
8.229865312576294,1789121620.673562,r18_z20_w-40,0,-0.6981317007977318,-1.2709380307605356,1.2485804488902446,0.02235758187029102,0.0,-0.6979612708091736,-1.277806043624878,1.2593982219696045,0.02147573232650757,0.0015339808305725455,0.13754390591177065,-0.11537309986822042,0.1977609251474106,0.0015075409594221816,0.0018999842432498796,-0.341940718852959,0.9397183951431688,0.08547248054491158,-0.07989509148181931,0.23310075584453033,0.015083348953485181,-0.02196854084396476,0.9047291613062507,-0.42515293775254903,0.13788799976141602,-0.11570176974357704,0.2,0.0,0.0237792114377625,-0.08437261018728816,0.4847682753571548,-0.2322024348201562,0.9476992956648079,-0.19616279452107363,-0.09730484214930495,0,nan,nan,nan,nan,nan,nan,nan,nan
8.23997950553894,1789121620.673562,r18_z20_w-40,0,-0.6981317007977318,-1.2709380307605356,1.2485804488902446,0.02235758187029102,0.0,-0.6979612708091736,-1.277806043624878,1.2593982219696045,0.02147573232650757,0.0015339808305725455,0.13754390591177065,-0.11537309986822042,0.1977609251474106,0.0015075409594221816,0.0018999842432498796,-0.341940718852959,0.9397183951431688,0.08547248054491158,-0.07989509148181931,0.23310075584453033,0.015083348953485181,-0.02196854084396476,0.9047291613062507,-0.42515293775254903,0.13788799976141602,-0.11570176974357704,0.2,0.0,0.0237792114377625,-0.08437261018728816,0.4847682753571548,-0.2322024348201562,0.9476992956648079,-0.19616279452107363,-0.09730484214930495,0,nan,nan,nan,nan,nan,nan,nan,nan
8.240843534469604,1789121620.673562,r18_z20_w-40,0,-0.6981317007977318,-1.2709380307605356,1.2485804488902446,0.02235758187029102,0.0,-0.6979612708091736,-1.277806043624878,1.2593982219696045,0.02147573232650757,0.0015339808305725455,0.13754390591177065,-0.11537309986822042,0.1977609251474106,0.0015075409594221816,0.0018999842432498796,-0.341940718852959,0.9397183951431688,0.08547248054491158,-0.07989509148181931,0.23310075584453033,0.015083348953485181,-0.02196854084396476,0.9047291613062507,-0.42515293775254903,0.13788799976141602,-0.11570176974357704,0.2,0.0,0.0237792114377625,-0.08437261018728816,0.4847682753571548,-0.2322024348201562,0.9476992956648079,-0.19616279452107363,-0.09730484214930495,0,nan,nan,nan,nan,nan,nan,nan,nan
8.24140191078186,1789121620.7069192,r18_z20_w-40,0,-0.6981317007977318,-1.2709380307605356,1.2485804488902446,0.02235758187029102,0.0,-0.6979612708091736,-1.2762720584869385,1.2593982219696045,0.02147573232650757,0.0015339808305725455,0.13754390591177065,-0.11537309986822042,0.1977609251474106,0.0015075409594221816,0.0018999842432498796,-0.341940718852959,0.9397183951431688,0.08544301701257717,-0.07989144806960552,0.2330608046049748,0.015096214977828511,-0.021791692480445775,0.90466556056946,-0.4252968962404094,0.13788799976141602,-0.11570176974357704,0.2,0.0,0.023780342995436413,-0.08438030161056198,0.4848174387308944,-0.23208911945581254,0.9477134905962092,-0.1963038691366943,-0.09715230997839416,0,nan,nan,nan,nan,nan,nan,nan,nan
8.25002384185791,1789121620.7069192,r18_z20_w-40,0,-0.6981317007977318,-1.2709380307605356,1.2485804488902446,0.02235758187029102,0.0,-0.6979612708091736,-1.2762720584869385,1.2593982219696045,0.02147573232650757,0.0015339808305725455,0.13754390591177065,-0.11537309986822042,0.1977609251474106,0.0015075409594221816,0.0018999842432498796,-0.341940718852959,0.9397183951431688,0.08544301701257717,-0.07989144806960552,0.2330608046049748,0.015096214977828511,-0.021791692480445775,0.90466556056946,-0.4252968962404094,0.13788799976141602,-0.11570176974357704,0.2,0.0,0.023780342995436413,-0.08438030161056198,0.4848174387308944,-0.23208911945581254,0.9477134905962092,-0.1963038691366943,-0.09715230997839416,0,nan,nan,nan,nan,nan,nan,nan,nan
8.250834941864014,1789121620.7069192,r18_z20_w-40,0,-0.6981317007977318,-1.2709380307605356,1.2485804488902446,0.02235758187029102,0.0,-0.6979612708091736,-1.2762720584869385,1.2593982219696045,0.02147573232650757,0.0015339808305725455,0.13754390591177065,-0.11537309986822042,0.1977609251474106,0.0015075409594221816,0.0018999842432498796,-0.341940718852959,0.9397183951431688,0.08544301701257717,-0.07989144806960552,0.2330608046049748,0.015096214977828511,-0.021791692480445775,0.90466556056946,-0.4252968962404094,0.13788799976141602,-0.11570176974357704,0.2,0.0,0.023780342995436413,-0.08438030161056198,0.4848174387308944,-0.23208911945581254,0.9477134905962092,-0.1963038691366943,-0.09715230997839416,0,nan,nan,nan,nan,nan,nan,nan,nan
8.25989818572998,1789121620.7069192,r18_z20_w-40,0,-0.6981317007977318,-1.2709380307605356,1.2485804488902446,0.02235758187029102,0.0,-0.6979612708091736,-1.2762720584869385,1.2593982219696045,0.02147573232650757,0.0015339808305725455,0.13754390591177065,-0.11537309986822042,0.1977609251474106,0.0015075409594221816,0.0018999842432498796,-0.341940718852959,0.9397183951431688,0.08544301701257717,-0.07989144806960552,0.2330608046049748,0.015096214977828511,-0.021791692480445775,0.90466556056946,-0.4252968962404094,0.13788799976141602,-0.11570176974357704,0.2,0.0,0.023780342995436413,-0.08438030161056198,0.4848174387308944,-0.23208911945581254,0.9477134905962092,-0.1963038691366943,-0.09715230997839416,0,nan,nan,nan,nan,nan,nan,nan,nan
8.27191424369812,1789121620.7069192,r18_z20_w-40,0,-0.6981317007977318,-1.2709380307605356,1.2485804488902446,0.02235758187029102,0.0,-0.6979612708091736,-1.2762720584869385,1.2593982219696045,0.02147573232650757,0.0015339808305725455,0.13754390591177065,-0.11537309986822042,0.1977609251474106,0.0015075409594221816,0.0018999842432498796,-0.341940718852959,0.9397183951431688,0.08544301701257717,-0.07989144806960552,0.2330608046049748,0.015096214977828511,-0.021791692480445775,0.90466556056946,-0.4252968962404094,0.13788799976141602,-0.11570176974357704,0.2,0.0,0.023780342995436413,-0.08438030161056198,0.4848174387308944,-0.23208911945581254,0.9477134905962092,-0.1963038691366943,-0.09715230997839416,0,nan,nan,nan,nan,nan,nan,nan,nan
8.277584552764893,1789121620.7069192,r18_z20_w-40,0,-0.6981317007977318,-1.2709380307605356,1.2485804488902446,0.02235758187029102,0.0,-0.6979612708091736,-1.2762720584869385,1.2593982219696045,0.02147573232650757,0.0015339808305725455,0.13754390591177065,-0.11537309986822042,0.1977609251474106,0.0015075409594221816,0.0018999842432498796,-0.341940718852959,0.9397183951431688,0.08544301701257717,-0.07989144806960552,0.2330608046049748,0.015096214977828511,-0.021791692480445775,0.90466556056946,-0.4252968962404094,0.13788799976141602,-0.11570176974357704,0.2,0.0,0.023780342995436413,-0.08438030161056198,0.4848174387308944,-0.23208911945581254,0.9477134905962092,-0.1963038691366943,-0.09715230997839416,0,nan,nan,nan,nan,nan,nan,nan,nan
8.27894401550293,1789121620.7402766,r18_z20_w-40,0,-0.6981317007977318,-1.2709380307605356,1.2485804488902446,0.02235758187029102,0.0,-0.6979612708091736,-1.2762720584869385,1.2593982219696045,0.02147573232650757,0.0015339808305725455,0.13754390591177065,-0.11537309986822042,0.1977609251474106,0.0015075409594221816,0.0018999842432498796,-0.341940718852959,0.9397183951431688,0.08534838176308412,-0.07987798170909793,0.2329362433365733,0.015249626488106995,-0.02205288579896066,0.9047535618024088,-0.425090709761771,0.13788799976141602,-0.11570176974357704,0.2,0.0,0.02378542160798242,-0.08440709688497534,0.4849720637736961,-0.23227566484058693,0.9477231380076822,-0.19599017341233171,-0.09724567411221657,0,nan,nan,nan,nan,nan,nan,nan,nan
8.279975414276123,1789121620.7402766,r18_z20_w-40,0,-0.6981317007977318,-1.2709380307605356,1.2485804488902446,0.02235758187029102,0.0,-0.6979612708091736,-1.2762720584869385,1.2593982219696045,0.02147573232650757,0.0015339808305725455,0.13754390591177065,-0.11537309986822042,0.1977609251474106,0.0015075409594221816,0.0018999842432498796,-0.341940718852959,0.9397183951431688,0.08534838176308412,-0.07987798170909793,0.2329362433365733,0.015249626488106995,-0.02205288579896066,0.9047535618024088,-0.425090709761771,0.13788799976141602,-0.11570176974357704,0.2,0.0,0.02378542160798242,-0.08440709688497534,0.4849720637736961,-0.23227566484058693,0.9477231380076822,-0.19599017341233171,-0.09724567411221657,0,nan,nan,nan,nan,nan,nan,nan,nan
8.289852142333984,1789121620.7402766,r18_z20_w-40,0,-0.6981317007977318,-1.2709380307605356,1.2485804488902446,0.02235758187029102,0.0,-0.6979612708091736,-1.2762720584869385,1.2593982219696045,0.02147573232650757,0.0015339808305725455,0.13754390591177065,-0.11537309986822042,0.1977609251474106,0.0015075409594221816,0.0018999842432498796,-0.341940718852959,0.9397183951431688,0.08534838176308412,-0.07987798170909793,0.2329362433365733,0.015249626488106995,-0.02205288579896066,0.9047535618024088,-0.425090709761771,0.13788799976141602,-0.11570176974357704,0.2,0.0,0.02378542160798242,-0.08440709688497534,0.4849720637736961,-0.23227566484058693,0.9477231380076822,-0.19599017341233171,-0.09724567411221657,0,nan,nan,nan,nan,nan,nan,nan,nan
8.29995846748352,1789121620.7402766,r18_z20_w-40,0,-0.6981317007977318,-1.2709380307605356,1.2485804488902446,0.02235758187029102,0.0,-0.6979612708091736,-1.2762720584869385,1.2593982219696045,0.02147573232650757,0.0015339808305725455,0.13754390591177065,-0.11537309986822042,0.1977609251474106,0.0015075409594221816,0.0018999842432498796,-0.341940718852959,0.9397183951431688,0.08534838176308412,-0.07987798170909793,0.2329362433365733,0.015249626488106995,-0.02205288579896066,0.9047535618024088,-0.425090709761771,0.13788799976141602,-0.11570176974357704,0.2,0.0,0.02378542160798242,-0.08440709688497534,0.4849720637736961,-0.23227566484058693,0.9477231380076822,-0.19599017341233171,-0.09724567411221657,0,nan,nan,nan,nan,nan,nan,nan,nan
8.309928894042969,1789121620.7402766,r18_z20_w-40,0,-0.6981317007977318,-1.2709380307605356,1.2485804488902446,0.02235758187029102,0.0,-0.6979612708091736,-1.2762720584869385,1.2593982219696045,0.02147573232650757,0.0015339808305725455,0.13754390591177065,-0.11537309986822042,0.1977609251474106,0.0015075409594221816,0.0018999842432498796,-0.341940718852959,0.9397183951431688,0.08534838176308412,-0.07987798170909793,0.2329362433365733,0.015249626488106995,-0.02205288579896066,0.9047535618024088,-0.425090709761771,0.13788799976141602,-0.11570176974357704,0.2,0.0,0.02378542160798242,-0.08440709688497534,0.4849720637736961,-0.23227566484058693,0.9477231380076822,-0.19599017341233171,-0.09724567411221657,0,nan,nan,nan,nan,nan,nan,nan,nan
8.310730934143066,1789121620.7402766,r18_z20_w-40,0,-0.6981317007977318,-1.2709380307605356,1.2485804488902446,0.02235758187029102,0.0,-0.6979612708091736,-1.2762720584869385,1.2593982219696045,0.02147573232650757,0.0015339808305725455,0.13754390591177065,-0.11537309986822042,0.1977609251474106,0.0015075409594221816,0.0018999842432498796,-0.341940718852959,0.9397183951431688,0.08534838176308412,-0.07987798170909793,0.2329362433365733,0.015249626488106995,-0.02205288579896066,0.9047535618024088,-0.425090709761771,0.13788799976141602,-0.11570176974357704,0.2,0.0,0.02378542160798242,-0.08440709688497534,0.4849720637736961,-0.23227566484058693,0.9477231380076822,-0.19599017341233171,-0.09724567411221657,0,nan,nan,nan,nan,nan,nan,nan,nan
8.317896127700806,1789121620.7402766,r18_z20_w-40,0,-0.6981317007977318,-1.2709380307605356,1.2485804488902446,0.02235758187029102,0.0,-0.6979612708091736,-1.2762720584869385,1.2593982219696045,0.02147573232650757,0.0015339808305725455,0.13754390591177065,-0.11537309986822042,0.1977609251474106,0.0015075409594221816,0.0018999842432498796,-0.341940718852959,0.9397183951431688,0.08534838176308412,-0.07987798170909793,0.2329362433365733,0.015249626488106995,-0.02205288579896066,0.9047535618024088,-0.425090709761771,0.13788799976141602,-0.11570176974357704,0.2,0.0,0.02378542160798242,-0.08440709688497534,0.4849720637736961,-0.23227566484058693,0.9477231380076822,-0.19599017341233171,-0.09724567411221657,0,nan,nan,nan,nan,nan,nan,nan,nan
8.318488597869873,1789121620.7736337,r18_z20_w-40,0,-0.6981317007977318,-1.2709380307605356,1.2485804488902446,0.02235758187029102,0.0,-0.6979612708091736,-1.2762720584869385,1.2593982219696045,0.02147573232650757,0.0015339808305725455,0.1375170220209045,-0.11535054941202107,0.19771136466013717,0.001507540959422181,0.0018999842432498798,-0.341940718852959,0.9397183951431688,0.08549574861948733,-0.07990026368183202,0.23313144291220966,0.014899826816283752,-0.02189114979494387,0.9046627503887146,-0.4253046916983476,0.13788799976141602,-0.11570176974357704,0.2,0.0,0.02377613455287857,-0.08436567985858177,0.4847301655894617,-0.23203205924159137,0.9476966295677655,-0.196350167898573,-0.09735930030667966,0,nan,nan,nan,nan,nan,nan,nan,nan
8.319925546646118,1789121620.7736337,r18_z20_w-40,0,-0.6981317007977318,-1.2709380307605356,1.2485804488902446,0.02235758187029102,0.0,-0.6979612708091736,-1.2762720584869385,1.2593982219696045,0.02147573232650757,0.0015339808305725455,0.1375170220209045,-0.11535054941202107,0.19771136466013717,0.001507540959422181,0.0018999842432498798,-0.341940718852959,0.9397183951431688,0.08549574861948733,-0.07990026368183202,0.23313144291220966,0.014899826816283752,-0.02189114979494387,0.9046627503887146,-0.4253046916983476,0.13788799976141602,-0.11570176974357704,0.2,0.0,0.02377613455287857,-0.08436567985858177,0.4847301655894617,-0.23203205924159137,0.9476966295677655,-0.196350167898573,-0.09735930030667966,0,nan,nan,nan,nan,nan,nan,nan,nan
8.329864263534546,1789121620.7736337,r18_z20_w-40,0,-0.6981317007977318,-1.2709380307605356,1.2485804488902446,0.02235758187029102,0.0,-0.6979612708091736,-1.2762720584869385,1.2593982219696045,0.02147573232650757,0.0015339808305725455,0.1375170220209045,-0.11535054941202107,0.19771136466013717,0.001507540959422181,0.0018999842432498798,-0.341940718852959,0.9397183951431688,0.08549574861948733,-0.07990026368183202,0.23313144291220966,0.014899826816283752,-0.02189114979494387,0.9046627503887146,-0.4253046916983476,0.13788799976141602,-0.11570176974357704,0.2,0.0,0.02377613455287857,-0.08436567985858177,0.4847301655894617,-0.23203205924159137,0.9476966295677655,-0.196350167898573,-0.09735930030667966,0,nan,nan,nan,nan,nan,nan,nan,nan
8.340091228485107,1789121620.7736337,r18_z20_w-40,0,-0.6981317007977318,-1.2709380307605356,1.2485804488902446,0.02235758187029102,0.0,-0.6979612708091736,-1.2762720584869385,1.2593982219696045,0.02147573232650757,0.0015339808305725455,0.1375170220209045,-0.11535054941202107,0.19771136466013717,0.001507540959422181,0.0018999842432498798,-0.341940718852959,0.9397183951431688,0.08549574861948733,-0.07990026368183202,0.23313144291220966,0.014899826816283752,-0.02189114979494387,0.9046627503887146,-0.4253046916983476,0.13788799976141602,-0.11570176974357704,0.2,0.0,0.02377613455287857,-0.08436567985858177,0.4847301655894617,-0.23203205924159137,0.9476966295677655,-0.196350167898573,-0.09735930030667966,0,nan,nan,nan,nan,nan,nan,nan,nan
8.341603755950928,1789121620.7736337,r18_z20_w-40,0,-0.6981317007977318,-1.2709380307605356,1.2485804488902446,0.02235758187029102,0.0,-0.6979612708091736,-1.2762720584869385,1.2593982219696045,0.02147573232650757,0.0015339808305725455,0.1375170220209045,-0.11535054941202107,0.19771136466013717,0.001507540959422181,0.0018999842432498798,-0.341940718852959,0.9397183951431688,0.08549574861948733,-0.07990026368183202,0.23313144291220966,0.014899826816283752,-0.02189114979494387,0.9046627503887146,-0.4253046916983476,0.13788799976141602,-0.11570176974357704,0.2,0.0,0.02377613455287857,-0.08436567985858177,0.4847301655894617,-0.23203205924159137,0.9476966295677655,-0.196350167898573,-0.09735930030667966,0,nan,nan,nan,nan,nan,nan,nan,nan
8.342283248901367,1789121620.8069909,r18_z20_w-40,0,-0.6981317007977318,-1.2709380307605356,1.2485804488902446,0.02235758187029102,0.0,-0.6979612708091736,-1.2762720584869385,1.2593982219696045,0.02147573232650757,0.0015339808305725455,0.13745729268336787,-0.11530044789149939,0.19760110888824725,0.0015075409594221625,0.0018999842432498274,-0.341940718852959,0.9397183951431688,0.08531460571537064,-0.0798684869408123,0.2328877929073892,0.015132468013521387,-0.02193064058775579,0.9047076489094891,-0.42519892452814984,0.13788799976141602,-0.11570176974357704,0.2,0.0,0.023792129755740053,-0.08441574545111885,0.48503087379979193,-0.23216936724129508,0.947714042742712,-0.19616611586695493,-0.0972333949253755,0,nan,nan,nan,nan,nan,nan,nan,nan
8.349891424179077,1789121620.8069909,r18_z20_w-40,0,-0.6981317007977318,-1.2709380307605356,1.2485804488902446,0.02235758187029102,0.0,-0.6979612708091736,-1.2762720584869385,1.2593982219696045,0.02147573232650757,0.0015339808305725455,0.13745729268336787,-0.11530044789149939,0.19760110888824725,0.0015075409594221625,0.0018999842432498274,-0.341940718852959,0.9397183951431688,0.08531460571537064,-0.0798684869408123,0.2328877929073892,0.015132468013521387,-0.02193064058775579,0.9047076489094891,-0.42519892452814984,0.13788799976141602,-0.11570176974357704,0.2,0.0,0.023792129755740053,-0.08441574545111885,0.48503087379979193,-0.23216936724129508,0.947714042742712,-0.19616611586695493,-0.0972333949253755,0,nan,nan,nan,nan,nan,nan,nan,nan
8.3599271774292,1789121620.8069909,r18_z20_w-40,0,-0.6981317007977318,-1.2709380307605356,1.2485804488902446,0.02235758187029102,0.0,-0.6979612708091736,-1.2762720584869385,1.2593982219696045,0.02147573232650757,0.0015339808305725455,0.13745729268336787,-0.11530044789149939,0.19760110888824725,0.0015075409594221625,0.0018999842432498274,-0.341940718852959,0.9397183951431688,0.08531460571537064,-0.0798684869408123,0.2328877929073892,0.015132468013521387,-0.02193064058775579,0.9047076489094891,-0.42519892452814984,0.13788799976141602,-0.11570176974357704,0.2,0.0,0.023792129755740053,-0.08441574545111885,0.48503087379979193,-0.23216936724129508,0.947714042742712,-0.19616611586695493,-0.0972333949253755,0,nan,nan,nan,nan,nan,nan,nan,nan
8.360900402069092,1789121620.8069909,r18_z20_w-40,0,-0.6981317007977318,-1.2709380307605356,1.2485804488902446,0.02235758187029102,0.0,-0.6979612708091736,-1.2762720584869385,1.2593982219696045,0.02147573232650757,0.0015339808305725455,0.13745729268336787,-0.11530044789149939,0.19760110888824725,0.0015075409594221625,0.0018999842432498274,-0.341940718852959,0.9397183951431688,0.08531460571537064,-0.0798684869408123,0.2328877929073892,0.015132468013521387,-0.02193064058775579,0.9047076489094891,-0.42519892452814984,0.13788799976141602,-0.11570176974357704,0.2,0.0,0.023792129755740053,-0.08441574545111885,0.48503087379979193,-0.23216936724129508,0.947714042742712,-0.19616611586695493,-0.0972333949253755,0,nan,nan,nan,nan,nan,nan,nan,nan
8.37001085281372,1789121620.8069909,r18_z20_w-40,0,-0.6981317007977318,-1.2709380307605356,1.2485804488902446,0.02235758187029102,0.0,-0.6979612708091736,-1.2762720584869385,1.2593982219696045,0.02147573232650757,0.0015339808305725455,0.13745729268336787,-0.11530044789149939,0.19760110888824725,0.0015075409594221625,0.0018999842432498274,-0.341940718852959,0.9397183951431688,0.08531460571537064,-0.0798684869408123,0.2328877929073892,0.015132468013521387,-0.02193064058775579,0.9047076489094891,-0.42519892452814984,0.13788799976141602,-0.11570176974357704,0.2,0.0,0.023792129755740053,-0.08441574545111885,0.48503087379979193,-0.23216936724129508,0.947714042742712,-0.19616611586695493,-0.0972333949253755,0,nan,nan,nan,nan,nan,nan,nan,nan
8.374568939208984,1789121620.8069909,r18_z20_w-40,0,-0.6981317007977318,-1.2709380307605356,1.2485804488902446,0.02235758187029102,0.0,-0.6979612708091736,-1.2762720584869385,1.2593982219696045,0.02147573232650757,0.0015339808305725455,0.13745729268336787,-0.11530044789149939,0.19760110888824725,0.0015075409594221625,0.0018999842432498274,-0.341940718852959,0.9397183951431688,0.08531460571537064,-0.0798684869408123,0.2328877929073892,0.015132468013521387,-0.02193064058775579,0.9047076489094891,-0.42519892452814984,0.13788799976141602,-0.11570176974357704,0.2,0.0,0.023792129755740053,-0.08441574545111885,0.48503087379979193,-0.23216936724129508,0.947714042742712,-0.19616611586695493,-0.0972333949253755,0,nan,nan,nan,nan,nan,nan,nan,nan
8.375308275222778,1789121620.8403485,r18_z20_w-40,0,-0.6981317007977318,-1.2709380307605356,1.2485804488902446,0.02235758187029102,0.0,-0.6979612708091736,-1.2762720584869385,1.2593982219696045,0.02147573232650757,0.0015339808305725455,0.13743563974478493,-0.1152822852064352,0.19776909492601422,0.0013932838304413382,0.0015859805094380623,-0.34194072182708246,0.9397191528229939,0.08542628775172778,-0.079890241015772,0.23303832690064785,0.015255866659745355,-0.0218480088852644,0.9046864260405675,-0.4252439224470523,0.13788799976141602,-0.11570176974357704,0.2,0.0,0.023780125647135622,-0.084384592810135,0.48484515354110974,-0.23215721756672075,0.9477346432381291,-0.1961575117110069,-0.09707884907291071,0,nan,nan,nan,nan,nan,nan,nan,nan
8.380018472671509,1789121620.8403485,r18_z20_w-40,0,-0.6981317007977318,-1.2709380307605356,1.2485804488902446,0.02235758187029102,0.0,-0.6979612708091736,-1.2762720584869385,1.2593982219696045,0.02147573232650757,0.0015339808305725455,0.13743563974478493,-0.1152822852064352,0.19776909492601422,0.0013932838304413382,0.0015859805094380623,-0.34194072182708246,0.9397191528229939,0.08542628775172778,-0.079890241015772,0.23303832690064785,0.015255866659745355,-0.0218480088852644,0.9046864260405675,-0.4252439224470523,0.13788799976141602,-0.11570176974357704,0.2,0.0,0.023780125647135622,-0.084384592810135,0.48484515354110974,-0.23215721756672075,0.9477346432381291,-0.1961575117110069,-0.09707884907291071,0,nan,nan,nan,nan,nan,nan,nan,nan
8.38999080657959,1789121620.8403485,r18_z20_w-40,0,-0.6981317007977318,-1.2709380307605356,1.2485804488902446,0.02235758187029102,0.0,-0.6979612708091736,-1.2762720584869385,1.2593982219696045,0.02147573232650757,0.0015339808305725455,0.13743563974478493,-0.1152822852064352,0.19776909492601422,0.0013932838304413382,0.0015859805094380623,-0.34194072182708246,0.9397191528229939,0.08542628775172778,-0.079890241015772,0.23303832690064785,0.015255866659745355,-0.0218480088852644,0.9046864260405675,-0.4252439224470523,0.13788799976141602,-0.11570176974357704,0.2,0.0,0.023780125647135622,-0.084384592810135,0.48484515354110974,-0.23215721756672075,0.9477346432381291,-0.1961575117110069,-0.09707884907291071,0,nan,nan,nan,nan,nan,nan,nan,nan
8.399980545043945,1789121620.8403485,r18_z20_w-40,0,-0.6981317007977318,-1.2709380307605356,1.2485804488902446,0.02235758187029102,0.0,-0.6979612708091736,-1.2762720584869385,1.2593982219696045,0.02147573232650757,0.0015339808305725455,0.13743563974478493,-0.1152822852064352,0.19776909492601422,0.0013932838304413382,0.0015859805094380623,-0.34194072182708246,0.9397191528229939,0.08542628775172778,-0.079890241015772,0.23303832690064785,0.015255866659745355,-0.0218480088852644,0.9046864260405675,-0.4252439224470523,0.13788799976141602,-0.11570176974357704,0.2,0.0,0.023780125647135622,-0.084384592810135,0.48484515354110974,-0.23215721756672075,0.9477346432381291,-0.1961575117110069,-0.09707884907291071,0,nan,nan,nan,nan,nan,nan,nan,nan
8.409191131591797,1789121620.8403485,r18_z20_w-40,0,-0.6981317007977318,-1.2709380307605356,1.2485804488902446,0.02235758187029102,0.0,-0.6979612708091736,-1.2762720584869385,1.2593982219696045,0.02147573232650757,0.0015339808305725455,0.13743563974478493,-0.1152822852064352,0.19776909492601422,0.0013932838304413382,0.0015859805094380623,-0.34194072182708246,0.9397191528229939,0.08542628775172778,-0.079890241015772,0.23303832690064785,0.015255866659745355,-0.0218480088852644,0.9046864260405675,-0.4252439224470523,0.13788799976141602,-0.11570176974357704,0.2,0.0,0.023780125647135622,-0.084384592810135,0.48484515354110974,-0.23215721756672075,0.9477346432381291,-0.1961575117110069,-0.09707884907291071,0,nan,nan,nan,nan,nan,nan,nan,nan
8.410030126571655,1789121620.8737056,r18_z20_w-40,0,-0.6981317007977318,-1.2709380307605356,1.2485804488902446,0.02235758187029102,0.0,-0.6979612708091736,-1.2762720584869385,1.2593982219696045,0.02147573232650757,0.0015339808305725455,0.13743421973792172,-0.11528109409155043,0.19803620430178173,0.0012452770953193526,0.001179225803365664,-0.34194066891925123,0.9397199783182837,0.08557890835927656,-0.07991747355488779,0.23324217827522475,0.014679401862821143,-0.021680024059063795,0.9047285115238879,-0.4251832689012097,0.13788799976141602,-0.11570176974357704,0.2,0.0,0.02376630739242233,-0.0843416554098255,0.4845930514200487,-0.2321665103635927,0.9475981248738493,-0.19663268365050426,-0.09742737254774574,0,nan,nan,nan,nan,nan,nan,nan,nan
8.47199034690857,1789121620.8737056,r18_z20_w-40,0,-0.6981317007977318,-1.2709380307605356,1.2485804488902446,0.02235758187029102,0.0,-0.6979612708091736,-1.2762720584869385,1.2593982219696045,0.02147573232650757,0.0015339808305725455,0.13743421973792172,-0.11528109409155043,0.19803620430178173,0.0012452770953193526,0.001179225803365664,-0.34194066891925123,0.9397199783182837,0.08557890835927656,-0.07991747355488779,0.23324217827522475,0.014679401862821143,-0.021680024059063795,0.9047285115238879,-0.4251832689012097,0.13788799976141602,-0.11570176974357704,0.2,0.0,0.02376630739242233,-0.0843416554098255,0.4845930514200487,-0.2321665103635927,0.9475981248738493,-0.19663268365050426,-0.09742737254774574,0,nan,nan,nan,nan,nan,nan,nan,nan
8.47258186340332,1789121620.8737056,r18_z20_w-40,0,-0.6981317007977318,-1.2709380307605356,1.2485804488902446,0.02235758187029102,0.0,-0.6979612708091736,-1.2762720584869385,1.2593982219696045,0.02147573232650757,0.0015339808305725455,0.13743421973792172,-0.11528109409155043,0.19803620430178173,0.0012452770953193526,0.001179225803365664,-0.34194066891925123,0.9397199783182837,0.08557890835927656,-0.07991747355488779,0.23324217827522475,0.014679401862821143,-0.021680024059063795,0.9047285115238879,-0.4251832689012097,0.13788799976141602,-0.11570176974357704,0.2,0.0,0.02376630739242233,-0.0843416554098255,0.4845930514200487,-0.2321665103635927,0.9475981248738493,-0.19663268365050426,-0.09742737254774574,0,nan,nan,nan,nan,nan,nan,nan,nan
8.473092079162598,1789121620.9070628,r18_z20_w-40,0,-0.6981317007977318,-1.2709380307605356,1.2485804488902446,0.02235758187029102,0.0,-0.6979612708091736,-1.2762720584869385,1.2593982219696045,0.02147573232650757,0.0015339808305725455,0.13743421973792172,-0.11528109409155043,0.19803620430178173,0.0012452770953193526,0.001179225803365664,-0.34194066891925123,0.9397199783182837,0.08545826294803849,-0.07989232939733125,0.23308588436675415,0.01497596344262834,-0.021995723751015103,0.9046945810461466,-0.42522890739150293,0.13788799976141602,-0.11570176974357704,0.2,0.0,0.02378040808432982,-0.08437856068045575,0.4847881270495478,-0.23210192963601678,0.947704730703038,-0.1962162416085221,-0.0973839010891736,0,nan,nan,nan,nan,nan,nan,nan,nan
8.473658561706543,1789121620.9070628,r18_z20_w-40,0,-0.6981317007977318,-1.2709380307605356,1.2485804488902446,0.02235758187029102,0.0,-0.6979612708091736,-1.2762720584869385,1.2593982219696045,0.02147573232650757,0.0015339808305725455,0.13743421973792172,-0.11528109409155043,0.19803620430178173,0.0012452770953193526,0.001179225803365664,-0.34194066891925123,0.9397199783182837,0.08545826294803849,-0.07989232939733125,0.23308588436675415,0.01497596344262834,-0.021995723751015103,0.9046945810461466,-0.42522890739150293,0.13788799976141602,-0.11570176974357704,0.2,0.0,0.02378040808432982,-0.08437856068045575,0.4847881270495478,-0.23210192963601678,0.947704730703038,-0.1962162416085221,-0.0973839010891736,0,nan,nan,nan,nan,nan,nan,nan,nan
8.474049806594849,1789121620.9070628,r18_z20_w-40,0,-0.6981317007977318,-1.2709380307605356,1.2485804488902446,0.02235758187029102,0.0,-0.6979612708091736,-1.2762720584869385,1.2593982219696045,0.02147573232650757,0.0015339808305725455,0.13743421973792172,-0.11528109409155043,0.19803620430178173,0.0012452770953193526,0.001179225803365664,-0.34194066891925123,0.9397199783182837,0.08545826294803849,-0.07989232939733125,0.23308588436675415,0.01497596344262834,-0.021995723751015103,0.9046945810461466,-0.42522890739150293,0.13788799976141602,-0.11570176974357704,0.2,0.0,0.02378040808432982,-0.08437856068045575,0.4847881270495478,-0.23210192963601678,0.947704730703038,-0.1962162416085221,-0.0973839010891736,0,nan,nan,nan,nan,nan,nan,nan,nan
8.4747953414917,1789121620.9070628,r18_z20_w-40,0,-0.6981317007977318,-1.2709380307605356,1.2485804488902446,0.02235758187029102,0.0,-0.6979612708091736,-1.2762720584869385,1.2593982219696045,0.02147573232650757,0.0015339808305725455,0.13743421973792172,-0.11528109409155043,0.19803620430178173,0.0012452770953193526,0.001179225803365664,-0.34194066891925123,0.9397199783182837,0.08545826294803849,-0.07989232939733125,0.23308588436675415,0.01497596344262834,-0.021995723751015103,0.9046945810461466,-0.42522890739150293,0.13788799976141602,-0.11570176974357704,0.2,0.0,0.02378040808432982,-0.08437856068045575,0.4847881270495478,-0.23210192963601678,0.947704730703038,-0.1962162416085221,-0.0973839010891736,0,nan,nan,nan,nan,nan,nan,nan,nan
8.47518277168274,1789121620.9070628,r18_z20_w-40,0,-0.6981317007977318,-1.2709380307605356,1.2485804488902446,0.02235758187029102,0.0,-0.6979612708091736,-1.2762720584869385,1.2593982219696045,0.02147573232650757,0.0015339808305725455,0.13743421973792172,-0.11528109409155043,0.19803620430178173,0.0012452770953193526,0.001179225803365664,-0.34194066891925123,0.9397199783182837,0.08545826294803849,-0.07989232939733125,0.23308588436675415,0.01497596344262834,-0.021995723751015103,0.9046945810461466,-0.42522890739150293,0.13788799976141602,-0.11570176974357704,0.2,0.0,0.02378040808432982,-0.08437856068045575,0.4847881270495478,-0.23210192963601678,0.947704730703038,-0.1962162416085221,-0.0973839010891736,0,nan,nan,nan,nan,nan,nan,nan,nan
8.475618362426758,1789121620.94042,r18_z20_w-40,0,-0.6981317007977318,-1.2709380307605356,1.2485804488902446,0.02235758187029102,0.0,-0.6979612708091736,-1.277806043624878,1.2593982219696045,0.02147573232650757,0.0015339808305725455,0.13743421973792172,-0.11528109409155043,0.19803620430178173,0.0012452770953193526,0.001179225803365664,-0.34194066891925123,0.9397199783182837,0.08551152217116131,-0.07990757258720398,0.23315175720625098,0.014750743351064249,-0.021801845081816287,0.9047262357593725,-0.42517941324844966,0.13788799976141602,-0.11570176974357704,0.2,0.0,0.023770359870101402,-0.08435999889678218,0.4847046847086998,-0.2321574610733147,0.9476264806326408,-0.19649622797637595,-0.09744844207499594,0,nan,nan,nan,nan,nan,nan,nan,nan
8.476154565811157,1789121620.94042,r18_z20_w-40,0,-0.6981317007977318,-1.2709380307605356,1.2485804488902446,0.02235758187029102,0.0,-0.6979612708091736,-1.277806043624878,1.2593982219696045,0.02147573232650757,0.0015339808305725455,0.13743421973792172,-0.11528109409155043,0.19803620430178173,0.0012452770953193526,0.001179225803365664,-0.34194066891925123,0.9397199783182837,0.08551152217116131,-0.07990757258720398,0.23315175720625098,0.014750743351064249,-0.021801845081816287,0.9047262357593725,-0.42517941324844966,0.13788799976141602,-0.11570176974357704,0.2,0.0,0.023770359870101402,-0.08435999889678218,0.4847046847086998,-0.2321574610733147,0.9476264806326408,-0.19649622797637595,-0.09744844207499594,0,nan,nan,nan,nan,nan,nan,nan,nan
8.476544857025146,1789121620.94042,r18_z20_w-40,0,-0.6981317007977318,-1.2709380307605356,1.2485804488902446,0.02235758187029102,0.0,-0.6979612708091736,-1.277806043624878,1.2593982219696045,0.02147573232650757,0.0015339808305725455,0.13743421973792172,-0.11528109409155043,0.19803620430178173,0.0012452770953193526,0.001179225803365664,-0.34194066891925123,0.9397199783182837,0.08551152217116131,-0.07990757258720398,0.23315175720625098,0.014750743351064249,-0.021801845081816287,0.9047262357593725,-0.42517941324844966,0.13788799976141602,-0.11570176974357704,0.2,0.0,0.023770359870101402,-0.08435999889678218,0.4847046847086998,-0.2321574610733147,0.9476264806326408,-0.19649622797637595,-0.09744844207499594,0,nan,nan,nan,nan,nan,nan,nan,nan
8.477150440216064,1789121620.94042,r18_z20_w-40,0,-0.6981317007977318,-1.2709380307605356,1.2485804488902446,0.02235758187029102,0.0,-0.6979612708091736,-1.277806043624878,1.2593982219696045,0.02147573232650757,0.0015339808305725455,0.13743421973792172,-0.11528109409155043,0.19803620430178173,0.0012452770953193526,0.001179225803365664,-0.34194066891925123,0.9397199783182837,0.08551152217116131,-0.07990757258720398,0.23315175720625098,0.014750743351064249,-0.021801845081816287,0.9047262357593725,-0.42517941324844966,0.13788799976141602,-0.11570176974357704,0.2,0.0,0.023770359870101402,-0.08435999889678218,0.4847046847086998,-0.2321574610733147,0.9476264806326408,-0.19649622797637595,-0.09744844207499594,0,nan,nan,nan,nan,nan,nan,nan,nan
8.479891538619995,1789121620.94042,r18_z20_w-40,0,-0.6981317007977318,-1.2709380307605356,1.2485804488902446,0.02235758187029102,0.0,-0.6979612708091736,-1.277806043624878,1.2593982219696045,0.02147573232650757,0.0015339808305725455,0.13743421973792172,-0.11528109409155043,0.19803620430178173,0.0012452770953193526,0.001179225803365664,-0.34194066891925123,0.9397199783182837,0.08551152217116131,-0.07990757258720398,0.23315175720625098,0.014750743351064249,-0.021801845081816287,0.9047262357593725,-0.42517941324844966,0.13788799976141602,-0.11570176974357704,0.2,0.0,0.023770359870101402,-0.08435999889678218,0.4847046847086998,-0.2321574610733147,0.9476264806326408,-0.19649622797637595,-0.09744844207499594,0,nan,nan,nan,nan,nan,nan,nan,nan
8.489797353744507,1789121620.94042,r18_z20_w-40,0,-0.6981317007977318,-1.2709380307605356,1.2485804488902446,0.02235758187029102,0.0,-0.6979612708091736,-1.277806043624878,1.2593982219696045,0.02147573232650757,0.0015339808305725455,0.13743421973792172,-0.11528109409155043,0.19803620430178173,0.0012452770953193526,0.001179225803365664,-0.34194066891925123,0.9397199783182837,0.08551152217116131,-0.07990757258720398,0.23315175720625098,0.014750743351064249,-0.021801845081816287,0.9047262357593725,-0.42517941324844966,0.13788799976141602,-0.11570176974357704,0.2,0.0,0.023770359870101402,-0.08435999889678218,0.4847046847086998,-0.2321574610733147,0.9476264806326408,-0.19649622797637595,-0.09744844207499594,0,nan,nan,nan,nan,nan,nan,nan,nan
8.499900341033936,1789121620.94042,r18_z20_w-40,0,-0.6981317007977318,-1.2709380307605356,1.2485804488902446,0.02235758187029102,0.0,-0.6979612708091736,-1.277806043624878,1.2593982219696045,0.02147573232650757,0.0015339808305725455,0.13743421973792172,-0.11528109409155043,0.19803620430178173,0.0012452770953193526,0.001179225803365664,-0.34194066891925123,0.9397199783182837,0.08551152217116131,-0.07990757258720398,0.23315175720625098,0.014750743351064249,-0.021801845081816287,0.9047262357593725,-0.42517941324844966,0.13788799976141602,-0.11570176974357704,0.2,0.0,0.023770359870101402,-0.08435999889678218,0.4847046847086998,-0.2321574610733147,0.9476264806326408,-0.19649622797637595,-0.09744844207499594,0,nan,nan,nan,nan,nan,nan,nan,nan
8.507943153381348,1789121620.94042,r18_z20_w-40,0,-0.6981317007977318,-1.2709380307605356,1.2485804488902446,0.02235758187029102,0.0,-0.6979612708091736,-1.277806043624878,1.2593982219696045,0.02147573232650757,0.0015339808305725455,0.13743421973792172,-0.11528109409155043,0.19803620430178173,0.0012452770953193526,0.001179225803365664,-0.34194066891925123,0.9397199783182837,0.08551152217116131,-0.07990757258720398,0.23315175720625098,0.014750743351064249,-0.021801845081816287,0.9047262357593725,-0.42517941324844966,0.13788799976141602,-0.11570176974357704,0.2,0.0,0.023770359870101402,-0.08435999889678218,0.4847046847086998,-0.2321574610733147,0.9476264806326408,-0.19649622797637595,-0.09744844207499594,0,nan,nan,nan,nan,nan,nan,nan,nan
8.508606433868408,1789121620.973777,r18_z20_w-40,0,-0.6981317007977318,-1.2709380307605356,1.2485804488902446,0.02235758187029102,0.0,-0.6979612708091736,-1.277806043624878,1.2593982219696045,0.02147573232650757,0.0015339808305725455,0.13743421973792172,-0.11528109409155043,0.19803620430178173,0.0012452770953193526,0.001179225803365664,-0.34194066891925123,0.9397199783182837,0.0854264496369514,-0.07988917677679486,0.2330422524857662,0.01511331427097897,-0.022023922124457307,0.9046671066037586,-0.42528103745075,0.13788799976141602,-0.11570176974357704,0.2,0.0,0.02378090168684847,-0.08438648122174607,0.48484163207921177,-0.2320628024118195,0.9477452906849352,-0.196115936240345,-0.09728442462117741,0,nan,nan,nan,nan,nan,nan,nan,nan
8.509869813919067,1789121620.973777,r18_z20_w-40,0,-0.6981317007977318,-1.2709380307605356,1.2485804488902446,0.02235758187029102,0.0,-0.6979612708091736,-1.277806043624878,1.2593982219696045,0.02147573232650757,0.0015339808305725455,0.13743421973792172,-0.11528109409155043,0.19803620430178173,0.0012452770953193526,0.001179225803365664,-0.34194066891925123,0.9397199783182837,0.0854264496369514,-0.07988917677679486,0.2330422524857662,0.01511331427097897,-0.022023922124457307,0.9046671066037586,-0.42528103745075,0.13788799976141602,-0.11570176974357704,0.2,0.0,0.02378090168684847,-0.08438648122174607,0.48484163207921177,-0.2320628024118195,0.9477452906849352,-0.196115936240345,-0.09728442462117741,0,nan,nan,nan,nan,nan,nan,nan,nan
8.519896268844604,1789121620.973777,r18_z20_w-40,0,-0.6981317007977318,-1.2709380307605356,1.2485804488902446,0.02235758187029102,0.0,-0.6979612708091736,-1.277806043624878,1.2593982219696045,0.02147573232650757,0.0015339808305725455,0.13743421973792172,-0.11528109409155043,0.19803620430178173,0.0012452770953193526,0.001179225803365664,-0.34194066891925123,0.9397199783182837,0.0854264496369514,-0.07988917677679486,0.2330422524857662,0.01511331427097897,-0.022023922124457307,0.9046671066037586,-0.42528103745075,0.13788799976141602,-0.11570176974357704,0.2,0.0,0.02378090168684847,-0.08438648122174607,0.48484163207921177,-0.2320628024118195,0.9477452906849352,-0.196115936240345,-0.09728442462117741,0,nan,nan,nan,nan,nan,nan,nan,nan
8.520732879638672,1789121620.973777,r18_z20_w-40,0,-0.6981317007977318,-1.2709380307605356,1.2485804488902446,0.02235758187029102,0.0,-0.6979612708091736,-1.277806043624878,1.2593982219696045,0.02147573232650757,0.0015339808305725455,0.13743421973792172,-0.11528109409155043,0.19803620430178173,0.0012452770953193526,0.001179225803365664,-0.34194066891925123,0.9397199783182837,0.0854264496369514,-0.07988917677679486,0.2330422524857662,0.01511331427097897,-0.022023922124457307,0.9046671066037586,-0.42528103745075,0.13788799976141602,-0.11570176974357704,0.2,0.0,0.02378090168684847,-0.08438648122174607,0.48484163207921177,-0.2320628024118195,0.9477452906849352,-0.196115936240345,-0.09728442462117741,0,nan,nan,nan,nan,nan,nan,nan,nan
8.529945850372314,1789121620.973777,r18_z20_w-40,0,-0.6981317007977318,-1.2709380307605356,1.2485804488902446,0.02235758187029102,0.0,-0.6979612708091736,-1.277806043624878,1.2593982219696045,0.02147573232650757,0.0015339808305725455,0.13743421973792172,-0.11528109409155043,0.19803620430178173,0.0012452770953193526,0.001179225803365664,-0.34194066891925123,0.9397199783182837,0.0854264496369514,-0.07988917677679486,0.2330422524857662,0.01511331427097897,-0.022023922124457307,0.9046671066037586,-0.42528103745075,0.13788799976141602,-0.11570176974357704,0.2,0.0,0.02378090168684847,-0.08438648122174607,0.48484163207921177,-0.2320628024118195,0.9477452906849352,-0.196115936240345,-0.09728442462117741,0,nan,nan,nan,nan,nan,nan,nan,nan
8.539990663528442,1789121620.973777,r18_z20_w-40,0,-0.6981317007977318,-1.2709380307605356,1.2485804488902446,0.02235758187029102,0.0,-0.6979612708091736,-1.277806043624878,1.2593982219696045,0.02147573232650757,0.0015339808305725455,0.13743421973792172,-0.11528109409155043,0.19803620430178173,0.0012452770953193526,0.001179225803365664,-0.34194066891925123,0.9397199783182837,0.0854264496369514,-0.07988917677679486,0.2330422524857662,0.01511331427097897,-0.022023922124457307,0.9046671066037586,-0.42528103745075,0.13788799976141602,-0.11570176974357704,0.2,0.0,0.02378090168684847,-0.08438648122174607,0.48484163207921177,-0.2320628024118195,0.9477452906849352,-0.196115936240345,-0.09728442462117741,0,nan,nan,nan,nan,nan,nan,nan,nan
8.540823459625244,1789121620.973777,r18_z20_w-40,0,-0.6981317007977318,-1.2709380307605356,1.2485804488902446,0.02235758187029102,0.0,-0.6979612708091736,-1.277806043624878,1.2593982219696045,0.02147573232650757,0.0015339808305725455,0.13743421973792172,-0.11528109409155043,0.19803620430178173,0.0012452770953193526,0.001179225803365664,-0.34194066891925123,0.9397199783182837,0.0854264496369514,-0.07988917677679486,0.2330422524857662,0.01511331427097897,-0.022023922124457307,0.9046671066037586,-0.42528103745075,0.13788799976141602,-0.11570176974357704,0.2,0.0,0.02378090168684847,-0.08438648122174607,0.48484163207921177,-0.2320628024118195,0.9477452906849352,-0.196115936240345,-0.09728442462117741,0,nan,nan,nan,nan,nan,nan,nan,nan
8.541387796401978,1789121621.0071344,r18_z20_w-40,0,-0.6981317007977318,-1.2709380307605356,1.2485804488902446,0.02235758187029102,0.0,-0.6979612708091736,-1.277806043624878,1.260932207107544,0.02147573232650757,0.0015339808305725455,0.137496910806845,-0.1153336799397404,0.19787899499314482,0.001395079216685169,0.0015909146239912139,-0.3419407220755982,0.9397191417285575,0.08548221293677433,-0.07990049941900308,0.2331115244113548,0.015272456991067518,-0.021704198797498055,0.9046742586022288,-0.42527657545945596,0.13788799976141602,-0.11570176974357704,0.2,0.0,0.023774901710664844,-0.0843681092879115,0.48475409454531093,-0.2321538216104383,0.9477253973032483,-0.19625957795786303,-0.09697088469159294,0,nan,nan,nan,nan,nan,nan,nan,nan
8.549850225448608,1789121621.0071344,r18_z20_w-40,0,-0.6981317007977318,-1.2709380307605356,1.2485804488902446,0.02235758187029102,0.0,-0.6979612708091736,-1.277806043624878,1.260932207107544,0.02147573232650757,0.0015339808305725455,0.137496910806845,-0.1153336799397404,0.19787899499314482,0.001395079216685169,0.0015909146239912139,-0.3419407220755982,0.9397191417285575,0.08548221293677433,-0.07990049941900308,0.2331115244113548,0.015272456991067518,-0.021704198797498055,0.9046742586022288,-0.42527657545945596,0.13788799976141602,-0.11570176974357704,0.2,0.0,0.023774901710664844,-0.0843681092879115,0.48475409454531093,-0.2321538216104383,0.9477253973032483,-0.19625957795786303,-0.09697088469159294,0,nan,nan,nan,nan,nan,nan,nan,nan
8.559897899627686,1789121621.0071344,r18_z20_w-40,0,-0.6981317007977318,-1.2709380307605356,1.2485804488902446,0.02235758187029102,0.0,-0.6979612708091736,-1.277806043624878,1.260932207107544,0.02147573232650757,0.0015339808305725455,0.137496910806845,-0.1153336799397404,0.19787899499314482,0.001395079216685169,0.0015909146239912139,-0.3419407220755982,0.9397191417285575,0.08548221293677433,-0.07990049941900308,0.2331115244113548,0.015272456991067518,-0.021704198797498055,0.9046742586022288,-0.42527657545945596,0.13788799976141602,-0.11570176974357704,0.2,0.0,0.023774901710664844,-0.0843681092879115,0.48475409454531093,-0.2321538216104383,0.9477253973032483,-0.19625957795786303,-0.09697088469159294,0,nan,nan,nan,nan,nan,nan,nan,nan
8.569904327392578,1789121621.0071344,r18_z20_w-40,0,-0.6981317007977318,-1.2709380307605356,1.2485804488902446,0.02235758187029102,0.0,-0.6979612708091736,-1.277806043624878,1.260932207107544,0.02147573232650757,0.0015339808305725455,0.137496910806845,-0.1153336799397404,0.19787899499314482,0.001395079216685169,0.0015909146239912139,-0.3419407220755982,0.9397191417285575,0.08548221293677433,-0.07990049941900308,0.2331115244113548,0.015272456991067518,-0.021704198797498055,0.9046742586022288,-0.42527657545945596,0.13788799976141602,-0.11570176974357704,0.2,0.0,0.023774901710664844,-0.0843681092879115,0.48475409454531093,-0.2321538216104383,0.9477253973032483,-0.19625957795786303,-0.09697088469159294,0,nan,nan,nan,nan,nan,nan,nan,nan
8.57480239868164,1789121621.0071344,r18_z20_w-40,0,-0.6981317007977318,-1.2709380307605356,1.2485804488902446,0.02235758187029102,0.0,-0.6979612708091736,-1.277806043624878,1.260932207107544,0.02147573232650757,0.0015339808305725455,0.137496910806845,-0.1153336799397404,0.19787899499314482,0.001395079216685169,0.0015909146239912139,-0.3419407220755982,0.9397191417285575,0.08548221293677433,-0.07990049941900308,0.2331115244113548,0.015272456991067518,-0.021704198797498055,0.9046742586022288,-0.42527657545945596,0.13788799976141602,-0.11570176974357704,0.2,0.0,0.023774901710664844,-0.0843681092879115,0.48475409454531093,-0.2321538216104383,0.9477253973032483,-0.19625957795786303,-0.09697088469159294,0,nan,nan,nan,nan,nan,nan,nan,nan
8.57538652420044,1789121621.0404916,r18_z20_w-40,0,-0.6981317007977318,-1.2709380307605356,1.2485804488902446,0.02235758187029102,0.0,-0.6979612708091736,-1.277806043624878,1.2593982219696045,0.02147573232650757,0.0015339808305725455,0.13754390591177065,-0.11537309986822042,0.1977609251474106,0.0015075409594221816,0.0018999842432498796,-0.341940718852959,0.9397183951431688,0.0854025622024146,-0.07989175730404495,0.2330051917205695,0.0152420057049144,-0.021947222236011168,0.9047117665036339,-0.425185395149091,0.13788799976141602,-0.11570176974357704,0.2,0.0,0.02377674952595106,-0.08438945448027076,0.4848855033484005,-0.2321966520527555,0.9477313061749203,-0.19608479175682858,-0.09716398773801023,0,nan,nan,nan,nan,nan,nan,nan,nan
8.637346506118774,1789121621.0404916,r18_z20_w-40,0,-0.6981317007977318,-1.2709380307605356,1.2485804488902446,0.02235758187029102,0.0,-0.6979612708091736,-1.277806043624878,1.2593982219696045,0.02147573232650757,0.0015339808305725455,0.13754390591177065,-0.11537309986822042,0.1977609251474106,0.0015075409594221816,0.0018999842432498796,-0.341940718852959,0.9397183951431688,0.0854025622024146,-0.07989175730404495,0.2330051917205695,0.0152420057049144,-0.021947222236011168,0.9047117665036339,-0.425185395149091,0.13788799976141602,-0.11570176974357704,0.2,0.0,0.02377674952595106,-0.08438945448027076,0.4848855033484005,-0.2321966520527555,0.9477313061749203,-0.19608479175682858,-0.09716398773801023,0,nan,nan,nan,nan,nan,nan,nan,nan
8.637887954711914,1789121621.0404916,r18_z20_w-40,0,-0.6981317007977318,-1.2709380307605356,1.2485804488902446,0.02235758187029102,0.0,-0.6979612708091736,-1.277806043624878,1.2593982219696045,0.02147573232650757,0.0015339808305725455,0.13754390591177065,-0.11537309986822042,0.1977609251474106,0.0015075409594221816,0.0018999842432498796,-0.341940718852959,0.9397183951431688,0.0854025622024146,-0.07989175730404495,0.2330051917205695,0.0152420057049144,-0.021947222236011168,0.9047117665036339,-0.425185395149091,0.13788799976141602,-0.11570176974357704,0.2,0.0,0.02377674952595106,-0.08438945448027076,0.4848855033484005,-0.2321966520527555,0.9477313061749203,-0.19608479175682858,-0.09716398773801023,0,nan,nan,nan,nan,nan,nan,nan,nan
8.63836669921875,1789121621.073849,r18_z20_w-40,0,-0.6981317007977318,-1.2709380307605356,1.2485804488902446,0.02235758187029102,0.0,-0.6979612708091736,-1.2762720584869385,1.2593982219696045,0.02147573232650757,0.0015339808305725455,0.13754390591177065,-0.11537309986822042,0.1977609251474106,0.0015075409594221816,0.0018999842432498796,-0.341940718852959,0.9397183951431688,0.08546049992899857,-0.07989398244003781,0.2330844652918304,0.014997321521139455,-0.0219009532634757,0.9046849496077228,-0.4252535367831935,0.13788799976141602,-0.11570176974357704,0.2,0.0,0.023779310054113753,-0.08437564259769349,0.4847882988933197,-0.23209803423938902,0.9477012107302304,-0.19627742418236932,-0.09730411316589403,0,nan,nan,nan,nan,nan,nan,nan,nan
8.638848066329956,1789121621.073849,r18_z20_w-40,0,-0.6981317007977318,-1.2709380307605356,1.2485804488902446,0.02235758187029102,0.0,-0.6979612708091736,-1.2762720584869385,1.2593982219696045,0.02147573232650757,0.0015339808305725455,0.13754390591177065,-0.11537309986822042,0.1977609251474106,0.0015075409594221816,0.0018999842432498796,-0.341940718852959,0.9397183951431688,0.08546049992899857,-0.07989398244003781,0.2330844652918304,0.014997321521139455,-0.0219009532634757,0.9046849496077228,-0.4252535367831935,0.13788799976141602,-0.11570176974357704,0.2,0.0,0.023779310054113753,-0.08437564259769349,0.4847882988933197,-0.23209803423938902,0.9477012107302304,-0.19627742418236932,-0.09730411316589403,0,nan,nan,nan,nan,nan,nan,nan,nan
8.639225244522095,1789121621.073849,r18_z20_w-40,0,-0.6981317007977318,-1.2709380307605356,1.2485804488902446,0.02235758187029102,0.0,-0.6979612708091736,-1.2762720584869385,1.2593982219696045,0.02147573232650757,0.0015339808305725455,0.13754390591177065,-0.11537309986822042,0.1977609251474106,0.0015075409594221816,0.0018999842432498796,-0.341940718852959,0.9397183951431688,0.08546049992899857,-0.07989398244003781,0.2330844652918304,0.014997321521139455,-0.0219009532634757,0.9046849496077228,-0.4252535367831935,0.13788799976141602,-0.11570176974357704,0.2,0.0,0.023779310054113753,-0.08437564259769349,0.4847882988933197,-0.23209803423938902,0.9477012107302304,-0.19627742418236932,-0.09730411316589403,0,nan,nan,nan,nan,nan,nan,nan,nan
8.639692544937134,1789121621.073849,r18_z20_w-40,0,-0.6981317007977318,-1.2709380307605356,1.2485804488902446,0.02235758187029102,0.0,-0.6979612708091736,-1.2762720584869385,1.2593982219696045,0.02147573232650757,0.0015339808305725455,0.13754390591177065,-0.11537309986822042,0.1977609251474106,0.0015075409594221816,0.0018999842432498796,-0.341940718852959,0.9397183951431688,0.08546049992899857,-0.07989398244003781,0.2330844652918304,0.014997321521139455,-0.0219009532634757,0.9046849496077228,-0.4252535367831935,0.13788799976141602,-0.11570176974357704,0.2,0.0,0.023779310054113753,-0.08437564259769349,0.4847882988933197,-0.23209803423938902,0.9477012107302304,-0.19627742418236932,-0.09730411316589403,0,nan,nan,nan,nan,nan,nan,nan,nan
8.6404390335083,1789121621.073849,r18_z20_w-40,0,-0.6981317007977318,-1.2709380307605356,1.2485804488902446,0.02235758187029102,0.0,-0.6979612708091736,-1.2762720584869385,1.2593982219696045,0.02147573232650757,0.0015339808305725455,0.13754390591177065,-0.11537309986822042,0.1977609251474106,0.0015075409594221816,0.0018999842432498796,-0.341940718852959,0.9397183951431688,0.08546049992899857,-0.07989398244003781,0.2330844652918304,0.014997321521139455,-0.0219009532634757,0.9046849496077228,-0.4252535367831935,0.13788799976141602,-0.11570176974357704,0.2,0.0,0.023779310054113753,-0.08437564259769349,0.4847882988933197,-0.23209803423938902,0.9477012107302304,-0.19627742418236932,-0.09730411316589403,0,nan,nan,nan,nan,nan,nan,nan,nan
8.640808820724487,1789121621.073849,r18_z20_w-40,0,-0.6981317007977318,-1.2709380307605356,1.2485804488902446,0.02235758187029102,0.0,-0.6979612708091736,-1.2762720584869385,1.2593982219696045,0.02147573232650757,0.0015339808305725455,0.13754390591177065,-0.11537309986822042,0.1977609251474106,0.0015075409594221816,0.0018999842432498796,-0.341940718852959,0.9397183951431688,0.08546049992899857,-0.07989398244003781,0.2330844652918304,0.014997321521139455,-0.0219009532634757,0.9046849496077228,-0.4252535367831935,0.13788799976141602,-0.11570176974357704,0.2,0.0,0.023779310054113753,-0.08437564259769349,0.4847882988933197,-0.23209803423938902,0.9477012107302304,-0.19627742418236932,-0.09730411316589403,0,nan,nan,nan,nan,nan,nan,nan,nan
8.641287088394165,1789121621.073849,r18_z20_w-40,0,-0.6981317007977318,-1.2709380307605356,1.2485804488902446,0.02235758187029102,0.0,-0.6979612708091736,-1.2762720584869385,1.2593982219696045,0.02147573232650757,0.0015339808305725455,0.13754390591177065,-0.11537309986822042,0.1977609251474106,0.0015075409594221816,0.0018999842432498796,-0.341940718852959,0.9397183951431688,0.08546049992899857,-0.07989398244003781,0.2330844652918304,0.014997321521139455,-0.0219009532634757,0.9046849496077228,-0.4252535367831935,0.13788799976141602,-0.11570176974357704,0.2,0.0,0.023779310054113753,-0.08437564259769349,0.4847882988933197,-0.23209803423938902,0.9477012107302304,-0.19627742418236932,-0.09730411316589403,0,nan,nan,nan,nan,nan,nan,nan,nan
8.641631603240967,1789121621.073849,r18_z20_w-40,0,-0.6981317007977318,-1.2709380307605356,1.2485804488902446,0.02235758187029102,0.0,-0.6979612708091736,-1.2762720584869385,1.2593982219696045,0.02147573232650757,0.0015339808305725455,0.13754390591177065,-0.11537309986822042,0.1977609251474106,0.0015075409594221816,0.0018999842432498796,-0.341940718852959,0.9397183951431688,0.08546049992899857,-0.07989398244003781,0.2330844652918304,0.014997321521139455,-0.0219009532634757,0.9046849496077228,-0.4252535367831935,0.13788799976141602,-0.11570176974357704,0.2,0.0,0.023779310054113753,-0.08437564259769349,0.4847882988933197,-0.23209803423938902,0.9477012107302304,-0.19627742418236932,-0.09730411316589403,0,nan,nan,nan,nan,nan,nan,nan,nan
8.642043828964233,1789121621.107206,r18_z20_w-40,0,-0.6981317007977318,-1.2709380307605356,1.2485804488902446,0.02235758187029102,0.0,-0.6979612708091736,-1.2762720584869385,1.2593982219696045,0.02147573232650757,0.0015339808305725455,0.13754390591177065,-0.11537309986822042,0.1977609251474106,0.0015075409594221816,0.0018999842432498796,-0.341940718852959,0.9397183951431688,0.08532039394795105,-0.0798710524110599,0.23289664905293933,0.015289147394114851,-0.022059669112668805,0.9046303567596403,-0.42535106747194906,0.13788799976141602,-0.11570176974357704,0.2,0.0,0.02379001899586571,-0.084414332558677,0.48502028772329014,-0.2320093300048896,0.9477979869758835,-0.19598813467124268,-0.09715604841301495,0,nan,nan,nan,nan,nan,nan,nan,nan
8.642495155334473,1789121621.107206,r18_z20_w-40,0,-0.6981317007977318,-1.2709380307605356,1.2485804488902446,0.02235758187029102,0.0,-0.6979612708091736,-1.2762720584869385,1.2593982219696045,0.02147573232650757,0.0015339808305725455,0.13754390591177065,-0.11537309986822042,0.1977609251474106,0.0015075409594221816,0.0018999842432498796,-0.341940718852959,0.9397183951431688,0.08532039394795105,-0.0798710524110599,0.23289664905293933,0.015289147394114851,-0.022059669112668805,0.9046303567596403,-0.42535106747194906,0.13788799976141602,-0.11570176974357704,0.2,0.0,0.02379001899586571,-0.084414332558677,0.48502028772329014,-0.2320093300048896,0.9477979869758835,-0.19598813467124268,-0.09715604841301495,0,nan,nan,nan,nan,nan,nan,nan,nan
8.649895906448364,1789121621.107206,r18_z20_w-40,0,-0.6981317007977318,-1.2709380307605356,1.2485804488902446,0.02235758187029102,0.0,-0.6979612708091736,-1.2762720584869385,1.2593982219696045,0.02147573232650757,0.0015339808305725455,0.13754390591177065,-0.11537309986822042,0.1977609251474106,0.0015075409594221816,0.0018999842432498796,-0.341940718852959,0.9397183951431688,0.08532039394795105,-0.0798710524110599,0.23289664905293933,0.015289147394114851,-0.022059669112668805,0.9046303567596403,-0.42535106747194906,0.13788799976141602,-0.11570176974357704,0.2,0.0,0.02379001899586571,-0.084414332558677,0.48502028772329014,-0.2320093300048896,0.9477979869758835,-0.19598813467124268,-0.09715604841301495,0,nan,nan,nan,nan,nan,nan,nan,nan
8.65985655784607,1789121621.107206,r18_z20_w-40,0,-0.6981317007977318,-1.2709380307605356,1.2485804488902446,0.02235758187029102,0.0,-0.6979612708091736,-1.2762720584869385,1.2593982219696045,0.02147573232650757,0.0015339808305725455,0.13754390591177065,-0.11537309986822042,0.1977609251474106,0.0015075409594221816,0.0018999842432498796,-0.341940718852959,0.9397183951431688,0.08532039394795105,-0.0798710524110599,0.23289664905293933,0.015289147394114851,-0.022059669112668805,0.9046303567596403,-0.42535106747194906,0.13788799976141602,-0.11570176974357704,0.2,0.0,0.02379001899586571,-0.084414332558677,0.48502028772329014,-0.2320093300048896,0.9477979869758835,-0.19598813467124268,-0.09715604841301495,0,nan,nan,nan,nan,nan,nan,nan,nan
8.670005559921265,1789121621.107206,r18_z20_w-40,0,-0.6981317007977318,-1.2709380307605356,1.2485804488902446,0.02235758187029102,0.0,-0.6979612708091736,-1.2762720584869385,1.2593982219696045,0.02147573232650757,0.0015339808305725455,0.13754390591177065,-0.11537309986822042,0.1977609251474106,0.0015075409594221816,0.0018999842432498796,-0.341940718852959,0.9397183951431688,0.08532039394795105,-0.0798710524110599,0.23289664905293933,0.015289147394114851,-0.022059669112668805,0.9046303567596403,-0.42535106747194906,0.13788799976141602,-0.11570176974357704,0.2,0.0,0.02379001899586571,-0.084414332558677,0.48502028772329014,-0.2320093300048896,0.9477979869758835,-0.19598813467124268,-0.09715604841301495,0,nan,nan,nan,nan,nan,nan,nan,nan
8.675049543380737,1789121621.107206,r18_z20_w-40,0,-0.6981317007977318,-1.2709380307605356,1.2485804488902446,0.02235758187029102,0.0,-0.6979612708091736,-1.2762720584869385,1.2593982219696045,0.02147573232650757,0.0015339808305725455,0.13754390591177065,-0.11537309986822042,0.1977609251474106,0.0015075409594221816,0.0018999842432498796,-0.341940718852959,0.9397183951431688,0.08532039394795105,-0.0798710524110599,0.23289664905293933,0.015289147394114851,-0.022059669112668805,0.9046303567596403,-0.42535106747194906,0.13788799976141602,-0.11570176974357704,0.2,0.0,0.02379001899586571,-0.084414332558677,0.48502028772329014,-0.2320093300048896,0.9477979869758835,-0.19598813467124268,-0.09715604841301495,0,nan,nan,nan,nan,nan,nan,nan,nan
8.6757652759552,1789121621.1405632,r18_z20_w-40,0,-0.6981317007977318,-1.2709380307605356,1.2485804488902446,0.02235758187029102,0.0,-0.6979612708091736,-1.277806043624878,1.2593982219696045,0.02147573232650757,0.0015339808305725455,0.13754390591177065,-0.11537309986822042,0.1977609251474106,0.0015075409594221816,0.0018999842432498796,-0.341940718852959,0.9397183951431688,0.08543548094612724,-0.07989103639958256,0.23304654188869006,0.015096220540355922,-0.021991701437007752,0.9047077412684447,-0.4251968627380163,0.13788799976141602,-0.11570176974357704,0.2,0.0,0.02378042834113786,-0.08438029403338754,0.4848335750100275,-0.23215413182472444,0.9477160986197101,-0.19614197463339092,-0.09729841355674128,0,nan,nan,nan,nan,nan,nan,nan,nan
8.679919004440308,1789121621.1405632,r18_z20_w-40,0,-0.6981317007977318,-1.2709380307605356,1.2485804488902446,0.02235758187029102,0.0,-0.6979612708091736,-1.277806043624878,1.2593982219696045,0.02147573232650757,0.0015339808305725455,0.13754390591177065,-0.11537309986822042,0.1977609251474106,0.0015075409594221816,0.0018999842432498796,-0.341940718852959,0.9397183951431688,0.08543548094612724,-0.07989103639958256,0.23304654188869006,0.015096220540355922,-0.021991701437007752,0.9047077412684447,-0.4251968627380163,0.13788799976141602,-0.11570176974357704,0.2,0.0,0.02378042834113786,-0.08438029403338754,0.4848335750100275,-0.23215413182472444,0.9477160986197101,-0.19614197463339092,-0.09729841355674128,0,nan,nan,nan,nan,nan,nan,nan,nan
8.689903020858765,1789121621.1405632,r18_z20_w-40,0,-0.6981317007977318,-1.2709380307605356,1.2485804488902446,0.02235758187029102,0.0,-0.6979612708091736,-1.277806043624878,1.2593982219696045,0.02147573232650757,0.0015339808305725455,0.13754390591177065,-0.11537309986822042,0.1977609251474106,0.0015075409594221816,0.0018999842432498796,-0.341940718852959,0.9397183951431688,0.08543548094612724,-0.07989103639958256,0.23304654188869006,0.015096220540355922,-0.021991701437007752,0.9047077412684447,-0.4251968627380163,0.13788799976141602,-0.11570176974357704,0.2,0.0,0.02378042834113786,-0.08438029403338754,0.4848335750100275,-0.23215413182472444,0.9477160986197101,-0.19614197463339092,-0.09729841355674128,0,nan,nan,nan,nan,nan,nan,nan,nan
8.699917316436768,1789121621.1405632,r18_z20_w-40,0,-0.6981317007977318,-1.2709380307605356,1.2485804488902446,0.02235758187029102,0.0,-0.6979612708091736,-1.277806043624878,1.2593982219696045,0.02147573232650757,0.0015339808305725455,0.13754390591177065,-0.11537309986822042,0.1977609251474106,0.0015075409594221816,0.0018999842432498796,-0.341940718852959,0.9397183951431688,0.08543548094612724,-0.07989103639958256,0.23304654188869006,0.015096220540355922,-0.021991701437007752,0.9047077412684447,-0.4251968627380163,0.13788799976141602,-0.11570176974357704,0.2,0.0,0.02378042834113786,-0.08438029403338754,0.4848335750100275,-0.23215413182472444,0.9477160986197101,-0.19614197463339092,-0.09729841355674128,0,nan,nan,nan,nan,nan,nan,nan,nan
8.700765132904053,1789121621.1405632,r18_z20_w-40,0,-0.6981317007977318,-1.2709380307605356,1.2485804488902446,0.02235758187029102,0.0,-0.6979612708091736,-1.277806043624878,1.2593982219696045,0.02147573232650757,0.0015339808305725455,0.13754390591177065,-0.11537309986822042,0.1977609251474106,0.0015075409594221816,0.0018999842432498796,-0.341940718852959,0.9397183951431688,0.08543548094612724,-0.07989103639958256,0.23304654188869006,0.015096220540355922,-0.021991701437007752,0.9047077412684447,-0.4251968627380163,0.13788799976141602,-0.11570176974357704,0.2,0.0,0.02378042834113786,-0.08438029403338754,0.4848335750100275,-0.23215413182472444,0.9477160986197101,-0.19614197463339092,-0.09729841355674128,0,nan,nan,nan,nan,nan,nan,nan,nan
8.71001386642456,1789121621.1405632,r18_z20_w-40,0,-0.6981317007977318,-1.2709380307605356,1.2485804488902446,0.02235758187029102,0.0,-0.6979612708091736,-1.277806043624878,1.2593982219696045,0.02147573232650757,0.0015339808305725455,0.13754390591177065,-0.11537309986822042,0.1977609251474106,0.0015075409594221816,0.0018999842432498796,-0.341940718852959,0.9397183951431688,0.08543548094612724,-0.07989103639958256,0.23304654188869006,0.015096220540355922,-0.021991701437007752,0.9047077412684447,-0.4251968627380163,0.13788799976141602,-0.11570176974357704,0.2,0.0,0.02378042834113786,-0.08438029403338754,0.4848335750100275,-0.23215413182472444,0.9477160986197101,-0.19614197463339092,-0.09729841355674128,0,nan,nan,nan,nan,nan,nan,nan,nan
8.710796356201172,1789121621.1739206,r18_z20_w-40,0,-0.6981317007977318,-1.2709380307605356,1.2485804488902446,0.02235758187029102,0.0,-0.6979612708091736,-1.277806043624878,1.2593982219696045,0.02147573232650757,0.0015339808305725455,0.13754390591177065,-0.11537309986822042,0.1977609251474106,0.0015075409594221816,0.0018999842432498796,-0.341940718852959,0.9397183951431688,0.08536673579064807,-0.0798807258398904,0.23295586294756954,0.014949292767753983,-0.022162189138369263,0.9047322853506895,-0.4251409741044231,0.13788799976141602,-0.11570176974357704,0.2,0.0,0.02378464990051082,-0.08439977368667473,0.48494608099186864,-0.23215687055289316,0.9477011761232744,-0.1960974005327714,-0.09752680520728388,0,nan,nan,nan,nan,nan,nan,nan,nan
8.711493730545044,1789121621.1739206,r18_z20_w-40,0,-0.6981317007977318,-1.2709380307605356,1.2485804488902446,0.02235758187029102,0.0,-0.6979612708091736,-1.277806043624878,1.2593982219696045,0.02147573232650757,0.0015339808305725455,0.13754390591177065,-0.11537309986822042,0.1977609251474106,0.0015075409594221816,0.0018999842432498796,-0.341940718852959,0.9397183951431688,0.08536673579064807,-0.0798807258398904,0.23295586294756954,0.014949292767753983,-0.022162189138369263,0.9047322853506895,-0.4251409741044231,0.13788799976141602,-0.11570176974357704,0.2,0.0,0.02378464990051082,-0.08439977368667473,0.48494608099186864,-0.23215687055289316,0.9477011761232744,-0.1960974005327714,-0.09752680520728388,0,nan,nan,nan,nan,nan,nan,nan,nan
8.71986174583435,1789121621.1739206,r18_z20_w-40,0,-0.6981317007977318,-1.2709380307605356,1.2485804488902446,0.02235758187029102,0.0,-0.6979612708091736,-1.277806043624878,1.2593982219696045,0.02147573232650757,0.0015339808305725455,0.13754390591177065,-0.11537309986822042,0.1977609251474106,0.0015075409594221816,0.0018999842432498796,-0.341940718852959,0.9397183951431688,0.08536673579064807,-0.0798807258398904,0.23295586294756954,0.014949292767753983,-0.022162189138369263,0.9047322853506895,-0.4251409741044231,0.13788799976141602,-0.11570176974357704,0.2,0.0,0.02378464990051082,-0.08439977368667473,0.48494608099186864,-0.23215687055289316,0.9477011761232744,-0.1960974005327714,-0.09752680520728388,0,nan,nan,nan,nan,nan,nan,nan,nan
8.729872226715088,1789121621.1739206,r18_z20_w-40,0,-0.6981317007977318,-1.2709380307605356,1.2485804488902446,0.02235758187029102,0.0,-0.6979612708091736,-1.277806043624878,1.2593982219696045,0.02147573232650757,0.0015339808305725455,0.13754390591177065,-0.11537309986822042,0.1977609251474106,0.0015075409594221816,0.0018999842432498796,-0.341940718852959,0.9397183951431688,0.08536673579064807,-0.0798807258398904,0.23295586294756954,0.014949292767753983,-0.022162189138369263,0.9047322853506895,-0.4251409741044231,0.13788799976141602,-0.11570176974357704,0.2,0.0,0.02378464990051082,-0.08439977368667473,0.48494608099186864,-0.23215687055289316,0.9477011761232744,-0.1960974005327714,-0.09752680520728388,0,nan,nan,nan,nan,nan,nan,nan,nan
8.740033626556396,1789121621.1739206,r18_z20_w-40,0,-0.6981317007977318,-1.2709380307605356,1.2485804488902446,0.02235758187029102,0.0,-0.6979612708091736,-1.277806043624878,1.2593982219696045,0.02147573232650757,0.0015339808305725455,0.13754390591177065,-0.11537309986822042,0.1977609251474106,0.0015075409594221816,0.0018999842432498796,-0.341940718852959,0.9397183951431688,0.08536673579064807,-0.0798807258398904,0.23295586294756954,0.014949292767753983,-0.022162189138369263,0.9047322853506895,-0.4251409741044231,0.13788799976141602,-0.11570176974357704,0.2,0.0,0.02378464990051082,-0.08439977368667473,0.48494608099186864,-0.23215687055289316,0.9477011761232744,-0.1960974005327714,-0.09752680520728388,0,nan,nan,nan,nan,nan,nan,nan,nan
8.7413969039917,1789121621.1739206,r18_z20_w-40,0,-0.6981317007977318,-1.2709380307605356,1.2485804488902446,0.02235758187029102,0.0,-0.6979612708091736,-1.277806043624878,1.2593982219696045,0.02147573232650757,0.0015339808305725455,0.13754390591177065,-0.11537309986822042,0.1977609251474106,0.0015075409594221816,0.0018999842432498796,-0.341940718852959,0.9397183951431688,0.08536673579064807,-0.0798807258398904,0.23295586294756954,0.014949292767753983,-0.022162189138369263,0.9047322853506895,-0.4251409741044231,0.13788799976141602,-0.11570176974357704,0.2,0.0,0.02378464990051082,-0.08439977368667473,0.48494608099186864,-0.23215687055289316,0.9477011761232744,-0.1960974005327714,-0.09752680520728388,0,nan,nan,nan,nan,nan,nan,nan,nan
8.742160320281982,1789121621.2072778,r18_z20_w-40,0,-0.6981317007977318,-1.2709380307605356,1.2485804488902446,0.02235758187029102,0.0,-0.6979612708091736,-1.2762720584869385,1.2593982219696045,0.02147573232650757,0.0015339808305725455,0.13754390591177065,-0.11537309986822042,0.1977609251474106,0.0015075409594221816,0.0018999842432498796,-0.341940718852959,0.9397183951431688,0.08541898568269712,-0.07989044444269006,0.233022587059886,0.015081007241760204,-0.02185054571255497,0.9047055757035235,-0.42520928748510833,0.13788799976141602,-0.11570176974357704,0.2,0.0,0.02377976330481887,-0.08438357717619482,0.4848624723568197,-0.23216650729125543,0.9476966811911179,-0.19625946260145774,-0.09722107122896259,0,nan,nan,nan,nan,nan,nan,nan,nan
8.749922752380371,1789121621.2072778,r18_z20_w-40,0,-0.6981317007977318,-1.2709380307605356,1.2485804488902446,0.02235758187029102,0.0,-0.6979612708091736,-1.2762720584869385,1.2593982219696045,0.02147573232650757,0.0015339808305725455,0.13754390591177065,-0.11537309986822042,0.1977609251474106,0.0015075409594221816,0.0018999842432498796,-0.341940718852959,0.9397183951431688,0.08541898568269712,-0.07989044444269006,0.233022587059886,0.015081007241760204,-0.02185054571255497,0.9047055757035235,-0.42520928748510833,0.13788799976141602,-0.11570176974357704,0.2,0.0,0.02377976330481887,-0.08438357717619482,0.4848624723568197,-0.23216650729125543,0.9476966811911179,-0.19625946260145774,-0.09722107122896259,0,nan,nan,nan,nan,nan,nan,nan,nan
8.75068712234497,1789121621.2072778,r18_z20_w-40,0,-0.6981317007977318,-1.2709380307605356,1.2485804488902446,0.02235758187029102,0.0,-0.6979612708091736,-1.2762720584869385,1.2593982219696045,0.02147573232650757,0.0015339808305725455,0.13754390591177065,-0.11537309986822042,0.1977609251474106,0.0015075409594221816,0.0018999842432498796,-0.341940718852959,0.9397183951431688,0.08541898568269712,-0.07989044444269006,0.233022587059886,0.015081007241760204,-0.02185054571255497,0.9047055757035235,-0.42520928748510833,0.13788799976141602,-0.11570176974357704,0.2,0.0,0.02377976330481887,-0.08438357717619482,0.4848624723568197,-0.23216650729125543,0.9476966811911179,-0.19625946260145774,-0.09722107122896259,0,nan,nan,nan,nan,nan,nan,nan,nan
8.75996708869934,1789121621.2072778,r18_z20_w-40,0,-0.6981317007977318,-1.2709380307605356,1.2485804488902446,0.02235758187029102,0.0,-0.6979612708091736,-1.2762720584869385,1.2593982219696045,0.02147573232650757,0.0015339808305725455,0.13754390591177065,-0.11537309986822042,0.1977609251474106,0.0015075409594221816,0.0018999842432498796,-0.341940718852959,0.9397183951431688,0.08541898568269712,-0.07989044444269006,0.233022587059886,0.015081007241760204,-0.02185054571255497,0.9047055757035235,-0.42520928748510833,0.13788799976141602,-0.11570176974357704,0.2,0.0,0.02377976330481887,-0.08438357717619482,0.4848624723568197,-0.23216650729125543,0.9476966811911179,-0.19625946260145774,-0.09722107122896259,0,nan,nan,nan,nan,nan,nan,nan,nan
8.769868850708008,1789121621.2072778,r18_z20_w-40,0,-0.6981317007977318,-1.2709380307605356,1.2485804488902446,0.02235758187029102,0.0,-0.6979612708091736,-1.2762720584869385,1.2593982219696045,0.02147573232650757,0.0015339808305725455,0.13754390591177065,-0.11537309986822042,0.1977609251474106,0.0015075409594221816,0.0018999842432498796,-0.341940718852959,0.9397183951431688,0.08541898568269712,-0.07989044444269006,0.233022587059886,0.015081007241760204,-0.02185054571255497,0.9047055757035235,-0.42520928748510833,0.13788799976141602,-0.11570176974357704,0.2,0.0,0.02377976330481887,-0.08438357717619482,0.4848624723568197,-0.23216650729125543,0.9476966811911179,-0.19625946260145774,-0.09722107122896259,0,nan,nan,nan,nan,nan,nan,nan,nan
8.78001856803894,1789121621.2072778,r18_z20_w-40,0,-0.6981317007977318,-1.2709380307605356,1.2485804488902446,0.02235758187029102,0.0,-0.6979612708091736,-1.2762720584869385,1.2593982219696045,0.02147573232650757,0.0015339808305725455,0.13754390591177065,-0.11537309986822042,0.1977609251474106,0.0015075409594221816,0.0018999842432498796,-0.341940718852959,0.9397183951431688,0.08541898568269712,-0.07989044444269006,0.233022587059886,0.015081007241760204,-0.02185054571255497,0.9047055757035235,-0.42520928748510833,0.13788799976141602,-0.11570176974357704,0.2,0.0,0.02377976330481887,-0.08438357717619482,0.4848624723568197,-0.23216650729125543,0.9476966811911179,-0.19625946260145774,-0.09722107122896259,0,nan,nan,nan,nan,nan,nan,nan,nan
8.784575700759888,1789121621.2072778,r18_z20_w-40,0,-0.6981317007977318,-1.2709380307605356,1.2485804488902446,0.02235758187029102,0.0,-0.6979612708091736,-1.2762720584869385,1.2593982219696045,0.02147573232650757,0.0015339808305725455,0.13754390591177065,-0.11537309986822042,0.1977609251474106,0.0015075409594221816,0.0018999842432498796,-0.341940718852959,0.9397183951431688,0.08541898568269712,-0.07989044444269006,0.233022587059886,0.015081007241760204,-0.02185054571255497,0.9047055757035235,-0.42520928748510833,0.13788799976141602,-0.11570176974357704,0.2,0.0,0.02377976330481887,-0.08438357717619482,0.4848624723568197,-0.23216650729125543,0.9476966811911179,-0.19625946260145774,-0.09722107122896259,0,nan,nan,nan,nan,nan,nan,nan,nan
8.785227298736572,1789121621.240635,r18_z20_w-40,0,-0.6981317007977318,-1.2709380307605356,1.2485804488902446,0.02235758187029102,0.0,-0.6979612708091736,-1.277806043624878,1.2593982219696045,0.02147573232650757,0.0015339808305725455,0.13747503623793214,-0.11531533134910654,0.1976338829885465,0.001507540959422162,0.001899984243249827,-0.34194071885295896,0.9397183951431688,0.08537527745392332,-0.0798776753809074,0.2329676891499482,0.015143353066323388,-0.021932539137776094,0.9046348486452458,-0.4253533039738517,0.13788799976141602,-0.11570176974357704,0.2,0.0,0.023788327099305482,-0.08439847410291072,0.4849316964979505,-0.23200996974633942,0.9477560086623308,-0.19617422884904165,-0.09718844539467875,0,nan,nan,nan,nan,nan,nan,nan,nan
8.789941549301147,1789121621.240635,r18_z20_w-40,0,-0.6981317007977318,-1.2709380307605356,1.2485804488902446,0.02235758187029102,0.0,-0.6979612708091736,-1.277806043624878,1.2593982219696045,0.02147573232650757,0.0015339808305725455,0.13747503623793214,-0.11531533134910654,0.1976338829885465,0.001507540959422162,0.001899984243249827,-0.34194071885295896,0.9397183951431688,0.08537527745392332,-0.0798776753809074,0.2329676891499482,0.015143353066323388,-0.021932539137776094,0.9046348486452458,-0.4253533039738517,0.13788799976141602,-0.11570176974357704,0.2,0.0,0.023788327099305482,-0.08439847410291072,0.4849316964979505,-0.23200996974633942,0.9477560086623308,-0.19617422884904165,-0.09718844539467875,0,nan,nan,nan,nan,nan,nan,nan,nan
8.80002760887146,1789121621.240635,r18_z20_w-40,0,-0.6981317007977318,-1.2709380307605356,1.2485804488902446,0.02235758187029102,0.0,-0.6979612708091736,-1.277806043624878,1.2593982219696045,0.02147573232650757,0.0015339808305725455,0.13747503623793214,-0.11531533134910654,0.1976338829885465,0.001507540959422162,0.001899984243249827,-0.34194071885295896,0.9397183951431688,0.08537527745392332,-0.0798776753809074,0.2329676891499482,0.015143353066323388,-0.021932539137776094,0.9046348486452458,-0.4253533039738517,0.13788799976141602,-0.11570176974357704,0.2,0.0,0.023788327099305482,-0.08439847410291072,0.4849316964979505,-0.23200996974633942,0.9477560086623308,-0.19617422884904165,-0.09718844539467875,0,nan,nan,nan,nan,nan,nan,nan,nan
8.801080226898193,1789121621.240635,r18_z20_w-40,0,-0.6981317007977318,-1.2709380307605356,1.2485804488902446,0.02235758187029102,0.0,-0.6979612708091736,-1.277806043624878,1.2593982219696045,0.02147573232650757,0.0015339808305725455,0.13747503623793214,-0.11531533134910654,0.1976338829885465,0.001507540959422162,0.001899984243249827,-0.34194071885295896,0.9397183951431688,0.08537527745392332,-0.0798776753809074,0.2329676891499482,0.015143353066323388,-0.021932539137776094,0.9046348486452458,-0.4253533039738517,0.13788799976141602,-0.11570176974357704,0.2,0.0,0.023788327099305482,-0.08439847410291072,0.4849316964979505,-0.23200996974633942,0.9477560086623308,-0.19617422884904165,-0.09718844539467875,0,nan,nan,nan,nan,nan,nan,nan,nan
8.80831503868103,1789121621.240635,r18_z20_w-40,0,-0.6981317007977318,-1.2709380307605356,1.2485804488902446,0.02235758187029102,0.0,-0.6979612708091736,-1.277806043624878,1.2593982219696045,0.02147573232650757,0.0015339808305725455,0.13747503623793214,-0.11531533134910654,0.1976338829885465,0.001507540959422162,0.001899984243249827,-0.34194071885295896,0.9397183951431688,0.08537527745392332,-0.0798776753809074,0.2329676891499482,0.015143353066323388,-0.021932539137776094,0.9046348486452458,-0.4253533039738517,0.13788799976141602,-0.11570176974357704,0.2,0.0,0.023788327099305482,-0.08439847410291072,0.4849316964979505,-0.23200996974633942,0.9477560086623308,-0.19617422884904165,-0.09718844539467875,0,nan,nan,nan,nan,nan,nan,nan,nan
8.809020519256592,1789121621.2739923,r18_z20_w-40,0,-0.6981317007977318,-1.2709380307605356,1.2485804488902446,0.02235758187029102,0.0,-0.6979612708091736,-1.277806043624878,1.2593982219696045,0.02147573232650757,0.0015339808305725455,0.13743593526873105,-0.11528253309465332,0.19770890462176582,0.0014266354461733798,0.0016776380629283274,-0.34194072490461735,0.9397189425001171,0.08542306500097624,-0.0798849836522473,0.23303116472996038,0.015114934085359038,-0.021663019913949137,0.9045817866043463,-0.42548095571892786,0.13788799976141602,-0.11570176974357704,0.2,0.0,0.023785221063397737,-0.08438510899642927,0.48485309664928095,-0.23192549911897148,0.9477458316375782,-0.19640909546999172,-0.0970147859280797,0,nan,nan,nan,nan,nan,nan,nan,nan
8.809955358505249,1789121621.2739923,r18_z20_w-40,0,-0.6981317007977318,-1.2709380307605356,1.2485804488902446,0.02235758187029102,0.0,-0.6979612708091736,-1.277806043624878,1.2593982219696045,0.02147573232650757,0.0015339808305725455,0.13743593526873105,-0.11528253309465332,0.19770890462176582,0.0014266354461733798,0.0016776380629283274,-0.34194072490461735,0.9397189425001171,0.08542306500097624,-0.0798849836522473,0.23303116472996038,0.015114934085359038,-0.021663019913949137,0.9045817866043463,-0.42548095571892786,0.13788799976141602,-0.11570176974357704,0.2,0.0,0.023785221063397737,-0.08438510899642927,0.48485309664928095,-0.23192549911897148,0.9477458316375782,-0.19640909546999172,-0.0970147859280797,0,nan,nan,nan,nan,nan,nan,nan,nan
8.819808721542358,1789121621.2739923,r18_z20_w-40,0,-0.6981317007977318,-1.2709380307605356,1.2485804488902446,0.02235758187029102,0.0,-0.6979612708091736,-1.277806043624878,1.2593982219696045,0.02147573232650757,0.0015339808305725455,0.13743593526873105,-0.11528253309465332,0.19770890462176582,0.0014266354461733798,0.0016776380629283274,-0.34194072490461735,0.9397189425001171,0.08542306500097624,-0.0798849836522473,0.23303116472996038,0.015114934085359038,-0.021663019913949137,0.9045817866043463,-0.42548095571892786,0.13788799976141602,-0.11570176974357704,0.2,0.0,0.023785221063397737,-0.08438510899642927,0.48485309664928095,-0.23192549911897148,0.9477458316375782,-0.19640909546999172,-0.0970147859280797,0,nan,nan,nan,nan,nan,nan,nan,nan
8.829886436462402,1789121621.2739923,r18_z20_w-40,0,-0.6981317007977318,-1.2709380307605356,1.2485804488902446,0.02235758187029102,0.0,-0.6979612708091736,-1.277806043624878,1.2593982219696045,0.02147573232650757,0.0015339808305725455,0.13743593526873105,-0.11528253309465332,0.19770890462176582,0.0014266354461733798,0.0016776380629283274,-0.34194072490461735,0.9397189425001171,0.08542306500097624,-0.0798849836522473,0.23303116472996038,0.015114934085359038,-0.021663019913949137,0.9045817866043463,-0.42548095571892786,0.13788799976141602,-0.11570176974357704,0.2,0.0,0.023785221063397737,-0.08438510899642927,0.48485309664928095,-0.23192549911897148,0.9477458316375782,-0.19640909546999172,-0.0970147859280797,0,nan,nan,nan,nan,nan,nan,nan,nan
8.840072870254517,1789121621.2739923,r18_z20_w-40,0,-0.6981317007977318,-1.2709380307605356,1.2485804488902446,0.02235758187029102,0.0,-0.6979612708091736,-1.277806043624878,1.2593982219696045,0.02147573232650757,0.0015339808305725455,0.13743593526873105,-0.11528253309465332,0.19770890462176582,0.0014266354461733798,0.0016776380629283274,-0.34194072490461735,0.9397189425001171,0.08542306500097624,-0.0798849836522473,0.23303116472996038,0.015114934085359038,-0.021663019913949137,0.9045817866043463,-0.42548095571892786,0.13788799976141602,-0.11570176974357704,0.2,0.0,0.023785221063397737,-0.08438510899642927,0.48485309664928095,-0.23192549911897148,0.9477458316375782,-0.19640909546999172,-0.0970147859280797,0,nan,nan,nan,nan,nan,nan,nan,nan
8.840983867645264,1789121621.2739923,r18_z20_w-40,0,-0.6981317007977318,-1.2709380307605356,1.2485804488902446,0.02235758187029102,0.0,-0.6979612708091736,-1.277806043624878,1.2593982219696045,0.02147573232650757,0.0015339808305725455,0.13743593526873105,-0.11528253309465332,0.19770890462176582,0.0014266354461733798,0.0016776380629283274,-0.34194072490461735,0.9397189425001171,0.08542306500097624,-0.0798849836522473,0.23303116472996038,0.015114934085359038,-0.021663019913949137,0.9045817866043463,-0.42548095571892786,0.13788799976141602,-0.11570176974357704,0.2,0.0,0.023785221063397737,-0.08438510899642927,0.48485309664928095,-0.23192549911897148,0.9477458316375782,-0.19640909546999172,-0.0970147859280797,0,nan,nan,nan,nan,nan,nan,nan,nan
8.841658353805542,1789121621.3073494,r18_z20_w-40,0,-0.6981317007977318,-1.2709380307605356,1.2485804488902446,0.02235758187029102,0.0,-0.6979612708091736,-1.277806043624878,1.2593982219696045,0.02147573232650757,0.0015339808305725455,0.13743428563676452,-0.115281149368109,0.19802450625385043,0.001251759070361329,0.0011970396720954498,-0.3419406725777759,0.93971994585212,0.08549938896398146,-0.07990673639092664,0.23313510324119707,0.015039470555879736,-0.02150003411192231,0.9046112142007988,-0.4254293290321454,0.13788799976141602,-0.11570176974357704,0.2,0.0,0.023770190356739003,-0.08436294066866962,0.4847250951407404,-0.23199971765407604,0.9476966053772811,-0.19657340230720782,-0.09698542503992853,0,nan,nan,nan,nan,nan,nan,nan,nan
8.849900245666504,1789121621.3073494,r18_z20_w-40,0,-0.6981317007977318,-1.2709380307605356,1.2485804488902446,0.02235758187029102,0.0,-0.6979612708091736,-1.277806043624878,1.2593982219696045,0.02147573232650757,0.0015339808305725455,0.13743428563676452,-0.115281149368109,0.19802450625385043,0.001251759070361329,0.0011970396720954498,-0.3419406725777759,0.93971994585212,0.08549938896398146,-0.07990673639092664,0.23313510324119707,0.015039470555879736,-0.02150003411192231,0.9046112142007988,-0.4254293290321454,0.13788799976141602,-0.11570176974357704,0.2,0.0,0.023770190356739003,-0.08436294066866962,0.4847250951407404,-0.23199971765407604,0.9476966053772811,-0.19657340230720782,-0.09698542503992853,0,nan,nan,nan,nan,nan,nan,nan,nan
8.859946727752686,1789121621.3073494,r18_z20_w-40,0,-0.6981317007977318,-1.2709380307605356,1.2485804488902446,0.02235758187029102,0.0,-0.6979612708091736,-1.277806043624878,1.2593982219696045,0.02147573232650757,0.0015339808305725455,0.13743428563676452,-0.115281149368109,0.19802450625385043,0.001251759070361329,0.0011970396720954498,-0.3419406725777759,0.93971994585212,0.08549938896398146,-0.07990673639092664,0.23313510324119707,0.015039470555879736,-0.02150003411192231,0.9046112142007988,-0.4254293290321454,0.13788799976141602,-0.11570176974357704,0.2,0.0,0.023770190356739003,-0.08436294066866962,0.4847250951407404,-0.23199971765407604,0.9476966053772811,-0.19657340230720782,-0.09698542503992853,0,nan,nan,nan,nan,nan,nan,nan,nan
8.861058235168457,1789121621.3073494,r18_z20_w-40,0,-0.6981317007977318,-1.2709380307605356,1.2485804488902446,0.02235758187029102,0.0,-0.6979612708091736,-1.277806043624878,1.2593982219696045,0.02147573232650757,0.0015339808305725455,0.13743428563676452,-0.115281149368109,0.19802450625385043,0.001251759070361329,0.0011970396720954498,-0.3419406725777759,0.93971994585212,0.08549938896398146,-0.07990673639092664,0.23313510324119707,0.015039470555879736,-0.02150003411192231,0.9046112142007988,-0.4254293290321454,0.13788799976141602,-0.11570176974357704,0.2,0.0,0.023770190356739003,-0.08436294066866962,0.4847250951407404,-0.23199971765407604,0.9476966053772811,-0.19657340230720782,-0.09698542503992853,0,nan,nan,nan,nan,nan,nan,nan,nan
8.869992971420288,1789121621.3073494,r18_z20_w-40,0,-0.6981317007977318,-1.2709380307605356,1.2485804488902446,0.02235758187029102,0.0,-0.6979612708091736,-1.277806043624878,1.2593982219696045,0.02147573232650757,0.0015339808305725455,0.13743428563676452,-0.115281149368109,0.19802450625385043,0.001251759070361329,0.0011970396720954498,-0.3419406725777759,0.93971994585212,0.08549938896398146,-0.07990673639092664,0.23313510324119707,0.015039470555879736,-0.02150003411192231,0.9046112142007988,-0.4254293290321454,0.13788799976141602,-0.11570176974357704,0.2,0.0,0.023770190356739003,-0.08436294066866962,0.4847250951407404,-0.23199971765407604,0.9476966053772811,-0.19657340230720782,-0.09698542503992853,0,nan,nan,nan,nan,nan,nan,nan,nan
8.874663591384888,1789121621.3073494,r18_z20_w-40,0,-0.6981317007977318,-1.2709380307605356,1.2485804488902446,0.02235758187029102,0.0,-0.6979612708091736,-1.277806043624878,1.2593982219696045,0.02147573232650757,0.0015339808305725455,0.13743428563676452,-0.115281149368109,0.19802450625385043,0.001251759070361329,0.0011970396720954498,-0.3419406725777759,0.93971994585212,0.08549938896398146,-0.07990673639092664,0.23313510324119707,0.015039470555879736,-0.02150003411192231,0.9046112142007988,-0.4254293290321454,0.13788799976141602,-0.11570176974357704,0.2,0.0,0.023770190356739003,-0.08436294066866962,0.4847250951407404,-0.23199971765407604,0.9476966053772811,-0.19657340230720782,-0.09698542503992853,0,nan,nan,nan,nan,nan,nan,nan,nan
8.875295639038086,1789121621.3407066,r18_z20_w-40,0,-0.6981317007977318,-1.2709380307605356,1.2485804488902446,0.02235758187029102,0.0,-0.6979612708091736,-1.2762720584869385,1.2593982219696045,0.02147573232650757,0.0015339808305725455,0.13743421973792172,-0.11528109409155043,0.19803620430178173,0.0012452770953193526,0.001179225803365664,-0.34194066891925123,0.9397199783182837,0.08549616327839782,-0.07989961237607683,0.23312976226218274,0.01466654981869126,-0.021924477851390903,0.904766819822299,-0.42508965093966156,0.13788799976141602,-0.11570176974357704,0.2,0.0,0.02377697651234484,-0.08436467357907446,0.4847314691352116,-0.23221423115628115,0.9476065524682625,-0.19644573477847482,-0.09760863617045452,0,nan,nan,nan,nan,nan,nan,nan,nan
8.880040884017944,1789121621.3407066,r18_z20_w-40,0,-0.6981317007977318,-1.2709380307605356,1.2485804488902446,0.02235758187029102,0.0,-0.6979612708091736,-1.2762720584869385,1.2593982219696045,0.02147573232650757,0.0015339808305725455,0.13743421973792172,-0.11528109409155043,0.19803620430178173,0.0012452770953193526,0.001179225803365664,-0.34194066891925123,0.9397199783182837,0.08549616327839782,-0.07989961237607683,0.23312976226218274,0.01466654981869126,-0.021924477851390903,0.904766819822299,-0.42508965093966156,0.13788799976141602,-0.11570176974357704,0.2,0.0,0.02377697651234484,-0.08436467357907446,0.4847314691352116,-0.23221423115628115,0.9476065524682625,-0.19644573477847482,-0.09760863617045452,0,nan,nan,nan,nan,nan,nan,nan,nan
8.88988471031189,1789121621.3407066,r18_z20_w-40,0,-0.6981317007977318,-1.2709380307605356,1.2485804488902446,0.02235758187029102,0.0,-0.6979612708091736,-1.2762720584869385,1.2593982219696045,0.02147573232650757,0.0015339808305725455,0.13743421973792172,-0.11528109409155043,0.19803620430178173,0.0012452770953193526,0.001179225803365664,-0.34194066891925123,0.9397199783182837,0.08549616327839782,-0.07989961237607683,0.23312976226218274,0.01466654981869126,-0.021924477851390903,0.904766819822299,-0.42508965093966156,0.13788799976141602,-0.11570176974357704,0.2,0.0,0.02377697651234484,-0.08436467357907446,0.4847314691352116,-0.23221423115628115,0.9476065524682625,-0.19644573477847482,-0.09760863617045452,0,nan,nan,nan,nan,nan,nan,nan,nan
8.899951934814453,1789121621.3407066,r18_z20_w-40,0,-0.6981317007977318,-1.2709380307605356,1.2485804488902446,0.02235758187029102,0.0,-0.6979612708091736,-1.2762720584869385,1.2593982219696045,0.02147573232650757,0.0015339808305725455,0.13743421973792172,-0.11528109409155043,0.19803620430178173,0.0012452770953193526,0.001179225803365664,-0.34194066891925123,0.9397199783182837,0.08549616327839782,-0.07989961237607683,0.23312976226218274,0.01466654981869126,-0.021924477851390903,0.904766819822299,-0.42508965093966156,0.13788799976141602,-0.11570176974357704,0.2,0.0,0.02377697651234484,-0.08436467357907446,0.4847314691352116,-0.23221423115628115,0.9476065524682625,-0.19644573477847482,-0.09760863617045452,0,nan,nan,nan,nan,nan,nan,nan,nan
8.908733367919922,1789121621.3407066,r18_z20_w-40,0,-0.6981317007977318,-1.2709380307605356,1.2485804488902446,0.02235758187029102,0.0,-0.6979612708091736,-1.2762720584869385,1.2593982219696045,0.02147573232650757,0.0015339808305725455,0.13743421973792172,-0.11528109409155043,0.19803620430178173,0.0012452770953193526,0.001179225803365664,-0.34194066891925123,0.9397199783182837,0.08549616327839782,-0.07989961237607683,0.23312976226218274,0.01466654981869126,-0.021924477851390903,0.904766819822299,-0.42508965093966156,0.13788799976141602,-0.11570176974357704,0.2,0.0,0.02377697651234484,-0.08436467357907446,0.4847314691352116,-0.23221423115628115,0.9476065524682625,-0.19644573477847482,-0.09760863617045452,0,nan,nan,nan,nan,nan,nan,nan,nan
8.909440040588379,1789121621.374064,r18_z20_w-40,0,-0.6981317007977318,-1.2709380307605356,1.2485804488902446,0.02235758187029102,0.0,-0.6979612708091736,-1.277806043624878,1.2593982219696045,0.02147573232650757,0.0015339808305725455,0.13743421973792172,-0.11528109409155043,0.19803620430178173,0.0012452770953193526,0.001179225803365664,-0.34194066891925123,0.9397199783182837,0.08544134741087539,-0.07989102046815402,0.2330599787824741,0.015044561760476966,-0.021769158411927454,0.904698967433927,-0.425228812790782,0.13788799976141602,-0.11570176974357704,0.2,0.0,0.02378051510651888,-0.0843814469050604,0.484818958952567,-0.2321566149362102,0.9476840189340162,-0.19634551783680454,-0.0971943620989831,0,nan,nan,nan,nan,nan,nan,nan,nan
8.971343517303467,1789121621.374064,r18_z20_w-40,0,-0.6981317007977318,-1.2709380307605356,1.2485804488902446,0.02235758187029102,0.0,-0.6979612708091736,-1.277806043624878,1.2593982219696045,0.02147573232650757,0.0015339808305725455,0.13743451047112482,-0.11528133796124901,0.19798413134399476,0.0012741310898361368,0.001258522824329086,-0.34194068426096175,0.9397198312036475,0.08544134741087539,-0.07989102046815402,0.2330599787824741,0.015044561760476966,-0.021769158411927454,0.904698967433927,-0.425228812790782,0.13788799976141602,-0.11570176974357704,0.2,0.0,0.02378051510651888,-0.0843814469050604,0.484818958952567,-0.2321566149362102,0.9476840189340162,-0.19634551783680454,-0.0971943620989831,0,nan,nan,nan,nan,nan,nan,nan,nan
8.971885919570923,1789121621.374064,r18_z20_w-40,0,-0.6981317007977318,-1.2709380307605356,1.2485804488902446,0.02235758187029102,0.0,-0.6979612708091736,-1.277806043624878,1.2593982219696045,0.02147573232650757,0.0015339808305725455,0.13743451047112482,-0.11528133796124901,0.19798413134399476,0.0012741310898361368,0.001258522824329086,-0.34194068426096175,0.9397198312036475,0.08544134741087539,-0.07989102046815402,0.2330599787824741,0.015044561760476966,-0.021769158411927454,0.904698967433927,-0.425228812790782,0.13788799976141602,-0.11570176974357704,0.2,0.0,0.02378051510651888,-0.0843814469050604,0.484818958952567,-0.2321566149362102,0.9476840189340162,-0.19634551783680454,-0.0971943620989831,0,nan,nan,nan,nan,nan,nan,nan,nan
8.972388505935669,1789121621.4074216,r18_z20_w-40,0,-0.6981317007977318,-1.2709380307605356,1.2485804488902446,0.02235758187029102,0.0,-0.6979612708091736,-1.2762720584869385,1.2593982219696045,0.02147573232650757,0.0015339808305725455,0.1374361290670862,-0.11528269565450527,0.1976684017669774,0.0014490781603525482,0.0017393155748204527,-0.34194072514451307,0.9397187959392219,0.08548498479848216,-0.07989473604220185,0.23311326171177965,0.01488760093933655,-0.02215341296674888,0.9046630201146738,-0.42529096589181514,0.13788799976141602,-0.11570176974357704,0.2,0.0,0.023780930714395687,-0.08436766558939546,0.4847513793679895,-0.23199322551375723,0.9477282957311979,-0.1961577550770976,-0.0975313073288539,0,nan,nan,nan,nan,nan,nan,nan,nan
8.972914695739746,1789121621.4074216,r18_z20_w-40,0,-0.6981317007977318,-1.2709380307605356,1.2485804488902446,0.02235758187029102,0.0,-0.6979612708091736,-1.2762720584869385,1.2593982219696045,0.02147573232650757,0.0015339808305725455,0.1374361290670862,-0.11528269565450527,0.1976684017669774,0.0014490781603525482,0.0017393155748204527,-0.34194072514451307,0.9397187959392219,0.08548498479848216,-0.07989473604220185,0.23311326171177965,0.01488760093933655,-0.02215341296674888,0.9046630201146738,-0.42529096589181514,0.13788799976141602,-0.11570176974357704,0.2,0.0,0.023780930714395687,-0.08436766558939546,0.4847513793679895,-0.23199322551375723,0.9477282957311979,-0.1961577550770976,-0.0975313073288539,0,nan,nan,nan,nan,nan,nan,nan,nan
8.973311424255371,1789121621.4074216,r18_z20_w-40,0,-0.6981317007977318,-1.2709380307605356,1.2485804488902446,0.02235758187029102,0.0,-0.6979612708091736,-1.2762720584869385,1.2593982219696045,0.02147573232650757,0.0015339808305725455,0.1374361290670862,-0.11528269565450527,0.1976684017669774,0.0014490781603525482,0.0017393155748204527,-0.34194072514451307,0.9397187959392219,0.08548498479848216,-0.07989473604220185,0.23311326171177965,0.01488760093933655,-0.02215341296674888,0.9046630201146738,-0.42529096589181514,0.13788799976141602,-0.11570176974357704,0.2,0.0,0.023780930714395687,-0.08436766558939546,0.4847513793679895,-0.23199322551375723,0.9477282957311979,-0.1961577550770976,-0.0975313073288539,0,nan,nan,nan,nan,nan,nan,nan,nan
8.974015235900879,1789121621.4074216,r18_z20_w-40,0,-0.6981317007977318,-1.2709380307605356,1.2485804488902446,0.02235758187029102,0.0,-0.6979612708091736,-1.2762720584869385,1.2593982219696045,0.02147573232650757,0.0015339808305725455,0.1374361290670862,-0.11528269565450527,0.1976684017669774,0.0014490781603525482,0.0017393155748204527,-0.34194072514451307,0.9397187959392219,0.08548498479848216,-0.07989473604220185,0.23311326171177965,0.01488760093933655,-0.02215341296674888,0.9046630201146738,-0.42529096589181514,0.13788799976141602,-0.11570176974357704,0.2,0.0,0.023780930714395687,-0.08436766558939546,0.4847513793679895,-0.23199322551375723,0.9477282957311979,-0.1961577550770976,-0.0975313073288539,0,nan,nan,nan,nan,nan,nan,nan,nan
8.974387645721436,1789121621.4074216,r18_z20_w-40,0,-0.6981317007977318,-1.2709380307605356,1.2485804488902446,0.02235758187029102,0.0,-0.6979612708091736,-1.2762720584869385,1.2593982219696045,0.02147573232650757,0.0015339808305725455,0.1374361290670862,-0.11528269565450527,0.1976684017669774,0.0014490781603525482,0.0017393155748204527,-0.34194072514451307,0.9397187959392219,0.08548498479848216,-0.07989473604220185,0.23311326171177965,0.01488760093933655,-0.02215341296674888,0.9046630201146738,-0.42529096589181514,0.13788799976141602,-0.11570176974357704,0.2,0.0,0.023780930714395687,-0.08436766558939546,0.4847513793679895,-0.23199322551375723,0.9477282957311979,-0.1961577550770976,-0.0975313073288539,0,nan,nan,nan,nan,nan,nan,nan,nan
8.974851608276367,1789121621.4074216,r18_z20_w-40,0,-0.6981317007977318,-1.2709380307605356,1.2485804488902446,0.02235758187029102,0.0,-0.6979612708091736,-1.2762720584869385,1.2593982219696045,0.02147573232650757,0.0015339808305725455,0.1374361290670862,-0.11528269565450527,0.1976684017669774,0.0014490781603525482,0.0017393155748204527,-0.34194072514451307,0.9397187959392219,0.08548498479848216,-0.07989473604220185,0.23311326171177965,0.01488760093933655,-0.02215341296674888,0.9046630201146738,-0.42529096589181514,0.13788799976141602,-0.11570176974357704,0.2,0.0,0.023780930714395687,-0.08436766558939546,0.4847513793679895,-0.23199322551375723,0.9477282957311979,-0.1961577550770976,-0.0975313073288539,0,nan,nan,nan,nan,nan,nan,nan,nan
8.97537350654602,1789121621.4074216,r18_z20_w-40,0,-0.6981317007977318,-1.2709380307605356,1.2485804488902446,0.02235758187029102,0.0,-0.6979612708091736,-1.2762720584869385,1.2593982219696045,0.02147573232650757,0.0015339808305725455,0.1374361290670862,-0.11528269565450527,0.1976684017669774,0.0014490781603525482,0.0017393155748204527,-0.34194072514451307,0.9397187959392219,0.08548498479848216,-0.07989473604220185,0.23311326171177965,0.01488760093933655,-0.02215341296674888,0.9046630201146738,-0.42529096589181514,0.13788799976141602,-0.11570176974357704,0.2,0.0,0.023780930714395687,-0.08436766558939546,0.4847513793679895,-0.23199322551375723,0.9477282957311979,-0.1961577550770976,-0.0975313073288539,0,nan,nan,nan,nan,nan,nan,nan,nan
8.975727796554565,1789121621.4074216,r18_z20_w-40,0,-0.6981317007977318,-1.2709380307605356,1.2485804488902446,0.02235758187029102,0.0,-0.6979612708091736,-1.2762720584869385,1.2593982219696045,0.02147573232650757,0.0015339808305725455,0.1374361290670862,-0.11528269565450527,0.1976684017669774,0.0014490781603525482,0.0017393155748204527,-0.34194072514451307,0.9397187959392219,0.08548498479848216,-0.07989473604220185,0.23311326171177965,0.01488760093933655,-0.02215341296674888,0.9046630201146738,-0.42529096589181514,0.13788799976141602,-0.11570176974357704,0.2,0.0,0.023780930714395687,-0.08436766558939546,0.4847513793679895,-0.23199322551375723,0.9477282957311979,-0.1961577550770976,-0.0975313073288539,0,nan,nan,nan,nan,nan,nan,nan,nan
8.976181268692017,1789121621.440779,r18_z20_w-40,0,-0.6981317007977318,-1.2709380307605356,1.2485804488902446,0.02235758187029102,0.0,-0.6979612708091736,-1.277806043624878,1.2593982219696045,0.02147573232650757,0.0015339808305725455,0.1374357935752545,-0.11528241424085525,0.19773799256346708,0.0014105177432964162,0.0016333430784118959,-0.3419407238235246,0.9397190452582772,0.08545067789506328,-0.07989132538194998,0.23306702264360674,0.015199678903930711,-0.021892129246741252,0.9047053640919289,-0.4252033732480866,0.13788799976141602,-0.11570176974357704,0.2,0.0,0.023781412292319934,-0.08437658522329788,0.48480836055668186,-0.23218235764569936,0.9477210077323084,-0.19615440363751308,-0.09715808887866245,0,nan,nan,nan,nan,nan,nan,nan,nan
8.97989296913147,1789121621.440779,r18_z20_w-40,0,-0.6981317007977318,-1.2709380307605356,1.2485804488902446,0.02235758187029102,0.0,-0.6979612708091736,-1.277806043624878,1.2593982219696045,0.02147573232650757,0.0015339808305725455,0.1374357935752545,-0.11528241424085525,0.19773799256346708,0.0014105177432964162,0.0016333430784118959,-0.3419407238235246,0.9397190452582772,0.08545067789506328,-0.07989132538194998,0.23306702264360674,0.015199678903930711,-0.021892129246741252,0.9047053640919289,-0.4252033732480866,0.13788799976141602,-0.11570176974357704,0.2,0.0,0.023781412292319934,-0.08437658522329788,0.48480836055668186,-0.23218235764569936,0.9477210077323084,-0.19615440363751308,-0.09715808887866245,0,nan,nan,nan,nan,nan,nan,nan,nan
8.98995327949524,1789121621.440779,r18_z20_w-40,0,-0.6981317007977318,-1.2709380307605356,1.2485804488902446,0.02235758187029102,0.0,-0.6979612708091736,-1.277806043624878,1.2593982219696045,0.02147573232650757,0.0015339808305725455,0.1374357935752545,-0.11528241424085525,0.19773799256346708,0.0014105177432964162,0.0016333430784118959,-0.3419407238235246,0.9397190452582772,0.08545067789506328,-0.07989132538194998,0.23306702264360674,0.015199678903930711,-0.021892129246741252,0.9047053640919289,-0.4252033732480866,0.13788799976141602,-0.11570176974357704,0.2,0.0,0.023781412292319934,-0.08437658522329788,0.48480836055668186,-0.23218235764569936,0.9477210077323084,-0.19615440363751308,-0.09715808887866245,0,nan,nan,nan,nan,nan,nan,nan,nan
9.000018119812012,1789121621.440779,r18_z20_w-40,0,-0.6981317007977318,-1.2709380307605356,1.2485804488902446,0.02235758187029102,0.0,-0.6979612708091736,-1.277806043624878,1.2593982219696045,0.02147573232650757,0.0015339808305725455,0.1374357935752545,-0.11528241424085525,0.19773799256346708,0.0014105177432964162,0.0016333430784118959,-0.3419407238235246,0.9397190452582772,0.08545067789506328,-0.07989132538194998,0.23306702264360674,0.015199678903930711,-0.021892129246741252,0.9047053640919289,-0.4252033732480866,0.13788799976141602,-0.11570176974357704,0.2,0.0,0.023781412292319934,-0.08437658522329788,0.48480836055668186,-0.23218235764569936,0.9477210077323084,-0.19615440363751308,-0.09715808887866245,0,nan,nan,nan,nan,nan,nan,nan,nan
9.00896430015564,1789121621.440779,r18_z20_w-40,0,-0.6981317007977318,-1.2709380307605356,1.2485804488902446,0.02235758187029102,0.0,-0.6979612708091736,-1.277806043624878,1.2593982219696045,0.02147573232650757,0.0015339808305725455,0.1374357935752545,-0.11528241424085525,0.19773799256346708,0.0014105177432964162,0.0016333430784118959,-0.3419407238235246,0.9397190452582772,0.08545067789506328,-0.07989132538194998,0.23306702264360674,0.015199678903930711,-0.021892129246741252,0.9047053640919289,-0.4252033732480866,0.13788799976141602,-0.11570176974357704,0.2,0.0,0.023781412292319934,-0.08437658522329788,0.48480836055668186,-0.23218235764569936,0.9477210077323084,-0.19615440363751308,-0.09715808887866245,0,nan,nan,nan,nan,nan,nan,nan,nan
9.009844541549683,1789121621.4741366,r18_z20_w-40,0,-0.6981317007977318,-1.2709380307605356,1.2485804488902446,0.02235758187029102,0.0,-0.6979612708091736,-1.277806043624878,1.2593982219696045,0.02147573232650757,0.0015339808305725455,0.13743441715994342,-0.1152812596909674,0.19800097618928206,0.0012647972466839456,0.0012328714017468372,-0.3419406795645646,0.9397198795252526,0.08543461837607758,-0.07989497488167557,0.23305073874967946,0.014714128722697254,-0.02201534308673826,0.9047771421997272,-0.425061339147187,0.13788799976141602,-0.11570176974357704,0.2,0.0,0.023776092529253362,-0.0843821973974218,0.48483019163137486,-0.23223308678346422,0.9476201637559828,-0.1963447366345147,-0.09763484542944378,0,nan,nan,nan,nan,nan,nan,nan,nan
9.010671615600586,1789121621.4741366,r18_z20_w-40,0,-0.6981317007977318,-1.2709380307605356,1.2485804488902446,0.02235758187029102,0.0,-0.6979612708091736,-1.277806043624878,1.2593982219696045,0.02147573232650757,0.0015339808305725455,0.13743441715994342,-0.1152812596909674,0.19800097618928206,0.0012647972466839456,0.0012328714017468372,-0.3419406795645646,0.9397198795252526,0.08543461837607758,-0.07989497488167557,0.23305073874967946,0.014714128722697254,-0.02201534308673826,0.9047771421997272,-0.425061339147187,0.13788799976141602,-0.11570176974357704,0.2,0.0,0.023776092529253362,-0.0843821973974218,0.48483019163137486,-0.23223308678346422,0.9476201637559828,-0.1963447366345147,-0.09763484542944378,0,nan,nan,nan,nan,nan,nan,nan,nan
9.01992130279541,1789121621.4741366,r18_z20_w-40,0,-0.6981317007977318,-1.2709380307605356,1.2485804488902446,0.02235758187029102,0.0,-0.6979612708091736,-1.277806043624878,1.2593982219696045,0.02147573232650757,0.0015339808305725455,0.13743441715994342,-0.1152812596909674,0.19800097618928206,0.0012647972466839456,0.0012328714017468372,-0.3419406795645646,0.9397198795252526,0.08543461837607758,-0.07989497488167557,0.23305073874967946,0.014714128722697254,-0.02201534308673826,0.9047771421997272,-0.425061339147187,0.13788799976141602,-0.11570176974357704,0.2,0.0,0.023776092529253362,-0.0843821973974218,0.48483019163137486,-0.23223308678346422,0.9476201637559828,-0.1963447366345147,-0.09763484542944378,0,nan,nan,nan,nan,nan,nan,nan,nan
9.029889583587646,1789121621.4741366,r18_z20_w-40,0,-0.6981317007977318,-1.2709380307605356,1.2485804488902446,0.02235758187029102,0.0,-0.6979612708091736,-1.277806043624878,1.2593982219696045,0.02147573232650757,0.0015339808305725455,0.13743441715994342,-0.1152812596909674,0.19800097618928206,0.0012647972466839456,0.0012328714017468372,-0.3419406795645646,0.9397198795252526,0.08543461837607758,-0.07989497488167557,0.23305073874967946,0.014714128722697254,-0.02201534308673826,0.9047771421997272,-0.425061339147187,0.13788799976141602,-0.11570176974357704,0.2,0.0,0.023776092529253362,-0.0843821973974218,0.48483019163137486,-0.23223308678346422,0.9476201637559828,-0.1963447366345147,-0.09763484542944378,0,nan,nan,nan,nan,nan,nan,nan,nan
9.030731201171875,1789121621.4741366,r18_z20_w-40,0,-0.6981317007977318,-1.2709380307605356,1.2485804488902446,0.02235758187029102,0.0,-0.6979612708091736,-1.277806043624878,1.2593982219696045,0.02147573232650757,0.0015339808305725455,0.13743441715994342,-0.1152812596909674,0.19800097618928206,0.0012647972466839456,0.0012328714017468372,-0.3419406795645646,0.9397198795252526,0.08543461837607758,-0.07989497488167557,0.23305073874967946,0.014714128722697254,-0.02201534308673826,0.9047771421997272,-0.425061339147187,0.13788799976141602,-0.11570176974357704,0.2,0.0,0.023776092529253362,-0.0843821973974218,0.48483019163137486,-0.23223308678346422,0.9476201637559828,-0.1963447366345147,-0.09763484542944378,0,nan,nan,nan,nan,nan,nan,nan,nan
9.03996753692627,1789121621.4741366,r18_z20_w-40,0,-0.6981317007977318,-1.2709380307605356,1.2485804488902446,0.02235758187029102,0.0,-0.6979612708091736,-1.277806043624878,1.2593982219696045,0.02147573232650757,0.0015339808305725455,0.13743441715994342,-0.1152812596909674,0.19800097618928206,0.0012647972466839456,0.0012328714017468372,-0.3419406795645646,0.9397198795252526,0.08543461837607758,-0.07989497488167557,0.23305073874967946,0.014714128722697254,-0.02201534308673826,0.9047771421997272,-0.425061339147187,0.13788799976141602,-0.11570176974357704,0.2,0.0,0.023776092529253362,-0.0843821973974218,0.48483019163137486,-0.23223308678346422,0.9476201637559828,-0.1963447366345147,-0.09763484542944378,0,nan,nan,nan,nan,nan,nan,nan,nan
9.041753768920898,1789121621.4741366,r18_z20_w-40,0,-0.6981317007977318,-1.2709380307605356,1.2485804488902446,0.02235758187029102,0.0,-0.6979612708091736,-1.277806043624878,1.2593982219696045,0.02147573232650757,0.0015339808305725455,0.13743441715994342,-0.1152812596909674,0.19800097618928206,0.0012647972466839456,0.0012328714017468372,-0.3419406795645646,0.9397198795252526,0.08543461837607758,-0.07989497488167557,0.23305073874967946,0.014714128722697254,-0.02201534308673826,0.9047771421997272,-0.425061339147187,0.13788799976141602,-0.11570176974357704,0.2,0.0,0.023776092529253362,-0.0843821973974218,0.48483019163137486,-0.23223308678346422,0.9476201637559828,-0.1963447366345147,-0.09763484542944378,0,nan,nan,nan,nan,nan,nan,nan,nan
9.042359590530396,1789121621.507494,r18_z20_w-40,0,-0.6981317007977318,-1.2709380307605356,1.2485804488902446,0.02235758187029102,0.0,-0.6979612708091736,-1.277806043624878,1.2593982219696045,0.02147573232650757,0.0015339808305725455,0.13743421973792172,-0.11528109409155043,0.19803620430178173,0.0012452770953193526,0.001179225803365664,-0.34194066891925123,0.9397199783182837,0.0854590707389618,-0.07989359661680359,0.2330774081816135,0.014889890058934502,-0.021906583669122206,0.904718159088476,-0.4251863654699429,0.13788799976141602,-0.11570176974357704,0.2,0.0,0.023779956684995864,-0.08437368851477975,0.4847952095862525,-0.2321506865404415,0.9476665921182511,-0.196332146707302,-0.09740522106686345,0,nan,nan,nan,nan,nan,nan,nan,nan
9.049858570098877,1789121621.507494,r18_z20_w-40,0,-0.6981317007977318,-1.2709380307605356,1.2485804488902446,0.02235758187029102,0.0,-0.6979612708091736,-1.277806043624878,1.2593982219696045,0.02147573232650757,0.0015339808305725455,0.13743421973792172,-0.11528109409155043,0.19803620430178173,0.0012452770953193526,0.001179225803365664,-0.34194066891925123,0.9397199783182837,0.0854590707389618,-0.07989359661680359,0.2330774081816135,0.014889890058934502,-0.021906583669122206,0.904718159088476,-0.4251863654699429,0.13788799976141602,-0.11570176974357704,0.2,0.0,0.023779956684995864,-0.08437368851477975,0.4847952095862525,-0.2321506865404415,0.9476665921182511,-0.196332146707302,-0.09740522106686345,0,nan,nan,nan,nan,nan,nan,nan,nan
9.05981969833374,1789121621.507494,r18_z20_w-40,0,-0.6981317007977318,-1.2709380307605356,1.2485804488902446,0.02235758187029102,0.0,-0.6979612708091736,-1.277806043624878,1.2593982219696045,0.02147573232650757,0.0015339808305725455,0.13743421973792172,-0.11528109409155043,0.19803620430178173,0.0012452770953193526,0.001179225803365664,-0.34194066891925123,0.9397199783182837,0.0854590707389618,-0.07989359661680359,0.2330774081816135,0.014889890058934502,-0.021906583669122206,0.904718159088476,-0.4251863654699429,0.13788799976141602,-0.11570176974357704,0.2,0.0,0.023779956684995864,-0.08437368851477975,0.4847952095862525,-0.2321506865404415,0.9476665921182511,-0.196332146707302,-0.09740522106686345,0,nan,nan,nan,nan,nan,nan,nan,nan
9.069916009902954,1789121621.507494,r18_z20_w-40,0,-0.6981317007977318,-1.2709380307605356,1.2485804488902446,0.02235758187029102,0.0,-0.6979612708091736,-1.277806043624878,1.2593982219696045,0.02147573232650757,0.0015339808305725455,0.13743421973792172,-0.11528109409155043,0.19803620430178173,0.0012452770953193526,0.001179225803365664,-0.34194066891925123,0.9397199783182837,0.0854590707389618,-0.07989359661680359,0.2330774081816135,0.014889890058934502,-0.021906583669122206,0.904718159088476,-0.4251863654699429,0.13788799976141602,-0.11570176974357704,0.2,0.0,0.023779956684995864,-0.08437368851477975,0.4847952095862525,-0.2321506865404415,0.9476665921182511,-0.196332146707302,-0.09740522106686345,0,nan,nan,nan,nan,nan,nan,nan,nan
9.075394630432129,1789121621.507494,r18_z20_w-40,0,-0.6981317007977318,-1.2709380307605356,1.2485804488902446,0.02235758187029102,0.0,-0.6979612708091736,-1.277806043624878,1.2593982219696045,0.02147573232650757,0.0015339808305725455,0.13743421973792172,-0.11528109409155043,0.19803620430178173,0.0012452770953193526,0.001179225803365664,-0.34194066891925123,0.9397199783182837,0.0854590707389618,-0.07989359661680359,0.2330774081816135,0.014889890058934502,-0.021906583669122206,0.904718159088476,-0.4251863654699429,0.13788799976141602,-0.11570176974357704,0.2,0.0,0.023779956684995864,-0.08437368851477975,0.4847952095862525,-0.2321506865404415,0.9476665921182511,-0.196332146707302,-0.09740522106686345,0,nan,nan,nan,nan,nan,nan,nan,nan
9.076096534729004,1789121621.5408514,r18_z20_w-40,0,-0.6981317007977318,-1.2709380307605356,1.2485804488902446,0.02235758187029102,0.0,-0.6979612708091736,-1.277806043624878,1.2593982219696045,0.02147573232650757,0.0015339808305725455,0.13743421973792172,-0.11528109409155043,0.19803620430178173,0.0012452770953193526,0.001179225803365664,-0.34194066891925123,0.9397199783182837,0.08548730877516553,-0.07989909956577126,0.23311686729565662,0.014951843376134859,-0.021655949269897102,0.9046993179488009,-0.42523711778706447,0.13788799976141602,-0.11570176974357704,0.2,0.0,0.023776813376159563,-0.0843664579880026,0.48474701695290323,-0.23215615070374718,0.9476544577434751,-0.19648907075747996,-0.09719359794863572,0,nan,nan,nan,nan,nan,nan,nan,nan
9.138153553009033,1789121621.5408514,r18_z20_w-40,0,-0.6981317007977318,-1.2709380307605356,1.2485804488902446,0.02235758187029102,0.0,-0.6979612708091736,-1.277806043624878,1.2593982219696045,0.02147573232650757,0.0015339808305725455,0.13743421973792172,-0.11528109409155043,0.19803620430178173,0.0012452770953193526,0.001179225803365664,-0.34194066891925123,0.9397199783182837,0.08548730877516553,-0.07989909956577126,0.23311686729565662,0.014951843376134859,-0.021655949269897102,0.9046993179488009,-0.42523711778706447,0.13788799976141602,-0.11570176974357704,0.2,0.0,0.023776813376159563,-0.0843664579880026,0.48474701695290323,-0.23215615070374718,0.9476544577434751,-0.19648907075747996,-0.09719359794863572,0,nan,nan,nan,nan,nan,nan,nan,nan
9.138794422149658,1789121621.5408514,r18_z20_w-40,0,-0.6981317007977318,-1.2709380307605356,1.2485804488902446,0.02235758187029102,0.0,-0.6979612708091736,-1.277806043624878,1.2593982219696045,0.02147573232650757,0.0015339808305725455,0.13743421973792172,-0.11528109409155043,0.19803620430178173,0.0012452770953193526,0.001179225803365664,-0.34194066891925123,0.9397199783182837,0.08548730877516553,-0.07989909956577126,0.23311686729565662,0.014951843376134859,-0.021655949269897102,0.9046993179488009,-0.42523711778706447,0.13788799976141602,-0.11570176974357704,0.2,0.0,0.023776813376159563,-0.0843664579880026,0.48474701695290323,-0.23215615070374718,0.9476544577434751,-0.19648907075747996,-0.09719359794863572,0,nan,nan,nan,nan,nan,nan,nan,nan
9.139336109161377,1789121621.574209,r18_z20_w-40,0,-0.6981317007977318,-1.2709380307605356,1.2485804488902446,0.02235758187029102,0.0,-0.6979612708091736,-1.277806043624878,1.2593982219696045,0.02147573232650757,0.0015339808305725455,0.13743421973792172,-0.11528109409155043,0.19803620430178173,0.0012452770953193526,0.001179225803365664,-0.34194066891925123,0.9397199783182837,0.08543977818385817,-0.07989063406495123,0.23304973455454836,0.01531202923799418,-0.0217791984691291,0.9046856312593126,-0.4252471244671695,0.13788799976141602,-0.11570176974357704,0.2,0.0,0.023781377229665345,-0.08437813915056684,0.48482875035137163,-0.2321757591799506,0.9477351104893597,-0.1961753894043007,-0.0969937822079634,0,nan,nan,nan,nan,nan,nan,nan,nan
9.139949083328247,1789121621.574209,r18_z20_w-40,0,-0.6981317007977318,-1.2709380307605356,1.2485804488902446,0.02235758187029102,0.0,-0.6979612708091736,-1.277806043624878,1.2593982219696045,0.02147573232650757,0.0015339808305725455,0.13743421973792172,-0.11528109409155043,0.19803620430178173,0.0012452770953193526,0.001179225803365664,-0.34194066891925123,0.9397199783182837,0.08543977818385817,-0.07989063406495123,0.23304973455454836,0.01531202923799418,-0.0217791984691291,0.9046856312593126,-0.4252471244671695,0.13788799976141602,-0.11570176974357704,0.2,0.0,0.023781377229665345,-0.08437813915056684,0.48482875035137163,-0.2321757591799506,0.9477351104893597,-0.1961753894043007,-0.0969937822079634,0,nan,nan,nan,nan,nan,nan,nan,nan
9.140462875366211,1789121621.574209,r18_z20_w-40,0,-0.6981317007977318,-1.2709380307605356,1.2485804488902446,0.02235758187029102,0.0,-0.6979612708091736,-1.277806043624878,1.2593982219696045,0.02147573232650757,0.0015339808305725455,0.13743421973792172,-0.11528109409155043,0.19803620430178173,0.0012452770953193526,0.001179225803365664,-0.34194066891925123,0.9397199783182837,0.08543977818385817,-0.07989063406495123,0.23304973455454836,0.01531202923799418,-0.0217791984691291,0.9046856312593126,-0.4252471244671695,0.13788799976141602,-0.11570176974357704,0.2,0.0,0.023781377229665345,-0.08437813915056684,0.48482875035137163,-0.2321757591799506,0.9477351104893597,-0.1961753894043007,-0.0969937822079634,0,nan,nan,nan,nan,nan,nan,nan,nan
9.14130973815918,1789121621.574209,r18_z20_w-40,0,-0.6981317007977318,-1.2709380307605356,1.2485804488902446,0.02235758187029102,0.0,-0.6979612708091736,-1.277806043624878,1.2593982219696045,0.02147573232650757,0.0015339808305725455,0.13743421973792172,-0.11528109409155043,0.19803620430178173,0.0012452770953193526,0.001179225803365664,-0.34194066891925123,0.9397199783182837,0.08543977818385817,-0.07989063406495123,0.23304973455454836,0.01531202923799418,-0.0217791984691291,0.9046856312593126,-0.4252471244671695,0.13788799976141602,-0.11570176974357704,0.2,0.0,0.023781377229665345,-0.08437813915056684,0.48482875035137163,-0.2321757591799506,0.9477351104893597,-0.1961753894043007,-0.0969937822079634,0,nan,nan,nan,nan,nan,nan,nan,nan
9.141675233840942,1789121621.574209,r18_z20_w-40,0,-0.6981317007977318,-1.2709380307605356,1.2485804488902446,0.02235758187029102,0.0,-0.6979612708091736,-1.277806043624878,1.2593982219696045,0.02147573232650757,0.0015339808305725455,0.13743421973792172,-0.11528109409155043,0.19803620430178173,0.0012452770953193526,0.001179225803365664,-0.34194066891925123,0.9397199783182837,0.08543977818385817,-0.07989063406495123,0.23304973455454836,0.01531202923799418,-0.0217791984691291,0.9046856312593126,-0.4252471244671695,0.13788799976141602,-0.11570176974357704,0.2,0.0,0.023781377229665345,-0.08437813915056684,0.48482875035137163,-0.2321757591799506,0.9477351104893597,-0.1961753894043007,-0.0969937822079634,0,nan,nan,nan,nan,nan,nan,nan,nan
9.142213821411133,1789121621.574209,r18_z20_w-40,0,-0.6981317007977318,-1.2709380307605356,1.2485804488902446,0.02235758187029102,0.0,-0.6979612708091736,-1.277806043624878,1.2593982219696045,0.02147573232650757,0.0015339808305725455,0.13743421973792172,-0.11528109409155043,0.19803620430178173,0.0012452770953193526,0.001179225803365664,-0.34194066891925123,0.9397199783182837,0.08543977818385817,-0.07989063406495123,0.23304973455454836,0.01531202923799418,-0.0217791984691291,0.9046856312593126,-0.4252471244671695,0.13788799976141602,-0.11570176974357704,0.2,0.0,0.023781377229665345,-0.08437813915056684,0.48482875035137163,-0.2321757591799506,0.9477351104893597,-0.1961753894043007,-0.0969937822079634,0,nan,nan,nan,nan,nan,nan,nan,nan
9.142637252807617,1789121621.574209,r18_z20_w-40,0,-0.6981317007977318,-1.2709380307605356,1.2485804488902446,0.02235758187029102,0.0,-0.6979612708091736,-1.277806043624878,1.2593982219696045,0.02147573232650757,0.0015339808305725455,0.13743421973792172,-0.11528109409155043,0.19803620430178173,0.0012452770953193526,0.001179225803365664,-0.34194066891925123,0.9397199783182837,0.08543977818385817,-0.07989063406495123,0.23304973455454836,0.01531202923799418,-0.0217791984691291,0.9046856312593126,-0.4252471244671695,0.13788799976141602,-0.11570176974357704,0.2,0.0,0.023781377229665345,-0.08437813915056684,0.48482875035137163,-0.2321757591799506,0.9477351104893597,-0.1961753894043007,-0.0969937822079634,0,nan,nan,nan,nan,nan,nan,nan,nan
9.143101930618286,1789121621.6075664,r18_z20_w-40,0,-0.6981317007977318,-1.2709380307605356,1.2485804488902446,0.02235758187029102,0.0,-0.6979612708091736,-1.2762720584869385,1.2593982219696045,0.02147573232650757,0.0015339808305725455,0.13746903051124834,-0.1153102936900414,0.1979489514607685,0.0013284273356441478,0.0014077407008738513,-0.34194070652862374,0.9397195362264417,0.08546092962862734,-0.07989548413683217,0.23308193794723303,0.01479606865706657,-0.021965439335486534,0.9046913899540564,-0.4252435593516873,0.13788799976141602,-0.11570176974357704,0.2,0.0,0.023778109307366666,-0.08437380307516787,0.48479029928574974,-0.23206555473414242,0.9476739453792209,-0.19635130505437673,-0.09749787976545642,0,nan,nan,nan,nan,nan,nan,nan,nan
9.143583536148071,1789121621.6075664,r18_z20_w-40,0,-0.6981317007977318,-1.2709380307605356,1.2485804488902446,0.02235758187029102,0.0,-0.6979612708091736,-1.2762720584869385,1.2593982219696045,0.02147573232650757,0.0015339808305725455,0.13746903051124834,-0.1153102936900414,0.1979489514607685,0.0013284273356441478,0.0014077407008738513,-0.34194070652862374,0.9397195362264417,0.08546092962862734,-0.07989548413683217,0.23308193794723303,0.01479606865706657,-0.021965439335486534,0.9046913899540564,-0.4252435593516873,0.13788799976141602,-0.11570176974357704,0.2,0.0,0.023778109307366666,-0.08437380307516787,0.48479029928574974,-0.23206555473414242,0.9476739453792209,-0.19635130505437673,-0.09749787976545642,0,nan,nan,nan,nan,nan,nan,nan,nan
9.144022464752197,1789121621.6075664,r18_z20_w-40,0,-0.6981317007977318,-1.2709380307605356,1.2485804488902446,0.02235758187029102,0.0,-0.6979612708091736,-1.2762720584869385,1.2593982219696045,0.02147573232650757,0.0015339808305725455,0.13746903051124834,-0.1153102936900414,0.1979489514607685,0.0013284273356441478,0.0014077407008738513,-0.34194070652862374,0.9397195362264417,0.08546092962862734,-0.07989548413683217,0.23308193794723303,0.01479606865706657,-0.021965439335486534,0.9046913899540564,-0.4252435593516873,0.13788799976141602,-0.11570176974357704,0.2,0.0,0.023778109307366666,-0.08437380307516787,0.48479029928574974,-0.23206555473414242,0.9476739453792209,-0.19635130505437673,-0.09749787976545642,0,nan,nan,nan,nan,nan,nan,nan,nan
9.149872541427612,1789121621.6075664,r18_z20_w-40,0,-0.6981317007977318,-1.2709380307605356,1.2485804488902446,0.02235758187029102,0.0,-0.6979612708091736,-1.2762720584869385,1.2593982219696045,0.02147573232650757,0.0015339808305725455,0.13746903051124834,-0.1153102936900414,0.1979489514607685,0.0013284273356441478,0.0014077407008738513,-0.34194070652862374,0.9397195362264417,0.08546092962862734,-0.07989548413683217,0.23308193794723303,0.01479606865706657,-0.021965439335486534,0.9046913899540564,-0.4252435593516873,0.13788799976141602,-0.11570176974357704,0.2,0.0,0.023778109307366666,-0.08437380307516787,0.48479029928574974,-0.23206555473414242,0.9476739453792209,-0.19635130505437673,-0.09749787976545642,0,nan,nan,nan,nan,nan,nan,nan,nan
9.159859895706177,1789121621.6075664,r18_z20_w-40,0,-0.6981317007977318,-1.2709380307605356,1.2485804488902446,0.02235758187029102,0.0,-0.6979612708091736,-1.2762720584869385,1.2593982219696045,0.02147573232650757,0.0015339808305725455,0.13746903051124834,-0.1153102936900414,0.1979489514607685,0.0013284273356441478,0.0014077407008738513,-0.34194070652862374,0.9397195362264417,0.08546092962862734,-0.07989548413683217,0.23308193794723303,0.01479606865706657,-0.021965439335486534,0.9046913899540564,-0.4252435593516873,0.13788799976141602,-0.11570176974357704,0.2,0.0,0.023778109307366666,-0.08437380307516787,0.48479029928574974,-0.23206555473414242,0.9476739453792209,-0.19635130505437673,-0.09749787976545642,0,nan,nan,nan,nan,nan,nan,nan,nan
9.169987678527832,1789121621.6075664,r18_z20_w-40,0,-0.6981317007977318,-1.2709380307605356,1.2485804488902446,0.02235758187029102,0.0,-0.6979612708091736,-1.2762720584869385,1.2593982219696045,0.02147573232650757,0.0015339808305725455,0.13746903051124834,-0.1153102936900414,0.1979489514607685,0.0013284273356441478,0.0014077407008738513,-0.34194070652862374,0.9397195362264417,0.08546092962862734,-0.07989548413683217,0.23308193794723303,0.01479606865706657,-0.021965439335486534,0.9046913899540564,-0.4252435593516873,0.13788799976141602,-0.11570176974357704,0.2,0.0,0.023778109307366666,-0.08437380307516787,0.48479029928574974,-0.23206555473414242,0.9476739453792209,-0.19635130505437673,-0.09749787976545642,0,nan,nan,nan,nan,nan,nan,nan,nan
9.174851655960083,1789121621.6075664,r18_z20_w-40,0,-0.6981317007977318,-1.2709380307605356,1.2485804488902446,0.02235758187029102,0.0,-0.6979612708091736,-1.2762720584869385,1.2593982219696045,0.02147573232650757,0.0015339808305725455,0.13746903051124834,-0.1153102936900414,0.1979489514607685,0.0013284273356441478,0.0014077407008738513,-0.34194070652862374,0.9397195362264417,0.08546092962862734,-0.07989548413683217,0.23308193794723303,0.01479606865706657,-0.021965439335486534,0.9046913899540564,-0.4252435593516873,0.13788799976141602,-0.11570176974357704,0.2,0.0,0.023778109307366666,-0.08437380307516787,0.48479029928574974,-0.23206555473414242,0.9476739453792209,-0.19635130505437673,-0.09749787976545642,0,nan,nan,nan,nan,nan,nan,nan,nan
9.175578832626343,1789121621.6409237,r18_z20_w-40,0,-0.6981317007977318,-1.2709380307605356,1.2485804488902446,0.02235758187029102,0.0,-0.6979612708091736,-1.277806043624878,1.2593982219696045,0.02147573232650757,0.0015339808305725455,0.1375300189462606,-0.115361451353166,0.19779583433164322,0.0014742939154331579,0.001808614024203318,-0.34194072365677775,0.9397186264397666,0.08543128804837596,-0.07989079499790679,0.23304277085030506,0.015312086776009001,-0.021998843791529908,0.90460107233351,-0.4254156682627752,0.13788799976141602,-0.11570176974357704,0.2,0.0,0.023780173212494163,-0.08438221925951074,0.4848388748034737,-0.2319574308149837,0.9478098709034763,-0.19602685851828194,-0.09708588799151519,0,nan,nan,nan,nan,nan,nan,nan,nan
9.179967164993286,1789121621.6409237,r18_z20_w-40,0,-0.6981317007977318,-1.2709380307605356,1.2485804488902446,0.02235758187029102,0.0,-0.6979612708091736,-1.277806043624878,1.2593982219696045,0.02147573232650757,0.0015339808305725455,0.1375300189462606,-0.115361451353166,0.19779583433164322,0.0014742939154331579,0.001808614024203318,-0.34194072365677775,0.9397186264397666,0.08543128804837596,-0.07989079499790679,0.23304277085030506,0.015312086776009001,-0.021998843791529908,0.90460107233351,-0.4254156682627752,0.13788799976141602,-0.11570176974357704,0.2,0.0,0.023780173212494163,-0.08438221925951074,0.4848388748034737,-0.2319574308149837,0.9478098709034763,-0.19602685851828194,-0.09708588799151519,0,nan,nan,nan,nan,nan,nan,nan,nan
9.18990683555603,1789121621.6409237,r18_z20_w-40,0,-0.6981317007977318,-1.2709380307605356,1.2485804488902446,0.02235758187029102,0.0,-0.6979612708091736,-1.277806043624878,1.2593982219696045,0.02147573232650757,0.0015339808305725455,0.1375300189462606,-0.115361451353166,0.19779583433164322,0.0014742939154331579,0.001808614024203318,-0.34194072365677775,0.9397186264397666,0.08543128804837596,-0.07989079499790679,0.23304277085030506,0.015312086776009001,-0.021998843791529908,0.90460107233351,-0.4254156682627752,0.13788799976141602,-0.11570176974357704,0.2,0.0,0.023780173212494163,-0.08438221925951074,0.4848388748034737,-0.2319574308149837,0.9478098709034763,-0.19602685851828194,-0.09708588799151519,0,nan,nan,nan,nan,nan,nan,nan,nan
9.200000047683716,1789121621.6409237,r18_z20_w-40,0,-0.6981317007977318,-1.2709380307605356,1.2485804488902446,0.02235758187029102,0.0,-0.6979612708091736,-1.277806043624878,1.2593982219696045,0.02147573232650757,0.0015339808305725455,0.1375300189462606,-0.115361451353166,0.19779583433164322,0.0014742939154331579,0.001808614024203318,-0.34194072365677775,0.9397186264397666,0.08543128804837596,-0.07989079499790679,0.23304277085030506,0.015312086776009001,-0.021998843791529908,0.90460107233351,-0.4254156682627752,0.13788799976141602,-0.11570176974357704,0.2,0.0,0.023780173212494163,-0.08438221925951074,0.4848388748034737,-0.2319574308149837,0.9478098709034763,-0.19602685851828194,-0.09708588799151519,0,nan,nan,nan,nan,nan,nan,nan,nan
9.201438903808594,1789121621.6409237,r18_z20_w-40,0,-0.6981317007977318,-1.2709380307605356,1.2485804488902446,0.02235758187029102,0.0,-0.6979612708091736,-1.277806043624878,1.2593982219696045,0.02147573232650757,0.0015339808305725455,0.1375300189462606,-0.115361451353166,0.19779583433164322,0.0014742939154331579,0.001808614024203318,-0.34194072365677775,0.9397186264397666,0.08543128804837596,-0.07989079499790679,0.23304277085030506,0.015312086776009001,-0.021998843791529908,0.90460107233351,-0.4254156682627752,0.13788799976141602,-0.11570176974357704,0.2,0.0,0.023780173212494163,-0.08438221925951074,0.4848388748034737,-0.2319574308149837,0.9478098709034763,-0.19602685851828194,-0.09708588799151519,0,nan,nan,nan,nan,nan,nan,nan,nan
9.208318710327148,1789121621.6409237,r18_z20_w-40,0,-0.6981317007977318,-1.2709380307605356,1.2485804488902446,0.02235758187029102,0.0,-0.6979612708091736,-1.277806043624878,1.2593982219696045,0.02147573232650757,0.0015339808305725455,0.1375300189462606,-0.115361451353166,0.19779583433164322,0.0014742939154331579,0.001808614024203318,-0.34194072365677775,0.9397186264397666,0.08543128804837596,-0.07989079499790679,0.23304277085030506,0.015312086776009001,-0.021998843791529908,0.90460107233351,-0.4254156682627752,0.13788799976141602,-0.11570176974357704,0.2,0.0,0.023780173212494163,-0.08438221925951074,0.4848388748034737,-0.2319574308149837,0.9478098709034763,-0.19602685851828194,-0.09708588799151519,0,nan,nan,nan,nan,nan,nan,nan,nan
9.209279537200928,1789121621.6742814,r18_z20_w-40,0,-0.6981317007977318,-1.2709380307605356,1.2485804488902446,0.02235758187029102,0.0,-0.6979612708091736,-1.2762720584869385,1.2593982219696045,0.02147573232650757,0.0015339808305725455,0.13749687735625446,-0.1153336518810758,0.19787907896637197,0.0013949992182968661,0.0015906947709007308,-0.3419407220647255,0.9397191422234523,0.0854664995698613,-0.07989852849175565,0.23309172814066692,0.014851549691374075,-0.021933679483646405,0.9047170160407468,-0.4251887416929104,0.13788799976141602,-0.11570176974357704,0.2,0.0,0.023775418320052814,-0.08437291566599808,0.4847789806585377,-0.23213715264915516,0.9476646077560036,-0.196335462827909,-0.09745008775138929,0,nan,nan,nan,nan,nan,nan,nan,nan
9.210216045379639,1789121621.6742814,r18_z20_w-40,0,-0.6981317007977318,-1.2709380307605356,1.2485804488902446,0.02235758187029102,0.0,-0.6979612708091736,-1.2762720584869385,1.2593982219696045,0.02147573232650757,0.0015339808305725455,0.13749687735625446,-0.1153336518810758,0.19787907896637197,0.0013949992182968661,0.0015906947709007308,-0.3419407220647255,0.9397191422234523,0.0854664995698613,-0.07989852849175565,0.23309172814066692,0.014851549691374075,-0.021933679483646405,0.9047170160407468,-0.4251887416929104,0.13788799976141602,-0.11570176974357704,0.2,0.0,0.023775418320052814,-0.08437291566599808,0.4847789806585377,-0.23213715264915516,0.9476646077560036,-0.196335462827909,-0.09745008775138929,0,nan,nan,nan,nan,nan,nan,nan,nan
9.21989917755127,1789121621.6742814,r18_z20_w-40,0,-0.6981317007977318,-1.2709380307605356,1.2485804488902446,0.02235758187029102,0.0,-0.6979612708091736,-1.2762720584869385,1.2593982219696045,0.02147573232650757,0.0015339808305725455,0.13749687735625446,-0.1153336518810758,0.19787907896637197,0.0013949992182968661,0.0015906947709007308,-0.3419407220647255,0.9397191422234523,0.0854664995698613,-0.07989852849175565,0.23309172814066692,0.014851549691374075,-0.021933679483646405,0.9047170160407468,-0.4251887416929104,0.13788799976141602,-0.11570176974357704,0.2,0.0,0.023775418320052814,-0.08437291566599808,0.4847789806585377,-0.23213715264915516,0.9476646077560036,-0.196335462827909,-0.09745008775138929,0,nan,nan,nan,nan,nan,nan,nan,nan
9.22983694076538,1789121621.6742814,r18_z20_w-40,0,-0.6981317007977318,-1.2709380307605356,1.2485804488902446,0.02235758187029102,0.0,-0.6979612708091736,-1.2762720584869385,1.2593982219696045,0.02147573232650757,0.0015339808305725455,0.13749687735625446,-0.1153336518810758,0.19787907896637197,0.0013949992182968661,0.0015906947709007308,-0.3419407220647255,0.9397191422234523,0.0854664995698613,-0.07989852849175565,0.23309172814066692,0.014851549691374075,-0.021933679483646405,0.9047170160407468,-0.4251887416929104,0.13788799976141602,-0.11570176974357704,0.2,0.0,0.023775418320052814,-0.08437291566599808,0.4847789806585377,-0.23213715264915516,0.9476646077560036,-0.196335462827909,-0.09745008775138929,0,nan,nan,nan,nan,nan,nan,nan,nan
9.239996671676636,1789121621.6742814,r18_z20_w-40,0,-0.6981317007977318,-1.2709380307605356,1.2485804488902446,0.02235758187029102,0.0,-0.6979612708091736,-1.2762720584869385,1.2593982219696045,0.02147573232650757,0.0015339808305725455,0.13749687735625446,-0.1153336518810758,0.19787907896637197,0.0013949992182968661,0.0015906947709007308,-0.3419407220647255,0.9397191422234523,0.0854664995698613,-0.07989852849175565,0.23309172814066692,0.014851549691374075,-0.021933679483646405,0.9047170160407468,-0.4251887416929104,0.13788799976141602,-0.11570176974357704,0.2,0.0,0.023775418320052814,-0.08437291566599808,0.4847789806585377,-0.23213715264915516,0.9476646077560036,-0.196335462827909,-0.09745008775138929,0,nan,nan,nan,nan,nan,nan,nan,nan
9.241405487060547,1789121621.6742814,r18_z20_w-40,0,-0.6981317007977318,-1.2709380307605356,1.2485804488902446,0.02235758187029102,0.0,-0.6979612708091736,-1.2762720584869385,1.2593982219696045,0.02147573232650757,0.0015339808305725455,0.13749687735625446,-0.1153336518810758,0.19787907896637197,0.0013949992182968661,0.0015906947709007308,-0.3419407220647255,0.9397191422234523,0.0854664995698613,-0.07989852849175565,0.23309172814066692,0.014851549691374075,-0.021933679483646405,0.9047170160407468,-0.4251887416929104,0.13788799976141602,-0.11570176974357704,0.2,0.0,0.023775418320052814,-0.08437291566599808,0.4847789806585377,-0.23213715264915516,0.9476646077560036,-0.196335462827909,-0.09745008775138929,0,nan,nan,nan,nan,nan,nan,nan,nan
9.242257595062256,1789121621.7076387,r18_z20_w-40,0,-0.6981317007977318,-1.2709380307605356,1.2485804488902446,0.02235758187029102,0.0,-0.6979612708091736,-1.277806043624878,1.2593982219696045,0.02147573232650757,0.0015339808305725455,0.13743587722798667,-0.11528248440954036,0.19803205216790684,0.0012492344762318924,0.0011901015415491697,-0.341940671167466,0.9397199585371628,0.08547625478911569,-0.07989715990387937,0.23310225235013848,0.014918433030695712,-0.021954368077266685,0.9046575564313885,-0.4253118287443059,0.13788799976141602,-0.11570176974357704,0.2,0.0,0.023777770827608045,-0.08436963055119708,0.4847651433882352,-0.23201507205484503,0.9477105907899359,-0.19629163567088265,-0.09738190904693328,0,nan,nan,nan,nan,nan,nan,nan,nan
9.249849319458008,1789121621.7076387,r18_z20_w-40,0,-0.6981317007977318,-1.2709380307605356,1.2485804488902446,0.02235758187029102,0.0,-0.6979612708091736,-1.277806043624878,1.2593982219696045,0.02147573232650757,0.0015339808305725455,0.13743587722798667,-0.11528248440954036,0.19803205216790684,0.0012492344762318924,0.0011901015415491697,-0.341940671167466,0.9397199585371628,0.08547625478911569,-0.07989715990387937,0.23310225235013848,0.014918433030695712,-0.021954368077266685,0.9046575564313885,-0.4253118287443059,0.13788799976141602,-0.11570176974357704,0.2,0.0,0.023777770827608045,-0.08436963055119708,0.4847651433882352,-0.23201507205484503,0.9477105907899359,-0.19629163567088265,-0.09738190904693328,0,nan,nan,nan,nan,nan,nan,nan,nan
9.25993013381958,1789121621.7076387,r18_z20_w-40,0,-0.6981317007977318,-1.2709380307605356,1.2485804488902446,0.02235758187029102,0.0,-0.6979612708091736,-1.277806043624878,1.2593982219696045,0.02147573232650757,0.0015339808305725455,0.13743587722798667,-0.11528248440954036,0.19803205216790684,0.0012492344762318924,0.0011901015415491697,-0.341940671167466,0.9397199585371628,0.08547625478911569,-0.07989715990387937,0.23310225235013848,0.014918433030695712,-0.021954368077266685,0.9046575564313885,-0.4253118287443059,0.13788799976141602,-0.11570176974357704,0.2,0.0,0.023777770827608045,-0.08436963055119708,0.4847651433882352,-0.23201507205484503,0.9477105907899359,-0.19629163567088265,-0.09738190904693328,0,nan,nan,nan,nan,nan,nan,nan,nan
9.26106309890747,1789121621.7076387,r18_z20_w-40,0,-0.6981317007977318,-1.2709380307605356,1.2485804488902446,0.02235758187029102,0.0,-0.6979612708091736,-1.277806043624878,1.2593982219696045,0.02147573232650757,0.0015339808305725455,0.13743587722798667,-0.11528248440954036,0.19803205216790684,0.0012492344762318924,0.0011901015415491697,-0.341940671167466,0.9397199585371628,0.08547625478911569,-0.07989715990387937,0.23310225235013848,0.014918433030695712,-0.021954368077266685,0.9046575564313885,-0.4253118287443059,0.13788799976141602,-0.11570176974357704,0.2,0.0,0.023777770827608045,-0.08436963055119708,0.4847651433882352,-0.23201507205484503,0.9477105907899359,-0.19629163567088265,-0.09738190904693328,0,nan,nan,nan,nan,nan,nan,nan,nan
9.26991319656372,1789121621.7076387,r18_z20_w-40,0,-0.6981317007977318,-1.2709380307605356,1.2485804488902446,0.02235758187029102,0.0,-0.6979612708091736,-1.277806043624878,1.2593982219696045,0.02147573232650757,0.0015339808305725455,0.13743587722798667,-0.11528248440954036,0.19803205216790684,0.0012492344762318924,0.0011901015415491697,-0.341940671167466,0.9397199585371628,0.08547625478911569,-0.07989715990387937,0.23310225235013848,0.014918433030695712,-0.021954368077266685,0.9046575564313885,-0.4253118287443059,0.13788799976141602,-0.11570176974357704,0.2,0.0,0.023777770827608045,-0.08436963055119708,0.4847651433882352,-0.23201507205484503,0.9477105907899359,-0.19629163567088265,-0.09738190904693328,0,nan,nan,nan,nan,nan,nan,nan,nan
9.274928331375122,1789121621.7076387,r18_z20_w-40,0,-0.6981317007977318,-1.2709380307605356,1.2485804488902446,0.02235758187029102,0.0,-0.6979612708091736,-1.277806043624878,1.2593982219696045,0.02147573232650757,0.0015339808305725455,0.13743587722798667,-0.11528248440954036,0.19803205216790684,0.0012492344762318924,0.0011901015415491697,-0.341940671167466,0.9397199585371628,0.08547625478911569,-0.07989715990387937,0.23310225235013848,0.014918433030695712,-0.021954368077266685,0.9046575564313885,-0.4253118287443059,0.13788799976141602,-0.11570176974357704,0.2,0.0,0.023777770827608045,-0.08436963055119708,0.4847651433882352,-0.23201507205484503,0.9477105907899359,-0.19629163567088265,-0.09738190904693328,0,nan,nan,nan,nan,nan,nan,nan,nan
9.27559232711792,1789121621.7409961,r18_z20_w-40,0,-0.6981317007977318,-1.2709380307605356,1.2485804488902446,0.02235758187029102,0.0,-0.6979612708091736,-1.2762720584869385,1.2593982219696045,0.02147573232650757,0.0015339808305725455,0.13749356912323832,-0.11533087690463734,0.19788738336804867,0.0013870878056120872,0.0015689524768718018,-0.34194072089703087,0.939719190911819,0.08547482280342378,-0.07989402544597396,0.2331022112346453,0.014770001239126923,-0.02218318293910658,0.9047252148258562,-0.4251611919218343,0.13788799976141602,-0.11570176974357704,0.2,0.0,0.02378057978655367,-0.08437147236221093,0.48476591447947315,-0.23210476469620683,0.9476792125724582,-0.19619386964621574,-0.09767012735021689,0,nan,nan,nan,nan,nan,nan,nan,nan
9.27994179725647,1789121621.7409961,r18_z20_w-40,0,-0.6981317007977318,-1.2709380307605356,1.2485804488902446,0.02235758187029102,0.0,-0.6979612708091736,-1.2762720584869385,1.2593982219696045,0.02147573232650757,0.0015339808305725455,0.13749356912323832,-0.11533087690463734,0.19788738336804867,0.0013870878056120872,0.0015689524768718018,-0.34194072089703087,0.939719190911819,0.08547482280342378,-0.07989402544597396,0.2331022112346453,0.014770001239126923,-0.02218318293910658,0.9047252148258562,-0.4251611919218343,0.13788799976141602,-0.11570176974357704,0.2,0.0,0.02378057978655367,-0.08437147236221093,0.48476591447947315,-0.23210476469620683,0.9476792125724582,-0.19619386964621574,-0.09767012735021689,0,nan,nan,nan,nan,nan,nan,nan,nan
9.289859771728516,1789121621.7409961,r18_z20_w-40,0,-0.6981317007977318,-1.2709380307605356,1.2485804488902446,0.02235758187029102,0.0,-0.6979612708091736,-1.2762720584869385,1.2593982219696045,0.02147573232650757,0.0015339808305725455,0.13749356912323832,-0.11533087690463734,0.19788738336804867,0.0013870878056120872,0.0015689524768718018,-0.34194072089703087,0.939719190911819,0.08547482280342378,-0.07989402544597396,0.2331022112346453,0.014770001239126923,-0.02218318293910658,0.9047252148258562,-0.4251611919218343,0.13788799976141602,-0.11570176974357704,0.2,0.0,0.02378057978655367,-0.08437147236221093,0.48476591447947315,-0.23210476469620683,0.9476792125724582,-0.19619386964621574,-0.09767012735021689,0,nan,nan,nan,nan,nan,nan,nan,nan
9.299821853637695,1789121621.7409961,r18_z20_w-40,0,-0.6981317007977318,-1.2709380307605356,1.2485804488902446,0.02235758187029102,0.0,-0.6979612708091736,-1.2762720584869385,1.2593982219696045,0.02147573232650757,0.0015339808305725455,0.13749356912323832,-0.11533087690463734,0.19788738336804867,0.0013870878056120872,0.0015689524768718018,-0.34194072089703087,0.939719190911819,0.08547482280342378,-0.07989402544597396,0.2331022112346453,0.014770001239126923,-0.02218318293910658,0.9047252148258562,-0.4251611919218343,0.13788799976141602,-0.11570176974357704,0.2,0.0,0.02378057978655367,-0.08437147236221093,0.48476591447947315,-0.23210476469620683,0.9476792125724582,-0.19619386964621574,-0.09767012735021689,0,nan,nan,nan,nan,nan,nan,nan,nan
9.308894395828247,1789121621.7409961,r18_z20_w-40,0,-0.6981317007977318,-1.2709380307605356,1.2485804488902446,0.02235758187029102,0.0,-0.6979612708091736,-1.2762720584869385,1.2593982219696045,0.02147573232650757,0.0015339808305725455,0.13749356912323832,-0.11533087690463734,0.19788738336804867,0.0013870878056120872,0.0015689524768718018,-0.34194072089703087,0.939719190911819,0.08547482280342378,-0.07989402544597396,0.2331022112346453,0.014770001239126923,-0.02218318293910658,0.9047252148258562,-0.4251611919218343,0.13788799976141602,-0.11570176974357704,0.2,0.0,0.02378057978655367,-0.08437147236221093,0.48476591447947315,-0.23210476469620683,0.9476792125724582,-0.19619386964621574,-0.09767012735021689,0,nan,nan,nan,nan,nan,nan,nan,nan
9.309610843658447,1789121621.7743537,r18_z20_w-40,0,-0.6981317007977318,-1.2709380307605356,1.2485804488902446,0.02235758187029102,0.0,-0.6979612708091736,-1.277806043624878,1.2593982219696045,0.02147573232650757,0.0015339808305725455,0.13754390591177065,-0.11537309986822042,0.1977609251474106,0.0015075409594221816,0.0018999842432498796,-0.341940718852959,0.9397183951431688,0.08544333594763803,-0.07989237984727426,0.23305751221344906,0.015172691620114306,-0.021916831745157385,0.9047297761856744,-0.4251511190133163,0.13788799976141602,-0.11570176974357704,0.2,0.0,0.02377973794789106,-0.0843783171857321,0.4848201783926834,-0.2322278535993392,0.9477064874070033,-0.19614680361628398,-0.09720632268756248,0,nan,nan,nan,nan,nan,nan,nan,nan
9.371627569198608,1789121621.7743537,r18_z20_w-40,0,-0.6981317007977318,-1.2709380307605356,1.2485804488902446,0.02235758187029102,0.0,-0.6979612708091736,-1.277806043624878,1.2593982219696045,0.02147573232650757,0.0015339808305725455,0.13753332550711117,-0.11536422492697648,0.19778752377343908,0.0014822090865737388,0.001830366660533953,-0.3419407228063198,0.9397185721804179,0.08544333594763803,-0.07989237984727426,0.23305751221344906,0.015172691620114306,-0.021916831745157385,0.9047297761856744,-0.4251511190133163,0.13788799976141602,-0.11570176974357704,0.2,0.0,0.02377973794789106,-0.0843783171857321,0.4848201783926834,-0.2322278535993392,0.9477064874070033,-0.19614680361628398,-0.09720632268756248,0,nan,nan,nan,nan,nan,nan,nan,nan
9.372184753417969,1789121621.7743537,r18_z20_w-40,0,-0.6981317007977318,-1.2709380307605356,1.2485804488902446,0.02235758187029102,0.0,-0.6979612708091736,-1.277806043624878,1.2593982219696045,0.02147573232650757,0.0015339808305725455,0.13753332550711117,-0.11536422492697648,0.19778752377343908,0.0014822090865737388,0.001830366660533953,-0.3419407228063198,0.9397185721804179,0.08544333594763803,-0.07989237984727426,0.23305751221344906,0.015172691620114306,-0.021916831745157385,0.9047297761856744,-0.4251511190133163,0.13788799976141602,-0.11570176974357704,0.2,0.0,0.02377973794789106,-0.0843783171857321,0.4848201783926834,-0.2322278535993392,0.9477064874070033,-0.19614680361628398,-0.09720632268756248,0,nan,nan,nan,nan,nan,nan,nan,nan
9.372677087783813,1789121621.8077111,r18_z20_w-40,0,-0.6981317007977318,-1.2709380307605356,1.2485804488902446,0.02235758187029102,0.0,-0.6979612708091736,-1.2762720584869385,1.260932207107544,0.02147573232650757,0.0015339808305725455,0.1374723450766904,-0.11531307397817725,0.19794063813275287,0.0013363486711862828,0.0014295102561734802,-0.3419407090566058,0.939719491211352,0.0854886361553735,-0.07989884924202226,0.23311127405955934,0.0151234419027532,-0.02178447167731251,0.9046106715053778,-0.4254130361158954,0.13788799976141602,-0.11570176974357704,0.2,0.0,0.023777727210226435,-0.08436277297818058,0.48475134066660164,-0.23197374670029938,0.9477470215204701,-0.1963048104217533,-0.0970988436912737,0,nan,nan,nan,nan,nan,nan,nan,nan
9.373218536376953,1789121621.8077111,r18_z20_w-40,0,-0.6981317007977318,-1.2709380307605356,1.2485804488902446,0.02235758187029102,0.0,-0.6979612708091736,-1.2762720584869385,1.260932207107544,0.02147573232650757,0.0015339808305725455,0.1374723450766904,-0.11531307397817725,0.19794063813275287,0.0013363486711862828,0.0014295102561734802,-0.3419407090566058,0.939719491211352,0.0854886361553735,-0.07989884924202226,0.23311127405955934,0.0151234419027532,-0.02178447167731251,0.9046106715053778,-0.4254130361158954,0.13788799976141602,-0.11570176974357704,0.2,0.0,0.023777727210226435,-0.08436277297818058,0.48475134066660164,-0.23197374670029938,0.9477470215204701,-0.1963048104217533,-0.0970988436912737,0,nan,nan,nan,nan,nan,nan,nan,nan
9.373603343963623,1789121621.8077111,r18_z20_w-40,0,-0.6981317007977318,-1.2709380307605356,1.2485804488902446,0.02235758187029102,0.0,-0.6979612708091736,-1.2762720584869385,1.260932207107544,0.02147573232650757,0.0015339808305725455,0.1374723450766904,-0.11531307397817725,0.19794063813275287,0.0013363486711862828,0.0014295102561734802,-0.3419407090566058,0.939719491211352,0.0854886361553735,-0.07989884924202226,0.23311127405955934,0.0151234419027532,-0.02178447167731251,0.9046106715053778,-0.4254130361158954,0.13788799976141602,-0.11570176974357704,0.2,0.0,0.023777727210226435,-0.08436277297818058,0.48475134066660164,-0.23197374670029938,0.9477470215204701,-0.1963048104217533,-0.0970988436912737,0,nan,nan,nan,nan,nan,nan,nan,nan
9.374138116836548,1789121621.8077111,r18_z20_w-40,0,-0.6981317007977318,-1.2709380307605356,1.2485804488902446,0.02235758187029102,0.0,-0.6979612708091736,-1.2762720584869385,1.260932207107544,0.02147573232650757,0.0015339808305725455,0.1374723450766904,-0.11531307397817725,0.19794063813275287,0.0013363486711862828,0.0014295102561734802,-0.3419407090566058,0.939719491211352,0.0854886361553735,-0.07989884924202226,0.23311127405955934,0.0151234419027532,-0.02178447167731251,0.9046106715053778,-0.4254130361158954,0.13788799976141602,-0.11570176974357704,0.2,0.0,0.023777727210226435,-0.08436277297818058,0.48475134066660164,-0.23197374670029938,0.9477470215204701,-0.1963048104217533,-0.0970988436912737,0,nan,nan,nan,nan,nan,nan,nan,nan
9.374644756317139,1789121621.8077111,r18_z20_w-40,0,-0.6981317007977318,-1.2709380307605356,1.2485804488902446,0.02235758187029102,0.0,-0.6979612708091736,-1.2762720584869385,1.260932207107544,0.02147573232650757,0.0015339808305725455,0.1374723450766904,-0.11531307397817725,0.19794063813275287,0.0013363486711862828,0.0014295102561734802,-0.3419407090566058,0.939719491211352,0.0854886361553735,-0.07989884924202226,0.23311127405955934,0.0151234419027532,-0.02178447167731251,0.9046106715053778,-0.4254130361158954,0.13788799976141602,-0.11570176974357704,0.2,0.0,0.023777727210226435,-0.08436277297818058,0.48475134066660164,-0.23197374670029938,0.9477470215204701,-0.1963048104217533,-0.0970988436912737,0,nan,nan,nan,nan,nan,nan,nan,nan
9.375162839889526,1789121621.8077111,r18_z20_w-40,0,-0.6981317007977318,-1.2709380307605356,1.2485804488902446,0.02235758187029102,0.0,-0.6979612708091736,-1.2762720584869385,1.260932207107544,0.02147573232650757,0.0015339808305725455,0.1374723450766904,-0.11531307397817725,0.19794063813275287,0.0013363486711862828,0.0014295102561734802,-0.3419407090566058,0.939719491211352,0.0854886361553735,-0.07989884924202226,0.23311127405955934,0.0151234419027532,-0.02178447167731251,0.9046106715053778,-0.4254130361158954,0.13788799976141602,-0.11570176974357704,0.2,0.0,0.023777727210226435,-0.08436277297818058,0.48475134066660164,-0.23197374670029938,0.9477470215204701,-0.1963048104217533,-0.0970988436912737,0,nan,nan,nan,nan,nan,nan,nan,nan
9.375578165054321,1789121621.8077111,r18_z20_w-40,0,-0.6981317007977318,-1.2709380307605356,1.2485804488902446,0.02235758187029102,0.0,-0.6979612708091736,-1.2762720584869385,1.260932207107544,0.02147573232650757,0.0015339808305725455,0.1374723450766904,-0.11531307397817725,0.19794063813275287,0.0013363486711862828,0.0014295102561734802,-0.3419407090566058,0.939719491211352,0.0854886361553735,-0.07989884924202226,0.23311127405955934,0.0151234419027532,-0.02178447167731251,0.9046106715053778,-0.4254130361158954,0.13788799976141602,-0.11570176974357704,0.2,0.0,0.023777727210226435,-0.08436277297818058,0.48475134066660164,-0.23197374670029938,0.9477470215204701,-0.1963048104217533,-0.0970988436912737,0,nan,nan,nan,nan,nan,nan,nan,nan
9.376062154769897,1789121621.8410685,r18_z20_w-40,0,-0.6981317007977318,-1.2709380307605356,1.2485804488902446,0.02235758187029102,0.0,-0.6979612708091736,-1.2762720584869385,1.2593982219696045,0.02147573232650757,0.0015339808305725455,0.13743421973792172,-0.11528109409155043,0.19803620430178173,0.0012452770953193526,0.001179225803365664,-0.34194066891925123,0.9397199783182837,0.08540490230284276,-0.07988545876519079,0.23300940157540684,0.015184117241131473,-0.022036512569980713,0.9047120696069244,-0.4251822030670101,0.13788799976141602,-0.11570176974357704,0.2,0.0,0.02378303603876898,-0.08439063438540431,0.484880817399198,-0.23217382585821025,0.9477334486014904,-0.19605247393943495,-0.09726280095964096,0,nan,nan,nan,nan,nan,nan,nan,nan
9.43805456161499,1789121621.8410685,r18_z20_w-40,0,-0.6981317007977318,-1.2709380307605356,1.2485804488902446,0.02235758187029102,0.0,-0.6979612708091736,-1.2762720584869385,1.2593982219696045,0.02147573232650757,0.0015339808305725455,0.13743421973792172,-0.11528109409155043,0.19803620430178173,0.0012452770953193526,0.001179225803365664,-0.34194066891925123,0.9397199783182837,0.08540490230284276,-0.07988545876519079,0.23300940157540684,0.015184117241131473,-0.022036512569980713,0.9047120696069244,-0.4251822030670101,0.13788799976141602,-0.11570176974357704,0.2,0.0,0.02378303603876898,-0.08439063438540431,0.484880817399198,-0.23217382585821025,0.9477334486014904,-0.19605247393943495,-0.09726280095964096,0,nan,nan,nan,nan,nan,nan,nan,nan
9.438619136810303,1789121621.8410685,r18_z20_w-40,0,-0.6981317007977318,-1.2709380307605356,1.2485804488902446,0.02235758187029102,0.0,-0.6979612708091736,-1.2762720584869385,1.2593982219696045,0.02147573232650757,0.0015339808305725455,0.13743421973792172,-0.11528109409155043,0.19803620430178173,0.0012452770953193526,0.001179225803365664,-0.34194066891925123,0.9397199783182837,0.08540490230284276,-0.07988545876519079,0.23300940157540684,0.015184117241131473,-0.022036512569980713,0.9047120696069244,-0.4251822030670101,0.13788799976141602,-0.11570176974357704,0.2,0.0,0.02378303603876898,-0.08439063438540431,0.484880817399198,-0.23217382585821025,0.9477334486014904,-0.19605247393943495,-0.09726280095964096,0,nan,nan,nan,nan,nan,nan,nan,nan
9.439106225967407,1789121621.8744261,r18_z20_w-40,0,-0.6981317007977318,-1.2709380307605356,1.2485804488902446,0.02235758187029102,0.0,-0.6979612708091736,-1.2762720584869385,1.2593982219696045,0.02147573232650757,0.0015339808305725455,0.13743421973792172,-0.11528109409155043,0.19803620430178173,0.0012452770953193526,0.001179225803365664,-0.34194066891925123,0.9397199783182837,0.08556746238386809,-0.07991352544464572,0.2332174127433873,0.01490540369642048,-0.02150805180484575,0.9046319088310684,-0.4253896357139706,0.13788799976141602,-0.11570176974357704,0.2,0.0,0.023769927203549385,-0.08434086936010965,0.4846203682388235,-0.23201931589475172,0.9476649574664067,-0.19664558852539735,-0.09710137978126328,0,nan,nan,nan,nan,nan,nan,nan,nan
9.43964672088623,1789121621.8744261,r18_z20_w-40,0,-0.6981317007977318,-1.2709380307605356,1.2485804488902446,0.02235758187029102,0.0,-0.6979612708091736,-1.2762720584869385,1.2593982219696045,0.02147573232650757,0.0015339808305725455,0.13743421973792172,-0.11528109409155043,0.19803620430178173,0.0012452770953193526,0.001179225803365664,-0.34194066891925123,0.9397199783182837,0.08556746238386809,-0.07991352544464572,0.2332174127433873,0.01490540369642048,-0.02150805180484575,0.9046319088310684,-0.4253896357139706,0.13788799976141602,-0.11570176974357704,0.2,0.0,0.023769927203549385,-0.08434086936010965,0.4846203682388235,-0.23201931589475172,0.9476649574664067,-0.19664558852539735,-0.09710137978126328,0,nan,nan,nan,nan,nan,nan,nan,nan
9.440195798873901,1789121621.8744261,r18_z20_w-40,0,-0.6981317007977318,-1.2709380307605356,1.2485804488902446,0.02235758187029102,0.0,-0.6979612708091736,-1.2762720584869385,1.2593982219696045,0.02147573232650757,0.0015339808305725455,0.13743421973792172,-0.11528109409155043,0.19803620430178173,0.0012452770953193526,0.001179225803365664,-0.34194066891925123,0.9397199783182837,0.08556746238386809,-0.07991352544464572,0.2332174127433873,0.01490540369642048,-0.02150805180484575,0.9046319088310684,-0.4253896357139706,0.13788799976141602,-0.11570176974357704,0.2,0.0,0.023769927203549385,-0.08434086936010965,0.4846203682388235,-0.23201931589475172,0.9476649574664067,-0.19664558852539735,-0.09710137978126328,0,nan,nan,nan,nan,nan,nan,nan,nan
9.440974950790405,1789121621.8744261,r18_z20_w-40,0,-0.6981317007977318,-1.2709380307605356,1.2485804488902446,0.02235758187029102,0.0,-0.6979612708091736,-1.2762720584869385,1.2593982219696045,0.02147573232650757,0.0015339808305725455,0.13743421973792172,-0.11528109409155043,0.19803620430178173,0.0012452770953193526,0.001179225803365664,-0.34194066891925123,0.9397199783182837,0.08556746238386809,-0.07991352544464572,0.2332174127433873,0.01490540369642048,-0.02150805180484575,0.9046319088310684,-0.4253896357139706,0.13788799976141602,-0.11570176974357704,0.2,0.0,0.023769927203549385,-0.08434086936010965,0.4846203682388235,-0.23201931589475172,0.9476649574664067,-0.19664558852539735,-0.09710137978126328,0,nan,nan,nan,nan,nan,nan,nan,nan
9.441356658935547,1789121621.8744261,r18_z20_w-40,0,-0.6981317007977318,-1.2709380307605356,1.2485804488902446,0.02235758187029102,0.0,-0.6979612708091736,-1.2762720584869385,1.2593982219696045,0.02147573232650757,0.0015339808305725455,0.13743421973792172,-0.11528109409155043,0.19803620430178173,0.0012452770953193526,0.001179225803365664,-0.34194066891925123,0.9397199783182837,0.08556746238386809,-0.07991352544464572,0.2332174127433873,0.01490540369642048,-0.02150805180484575,0.9046319088310684,-0.4253896357139706,0.13788799976141602,-0.11570176974357704,0.2,0.0,0.023769927203549385,-0.08434086936010965,0.4846203682388235,-0.23201931589475172,0.9476649574664067,-0.19664558852539735,-0.09710137978126328,0,nan,nan,nan,nan,nan,nan,nan,nan
9.44184684753418,1789121621.8744261,r18_z20_w-40,0,-0.6981317007977318,-1.2709380307605356,1.2485804488902446,0.02235758187029102,0.0,-0.6979612708091736,-1.2762720584869385,1.2593982219696045,0.02147573232650757,0.0015339808305725455,0.13743421973792172,-0.11528109409155043,0.19803620430178173,0.0012452770953193526,0.001179225803365664,-0.34194066891925123,0.9397199783182837,0.08556746238386809,-0.07991352544464572,0.2332174127433873,0.01490540369642048,-0.02150805180484575,0.9046319088310684,-0.4253896357139706,0.13788799976141602,-0.11570176974357704,0.2,0.0,0.023769927203549385,-0.08434086936010965,0.4846203682388235,-0.23201931589475172,0.9476649574664067,-0.19664558852539735,-0.09710137978126328,0,nan,nan,nan,nan,nan,nan,nan,nan
9.44241738319397,1789121621.8744261,r18_z20_w-40,0,-0.6981317007977318,-1.2709380307605356,1.2485804488902446,0.02235758187029102,0.0,-0.6979612708091736,-1.2762720584869385,1.2593982219696045,0.02147573232650757,0.0015339808305725455,0.13743421973792172,-0.11528109409155043,0.19803620430178173,0.0012452770953193526,0.001179225803365664,-0.34194066891925123,0.9397199783182837,0.08556746238386809,-0.07991352544464572,0.2332174127433873,0.01490540369642048,-0.02150805180484575,0.9046319088310684,-0.4253896357139706,0.13788799976141602,-0.11570176974357704,0.2,0.0,0.023769927203549385,-0.08434086936010965,0.4846203682388235,-0.23201931589475172,0.9476649574664067,-0.19664558852539735,-0.09710137978126328,0,nan,nan,nan,nan,nan,nan,nan,nan
9.442912578582764,1789121621.8744261,r18_z20_w-40,0,-0.6981317007977318,-1.2709380307605356,1.2485804488902446,0.02235758187029102,0.0,-0.6979612708091736,-1.2762720584869385,1.2593982219696045,0.02147573232650757,0.0015339808305725455,0.13743421973792172,-0.11528109409155043,0.19803620430178173,0.0012452770953193526,0.001179225803365664,-0.34194066891925123,0.9397199783182837,0.08556746238386809,-0.07991352544464572,0.2332174127433873,0.01490540369642048,-0.02150805180484575,0.9046319088310684,-0.4253896357139706,0.13788799976141602,-0.11570176974357704,0.2,0.0,0.023769927203549385,-0.08434086936010965,0.4846203682388235,-0.23201931589475172,0.9476649574664067,-0.19664558852539735,-0.09710137978126328,0,nan,nan,nan,nan,nan,nan,nan,nan
9.450064420700073,1789121621.8744261,r18_z20_w-40,0,-0.6981317007977318,-1.2709380307605356,1.2485804488902446,0.02235758187029102,0.0,-0.6979612708091736,-1.2762720584869385,1.2593982219696045,0.02147573232650757,0.0015339808305725455,0.13743421973792172,-0.11528109409155043,0.19803620430178173,0.0012452770953193526,0.001179225803365664,-0.34194066891925123,0.9397199783182837,0.08556746238386809,-0.07991352544464572,0.2332174127433873,0.01490540369642048,-0.02150805180484575,0.9046319088310684,-0.4253896357139706,0.13788799976141602,-0.11570176974357704,0.2,0.0,0.023769927203549385,-0.08434086936010965,0.4846203682388235,-0.23201931589475172,0.9476649574664067,-0.19664558852539735,-0.09710137978126328,0,nan,nan,nan,nan,nan,nan,nan,nan
9.451958179473877,1789121621.8744261,r18_z20_w-40,0,-0.6981317007977318,-1.2709380307605356,1.2485804488902446,0.02235758187029102,0.0,-0.6979612708091736,-1.2762720584869385,1.2593982219696045,0.02147573232650757,0.0015339808305725455,0.13743421973792172,-0.11528109409155043,0.19803620430178173,0.0012452770953193526,0.001179225803365664,-0.34194066891925123,0.9397199783182837,0.08556746238386809,-0.07991352544464572,0.2332174127433873,0.01490540369642048,-0.02150805180484575,0.9046319088310684,-0.4253896357139706,0.13788799976141602,-0.11570176974357704,0.2,0.0,0.023769927203549385,-0.08434086936010965,0.4846203682388235,-0.23201931589475172,0.9476649574664067,-0.19664558852539735,-0.09710137978126328,0,nan,nan,nan,nan,nan,nan,nan,nan
9.452561855316162,1789121621.9077835,r18_z20_w-40,0,-0.6981317007977318,-1.2709380307605356,1.2485804488902446,0.02235758187029102,0.0,-0.6979612708091736,-1.2762720584869385,1.2593982219696045,0.02147573232650757,0.0015339808305725455,0.13747647704160704,-0.11531653990854923,0.19793027335139468,0.001346224460860645,0.001456651078785366,-0.3419407119513163,0.9397194343832432,0.08550005744099665,-0.07989817423582357,0.23313302367204974,0.014797852720675006,-0.021744922782686128,0.9046246509594756,-0.4253967827387497,0.13788799976141602,-0.11570176974357704,0.2,0.0,0.023778860411868045,-0.08436310484510143,0.4847267937164749,-0.23194945235731196,0.9476824419824225,-0.19653321214244618,-0.09732490551933609,0,nan,nan,nan,nan,nan,nan,nan,nan
9.45992398262024,1789121621.9077835,r18_z20_w-40,0,-0.6981317007977318,-1.2709380307605356,1.2485804488902446,0.02235758187029102,0.0,-0.6979612708091736,-1.2762720584869385,1.2593982219696045,0.02147573232650757,0.0015339808305725455,0.13747647704160704,-0.11531653990854923,0.19793027335139468,0.001346224460860645,0.001456651078785366,-0.3419407119513163,0.9397194343832432,0.08550005744099665,-0.07989817423582357,0.23313302367204974,0.014797852720675006,-0.021744922782686128,0.9046246509594756,-0.4253967827387497,0.13788799976141602,-0.11570176974357704,0.2,0.0,0.023778860411868045,-0.08436310484510143,0.4847267937164749,-0.23194945235731196,0.9476824419824225,-0.19653321214244618,-0.09732490551933609,0,nan,nan,nan,nan,nan,nan,nan,nan
9.469889163970947,1789121621.9077835,r18_z20_w-40,0,-0.6981317007977318,-1.2709380307605356,1.2485804488902446,0.02235758187029102,0.0,-0.6979612708091736,-1.2762720584869385,1.2593982219696045,0.02147573232650757,0.0015339808305725455,0.13747647704160704,-0.11531653990854923,0.19793027335139468,0.001346224460860645,0.001456651078785366,-0.3419407119513163,0.9397194343832432,0.08550005744099665,-0.07989817423582357,0.23313302367204974,0.014797852720675006,-0.021744922782686128,0.9046246509594756,-0.4253967827387497,0.13788799976141602,-0.11570176974357704,0.2,0.0,0.023778860411868045,-0.08436310484510143,0.4847267937164749,-0.23194945235731196,0.9476824419824225,-0.19653321214244618,-0.09732490551933609,0,nan,nan,nan,nan,nan,nan,nan,nan
9.480016231536865,1789121621.9077835,r18_z20_w-40,0,-0.6981317007977318,-1.2709380307605356,1.2485804488902446,0.02235758187029102,0.0,-0.6979612708091736,-1.2762720584869385,1.2593982219696045,0.02147573232650757,0.0015339808305725455,0.13747647704160704,-0.11531653990854923,0.19793027335139468,0.001346224460860645,0.001456651078785366,-0.3419407119513163,0.9397194343832432,0.08550005744099665,-0.07989817423582357,0.23313302367204974,0.014797852720675006,-0.021744922782686128,0.9046246509594756,-0.4253967827387497,0.13788799976141602,-0.11570176974357704,0.2,0.0,0.023778860411868045,-0.08436310484510143,0.4847267937164749,-0.23194945235731196,0.9476824419824225,-0.19653321214244618,-0.09732490551933609,0,nan,nan,nan,nan,nan,nan,nan,nan
9.48512887954712,1789121621.9077835,r18_z20_w-40,0,-0.6981317007977318,-1.2709380307605356,1.2485804488902446,0.02235758187029102,0.0,-0.6979612708091736,-1.2762720584869385,1.2593982219696045,0.02147573232650757,0.0015339808305725455,0.13747647704160704,-0.11531653990854923,0.19793027335139468,0.001346224460860645,0.001456651078785366,-0.3419407119513163,0.9397194343832432,0.08550005744099665,-0.07989817423582357,0.23313302367204974,0.014797852720675006,-0.021744922782686128,0.9046246509594756,-0.4253967827387497,0.13788799976141602,-0.11570176974357704,0.2,0.0,0.023778860411868045,-0.08436310484510143,0.4847267937164749,-0.23194945235731196,0.9476824419824225,-0.19653321214244618,-0.09732490551933609,0,nan,nan,nan,nan,nan,nan,nan,nan
9.485739946365356,1789121621.941141,r18_z20_w-40,0,-0.6981317007977318,-1.2709380307605356,1.2485804488902446,0.02235758187029102,0.0,-0.6979612708091736,-1.2762720584869385,1.2593982219696045,0.02147573232650757,0.0015339808305725455,0.13754390591177065,-0.11537309986822042,0.1977609251474106,0.0015075409594221816,0.0018999842432498796,-0.341940718852959,0.9397183951431688,0.08554654548035273,-0.07990699814579647,0.23319247837317753,0.014580277012896324,-0.021778775174285624,0.9047209610544406,-0.4251976988447431,0.13788799976141602,-0.11570176974357704,0.2,0.0,0.02377433254361422,-0.08434870016483195,0.4846523231567081,-0.23211728426243616,0.9475992113889857,-0.19662040972230196,-0.0975587792166241,0,nan,nan,nan,nan,nan,nan,nan,nan
9.547693729400635,1789121621.941141,r18_z20_w-40,0,-0.6981317007977318,-1.2709380307605356,1.2485804488902446,0.02235758187029102,0.0,-0.6979612708091736,-1.2762720584869385,1.2593982219696045,0.02147573232650757,0.0015339808305725455,0.13753925738691095,-0.11536920064259262,0.19775235847137665,0.0015075409594221048,0.0018999842432496708,-0.34194071885295896,0.9397183951431688,0.08554654548035273,-0.07990699814579647,0.23319247837317753,0.014580277012896324,-0.021778775174285624,0.9047209610544406,-0.4251976988447431,0.13788799976141602,-0.11570176974357704,0.2,0.0,0.02377433254361422,-0.08434870016483195,0.4846523231567081,-0.23211728426243616,0.9475992113889857,-0.19662040972230196,-0.0975587792166241,0,nan,nan,nan,nan,nan,nan,nan,nan
9.548307418823242,1789121621.941141,r18_z20_w-40,0,-0.6981317007977318,-1.2709380307605356,1.2485804488902446,0.02235758187029102,0.0,-0.6979612708091736,-1.2762720584869385,1.2593982219696045,0.02147573232650757,0.0015339808305725455,0.13753925738691095,-0.11536920064259262,0.19775235847137665,0.0015075409594221048,0.0018999842432496708,-0.34194071885295896,0.9397183951431688,0.08554654548035273,-0.07990699814579647,0.23319247837317753,0.014580277012896324,-0.021778775174285624,0.9047209610544406,-0.4251976988447431,0.13788799976141602,-0.11570176974357704,0.2,0.0,0.02377433254361422,-0.08434870016483195,0.4846523231567081,-0.23211728426243616,0.9475992113889857,-0.19662040972230196,-0.0975587792166241,0,nan,nan,nan,nan,nan,nan,nan,nan
9.548820972442627,1789121621.9744983,r18_z20_w-40,0,-0.6981317007977318,-1.2709380307605356,1.2485804488902446,0.02235758187029102,0.0,-0.6979612708091736,-1.277806043624878,1.2593982219696045,0.02147573232650757,0.0015339808305725455,0.1374795467856622,-0.1153191148382424,0.19764221160344486,0.0015075409594222573,0.001899984243250088,-0.34194071885295896,0.9397183951431688,0.08546716195365711,-0.07989758156780269,0.23308816969874002,0.015173689728048596,-0.021805843858339276,0.9046800162993679,-0.42526266285936526,0.13788799976141602,-0.11570176974357704,0.2,0.0,0.023776737719464966,-0.08437088531032544,0.48478183280987425,-0.23213361655195017,0.9477196819263852,-0.1962419217910385,-0.09711074444994812,0,nan,nan,nan,nan,nan,nan,nan,nan
9.549423456192017,1789121621.9744983,r18_z20_w-40,0,-0.6981317007977318,-1.2709380307605356,1.2485804488902446,0.02235758187029102,0.0,-0.6979612708091736,-1.277806043624878,1.2593982219696045,0.02147573232650757,0.0015339808305725455,0.1374795467856622,-0.1153191148382424,0.19764221160344486,0.0015075409594222573,0.001899984243250088,-0.34194071885295896,0.9397183951431688,0.08546716195365711,-0.07989758156780269,0.23308816969874002,0.015173689728048596,-0.021805843858339276,0.9046800162993679,-0.42526266285936526,0.13788799976141602,-0.11570176974357704,0.2,0.0,0.023776737719464966,-0.08437088531032544,0.48478183280987425,-0.23213361655195017,0.9477196819263852,-0.1962419217910385,-0.09711074444994812,0,nan,nan,nan,nan,nan,nan,nan,nan
9.549859762191772,1789121621.9744983,r18_z20_w-40,0,-0.6981317007977318,-1.2709380307605356,1.2485804488902446,0.02235758187029102,0.0,-0.6979612708091736,-1.277806043624878,1.2593982219696045,0.02147573232650757,0.0015339808305725455,0.1374795467856622,-0.1153191148382424,0.19764221160344486,0.0015075409594222573,0.001899984243250088,-0.34194071885295896,0.9397183951431688,0.08546716195365711,-0.07989758156780269,0.23308816969874002,0.015173689728048596,-0.021805843858339276,0.9046800162993679,-0.42526266285936526,0.13788799976141602,-0.11570176974357704,0.2,0.0,0.023776737719464966,-0.08437088531032544,0.48478183280987425,-0.23213361655195017,0.9477196819263852,-0.1962419217910385,-0.09711074444994812,0,nan,nan,nan,nan,nan,nan,nan,nan
9.550323724746704,1789121622.007856,r18_z20_w-40,0,-0.6981317007977318,-1.2709380307605356,1.2485804488902446,0.02235758187029102,0.0,-0.6979612708091736,-1.2762720584869385,1.2593982219696045,0.02147573232650757,0.0015339808305725455,0.13743661478138558,-0.11528310307615003,0.19756289247508738,0.0015075409594221432,0.0018999842432497758,-0.341940718852959,0.9397183951431688,0.08541030909162073,-0.07988722481270105,0.23301461063056328,0.015103632015489922,-0.02174392153187568,0.9046901667822468,-0.4252467334429118,0.13788799976141602,-0.11570176974357704,0.2,0.0,0.02378191351211842,-0.08438802250083463,0.484873647703442,-0.2321517696124069,0.947694984427369,-0.19633018268466793,-0.09712997335550634,0,nan,nan,nan,nan,nan,nan,nan,nan
9.612335681915283,1789121622.007856,r18_z20_w-40,0,-0.6981317007977318,-1.2709380307605356,1.2485804488902446,0.02235758187029102,0.0,-0.6979612708091736,-1.2762720584869385,1.2593982219696045,0.02147573232650757,0.0015339808305725455,0.13745665520770964,-0.11529991317102381,0.1975999310791429,0.001507540959422219,0.0018999842432499837,-0.34194071885295896,0.9397183951431688,0.08541030909162073,-0.07988722481270105,0.23301461063056328,0.015103632015489922,-0.02174392153187568,0.9046901667822468,-0.4252467334429118,0.13788799976141602,-0.11570176974357704,0.2,0.0,0.02378191351211842,-0.08438802250083463,0.484873647703442,-0.2321517696124069,0.947694984427369,-0.19633018268466793,-0.09712997335550634,0,nan,nan,nan,nan,nan,nan,nan,nan
9.612915277481079,1789121622.007856,r18_z20_w-40,0,-0.6981317007977318,-1.2709380307605356,1.2485804488902446,0.02235758187029102,0.0,-0.6979612708091736,-1.2762720584869385,1.2593982219696045,0.02147573232650757,0.0015339808305725455,0.13745665520770964,-0.11529991317102381,0.1975999310791429,0.001507540959422219,0.0018999842432499837,-0.34194071885295896,0.9397183951431688,0.08541030909162073,-0.07988722481270105,0.23301461063056328,0.015103632015489922,-0.02174392153187568,0.9046901667822468,-0.4252467334429118,0.13788799976141602,-0.11570176974357704,0.2,0.0,0.02378191351211842,-0.08438802250083463,0.484873647703442,-0.2321517696124069,0.947694984427369,-0.19633018268466793,-0.09712997335550634,0,nan,nan,nan,nan,nan,nan,nan,nan
9.61341142654419,1789121622.0412133,r18_z20_w-40,0,-0.6981317007977318,-1.2709380307605356,1.2485804488902446,0.02235758187029102,0.0,-0.6979612708091736,-1.2762720584869385,1.260932207107544,0.02147573232650757,0.0015339808305725455,0.13752822827062886,-0.11535994931789134,0.19773202830155606,0.0015075409594221816,0.0018999842432498796,-0.341940718852959,0.9397183951431688,0.0854642579101621,-0.07989861931859778,0.2330866723401298,0.015145463054350817,-0.02178793764498321,0.9046915002385802,-0.4252401558156461,0.13788799976141602,-0.11570176974357704,0.2,0.0,0.023775296197318163,-0.08437249465677715,0.48478449448153693,-0.232156298616799,0.9477065789135775,-0.19627046025451794,-0.09712671994848134,0,nan,nan,nan,nan,nan,nan,nan,nan
9.613948583602905,1789121622.0412133,r18_z20_w-40,0,-0.6981317007977318,-1.2709380307605356,1.2485804488902446,0.02235758187029102,0.0,-0.6979612708091736,-1.2762720584869385,1.260932207107544,0.02147573232650757,0.0015339808305725455,0.13752822827062886,-0.11535994931789134,0.19773202830155606,0.0015075409594221816,0.0018999842432498796,-0.341940718852959,0.9397183951431688,0.0854642579101621,-0.07989861931859778,0.2330866723401298,0.015145463054350817,-0.02178793764498321,0.9046915002385802,-0.4252401558156461,0.13788799976141602,-0.11570176974357704,0.2,0.0,0.023775296197318163,-0.08437249465677715,0.48478449448153693,-0.232156298616799,0.9477065789135775,-0.19627046025451794,-0.09712671994848134,0,nan,nan,nan,nan,nan,nan,nan,nan
9.614338159561157,1789121622.0412133,r18_z20_w-40,0,-0.6981317007977318,-1.2709380307605356,1.2485804488902446,0.02235758187029102,0.0,-0.6979612708091736,-1.2762720584869385,1.260932207107544,0.02147573232650757,0.0015339808305725455,0.13752822827062886,-0.11535994931789134,0.19773202830155606,0.0015075409594221816,0.0018999842432498796,-0.341940718852959,0.9397183951431688,0.0854642579101621,-0.07989861931859778,0.2330866723401298,0.015145463054350817,-0.02178793764498321,0.9046915002385802,-0.4252401558156461,0.13788799976141602,-0.11570176974357704,0.2,0.0,0.023775296197318163,-0.08437249465677715,0.48478449448153693,-0.232156298616799,0.9477065789135775,-0.19627046025451794,-0.09712671994848134,0,nan,nan,nan,nan,nan,nan,nan,nan
9.614793300628662,1789121622.074571,r18_z20_w-40,0,-0.6981317007977318,-1.2709380307605356,1.2485804488902446,0.02235758187029102,0.0,-0.6979612708091736,-1.2762720584869385,1.2593982219696045,0.02147573232650757,0.0015339808305725455,0.13754390591177065,-0.11537309986822042,0.1977609251474106,0.0015075409594221816,0.0018999842432498796,-0.341940718852959,0.9397183951431688,0.08546758542852034,-0.07989597675722436,0.2330843549003515,0.015190316016443123,-0.02164640770474557,0.9045854434247844,-0.42547134201587145,0.13788799976141602,-0.11570176974357704,0.2,0.0,0.023778676827699782,-0.084369073643474,0.4847850367382708,-0.23195006990587522,0.947753650595684,-0.19637430613547163,-0.09695006314090635,0,nan,nan,nan,nan,nan,nan,nan,nan
9.676615238189697,1789121622.074571,r18_z20_w-40,0,-0.6981317007977318,-1.2709380307605356,1.2485804488902446,0.02235758187029102,0.0,-0.6979612708091736,-1.2762720584869385,1.2593982219696045,0.02147573232650757,0.0015339808305725455,0.13754390591177065,-0.11537309986822042,0.1977609251474106,0.0015075409594221816,0.0018999842432498796,-0.341940718852959,0.9397183951431688,0.08546758542852034,-0.07989597675722436,0.2330843549003515,0.015190316016443123,-0.02164640770474557,0.9045854434247844,-0.42547134201587145,0.13788799976141602,-0.11570176974357704,0.2,0.0,0.023778676827699782,-0.084369073643474,0.4847850367382708,-0.23195006990587522,0.947753650595684,-0.19637430613547163,-0.09695006314090635,0,nan,nan,nan,nan,nan,nan,nan,nan
9.73829197883606,1789121622.074571,r18_z20_w-40,0,-0.6981317007977318,-1.2709380307605356,1.2485804488902446,0.02235758187029102,0.0,-0.6979612708091736,-1.2762720584869385,1.2593982219696045,0.02147573232650757,0.0015339808305725455,0.13754390591177065,-0.11537309986822042,0.1977609251474106,0.0015075409594221816,0.0018999842432498796,-0.341940718852959,0.9397183951431688,0.08546758542852034,-0.07989597675722436,0.2330843549003515,0.015190316016443123,-0.02164640770474557,0.9045854434247844,-0.42547134201587145,0.13788799976141602,-0.11570176974357704,0.2,0.0,0.023778676827699782,-0.084369073643474,0.4847850367382708,-0.23195006990587522,0.947753650595684,-0.19637430613547163,-0.09695006314090635,0,nan,nan,nan,nan,nan,nan,nan,nan
9.799976348876953,1789121622.1079283,r18_z20_w-40,0,-0.6981317007977318,-1.2709380307605356,1.2485804488902446,0.02235758187029102,0.0,-0.6979612708091736,-1.277806043624878,1.2593982219696045,0.02147573232650757,0.0015339808305725455,0.13754390591177065,-0.11537309986822042,0.1977609251474106,0.0015075409594221816,0.0018999842432498796,-0.341940718852959,0.9397183951431688,0.0854316736829362,-0.07989020290417609,0.233049318188515,0.015019093991408161,-0.022097926019929822,0.904702922685068,-0.42520433930804463,0.13788799976141602,-0.11570176974357704,0.2,0.0,0.02378032995990301,-0.0843850335721216,0.4848329231649251,-0.23211399260657561,0.9477201577477071,-0.1961097892991225,-0.09741944146806357,0,nan,nan,nan,nan,nan,nan,nan,nan
9.86200737953186,1789121622.1079283,r18_z20_w-40,0,-0.6981317007977318,-1.2709380307605356,1.2485804488902446,0.02235758187029102,0.0,-0.6979612708091736,-1.277806043624878,1.2593982219696045,0.02147573232650757,0.0015339808305725455,0.13754390591177065,-0.11537309986822042,0.1977609251474106,0.0015075409594221816,0.0018999842432498796,-0.341940718852959,0.9397183951431688,0.0854316736829362,-0.07989020290417609,0.233049318188515,0.015019093991408161,-0.022097926019929822,0.904702922685068,-0.42520433930804463,0.13788799976141602,-0.11570176974357704,0.2,0.0,0.02378032995990301,-0.0843850335721216,0.4848329231649251,-0.23211399260657561,0.9477201577477071,-0.1961097892991225,-0.09741944146806357,0,nan,nan,nan,nan,nan,nan,nan,nan
9.862570524215698,1789121622.1079283,r18_z20_w-40,0,-0.6981317007977318,-1.2709380307605356,1.2485804488902446,0.02235758187029102,0.0,-0.6979612708091736,-1.277806043624878,1.2593982219696045,0.02147573232650757,0.0015339808305725455,0.13754390591177065,-0.11537309986822042,0.1977609251474106,0.0015075409594221816,0.0018999842432498796,-0.341940718852959,0.9397183951431688,0.0854316736829362,-0.07989020290417609,0.233049318188515,0.015019093991408161,-0.022097926019929822,0.904702922685068,-0.42520433930804463,0.13788799976141602,-0.11570176974357704,0.2,0.0,0.02378032995990301,-0.0843850335721216,0.4848329231649251,-0.23211399260657561,0.9477201577477071,-0.1961097892991225,-0.09741944146806357,0,nan,nan,nan,nan,nan,nan,nan,nan
9.863145351409912,1789121622.174643,r18_z20_w-40,0,-0.6981317007977318,-1.2709380307605356,1.2485804488902446,0.02235758187029102,0.0,-0.6979612708091736,-1.2762720584869385,1.2593982219696045,0.02147573232650757,0.0015339808305725455,0.13754390591177065,-0.11537309986822042,0.1977609251474106,0.0015075409594221816,0.0018999842432498796,-0.341940718852959,0.9397183951431688,0.08546894601456256,-0.07989480363731996,0.2330921776164938,0.015027700872965583,-0.02169219119963295,0.9046655566541276,-0.4253044176247277,0.13788799976141602,-0.11570176974357704,0.2,0.0,0.023779487059137797,-0.08437175149770403,0.48477751377912753,-0.2320904352435794,0.9476897538968114,-0.1964220855486243,-0.09714177544278083,0,nan,nan,nan,nan,nan,nan,nan,nan
9.925780057907104,1789121622.174643,r18_z20_w-40,0,-0.6981317007977318,-1.2709380307605356,1.2485804488902446,0.02235758187029102,0.0,-0.6979612708091736,-1.2762720584869385,1.2593982219696045,0.02147573232650757,0.0015339808305725455,0.13754390591177065,-0.11537309986822042,0.1977609251474106,0.0015075409594221816,0.0018999842432498796,-0.341940718852959,0.9397183951431688,0.08546894601456256,-0.07989480363731996,0.2330921776164938,0.015027700872965583,-0.02169219119963295,0.9046655566541276,-0.4253044176247277,0.13788799976141602,-0.11570176974357704,0.2,0.0,0.023779487059137797,-0.08437175149770403,0.48477751377912753,-0.2320904352435794,0.9476897538968114,-0.1964220855486243,-0.09714177544278083,0,nan,nan,nan,nan,nan,nan,nan,nan
9.987300157546997,1789121622.174643,r18_z20_w-40,0,-0.6981317007977318,-1.2709380307605356,1.2485804488902446,0.02235758187029102,0.0,-0.6979612708091736,-1.2762720584869385,1.2593982219696045,0.02147573232650757,0.0015339808305725455,0.13754390591177065,-0.11537309986822042,0.1977609251474106,0.0015075409594221816,0.0018999842432498796,-0.341940718852959,0.9397183951431688,0.08546894601456256,-0.07989480363731996,0.2330921776164938,0.015027700872965583,-0.02169219119963295,0.9046655566541276,-0.4253044176247277,0.13788799976141602,-0.11570176974357704,0.2,0.0,0.023779487059137797,-0.08437175149770403,0.48477751377912753,-0.2320904352435794,0.9476897538968114,-0.1964220855486243,-0.09714177544278083,0,nan,nan,nan,nan,nan,nan,nan,nan
10.049022197723389,1789121622.3747878,r18_z20_w-40,0,-0.6981317007977318,-1.2709380307605356,1.2485804488902446,0.02235758187029102,0.0,-0.6979612708091736,-1.277806043624878,1.2593982219696045,0.02147573232650757,0.0015339808305725455,0.13754390591177065,-0.11537309986822042,0.1977609251474106,0.0015075409594221816,0.0018999842432498796,-0.341940718852959,0.9397183951431688,0.08547726927945543,-0.07990144463470461,0.23309934572226065,0.014786932679913734,-0.021735754707973166,0.9047337518451566,-0.42516554641854665,0.13788799976141602,-0.11570176974357704,0.2,0.0,0.02377398028870898,-0.08436655649517597,0.4847671480300855,-0.23219024619766712,0.9476195847527867,-0.19652253505493794,-0.09738431793263022,0,nan,nan,nan,nan,nan,nan,nan,nan
10.110916376113892,1789121622.3747878,r18_z20_w-40,0,-0.6981317007977318,-1.2709380307605356,1.2485804488902446,0.02235758187029102,0.0,-0.6979612708091736,-1.277806043624878,1.2593982219696045,0.02147573232650757,0.0015339808305725455,0.13754390591177065,-0.11537309986822042,0.1977609251474106,0.0015075409594221816,0.0018999842432498796,-0.341940718852959,0.9397183951431688,0.08547726927945543,-0.07990144463470461,0.23309934572226065,0.014786932679913734,-0.021735754707973166,0.9047337518451566,-0.42516554641854665,0.13788799976141602,-0.11570176974357704,0.2,0.0,0.02377398028870898,-0.08436655649517597,0.4847671480300855,-0.23219024619766712,0.9476195847527867,-0.19652253505493794,-0.09738431793263022,0,nan,nan,nan,nan,nan,nan,nan,nan
10.172502756118774,1789121622.3747878,r18_z20_w-40,0,-0.6981317007977318,-1.2709380307605356,1.2485804488902446,0.02235758187029102,0.0,-0.6979612708091736,-1.277806043624878,1.2593982219696045,0.02147573232650757,0.0015339808305725455,0.13754390591177065,-0.11537309986822042,0.1977609251474106,0.0015075409594221816,0.0018999842432498796,-0.341940718852959,0.9397183951431688,0.08547726927945543,-0.07990144463470461,0.23309934572226065,0.014786932679913734,-0.021735754707973166,0.9047337518451566,-0.42516554641854665,0.13788799976141602,-0.11570176974357704,0.2,0.0,0.02377398028870898,-0.08436655649517597,0.4847671480300855,-0.23219024619766712,0.9476195847527867,-0.19652253505493794,-0.09738431793263022,0,nan,nan,nan,nan,nan,nan,nan,nan
10.234168767929077,1789121622.5415757,r18_z20_w-40,0,-0.6981317007977318,-1.2709380307605356,1.2485804488902446,0.02235758187029102,0.0,-0.6979612708091736,-1.2762720584869385,1.2593982219696045,0.02147573232650757,0.0015339808305725455,0.13754390591177065,-0.11537309986822042,0.1977609251474106,0.0015075409594221816,0.0018999842432498796,-0.341940718852959,0.9397183951431688,0.08547434039055862,-0.07990331000841866,0.23309434873547608,0.015153649321781766,-0.02178365669020072,0.9047086919625258,-0.4252035064541349,0.13788799976141602,-0.11570176974357704,0.2,0.0,0.023771987752185347,-0.08436640323413451,0.4847728955682927,-0.23219650329932273,0.9476978787892396,-0.1962648101460983,-0.09712692053318327,0,nan,nan,nan,nan,nan,nan,nan,nan
10.296238899230957,1789121622.5415757,r18_z20_w-40,0,-0.6981317007977318,-1.2709380307605356,1.2485804488902446,0.02235758187029102,0.0,-0.6979612708091736,-1.2762720584869385,1.2593982219696045,0.02147573232650757,0.0015339808305725455,0.13754390591177065,-0.11537309986822042,0.1977609251474106,0.0015075409594221816,0.0018999842432498796,-0.341940718852959,0.9397183951431688,0.08547434039055862,-0.07990331000841866,0.23309434873547608,0.015153649321781766,-0.02178365669020072,0.9047086919625258,-0.4252035064541349,0.13788799976141602,-0.11570176974357704,0.2,0.0,0.023771987752185347,-0.08436640323413451,0.4847728955682927,-0.23219650329932273,0.9476978787892396,-0.1962648101460983,-0.09712692053318327,0,nan,nan,nan,nan,nan,nan,nan,nan
10.357777118682861,1789121622.5415757,r18_z20_w-40,0,-0.6981317007977318,-1.2709380307605356,1.2485804488902446,0.02235758187029102,0.0,-0.6979612708091736,-1.2762720584869385,1.2593982219696045,0.02147573232650757,0.0015339808305725455,0.13754390591177065,-0.11537309986822042,0.1977609251474106,0.0015075409594221816,0.0018999842432498796,-0.341940718852959,0.9397183951431688,0.08547434039055862,-0.07990331000841866,0.23309434873547608,0.015153649321781766,-0.02178365669020072,0.9047086919625258,-0.4252035064541349,0.13788799976141602,-0.11570176974357704,0.2,0.0,0.023771987752185347,-0.08436640323413451,0.4847728955682927,-0.23219650329932273,0.9476978787892396,-0.1962648101460983,-0.09712692053318327,0,nan,nan,nan,nan,nan,nan,nan,nan
10.420629024505615,1789121622.741721,r18_z20_w-40,0,-0.6981317007977318,-1.2709380307605356,1.2485804488902446,0.02235758187029102,0.0,-0.6979612708091736,-1.2762720584869385,1.2593982219696045,0.02147573232650757,0.0015339808305725455,0.13754390591177065,-0.11537309986822042,0.1977609251474106,0.0015075409594221816,0.0018999842432498796,-0.341940718852959,0.9397183951431688,0.08531184800019942,-0.07987321624551502,0.2328768460587003,0.015596737351306034,-0.02201289230434612,0.9046055932848226,-0.42539498698762995,0.13788799976141602,-0.11570176974357704,0.2,0.0,0.02378781254209031,-0.08441212122081987,0.48504173802701694,-0.23201889764319106,0.9478542835475354,-0.19583901456238526,-0.09688430560343882,0,nan,nan,nan,nan,nan,nan,nan,nan
10.482417345046997,1789121622.741721,r18_z20_w-40,0,-0.6981317007977318,-1.2709380307605356,1.2485804488902446,0.02235758187029102,0.0,-0.6979612708091736,-1.2762720584869385,1.2593982219696045,0.02147573232650757,0.0015339808305725455,0.13754390591177065,-0.11537309986822042,0.1977609251474106,0.0015075409594221816,0.0018999842432498796,-0.341940718852959,0.9397183951431688,0.08531184800019942,-0.07987321624551502,0.2328768460587003,0.015596737351306034,-0.02201289230434612,0.9046055932848226,-0.42539498698762995,0.13788799976141602,-0.11570176974357704,0.2,0.0,0.02378781254209031,-0.08441212122081987,0.48504173802701694,-0.23201889764319106,0.9478542835475354,-0.19583901456238526,-0.09688430560343882,0,nan,nan,nan,nan,nan,nan,nan,nan
10.543928623199463,1789121622.741721,r18_z20_w-40,0,-0.6981317007977318,-1.2709380307605356,1.2485804488902446,0.02235758187029102,0.0,-0.6979612708091736,-1.2762720584869385,1.2593982219696045,0.02147573232650757,0.0015339808305725455,0.13754390591177065,-0.11537309986822042,0.1977609251474106,0.0015075409594221816,0.0018999842432498796,-0.341940718852959,0.9397183951431688,0.08531184800019942,-0.07987321624551502,0.2328768460587003,0.015596737351306034,-0.02201289230434612,0.9046055932848226,-0.42539498698762995,0.13788799976141602,-0.11570176974357704,0.2,0.0,0.02378781254209031,-0.08441212122081987,0.48504173802701694,-0.23201889764319106,0.9478542835475354,-0.19583901456238526,-0.09688430560343882,0,nan,nan,nan,nan,nan,nan,nan,nan
10.6056067943573,1789121622.9085085,r18_z20_w-40,0,-0.6981317007977318,-1.2709380307605356,1.2485804488902446,0.02235758187029102,0.0,-0.6979612708091736,-1.2762720584869385,1.2593982219696045,0.02147573232650757,0.0015339808305725455,0.13754390591177065,-0.11537309986822042,0.1977609251474106,0.0015075409594221816,0.0018999842432498796,-0.341940718852959,0.9397183951431688,0.0854582590293852,-0.07989189013667039,0.2330747453995778,0.015231415366882991,-0.022111707788243902,0.9047016970337604,-0.4251986779716547,0.13788799976141602,-0.11570176974357704,0.2,0.0,0.023781679554395557,-0.08437349719428043,0.4847979766194199,-0.23214907744527857,0.9477563311504564,-0.19596821549952806,-0.09726870575607949,0,nan,nan,nan,nan,nan,nan,nan,nan
10.66797161102295,1789121622.9085085,r18_z20_w-40,0,-0.6981317007977318,-1.2709380307605356,1.2485804488902446,0.02235758187029102,0.0,-0.6979612708091736,-1.2762720584869385,1.2593982219696045,0.02147573232650757,0.0015339808305725455,0.13754390591177065,-0.11537309986822042,0.1977609251474106,0.0015075409594221816,0.0018999842432498796,-0.341940718852959,0.9397183951431688,0.0854582590293852,-0.07989189013667039,0.2330747453995778,0.015231415366882991,-0.022111707788243902,0.9047016970337604,-0.4251986779716547,0.13788799976141602,-0.11570176974357704,0.2,0.0,0.023781679554395557,-0.08437349719428043,0.4847979766194199,-0.23214907744527857,0.9477563311504564,-0.19596821549952806,-0.09726870575607949,0,nan,nan,nan,nan,nan,nan,nan,nan
13.2441725730896,1789121625.6771977,r18_z20_w-20,0,-0.3490658503988659,-1.2709380307605356,1.2485804488902446,0.02235758187029102,0.0,-0.3436117172241211,-1.2762720584869385,1.2593982219696045,0.023009711876511574,0.0015339808305725455,0.1690308349861202,-0.06048020379069011,0.1977609251474106,0.0011490703925835014,0.0021359440774096515,-0.17096313494476892,0.9852744408894345,0.10929276876537336,-0.04307862856202942,0.23550435339791004,-0.014634017864610263,0.016066609025773948,-0.8155696595474409,0.5782506723050328,0.1691446717414635,-0.061563625798620354,0.2,0.0,0.06408197606647954,-0.07223377918212276,0.47223945661239614,-0.06334585860575344,0.9732648048527731,-0.21423152799196923,-0.05336454109818187,0,nan,nan,nan,nan,nan,nan,nan,nan
13.2449471950531,1789121625.7105556,r18_z20_w-20,0,-0.3490658503988659,-1.2709380307605356,1.2485804488902446,0.02235758187029102,0.0,-0.3436117172241211,-1.2762720584869385,1.2593982219696045,0.02147573232650757,0.0015339808305725455,0.1690308349861202,-0.06048020379069011,0.1977609251474106,0.0011490703925835014,0.0021359440774096515,-0.17096313494476892,0.9852744408894345,0.10927288576836286,-0.043074407933623965,0.23547112396910835,-0.015053201614183465,0.01592969058436957,-0.8154223414510856,0.5784514250492242,0.1691446717414635,-0.061563625798620354,0.2,0.0,0.0640849397629941,-0.07223641943946524,0.4722782069382899,-0.06319650414597856,0.9733305338291703,-0.21409062886079447,-0.052906298429764395,0,nan,nan,nan,nan,nan,nan,nan,nan
13.249723672866821,1789121625.7105556,r18_z20_w-20,0,-0.3490658503988659,-1.2709380307605356,1.2485804488902446,0.02235758187029102,0.0,-0.3436117172241211,-1.2762720584869385,1.2593982219696045,0.02147573232650757,0.0015339808305725455,0.1690308349861202,-0.06048020379069011,0.1977609251474106,0.0011490703925835014,0.0021359440774096515,-0.17096313494476892,0.9852744408894345,0.10927288576836286,-0.043074407933623965,0.23547112396910835,-0.015053201614183465,0.01592969058436957,-0.8154223414510856,0.5784514250492242,0.1691446717414635,-0.061563625798620354,0.2,0.0,0.0640849397629941,-0.07223641943946524,0.4722782069382899,-0.06319650414597856,0.9733305338291703,-0.21409062886079447,-0.052906298429764395,0,nan,nan,nan,nan,nan,nan,nan,nan
13.25967025756836,1789121625.7105556,r18_z20_w-20,0,-0.3490658503988659,-1.2709380307605356,1.2485804488902446,0.02235758187029102,0.0,-0.3436117172241211,-1.2762720584869385,1.2593982219696045,0.02147573232650757,0.0015339808305725455,0.1690308349861202,-0.06048020379069011,0.1977609251474106,0.0011490703925835014,0.0021359440774096515,-0.17096313494476892,0.9852744408894345,0.10927288576836286,-0.043074407933623965,0.23547112396910835,-0.015053201614183465,0.01592969058436957,-0.8154223414510856,0.5784514250492242,0.1691446717414635,-0.061563625798620354,0.2,0.0,0.0640849397629941,-0.07223641943946524,0.4722782069382899,-0.06319650414597856,0.9733305338291703,-0.21409062886079447,-0.052906298429764395,0,nan,nan,nan,nan,nan,nan,nan,nan
13.260464429855347,1789121625.7105556,r18_z20_w-20,0,-0.3490658503988659,-1.2709380307605356,1.2485804488902446,0.02235758187029102,0.0,-0.3436117172241211,-1.2762720584869385,1.2593982219696045,0.02147573232650757,0.0015339808305725455,0.1690308349861202,-0.06048020379069011,0.1977609251474106,0.0011490703925835014,0.0021359440774096515,-0.17096313494476892,0.9852744408894345,0.10927288576836286,-0.043074407933623965,0.23547112396910835,-0.015053201614183465,0.01592969058436957,-0.8154223414510856,0.5784514250492242,0.1691446717414635,-0.061563625798620354,0.2,0.0,0.0640849397629941,-0.07223641943946524,0.4722782069382899,-0.06319650414597856,0.9733305338291703,-0.21409062886079447,-0.052906298429764395,0,nan,nan,nan,nan,nan,nan,nan,nan
13.269694089889526,1789121625.7105556,r18_z20_w-20,0,-0.3490658503988659,-1.2709380307605356,1.2485804488902446,0.02235758187029102,0.0,-0.3436117172241211,-1.2762720584869385,1.2593982219696045,0.02147573232650757,0.0015339808305725455,0.1690308349861202,-0.06048020379069011,0.1977609251474106,0.0011490703925835014,0.0021359440774096515,-0.17096313494476892,0.9852744408894345,0.10927288576836286,-0.043074407933623965,0.23547112396910835,-0.015053201614183465,0.01592969058436957,-0.8154223414510856,0.5784514250492242,0.1691446717414635,-0.061563625798620354,0.2,0.0,0.0640849397629941,-0.07223641943946524,0.4722782069382899,-0.06319650414597856,0.9733305338291703,-0.21409062886079447,-0.052906298429764395,0,nan,nan,nan,nan,nan,nan,nan,nan
13.278205871582031,1789121625.7105556,r18_z20_w-20,0,-0.3490658503988659,-1.2709380307605356,1.2485804488902446,0.02235758187029102,0.0,-0.3436117172241211,-1.2762720584869385,1.2593982219696045,0.02147573232650757,0.0015339808305725455,0.1690308349861202,-0.06048020379069011,0.1977609251474106,0.0011490703925835014,0.0021359440774096515,-0.17096313494476892,0.9852744408894345,0.10927288576836286,-0.043074407933623965,0.23547112396910835,-0.015053201614183465,0.01592969058436957,-0.8154223414510856,0.5784514250492242,0.1691446717414635,-0.061563625798620354,0.2,0.0,0.0640849397629941,-0.07223641943946524,0.4722782069382899,-0.06319650414597856,0.9733305338291703,-0.21409062886079447,-0.052906298429764395,0,nan,nan,nan,nan,nan,nan,nan,nan
13.279047012329102,1789121625.743914,r18_z20_w-20,0,-0.3490658503988659,-1.2709380307605356,1.2485804488902446,0.02235758187029102,0.0,-0.3436117172241211,-1.2762720584869385,1.2593982219696045,0.023009711876511574,0.0015339808305725455,0.1690308349861202,-0.06048020379069011,0.1977609251474106,0.0011490703925835014,0.0021359440774096515,-0.17096313494476892,0.9852744408894345,0.10926045872216639,-0.04307026281152526,0.23545433511039932,-0.014380272790399311,0.016431706306399063,-0.8156029742110347,0.5781997883434827,0.1691446717414635,-0.061563625798620354,0.2,0.0,0.0640879680535677,-0.07224021113192329,0.4722989417355072,-0.06329791029244133,0.9732714760618646,-0.21410813193309222,-0.05379327353016358,0,nan,nan,nan,nan,nan,nan,nan,nan
13.279780387878418,1789121625.743914,r18_z20_w-20,0,-0.3490658503988659,-1.2709380307605356,1.2485804488902446,0.02235758187029102,0.0,-0.3436117172241211,-1.2762720584869385,1.2593982219696045,0.023009711876511574,0.0015339808305725455,0.1690308349861202,-0.06048020379069011,0.1977609251474106,0.0011490703925835014,0.0021359440774096515,-0.17096313494476892,0.9852744408894345,0.10926045872216639,-0.04307026281152526,0.23545433511039932,-0.014380272790399311,0.016431706306399063,-0.8156029742110347,0.5781997883434827,0.1691446717414635,-0.061563625798620354,0.2,0.0,0.0640879680535677,-0.07224021113192329,0.4722989417355072,-0.06329791029244133,0.9732714760618646,-0.21410813193309222,-0.05379327353016358,0,nan,nan,nan,nan,nan,nan,nan,nan
13.289710521697998,1789121625.743914,r18_z20_w-20,0,-0.3490658503988659,-1.2709380307605356,1.2485804488902446,0.02235758187029102,0.0,-0.3436117172241211,-1.2762720584869385,1.2593982219696045,0.023009711876511574,0.0015339808305725455,0.1690308349861202,-0.06048020379069011,0.1977609251474106,0.0011490703925835014,0.0021359440774096515,-0.17096313494476892,0.9852744408894345,0.10926045872216639,-0.04307026281152526,0.23545433511039932,-0.014380272790399311,0.016431706306399063,-0.8156029742110347,0.5781997883434827,0.1691446717414635,-0.061563625798620354,0.2,0.0,0.0640879680535677,-0.07224021113192329,0.4722989417355072,-0.06329791029244133,0.9732714760618646,-0.21410813193309222,-0.05379327353016358,0,nan,nan,nan,nan,nan,nan,nan,nan
13.299661636352539,1789121625.743914,r18_z20_w-20,0,-0.3490658503988659,-1.2709380307605356,1.2485804488902446,0.02235758187029102,0.0,-0.3436117172241211,-1.2762720584869385,1.2593982219696045,0.023009711876511574,0.0015339808305725455,0.1690308349861202,-0.06048020379069011,0.1977609251474106,0.0011490703925835014,0.0021359440774096515,-0.17096313494476892,0.9852744408894345,0.10926045872216639,-0.04307026281152526,0.23545433511039932,-0.014380272790399311,0.016431706306399063,-0.8156029742110347,0.5781997883434827,0.1691446717414635,-0.061563625798620354,0.2,0.0,0.0640879680535677,-0.07224021113192329,0.4722989417355072,-0.06329791029244133,0.9732714760618646,-0.21410813193309222,-0.05379327353016358,0,nan,nan,nan,nan,nan,nan,nan,nan
13.309801578521729,1789121625.743914,r18_z20_w-20,0,-0.3490658503988659,-1.2709380307605356,1.2485804488902446,0.02235758187029102,0.0,-0.3436117172241211,-1.2762720584869385,1.2593982219696045,0.023009711876511574,0.0015339808305725455,0.1690308349861202,-0.06048020379069011,0.1977609251474106,0.0011490703925835014,0.0021359440774096515,-0.17096313494476892,0.9852744408894345,0.10926045872216639,-0.04307026281152526,0.23545433511039932,-0.014380272790399311,0.016431706306399063,-0.8156029742110347,0.5781997883434827,0.1691446717414635,-0.061563625798620354,0.2,0.0,0.0640879680535677,-0.07224021113192329,0.4722989417355072,-0.06329791029244133,0.9732714760618646,-0.21410813193309222,-0.05379327353016358,0,nan,nan,nan,nan,nan,nan,nan,nan
13.319827556610107,1789121625.743914,r18_z20_w-20,0,-0.3490658503988659,-1.2709380307605356,1.2485804488902446,0.02235758187029102,0.0,-0.3436117172241211,-1.2762720584869385,1.2593982219696045,0.023009711876511574,0.0015339808305725455,0.1690308349861202,-0.06048020379069011,0.1977609251474106,0.0011490703925835014,0.0021359440774096515,-0.17096313494476892,0.9852744408894345,0.10926045872216639,-0.04307026281152526,0.23545433511039932,-0.014380272790399311,0.016431706306399063,-0.8156029742110347,0.5781997883434827,0.1691446717414635,-0.061563625798620354,0.2,0.0,0.0640879680535677,-0.07224021113192329,0.4722989417355072,-0.06329791029244133,0.9732714760618646,-0.21410813193309222,-0.05379327353016358,0,nan,nan,nan,nan,nan,nan,nan,nan
13.320828199386597,1789121625.743914,r18_z20_w-20,0,-0.3490658503988659,-1.2709380307605356,1.2485804488902446,0.02235758187029102,0.0,-0.3436117172241211,-1.2762720584869385,1.2593982219696045,0.023009711876511574,0.0015339808305725455,0.1690308349861202,-0.06048020379069011,0.1977609251474106,0.0011490703925835014,0.0021359440774096515,-0.17096313494476892,0.9852744408894345,0.10926045872216639,-0.04307026281152526,0.23545433511039932,-0.014380272790399311,0.016431706306399063,-0.8156029742110347,0.5781997883434827,0.1691446717414635,-0.061563625798620354,0.2,0.0,0.0640879680535677,-0.07224021113192329,0.4722989417355072,-0.06329791029244133,0.9732714760618646,-0.21410813193309222,-0.05379327353016358,0,nan,nan,nan,nan,nan,nan,nan,nan
13.322193384170532,1789121625.743914,r18_z20_w-20,0,-0.3490658503988659,-1.2709380307605356,1.2485804488902446,0.02235758187029102,0.0,-0.3436117172241211,-1.2762720584869385,1.2593982219696045,0.023009711876511574,0.0015339808305725455,0.1690308349861202,-0.06048020379069011,0.1977609251474106,0.0011490703925835014,0.0021359440774096515,-0.17096313494476892,0.9852744408894345,0.10926045872216639,-0.04307026281152526,0.23545433511039932,-0.014380272790399311,0.016431706306399063,-0.8156029742110347,0.5781997883434827,0.1691446717414635,-0.061563625798620354,0.2,0.0,0.0640879680535677,-0.07224021113192329,0.4722989417355072,-0.06329791029244133,0.9732714760618646,-0.21410813193309222,-0.05379327353016358,0,nan,nan,nan,nan,nan,nan,nan,nan
13.322710037231445,1789121625.7772717,r18_z20_w-20,0,-0.3490658503988659,-1.2709380307605356,1.2485804488902446,0.02235758187029102,0.0,-0.3436117172241211,-1.2762720584869385,1.2593982219696045,0.023009711876511574,0.0015339808305725455,0.1690308349861202,-0.06048020379069011,0.1977609251474106,0.0011490703925835014,0.0021359440774096515,-0.17096313494476892,0.9852744408894345,0.10929536054276323,-0.04308079379986998,0.23550512432889098,-0.014806528122957786,0.016146932455086718,-0.8154916400632656,0.578354068269741,0.1691446717414635,-0.061563625798620354,0.2,0.0,0.0640802764060744,-0.07223146604121183,0.47223751742876485,-0.06323341547818163,0.9733134056070166,-0.21407160447886894,-0.05325314815555466,0,nan,nan,nan,nan,nan,nan,nan,nan
13.329684734344482,1789121625.7772717,r18_z20_w-20,0,-0.3490658503988659,-1.2709380307605356,1.2485804488902446,0.02235758187029102,0.0,-0.3436117172241211,-1.2762720584869385,1.2593982219696045,0.023009711876511574,0.0015339808305725455,0.1690308349861202,-0.06048020379069011,0.1977609251474106,0.0011490703925835014,0.0021359440774096515,-0.17096313494476892,0.9852744408894345,0.10929536054276323,-0.04308079379986998,0.23550512432889098,-0.014806528122957786,0.016146932455086718,-0.8154916400632656,0.578354068269741,0.1691446717414635,-0.061563625798620354,0.2,0.0,0.0640802764060744,-0.07223146604121183,0.47223751742876485,-0.06323341547818163,0.9733134056070166,-0.21407160447886894,-0.05325314815555466,0,nan,nan,nan,nan,nan,nan,nan,nan
13.339704036712646,1789121625.7772717,r18_z20_w-20,0,-0.3490658503988659,-1.2709380307605356,1.2485804488902446,0.02235758187029102,0.0,-0.3436117172241211,-1.2762720584869385,1.2593982219696045,0.023009711876511574,0.0015339808305725455,0.1690308349861202,-0.06048020379069011,0.1977609251474106,0.0011490703925835014,0.0021359440774096515,-0.17096313494476892,0.9852744408894345,0.10929536054276323,-0.04308079379986998,0.23550512432889098,-0.014806528122957786,0.016146932455086718,-0.8154916400632656,0.578354068269741,0.1691446717414635,-0.061563625798620354,0.2,0.0,0.0640802764060744,-0.07223146604121183,0.47223751742876485,-0.06323341547818163,0.9733134056070166,-0.21407160447886894,-0.05325314815555466,0,nan,nan,nan,nan,nan,nan,nan,nan
13.344454050064087,1789121625.7772717,r18_z20_w-20,0,-0.3490658503988659,-1.2709380307605356,1.2485804488902446,0.02235758187029102,0.0,-0.3436117172241211,-1.2762720584869385,1.2593982219696045,0.023009711876511574,0.0015339808305725455,0.1690308349861202,-0.06048020379069011,0.1977609251474106,0.0011490703925835014,0.0021359440774096515,-0.17096313494476892,0.9852744408894345,0.10929536054276323,-0.04308079379986998,0.23550512432889098,-0.014806528122957786,0.016146932455086718,-0.8154916400632656,0.578354068269741,0.1691446717414635,-0.061563625798620354,0.2,0.0,0.0640802764060744,-0.07223146604121183,0.47223751742876485,-0.06323341547818163,0.9733134056070166,-0.21407160447886894,-0.05325314815555466,0,nan,nan,nan,nan,nan,nan,nan,nan
13.345032453536987,1789121625.8106298,r18_z20_w-20,0,-0.3490658503988659,-1.2709380307605356,1.2485804488902446,0.02235758187029102,0.0,-0.3436117172241211,-1.2762720584869385,1.2593982219696045,0.023009711876511574,0.0015339808305725455,0.1690308349861202,-0.06048020379069011,0.1977609251474106,0.0011490703925835014,0.0021359440774096515,-0.17096313494476892,0.9852744408894345,0.1092824470246479,-0.043074046106251804,0.2354901425176904,-0.014041111630855176,0.016928551198311735,-0.8157886779282255,0.5779317470970201,0.1691446717414635,-0.061563625798620354,0.2,0.0,0.064085627984033,-0.07223703208199493,0.47225693712983063,-0.06346925118743595,0.9732656517390209,-0.2139230539453839,-0.05442933298695864,0,nan,nan,nan,nan,nan,nan,nan,nan
13.349701166152954,1789121625.8106298,r18_z20_w-20,0,-0.3490658503988659,-1.2709380307605356,1.2485804488902446,0.02235758187029102,0.0,-0.3436117172241211,-1.2762720584869385,1.2593982219696045,0.023009711876511574,0.0015339808305725455,0.1690308349861202,-0.06048020379069011,0.1977609251474106,0.0011490703925835014,0.0021359440774096515,-0.17096313494476892,0.9852744408894345,0.1092824470246479,-0.043074046106251804,0.2354901425176904,-0.014041111630855176,0.016928551198311735,-0.8157886779282255,0.5779317470970201,0.1691446717414635,-0.061563625798620354,0.2,0.0,0.064085627984033,-0.07223703208199493,0.47225693712983063,-0.06346925118743595,0.9732656517390209,-0.2139230539453839,-0.05442933298695864,0,nan,nan,nan,nan,nan,nan,nan,nan
13.359755039215088,1789121625.8106298,r18_z20_w-20,0,-0.3490658503988659,-1.2709380307605356,1.2485804488902446,0.02235758187029102,0.0,-0.3436117172241211,-1.2762720584869385,1.2593982219696045,0.023009711876511574,0.0015339808305725455,0.1690308349861202,-0.06048020379069011,0.1977609251474106,0.0011490703925835014,0.0021359440774096515,-0.17096313494476892,0.9852744408894345,0.1092824470246479,-0.043074046106251804,0.2354901425176904,-0.014041111630855176,0.016928551198311735,-0.8157886779282255,0.5779317470970201,0.1691446717414635,-0.061563625798620354,0.2,0.0,0.064085627984033,-0.07223703208199493,0.47225693712983063,-0.06346925118743595,0.9732656517390209,-0.2139230539453839,-0.05442933298695864,0,nan,nan,nan,nan,nan,nan,nan,nan
13.36957311630249,1789121625.8106298,r18_z20_w-20,0,-0.3490658503988659,-1.2709380307605356,1.2485804488902446,0.02235758187029102,0.0,-0.3436117172241211,-1.2762720584869385,1.2593982219696045,0.023009711876511574,0.0015339808305725455,0.1690308349861202,-0.06048020379069011,0.1977609251474106,0.0011490703925835014,0.0021359440774096515,-0.17096313494476892,0.9852744408894345,0.1092824470246479,-0.043074046106251804,0.2354901425176904,-0.014041111630855176,0.016928551198311735,-0.8157886779282255,0.5779317470970201,0.1691446717414635,-0.061563625798620354,0.2,0.0,0.064085627984033,-0.07223703208199493,0.47225693712983063,-0.06346925118743595,0.9732656517390209,-0.2139230539453839,-0.05442933298695864,0,nan,nan,nan,nan,nan,nan,nan,nan
13.379823684692383,1789121625.8106298,r18_z20_w-20,0,-0.3490658503988659,-1.2709380307605356,1.2485804488902446,0.02235758187029102,0.0,-0.3436117172241211,-1.2762720584869385,1.2593982219696045,0.023009711876511574,0.0015339808305725455,0.1690308349861202,-0.06048020379069011,0.1977609251474106,0.0011490703925835014,0.0021359440774096515,-0.17096313494476892,0.9852744408894345,0.1092824470246479,-0.043074046106251804,0.2354901425176904,-0.014041111630855176,0.016928551198311735,-0.8157886779282255,0.5779317470970201,0.1691446717414635,-0.061563625798620354,0.2,0.0,0.064085627984033,-0.07223703208199493,0.47225693712983063,-0.06346925118743595,0.9732656517390209,-0.2139230539453839,-0.05442933298695864,0,nan,nan,nan,nan,nan,nan,nan,nan
13.381410837173462,1789121625.8106298,r18_z20_w-20,0,-0.3490658503988659,-1.2709380307605356,1.2485804488902446,0.02235758187029102,0.0,-0.3436117172241211,-1.2762720584869385,1.2593982219696045,0.023009711876511574,0.0015339808305725455,0.1690308349861202,-0.06048020379069011,0.1977609251474106,0.0011490703925835014,0.0021359440774096515,-0.17096313494476892,0.9852744408894345,0.1092824470246479,-0.043074046106251804,0.2354901425176904,-0.014041111630855176,0.016928551198311735,-0.8157886779282255,0.5779317470970201,0.1691446717414635,-0.061563625798620354,0.2,0.0,0.064085627984033,-0.07223703208199493,0.47225693712983063,-0.06346925118743595,0.9732656517390209,-0.2139230539453839,-0.05442933298695864,0,nan,nan,nan,nan,nan,nan,nan,nan
13.388238191604614,1789121625.8106298,r18_z20_w-20,0,-0.3490658503988659,-1.2709380307605356,1.2485804488902446,0.02235758187029102,0.0,-0.3436117172241211,-1.2762720584869385,1.2593982219696045,0.023009711876511574,0.0015339808305725455,0.1690308349861202,-0.06048020379069011,0.1977609251474106,0.0011490703925835014,0.0021359440774096515,-0.17096313494476892,0.9852744408894345,0.1092824470246479,-0.043074046106251804,0.2354901425176904,-0.014041111630855176,0.016928551198311735,-0.8157886779282255,0.5779317470970201,0.1691446717414635,-0.061563625798620354,0.2,0.0,0.064085627984033,-0.07223703208199493,0.47225693712983063,-0.06346925118743595,0.9732656517390209,-0.2139230539453839,-0.05442933298695864,0,nan,nan,nan,nan,nan,nan,nan,nan
13.389246463775635,1789121625.8439877,r18_z20_w-20,0,-0.3490658503988659,-1.2709380307605356,1.2485804488902446,0.02235758187029102,0.0,-0.3436117172241211,-1.2762720584869385,1.2593982219696045,0.02147573232650757,0.0015339808305725455,0.16903054802642528,-0.060480101114862767,0.19769745738226124,0.0011832830527931297,0.0023331186400789745,-0.17096320402982892,0.9852739412297898,0.10932446935565499,-0.04308510427209129,0.23554708582375117,-0.01452856091434299,0.01651440899373504,-0.8156187174410826,0.5781715169161392,0.1691446717414635,-0.061563625798620354,0.2,0.0,0.06407827364607797,-0.07222487849885473,0.47218673097931496,-0.06333768487273439,0.9733060748063137,-0.21395250461623685,-0.053739633312181595,0,nan,nan,nan,nan,nan,nan,nan,nan
13.390099048614502,1789121625.8439877,r18_z20_w-20,0,-0.3490658503988659,-1.2709380307605356,1.2485804488902446,0.02235758187029102,0.0,-0.3436117172241211,-1.2762720584869385,1.2593982219696045,0.02147573232650757,0.0015339808305725455,0.16903054802642528,-0.060480101114862767,0.19769745738226124,0.0011832830527931297,0.0023331186400789745,-0.17096320402982892,0.9852739412297898,0.10932446935565499,-0.04308510427209129,0.23554708582375117,-0.01452856091434299,0.01651440899373504,-0.8156187174410826,0.5781715169161392,0.1691446717414635,-0.061563625798620354,0.2,0.0,0.06407827364607797,-0.07222487849885473,0.47218673097931496,-0.06333768487273439,0.9733060748063137,-0.21395250461623685,-0.053739633312181595,0,nan,nan,nan,nan,nan,nan,nan,nan
13.399725198745728,1789121625.8439877,r18_z20_w-20,0,-0.3490658503988659,-1.2709380307605356,1.2485804488902446,0.02235758187029102,0.0,-0.3436117172241211,-1.2762720584869385,1.2593982219696045,0.02147573232650757,0.0015339808305725455,0.16903054802642528,-0.060480101114862767,0.19769745738226124,0.0011832830527931297,0.0023331186400789745,-0.17096320402982892,0.9852739412297898,0.10932446935565499,-0.04308510427209129,0.23554708582375117,-0.01452856091434299,0.01651440899373504,-0.8156187174410826,0.5781715169161392,0.1691446717414635,-0.061563625798620354,0.2,0.0,0.06407827364607797,-0.07222487849885473,0.47218673097931496,-0.06333768487273439,0.9733060748063137,-0.21395250461623685,-0.053739633312181595,0,nan,nan,nan,nan,nan,nan,nan,nan
13.409748077392578,1789121625.8439877,r18_z20_w-20,0,-0.3490658503988659,-1.2709380307605356,1.2485804488902446,0.02235758187029102,0.0,-0.3436117172241211,-1.2762720584869385,1.2593982219696045,0.02147573232650757,0.0015339808305725455,0.16903054802642528,-0.060480101114862767,0.19769745738226124,0.0011832830527931297,0.0023331186400789745,-0.17096320402982892,0.9852739412297898,0.10932446935565499,-0.04308510427209129,0.23554708582375117,-0.01452856091434299,0.01651440899373504,-0.8156187174410826,0.5781715169161392,0.1691446717414635,-0.061563625798620354,0.2,0.0,0.06407827364607797,-0.07222487849885473,0.47218673097931496,-0.06333768487273439,0.9733060748063137,-0.21395250461623685,-0.053739633312181595,0,nan,nan,nan,nan,nan,nan,nan,nan
13.419685363769531,1789121625.8439877,r18_z20_w-20,0,-0.3490658503988659,-1.2709380307605356,1.2485804488902446,0.02235758187029102,0.0,-0.3436117172241211,-1.2762720584869385,1.2593982219696045,0.02147573232650757,0.0015339808305725455,0.16903054802642528,-0.060480101114862767,0.19769745738226124,0.0011832830527931297,0.0023331186400789745,-0.17096320402982892,0.9852739412297898,0.10932446935565499,-0.04308510427209129,0.23554708582375117,-0.01452856091434299,0.01651440899373504,-0.8156187174410826,0.5781715169161392,0.1691446717414635,-0.061563625798620354,0.2,0.0,0.06407827364607797,-0.07222487849885473,0.47218673097931496,-0.06333768487273439,0.9733060748063137,-0.21395250461623685,-0.053739633312181595,0,nan,nan,nan,nan,nan,nan,nan,nan
13.421945333480835,1789121625.8439877,r18_z20_w-20,0,-0.3490658503988659,-1.2709380307605356,1.2485804488902446,0.02235758187029102,0.0,-0.3436117172241211,-1.2762720584869385,1.2593982219696045,0.02147573232650757,0.0015339808305725455,0.16903054802642528,-0.060480101114862767,0.19769745738226124,0.0011832830527931297,0.0023331186400789745,-0.17096320402982892,0.9852739412297898,0.10932446935565499,-0.04308510427209129,0.23554708582375117,-0.01452856091434299,0.01651440899373504,-0.8156187174410826,0.5781715169161392,0.1691446717414635,-0.061563625798620354,0.2,0.0,0.06407827364607797,-0.07222487849885473,0.47218673097931496,-0.06333768487273439,0.9733060748063137,-0.21395250461623685,-0.053739633312181595,0,nan,nan,nan,nan,nan,nan,nan,nan
13.422684907913208,1789121625.8773458,r18_z20_w-20,0,-0.3490658503988659,-1.2709380307605356,1.2485804488902446,0.02235758187029102,0.0,-0.3436117172241211,-1.2762720584869385,1.2593982219696045,0.02147573232650757,0.0015339808305725455,0.16902985616309243,-0.06047985356218771,0.1975621061875274,0.0012562449607379151,0.002753613647937443,-0.1709633284904343,0.9852727438491072,0.1092927391084163,-0.043076125540637514,0.23549788427587603,-0.014461990598401798,0.01636011318522491,-0.8155948152580005,0.5782112891052599,0.1691446717414635,-0.061563625798620354,0.2,0.0,0.06408491189318587,-0.07223130949095115,0.4722452356332978,-0.06331029788098991,0.9732756485742191,-0.21411277802100692,-0.053684600797438455,0,nan,nan,nan,nan,nan,nan,nan,nan
13.429652214050293,1789121625.8773458,r18_z20_w-20,0,-0.3490658503988659,-1.2709380307605356,1.2485804488902446,0.02235758187029102,0.0,-0.3436117172241211,-1.2762720584869385,1.2593982219696045,0.02147573232650757,0.0015339808305725455,0.16902985616309243,-0.06047985356218771,0.1975621061875274,0.0012562449607379151,0.002753613647937443,-0.1709633284904343,0.9852727438491072,0.1092927391084163,-0.043076125540637514,0.23549788427587603,-0.014461990598401798,0.01636011318522491,-0.8155948152580005,0.5782112891052599,0.1691446717414635,-0.061563625798620354,0.2,0.0,0.06408491189318587,-0.07223130949095115,0.4722452356332978,-0.06331029788098991,0.9732756485742191,-0.21411277802100692,-0.053684600797438455,0,nan,nan,nan,nan,nan,nan,nan,nan
13.430849552154541,1789121625.8773458,r18_z20_w-20,0,-0.3490658503988659,-1.2709380307605356,1.2485804488902446,0.02235758187029102,0.0,-0.3436117172241211,-1.2762720584869385,1.2593982219696045,0.02147573232650757,0.0015339808305725455,0.16902985616309243,-0.06047985356218771,0.1975621061875274,0.0012562449607379151,0.002753613647937443,-0.1709633284904343,0.9852727438491072,0.1092927391084163,-0.043076125540637514,0.23549788427587603,-0.014461990598401798,0.01636011318522491,-0.8155948152580005,0.5782112891052599,0.1691446717414635,-0.061563625798620354,0.2,0.0,0.06408491189318587,-0.07223130949095115,0.4722452356332978,-0.06331029788098991,0.9732756485742191,-0.21411277802100692,-0.053684600797438455,0,nan,nan,nan,nan,nan,nan,nan,nan
13.439716339111328,1789121625.8773458,r18_z20_w-20,0,-0.3490658503988659,-1.2709380307605356,1.2485804488902446,0.02235758187029102,0.0,-0.3436117172241211,-1.2762720584869385,1.2593982219696045,0.02147573232650757,0.0015339808305725455,0.16902985616309243,-0.06047985356218771,0.1975621061875274,0.0012562449607379151,0.002753613647937443,-0.1709633284904343,0.9852727438491072,0.1092927391084163,-0.043076125540637514,0.23549788427587603,-0.014461990598401798,0.01636011318522491,-0.8155948152580005,0.5782112891052599,0.1691446717414635,-0.061563625798620354,0.2,0.0,0.06408491189318587,-0.07223130949095115,0.4722452356332978,-0.06331029788098991,0.9732756485742191,-0.21411277802100692,-0.053684600797438455,0,nan,nan,nan,nan,nan,nan,nan,nan
13.444915294647217,1789121625.8773458,r18_z20_w-20,0,-0.3490658503988659,-1.2709380307605356,1.2485804488902446,0.02235758187029102,0.0,-0.3436117172241211,-1.2762720584869385,1.2593982219696045,0.02147573232650757,0.0015339808305725455,0.16902985616309243,-0.06047985356218771,0.1975621061875274,0.0012562449607379151,0.002753613647937443,-0.1709633284904343,0.9852727438491072,0.1092927391084163,-0.043076125540637514,0.23549788427587603,-0.014461990598401798,0.01636011318522491,-0.8155948152580005,0.5782112891052599,0.1691446717414635,-0.061563625798620354,0.2,0.0,0.06408491189318587,-0.07223130949095115,0.4722452356332978,-0.06331029788098991,0.9732756485742191,-0.21411277802100692,-0.053684600797438455,0,nan,nan,nan,nan,nan,nan,nan,nan
13.44550085067749,1789121625.910704,r18_z20_w-20,0,-0.3490658503988659,-1.2709380307605356,1.2485804488902446,0.02235758187029102,0.0,-0.3436117172241211,-1.2762720584869385,1.2593982219696045,0.023009711876511574,0.0015339808305725455,0.16903019977762412,-0.06047997650944112,0.19762667396737482,0.001221439280735135,0.0025530210026038585,-0.17096327300203504,0.985273337431941,0.10927100138857504,-0.043072675025696866,0.2354743240009055,-0.01470235666188669,0.01632211403655322,-0.8155074242483956,0.5783295516379151,0.1691446717414635,-0.061563625798620354,0.2,0.0,0.06408604676182046,-0.07223987290705434,0.47227629848976277,-0.06321318264428971,0.9733195688404108,-0.2140015832065726,-0.053445606343054994,0,nan,nan,nan,nan,nan,nan,nan,nan
13.449681997299194,1789121625.910704,r18_z20_w-20,0,-0.3490658503988659,-1.2709380307605356,1.2485804488902446,0.02235758187029102,0.0,-0.3436117172241211,-1.2762720584869385,1.2593982219696045,0.023009711876511574,0.0015339808305725455,0.16903019977762412,-0.06047997650944112,0.19762667396737482,0.001221439280735135,0.0025530210026038585,-0.17096327300203504,0.985273337431941,0.10927100138857504,-0.043072675025696866,0.2354743240009055,-0.01470235666188669,0.01632211403655322,-0.8155074242483956,0.5783295516379151,0.1691446717414635,-0.061563625798620354,0.2,0.0,0.06408604676182046,-0.07223987290705434,0.47227629848976277,-0.06321318264428971,0.9733195688404108,-0.2140015832065726,-0.053445606343054994,0,nan,nan,nan,nan,nan,nan,nan,nan
13.459650754928589,1789121625.910704,r18_z20_w-20,0,-0.3490658503988659,-1.2709380307605356,1.2485804488902446,0.02235758187029102,0.0,-0.3436117172241211,-1.2762720584869385,1.2593982219696045,0.023009711876511574,0.0015339808305725455,0.16903019977762412,-0.06047997650944112,0.19762667396737482,0.001221439280735135,0.0025530210026038585,-0.17096327300203504,0.985273337431941,0.10927100138857504,-0.043072675025696866,0.2354743240009055,-0.01470235666188669,0.01632211403655322,-0.8155074242483956,0.5783295516379151,0.1691446717414635,-0.061563625798620354,0.2,0.0,0.06408604676182046,-0.07223987290705434,0.47227629848976277,-0.06321318264428971,0.9733195688404108,-0.2140015832065726,-0.053445606343054994,0,nan,nan,nan,nan,nan,nan,nan,nan
13.469654083251953,1789121625.910704,r18_z20_w-20,0,-0.3490658503988659,-1.2709380307605356,1.2485804488902446,0.02235758187029102,0.0,-0.3436117172241211,-1.2762720584869385,1.2593982219696045,0.023009711876511574,0.0015339808305725455,0.16903019977762412,-0.06047997650944112,0.19762667396737482,0.001221439280735135,0.0025530210026038585,-0.17096327300203504,0.985273337431941,0.10927100138857504,-0.043072675025696866,0.2354743240009055,-0.01470235666188669,0.01632211403655322,-0.8155074242483956,0.5783295516379151,0.1691446717414635,-0.061563625798620354,0.2,0.0,0.06408604676182046,-0.07223987290705434,0.47227629848976277,-0.06321318264428971,0.9733195688404108,-0.2140015832065726,-0.053445606343054994,0,nan,nan,nan,nan,nan,nan,nan,nan
13.478643894195557,1789121625.910704,r18_z20_w-20,0,-0.3490658503988659,-1.2709380307605356,1.2485804488902446,0.02235758187029102,0.0,-0.3436117172241211,-1.2762720584869385,1.2593982219696045,0.023009711876511574,0.0015339808305725455,0.16903019977762412,-0.06047997650944112,0.19762667396737482,0.001221439280735135,0.0025530210026038585,-0.17096327300203504,0.985273337431941,0.10927100138857504,-0.043072675025696866,0.2354743240009055,-0.01470235666188669,0.01632211403655322,-0.8155074242483956,0.5783295516379151,0.1691446717414635,-0.061563625798620354,0.2,0.0,0.06408604676182046,-0.07223987290705434,0.47227629848976277,-0.06321318264428971,0.9733195688404108,-0.2140015832065726,-0.053445606343054994,0,nan,nan,nan,nan,nan,nan,nan,nan
13.479644775390625,1789121625.9440618,r18_z20_w-20,0,-0.3490658503988659,-1.2709380307605356,1.2485804488902446,0.02235758187029102,0.0,-0.3436117172241211,-1.2762720584869385,1.2593982219696045,0.02147573232650757,0.0015339808305725455,0.1690308349861202,-0.06048020379069011,0.1977609251474106,0.0011490703925835014,0.0021359440774096515,-0.17096313494476892,0.9852744408894345,0.10931281298050682,-0.043085569608165245,0.2355291421922195,-0.014264310235951096,0.016423889221468254,-0.8155959722373854,0.5782127596192317,0.1691446717414635,-0.061563625798620354,0.2,0.0,0.06407701469826531,-0.07222655257135693,0.4722080306052146,-0.06326666609826008,0.973251944852633,-0.2141862267023484,-0.05387245207328767,0,nan,nan,nan,nan,nan,nan,nan,nan
13.54163146018982,1789121625.9440618,r18_z20_w-20,0,-0.3490658503988659,-1.2709380307605356,1.2485804488902446,0.02235758187029102,0.0,-0.3436117172241211,-1.2762720584869385,1.2593982219696045,0.02147573232650757,0.0015339808305725455,0.1690308349861202,-0.06048020379069011,0.1977609251474106,0.0011490703925835014,0.0021359440774096515,-0.17096313494476892,0.9852744408894345,0.10931281298050682,-0.043085569608165245,0.2355291421922195,-0.014264310235951096,0.016423889221468254,-0.8155959722373854,0.5782127596192317,0.1691446717414635,-0.061563625798620354,0.2,0.0,0.06407701469826531,-0.07222655257135693,0.4722080306052146,-0.06326666609826008,0.973251944852633,-0.2141862267023484,-0.05387245207328767,0,nan,nan,nan,nan,nan,nan,nan,nan
13.542258262634277,1789121625.9440618,r18_z20_w-20,0,-0.3490658503988659,-1.2709380307605356,1.2485804488902446,0.02235758187029102,0.0,-0.3436117172241211,-1.2762720584869385,1.2593982219696045,0.02147573232650757,0.0015339808305725455,0.1690308349861202,-0.06048020379069011,0.1977609251474106,0.0011490703925835014,0.0021359440774096515,-0.17096313494476892,0.9852744408894345,0.10931281298050682,-0.043085569608165245,0.2355291421922195,-0.014264310235951096,0.016423889221468254,-0.8155959722373854,0.5782127596192317,0.1691446717414635,-0.061563625798620354,0.2,0.0,0.06407701469826531,-0.07222655257135693,0.4722080306052146,-0.06326666609826008,0.973251944852633,-0.2141862267023484,-0.05387245207328767,0,nan,nan,nan,nan,nan,nan,nan,nan
13.542775392532349,1789121625.9774199,r18_z20_w-20,0,-0.3490658503988659,-1.2709380307605356,1.2485804488902446,0.02235758187029102,0.0,-0.3436117172241211,-1.277806043624878,1.260932207107544,0.023009711876511574,0.0015339808305725455,0.1690308349861202,-0.06048020379069011,0.1977609251474106,0.0011490703925835014,0.0021359440774096515,-0.17096313494476892,0.9852744408894345,0.10929245265518611,-0.04307886356677883,0.23550256398770142,-0.014301180810676046,0.0165840731274038,-0.8155758222175492,0.5782356984483868,0.1691446717414635,-0.061563625798620354,0.2,0.0,0.06408182249245226,-0.07223317748821459,0.472241180422489,-0.06321404128073194,0.9732831738595751,-0.2140439617085821,-0.0539354329071812,0,nan,nan,nan,nan,nan,nan,nan,nan
13.543304681777954,1789121625.9774199,r18_z20_w-20,0,-0.3490658503988659,-1.2709380307605356,1.2485804488902446,0.02235758187029102,0.0,-0.3436117172241211,-1.277806043624878,1.260932207107544,0.023009711876511574,0.0015339808305725455,0.1690308349861202,-0.06048020379069011,0.1977609251474106,0.0011490703925835014,0.0021359440774096515,-0.17096313494476892,0.9852744408894345,0.10929245265518611,-0.04307886356677883,0.23550256398770142,-0.014301180810676046,0.0165840731274038,-0.8155758222175492,0.5782356984483868,0.1691446717414635,-0.061563625798620354,0.2,0.0,0.06408182249245226,-0.07223317748821459,0.472241180422489,-0.06321404128073194,0.9732831738595751,-0.2140439617085821,-0.0539354329071812,0,nan,nan,nan,nan,nan,nan,nan,nan
13.543715238571167,1789121625.9774199,r18_z20_w-20,0,-0.3490658503988659,-1.2709380307605356,1.2485804488902446,0.02235758187029102,0.0,-0.3436117172241211,-1.277806043624878,1.260932207107544,0.023009711876511574,0.0015339808305725455,0.1690308349861202,-0.06048020379069011,0.1977609251474106,0.0011490703925835014,0.0021359440774096515,-0.17096313494476892,0.9852744408894345,0.10929245265518611,-0.04307886356677883,0.23550256398770142,-0.014301180810676046,0.0165840731274038,-0.8155758222175492,0.5782356984483868,0.1691446717414635,-0.061563625798620354,0.2,0.0,0.06408182249245226,-0.07223317748821459,0.472241180422489,-0.06321404128073194,0.9732831738595751,-0.2140439617085821,-0.0539354329071812,0,nan,nan,nan,nan,nan,nan,nan,nan
13.544470071792603,1789121625.9774199,r18_z20_w-20,0,-0.3490658503988659,-1.2709380307605356,1.2485804488902446,0.02235758187029102,0.0,-0.3436117172241211,-1.277806043624878,1.260932207107544,0.023009711876511574,0.0015339808305725455,0.1690308349861202,-0.06048020379069011,0.1977609251474106,0.0011490703925835014,0.0021359440774096515,-0.17096313494476892,0.9852744408894345,0.10929245265518611,-0.04307886356677883,0.23550256398770142,-0.014301180810676046,0.0165840731274038,-0.8155758222175492,0.5782356984483868,0.1691446717414635,-0.061563625798620354,0.2,0.0,0.06408182249245226,-0.07223317748821459,0.472241180422489,-0.06321404128073194,0.9732831738595751,-0.2140439617085821,-0.0539354329071812,0,nan,nan,nan,nan,nan,nan,nan,nan
13.544849634170532,1789121625.9774199,r18_z20_w-20,0,-0.3490658503988659,-1.2709380307605356,1.2485804488902446,0.02235758187029102,0.0,-0.3436117172241211,-1.277806043624878,1.260932207107544,0.023009711876511574,0.0015339808305725455,0.1690308349861202,-0.06048020379069011,0.1977609251474106,0.0011490703925835014,0.0021359440774096515,-0.17096313494476892,0.9852744408894345,0.10929245265518611,-0.04307886356677883,0.23550256398770142,-0.014301180810676046,0.0165840731274038,-0.8155758222175492,0.5782356984483868,0.1691446717414635,-0.061563625798620354,0.2,0.0,0.06408182249245226,-0.07223317748821459,0.472241180422489,-0.06321404128073194,0.9732831738595751,-0.2140439617085821,-0.0539354329071812,0,nan,nan,nan,nan,nan,nan,nan,nan
13.54537057876587,1789121625.9774199,r18_z20_w-20,0,-0.3490658503988659,-1.2709380307605356,1.2485804488902446,0.02235758187029102,0.0,-0.3436117172241211,-1.277806043624878,1.260932207107544,0.023009711876511574,0.0015339808305725455,0.1690308349861202,-0.06048020379069011,0.1977609251474106,0.0011490703925835014,0.0021359440774096515,-0.17096313494476892,0.9852744408894345,0.10929245265518611,-0.04307886356677883,0.23550256398770142,-0.014301180810676046,0.0165840731274038,-0.8155758222175492,0.5782356984483868,0.1691446717414635,-0.061563625798620354,0.2,0.0,0.06408182249245226,-0.07223317748821459,0.472241180422489,-0.06321404128073194,0.9732831738595751,-0.2140439617085821,-0.0539354329071812,0,nan,nan,nan,nan,nan,nan,nan,nan
13.545879364013672,1789121625.9774199,r18_z20_w-20,0,-0.3490658503988659,-1.2709380307605356,1.2485804488902446,0.02235758187029102,0.0,-0.3436117172241211,-1.277806043624878,1.260932207107544,0.023009711876511574,0.0015339808305725455,0.1690308349861202,-0.06048020379069011,0.1977609251474106,0.0011490703925835014,0.0021359440774096515,-0.17096313494476892,0.9852744408894345,0.10929245265518611,-0.04307886356677883,0.23550256398770142,-0.014301180810676046,0.0165840731274038,-0.8155758222175492,0.5782356984483868,0.1691446717414635,-0.061563625798620354,0.2,0.0,0.06408182249245226,-0.07223317748821459,0.472241180422489,-0.06321404128073194,0.9732831738595751,-0.2140439617085821,-0.0539354329071812,0,nan,nan,nan,nan,nan,nan,nan,nan
13.54714584350586,1789121625.9774199,r18_z20_w-20,0,-0.3490658503988659,-1.2709380307605356,1.2485804488902446,0.02235758187029102,0.0,-0.3436117172241211,-1.277806043624878,1.260932207107544,0.023009711876511574,0.0015339808305725455,0.1690308349861202,-0.06048020379069011,0.1977609251474106,0.0011490703925835014,0.0021359440774096515,-0.17096313494476892,0.9852744408894345,0.10929245265518611,-0.04307886356677883,0.23550256398770142,-0.014301180810676046,0.0165840731274038,-0.8155758222175492,0.5782356984483868,0.1691446717414635,-0.061563625798620354,0.2,0.0,0.06408182249245226,-0.07223317748821459,0.472241180422489,-0.06321404128073194,0.9732831738595751,-0.2140439617085821,-0.0539354329071812,0,nan,nan,nan,nan,nan,nan,nan,nan
13.54765510559082,1789121626.010778,r18_z20_w-20,0,-0.3490658503988659,-1.2709380307605356,1.2485804488902446,0.02235758187029102,0.0,-0.3436117172241211,-1.2762720584869385,1.2593982219696045,0.02147573232650757,0.0015339808305725455,0.1690308349861202,-0.06048020379069011,0.1977609251474106,0.0011490703925835014,0.0021359440774096515,-0.17096313494476892,0.9852744408894345,0.10936163077369027,-0.04310028819423642,0.23560290703838027,-0.014037949281338018,0.01668946386527849,-0.815721494946241,0.5780335980360779,0.1691446717414635,-0.061563625798620354,0.2,0.0,0.06406606137614093,-0.07221558386551534,0.4721197085894826,-0.06339411682113118,0.9732384923576229,-0.2141126208028158,-0.05425687568298991,0,nan,nan,nan,nan,nan,nan,nan,nan
13.549672603607178,1789121626.010778,r18_z20_w-20,0,-0.3490658503988659,-1.2709380307605356,1.2485804488902446,0.02235758187029102,0.0,-0.3436117172241211,-1.2762720584869385,1.2593982219696045,0.02147573232650757,0.0015339808305725455,0.1690308349861202,-0.06048020379069011,0.1977609251474106,0.0011490703925835014,0.0021359440774096515,-0.17096313494476892,0.9852744408894345,0.10936163077369027,-0.04310028819423642,0.23560290703838027,-0.014037949281338018,0.01668946386527849,-0.815721494946241,0.5780335980360779,0.1691446717414635,-0.061563625798620354,0.2,0.0,0.06406606137614093,-0.07221558386551534,0.4721197085894826,-0.06339411682113118,0.9732384923576229,-0.2141126208028158,-0.05425687568298991,0,nan,nan,nan,nan,nan,nan,nan,nan
13.5596444606781,1789121626.010778,r18_z20_w-20,0,-0.3490658503988659,-1.2709380307605356,1.2485804488902446,0.02235758187029102,0.0,-0.3436117172241211,-1.2762720584869385,1.2593982219696045,0.02147573232650757,0.0015339808305725455,0.1690308349861202,-0.06048020379069011,0.1977609251474106,0.0011490703925835014,0.0021359440774096515,-0.17096313494476892,0.9852744408894345,0.10936163077369027,-0.04310028819423642,0.23560290703838027,-0.014037949281338018,0.01668946386527849,-0.815721494946241,0.5780335980360779,0.1691446717414635,-0.061563625798620354,0.2,0.0,0.06406606137614093,-0.07221558386551534,0.4721197085894826,-0.06339411682113118,0.9732384923576229,-0.2141126208028158,-0.05425687568298991,0,nan,nan,nan,nan,nan,nan,nan,nan
13.569619178771973,1789121626.010778,r18_z20_w-20,0,-0.3490658503988659,-1.2709380307605356,1.2485804488902446,0.02235758187029102,0.0,-0.3436117172241211,-1.2762720584869385,1.2593982219696045,0.02147573232650757,0.0015339808305725455,0.1690308349861202,-0.06048020379069011,0.1977609251474106,0.0011490703925835014,0.0021359440774096515,-0.17096313494476892,0.9852744408894345,0.10936163077369027,-0.04310028819423642,0.23560290703838027,-0.014037949281338018,0.01668946386527849,-0.815721494946241,0.5780335980360779,0.1691446717414635,-0.061563625798620354,0.2,0.0,0.06406606137614093,-0.07221558386551534,0.4721197085894826,-0.06339411682113118,0.9732384923576229,-0.2141126208028158,-0.05425687568298991,0,nan,nan,nan,nan,nan,nan,nan,nan
13.579883098602295,1789121626.010778,r18_z20_w-20,0,-0.3490658503988659,-1.2709380307605356,1.2485804488902446,0.02235758187029102,0.0,-0.3436117172241211,-1.2762720584869385,1.2593982219696045,0.02147573232650757,0.0015339808305725455,0.1690308349861202,-0.06048020379069011,0.1977609251474106,0.0011490703925835014,0.0021359440774096515,-0.17096313494476892,0.9852744408894345,0.10936163077369027,-0.04310028819423642,0.23560290703838027,-0.014037949281338018,0.01668946386527849,-0.815721494946241,0.5780335980360779,0.1691446717414635,-0.061563625798620354,0.2,0.0,0.06406606137614093,-0.07221558386551534,0.4721197085894826,-0.06339411682113118,0.9732384923576229,-0.2141126208028158,-0.05425687568298991,0,nan,nan,nan,nan,nan,nan,nan,nan
13.581137895584106,1789121626.010778,r18_z20_w-20,0,-0.3490658503988659,-1.2709380307605356,1.2485804488902446,0.02235758187029102,0.0,-0.3436117172241211,-1.2762720584869385,1.2593982219696045,0.02147573232650757,0.0015339808305725455,0.1690308349861202,-0.06048020379069011,0.1977609251474106,0.0011490703925835014,0.0021359440774096515,-0.17096313494476892,0.9852744408894345,0.10936163077369027,-0.04310028819423642,0.23560290703838027,-0.014037949281338018,0.01668946386527849,-0.815721494946241,0.5780335980360779,0.1691446717414635,-0.061563625798620354,0.2,0.0,0.06406606137614093,-0.07221558386551534,0.4721197085894826,-0.06339411682113118,0.9732384923576229,-0.2141126208028158,-0.05425687568298991,0,nan,nan,nan,nan,nan,nan,nan,nan
13.582178592681885,1789121626.010778,r18_z20_w-20,0,-0.3490658503988659,-1.2709380307605356,1.2485804488902446,0.02235758187029102,0.0,-0.3436117172241211,-1.2762720584869385,1.2593982219696045,0.02147573232650757,0.0015339808305725455,0.1690308349861202,-0.06048020379069011,0.1977609251474106,0.0011490703925835014,0.0021359440774096515,-0.17096313494476892,0.9852744408894345,0.10936163077369027,-0.04310028819423642,0.23560290703838027,-0.014037949281338018,0.01668946386527849,-0.815721494946241,0.5780335980360779,0.1691446717414635,-0.061563625798620354,0.2,0.0,0.06406606137614093,-0.07221558386551534,0.4721197085894826,-0.06339411682113118,0.9732384923576229,-0.2141126208028158,-0.05425687568298991,0,nan,nan,nan,nan,nan,nan,nan,nan
13.582794189453125,1789121626.044136,r18_z20_w-20,0,-0.3490658503988659,-1.2709380307605356,1.2485804488902446,0.02235758187029102,0.0,-0.3436117172241211,-1.2762720584869385,1.2593982219696045,0.023009711876511574,0.0015339808305725455,0.16903113227232966,-0.06048031016140368,0.1977060001180087,0.001164286559647958,0.0022236379401215397,-0.17096316651591667,0.985274223536762,0.10934074352333961,-0.04309250632506563,0.23556837474087972,-0.014439945970747468,0.016439548959802205,-0.8156137602176856,0.5781828632309401,0.1691446717414635,-0.061563625798620354,0.2,0.0,0.06407242677076168,-0.0722191975132971,0.47216015284230917,-0.06332541293717421,0.9732812725902577,-0.21406436982433422,-0.0537578094153359,0,nan,nan,nan,nan,nan,nan,nan,nan
13.589628458023071,1789121626.044136,r18_z20_w-20,0,-0.3490658503988659,-1.2709380307605356,1.2485804488902446,0.02235758187029102,0.0,-0.3436117172241211,-1.2762720584869385,1.2593982219696045,0.023009711876511574,0.0015339808305725455,0.16903113227232966,-0.06048031016140368,0.1977060001180087,0.001164286559647958,0.0022236379401215397,-0.17096316651591667,0.985274223536762,0.10934074352333961,-0.04309250632506563,0.23556837474087972,-0.014439945970747468,0.016439548959802205,-0.8156137602176856,0.5781828632309401,0.1691446717414635,-0.061563625798620354,0.2,0.0,0.06407242677076168,-0.0722191975132971,0.47216015284230917,-0.06332541293717421,0.9732812725902577,-0.21406436982433422,-0.0537578094153359,0,nan,nan,nan,nan,nan,nan,nan,nan
13.599613428115845,1789121626.044136,r18_z20_w-20,0,-0.3490658503988659,-1.2709380307605356,1.2485804488902446,0.02235758187029102,0.0,-0.3436117172241211,-1.2762720584869385,1.2593982219696045,0.023009711876511574,0.0015339808305725455,0.16903113227232966,-0.06048031016140368,0.1977060001180087,0.001164286559647958,0.0022236379401215397,-0.17096316651591667,0.985274223536762,0.10934074352333961,-0.04309250632506563,0.23556837474087972,-0.014439945970747468,0.016439548959802205,-0.8156137602176856,0.5781828632309401,0.1691446717414635,-0.061563625798620354,0.2,0.0,0.06407242677076168,-0.0722191975132971,0.47216015284230917,-0.06332541293717421,0.9732812725902577,-0.21406436982433422,-0.0537578094153359,0,nan,nan,nan,nan,nan,nan,nan,nan
13.609806537628174,1789121626.044136,r18_z20_w-20,0,-0.3490658503988659,-1.2709380307605356,1.2485804488902446,0.02235758187029102,0.0,-0.3436117172241211,-1.2762720584869385,1.2593982219696045,0.023009711876511574,0.0015339808305725455,0.16903113227232966,-0.06048031016140368,0.1977060001180087,0.001164286559647958,0.0022236379401215397,-0.17096316651591667,0.985274223536762,0.10934074352333961,-0.04309250632506563,0.23556837474087972,-0.014439945970747468,0.016439548959802205,-0.8156137602176856,0.5781828632309401,0.1691446717414635,-0.061563625798620354,0.2,0.0,0.06407242677076168,-0.0722191975132971,0.47216015284230917,-0.06332541293717421,0.9732812725902577,-0.21406436982433422,-0.0537578094153359,0,nan,nan,nan,nan,nan,nan,nan,nan
13.611510038375854,1789121626.044136,r18_z20_w-20,0,-0.3490658503988659,-1.2709380307605356,1.2485804488902446,0.02235758187029102,0.0,-0.3436117172241211,-1.2762720584869385,1.2593982219696045,0.023009711876511574,0.0015339808305725455,0.16903113227232966,-0.06048031016140368,0.1977060001180087,0.001164286559647958,0.0022236379401215397,-0.17096316651591667,0.985274223536762,0.10934074352333961,-0.04309250632506563,0.23556837474087972,-0.014439945970747468,0.016439548959802205,-0.8156137602176856,0.5781828632309401,0.1691446717414635,-0.061563625798620354,0.2,0.0,0.06407242677076168,-0.0722191975132971,0.47216015284230917,-0.06332541293717421,0.9732812725902577,-0.21406436982433422,-0.0537578094153359,0,nan,nan,nan,nan,nan,nan,nan,nan
13.612104654312134,1789121626.077494,r18_z20_w-20,0,-0.3490658503988659,-1.2709380307605356,1.2485804488902446,0.02235758187029102,0.0,-0.3436117172241211,-1.2762720584869385,1.2593982219696045,0.02147573232650757,0.0015339808305725455,0.1690326621849607,-0.060480857572931965,0.19739037175393923,0.0012517262649713755,0.0027275714185429024,-0.17096332168684591,0.985272823218683,0.10928268985150025,-0.043077277053120824,0.23548904896663053,-0.014358123263712542,0.016577308666636113,-0.8156441469336472,0.5781381000302592,0.1691446717414635,-0.061563625798620354,0.2,0.0,0.06408258997215364,-0.07223567331489653,0.47225772330555166,-0.06333970806250121,0.9732840691033618,-0.21400752813152354,-0.053916417863157574,0,nan,nan,nan,nan,nan,nan,nan,nan
13.619606018066406,1789121626.077494,r18_z20_w-20,0,-0.3490658503988659,-1.2709380307605356,1.2485804488902446,0.02235758187029102,0.0,-0.3436117172241211,-1.2762720584869385,1.2593982219696045,0.02147573232650757,0.0015339808305725455,0.1690326621849607,-0.060480857572931965,0.19739037175393923,0.0012517262649713755,0.0027275714185429024,-0.17096332168684591,0.985272823218683,0.10928268985150025,-0.043077277053120824,0.23548904896663053,-0.014358123263712542,0.016577308666636113,-0.8156441469336472,0.5781381000302592,0.1691446717414635,-0.061563625798620354,0.2,0.0,0.06408258997215364,-0.07223567331489653,0.47225772330555166,-0.06333970806250121,0.9732840691033618,-0.21400752813152354,-0.053916417863157574,0,nan,nan,nan,nan,nan,nan,nan,nan
13.62973690032959,1789121626.077494,r18_z20_w-20,0,-0.3490658503988659,-1.2709380307605356,1.2485804488902446,0.02235758187029102,0.0,-0.3436117172241211,-1.2762720584869385,1.2593982219696045,0.02147573232650757,0.0015339808305725455,0.1690326621849607,-0.060480857572931965,0.19739037175393923,0.0012517262649713755,0.0027275714185429024,-0.17096332168684591,0.985272823218683,0.10928268985150025,-0.043077277053120824,0.23548904896663053,-0.014358123263712542,0.016577308666636113,-0.8156441469336472,0.5781381000302592,0.1691446717414635,-0.061563625798620354,0.2,0.0,0.06408258997215364,-0.07223567331489653,0.47225772330555166,-0.06333970806250121,0.9732840691033618,-0.21400752813152354,-0.053916417863157574,0,nan,nan,nan,nan,nan,nan,nan,nan
13.630552291870117,1789121626.077494,r18_z20_w-20,0,-0.3490658503988659,-1.2709380307605356,1.2485804488902446,0.02235758187029102,0.0,-0.3436117172241211,-1.2762720584869385,1.2593982219696045,0.02147573232650757,0.0015339808305725455,0.1690326621849607,-0.060480857572931965,0.19739037175393923,0.0012517262649713755,0.0027275714185429024,-0.17096332168684591,0.985272823218683,0.10928268985150025,-0.043077277053120824,0.23548904896663053,-0.014358123263712542,0.016577308666636113,-0.8156441469336472,0.5781381000302592,0.1691446717414635,-0.061563625798620354,0.2,0.0,0.06408258997215364,-0.07223567331489653,0.47225772330555166,-0.06333970806250121,0.9732840691033618,-0.21400752813152354,-0.053916417863157574,0,nan,nan,nan,nan,nan,nan,nan,nan
13.639812707901001,1789121626.077494,r18_z20_w-20,0,-0.3490658503988659,-1.2709380307605356,1.2485804488902446,0.02235758187029102,0.0,-0.3436117172241211,-1.2762720584869385,1.2593982219696045,0.02147573232650757,0.0015339808305725455,0.1690326621849607,-0.060480857572931965,0.19739037175393923,0.0012517262649713755,0.0027275714185429024,-0.17096332168684591,0.985272823218683,0.10928268985150025,-0.043077277053120824,0.23548904896663053,-0.014358123263712542,0.016577308666636113,-0.8156441469336472,0.5781381000302592,0.1691446717414635,-0.061563625798620354,0.2,0.0,0.06408258997215364,-0.07223567331489653,0.47225772330555166,-0.06333970806250121,0.9732840691033618,-0.21400752813152354,-0.053916417863157574,0,nan,nan,nan,nan,nan,nan,nan,nan
13.645197629928589,1789121626.077494,r18_z20_w-20,0,-0.3490658503988659,-1.2709380307605356,1.2485804488902446,0.02235758187029102,0.0,-0.3436117172241211,-1.2762720584869385,1.2593982219696045,0.02147573232650757,0.0015339808305725455,0.1690326621849607,-0.060480857572931965,0.19739037175393923,0.0012517262649713755,0.0027275714185429024,-0.17096332168684591,0.985272823218683,0.10928268985150025,-0.043077277053120824,0.23548904896663053,-0.014358123263712542,0.016577308666636113,-0.8156441469336472,0.5781381000302592,0.1691446717414635,-0.061563625798620354,0.2,0.0,0.06408258997215364,-0.07223567331489653,0.47225772330555166,-0.06333970806250121,0.9732840691033618,-0.21400752813152354,-0.053916417863157574,0,nan,nan,nan,nan,nan,nan,nan,nan
13.645856618881226,1789121626.110852,r18_z20_w-20,0,-0.3490658503988659,-1.2709380307605356,1.2485804488902446,0.02235758187029102,0.0,-0.3436117172241211,-1.277806043624878,1.2593982219696045,0.02147573232650757,0.0015339808305725455,0.16903156590249177,-0.060480465316766756,0.19739112138459233,0.0012801946135818166,0.0028916407738970805,-0.17096336255620542,0.985272311687922,0.10929408230935983,-0.04307896197706515,0.23550003915450834,-0.014253341336391093,0.016630968817386935,-0.8156295617607551,0.5781597280327488,0.1691446717414635,-0.061563625798620354,0.2,0.0,0.06408221874061423,-0.07223058177994114,0.4722426451838745,-0.0632879930750351,0.9732760099663401,-0.21403283849475965,-0.05402205477775883,0,nan,nan,nan,nan,nan,nan,nan,nan
13.649677991867065,1789121626.110852,r18_z20_w-20,0,-0.3490658503988659,-1.2709380307605356,1.2485804488902446,0.02235758187029102,0.0,-0.3436117172241211,-1.277806043624878,1.2593982219696045,0.02147573232650757,0.0015339808305725455,0.16903156590249177,-0.060480465316766756,0.19739112138459233,0.0012801946135818166,0.0028916407738970805,-0.17096336255620542,0.985272311687922,0.10929408230935983,-0.04307896197706515,0.23550003915450834,-0.014253341336391093,0.016630968817386935,-0.8156295617607551,0.5781597280327488,0.1691446717414635,-0.061563625798620354,0.2,0.0,0.06408221874061423,-0.07223058177994114,0.4722426451838745,-0.0632879930750351,0.9732760099663401,-0.21403283849475965,-0.05402205477775883,0,nan,nan,nan,nan,nan,nan,nan,nan
13.659689903259277,1789121626.110852,r18_z20_w-20,0,-0.3490658503988659,-1.2709380307605356,1.2485804488902446,0.02235758187029102,0.0,-0.3436117172241211,-1.277806043624878,1.2593982219696045,0.02147573232650757,0.0015339808305725455,0.16903156590249177,-0.060480465316766756,0.19739112138459233,0.0012801946135818166,0.0028916407738970805,-0.17096336255620542,0.985272311687922,0.10929408230935983,-0.04307896197706515,0.23550003915450834,-0.014253341336391093,0.016630968817386935,-0.8156295617607551,0.5781597280327488,0.1691446717414635,-0.061563625798620354,0.2,0.0,0.06408221874061423,-0.07223058177994114,0.4722426451838745,-0.0632879930750351,0.9732760099663401,-0.21403283849475965,-0.05402205477775883,0,nan,nan,nan,nan,nan,nan,nan,nan
13.669660329818726,1789121626.110852,r18_z20_w-20,0,-0.3490658503988659,-1.2709380307605356,1.2485804488902446,0.02235758187029102,0.0,-0.3436117172241211,-1.277806043624878,1.2593982219696045,0.02147573232650757,0.0015339808305725455,0.16903156590249177,-0.060480465316766756,0.19739112138459233,0.0012801946135818166,0.0028916407738970805,-0.17096336255620542,0.985272311687922,0.10929408230935983,-0.04307896197706515,0.23550003915450834,-0.014253341336391093,0.016630968817386935,-0.8156295617607551,0.5781597280327488,0.1691446717414635,-0.061563625798620354,0.2,0.0,0.06408221874061423,-0.07223058177994114,0.4722426451838745,-0.0632879930750351,0.9732760099663401,-0.21403283849475965,-0.05402205477775883,0,nan,nan,nan,nan,nan,nan,nan,nan
13.678532123565674,1789121626.110852,r18_z20_w-20,0,-0.3490658503988659,-1.2709380307605356,1.2485804488902446,0.02235758187029102,0.0,-0.3436117172241211,-1.277806043624878,1.2593982219696045,0.02147573232650757,0.0015339808305725455,0.16903156590249177,-0.060480465316766756,0.19739112138459233,0.0012801946135818166,0.0028916407738970805,-0.17096336255620542,0.985272311687922,0.10929408230935983,-0.04307896197706515,0.23550003915450834,-0.014253341336391093,0.016630968817386935,-0.8156295617607551,0.5781597280327488,0.1691446717414635,-0.061563625798620354,0.2,0.0,0.06408221874061423,-0.07223058177994114,0.4722426451838745,-0.0632879930750351,0.9732760099663401,-0.21403283849475965,-0.05402205477775883,0,nan,nan,nan,nan,nan,nan,nan,nan
13.67972731590271,1789121626.1442099,r18_z20_w-20,0,-0.3490658503988659,-1.2709380307605356,1.2485804488902446,0.02235758187029102,0.0,-0.3436117172241211,-1.2762720584869385,1.2593982219696045,0.02147573232650757,0.0015339808305725455,0.16902960534902353,-0.06047976381947301,0.19751767786995367,0.001280194350832406,0.002891639259613853,-0.1709633625558501,0.9852723116927692,0.10928842718471765,-0.04307841934338316,0.2354934912857526,-0.014682873734877247,0.016307134179519817,-0.815470935802942,0.5783819183328701,0.1691446717414635,-0.061563625798620354,0.2,0.0,0.06408219776497452,-0.07223254522448616,0.47225108875638944,-0.06315099792597005,0.9733182315689646,-0.21402839383499503,-0.05343611315234215,0,nan,nan,nan,nan,nan,nan,nan,nan
13.741883993148804,1789121626.1442099,r18_z20_w-20,0,-0.3490658503988659,-1.2709380307605356,1.2485804488902446,0.02235758187029102,0.0,-0.3436117172241211,-1.2762720584869385,1.2593982219696045,0.02147573232650757,0.0015339808305725455,0.16902974073755564,-0.06047981226226756,0.1975414017969744,0.0012674058029297954,0.002817936029506248,-0.17096334478297376,0.9852725448624265,0.10928842718471765,-0.04307841934338316,0.2354934912857526,-0.014682873734877247,0.016307134179519817,-0.815470935802942,0.5783819183328701,0.1691446717414635,-0.061563625798620354,0.2,0.0,0.06408219776497452,-0.07223254522448616,0.47225108875638944,-0.06315099792597005,0.9733182315689646,-0.21402839383499503,-0.05343611315234215,0,nan,nan,nan,nan,nan,nan,nan,nan
13.742543697357178,1789121626.1442099,r18_z20_w-20,0,-0.3490658503988659,-1.2709380307605356,1.2485804488902446,0.02235758187029102,0.0,-0.3436117172241211,-1.2762720584869385,1.2593982219696045,0.02147573232650757,0.0015339808305725455,0.16902974073755564,-0.06047981226226756,0.1975414017969744,0.0012674058029297954,0.002817936029506248,-0.17096334478297376,0.9852725448624265,0.10928842718471765,-0.04307841934338316,0.2354934912857526,-0.014682873734877247,0.016307134179519817,-0.815470935802942,0.5783819183328701,0.1691446717414635,-0.061563625798620354,0.2,0.0,0.06408219776497452,-0.07223254522448616,0.47225108875638944,-0.06315099792597005,0.9733182315689646,-0.21402839383499503,-0.05343611315234215,0,nan,nan,nan,nan,nan,nan,nan,nan
13.743083715438843,1789121626.1775682,r18_z20_w-20,0,-0.3490658503988659,-1.2709380307605356,1.2485804488902446,0.02235758187029102,0.0,-0.3436117172241211,-1.2762720584869385,1.2593982219696045,0.02147573232650757,0.0015339808305725455,0.16903044871769188,-0.060480065581627454,0.19767664476231536,0.0011945022184840439,0.002397777027163529,-0.1709632251937676,0.9852737687877026,0.10932026263722344,-0.04308736014977321,0.23553806949073391,-0.014279405205959174,0.016402706547892172,-0.8156300108692169,0.578164972282435,0.1691446717414635,-0.061563625798620354,0.2,0.0,0.06407596556714147,-0.07222389155551617,0.4721966192774307,-0.06332973122806348,0.9732476469832645,-0.21418976364068892,-0.053861934013418725,0,nan,nan,nan,nan,nan,nan,nan,nan
13.743859767913818,1789121626.1775682,r18_z20_w-20,0,-0.3490658503988659,-1.2709380307605356,1.2485804488902446,0.02235758187029102,0.0,-0.3436117172241211,-1.2762720584869385,1.2593982219696045,0.02147573232650757,0.0015339808305725455,0.16903044871769188,-0.060480065581627454,0.19767664476231536,0.0011945022184840439,0.002397777027163529,-0.1709632251937676,0.9852737687877026,0.10932026263722344,-0.04308736014977321,0.23553806949073391,-0.014279405205959174,0.016402706547892172,-0.8156300108692169,0.578164972282435,0.1691446717414635,-0.061563625798620354,0.2,0.0,0.06407596556714147,-0.07222389155551617,0.4721966192774307,-0.06332973122806348,0.9732476469832645,-0.21418976364068892,-0.053861934013418725,0,nan,nan,nan,nan,nan,nan,nan,nan
13.744272708892822,1789121626.1775682,r18_z20_w-20,0,-0.3490658503988659,-1.2709380307605356,1.2485804488902446,0.02235758187029102,0.0,-0.3436117172241211,-1.2762720584869385,1.2593982219696045,0.02147573232650757,0.0015339808305725455,0.16903044871769188,-0.060480065581627454,0.19767664476231536,0.0011945022184840439,0.002397777027163529,-0.1709632251937676,0.9852737687877026,0.10932026263722344,-0.04308736014977321,0.23553806949073391,-0.014279405205959174,0.016402706547892172,-0.8156300108692169,0.578164972282435,0.1691446717414635,-0.061563625798620354,0.2,0.0,0.06407596556714147,-0.07222389155551617,0.4721966192774307,-0.06332973122806348,0.9732476469832645,-0.21418976364068892,-0.053861934013418725,0,nan,nan,nan,nan,nan,nan,nan,nan
13.74479365348816,1789121626.1775682,r18_z20_w-20,0,-0.3490658503988659,-1.2709380307605356,1.2485804488902446,0.02235758187029102,0.0,-0.3436117172241211,-1.2762720584869385,1.2593982219696045,0.02147573232650757,0.0015339808305725455,0.16903044871769188,-0.060480065581627454,0.19767664476231536,0.0011945022184840439,0.002397777027163529,-0.1709632251937676,0.9852737687877026,0.10932026263722344,-0.04308736014977321,0.23553806949073391,-0.014279405205959174,0.016402706547892172,-0.8156300108692169,0.578164972282435,0.1691446717414635,-0.061563625798620354,0.2,0.0,0.06407596556714147,-0.07222389155551617,0.4721966192774307,-0.06332973122806348,0.9732476469832645,-0.21418976364068892,-0.053861934013418725,0,nan,nan,nan,nan,nan,nan,nan,nan
13.74533724784851,1789121626.1775682,r18_z20_w-20,0,-0.3490658503988659,-1.2709380307605356,1.2485804488902446,0.02235758187029102,0.0,-0.3436117172241211,-1.2762720584869385,1.2593982219696045,0.02147573232650757,0.0015339808305725455,0.16903044871769188,-0.060480065581627454,0.19767664476231536,0.0011945022184840439,0.002397777027163529,-0.1709632251937676,0.9852737687877026,0.10932026263722344,-0.04308736014977321,0.23553806949073391,-0.014279405205959174,0.016402706547892172,-0.8156300108692169,0.578164972282435,0.1691446717414635,-0.061563625798620354,0.2,0.0,0.06407596556714147,-0.07222389155551617,0.4721966192774307,-0.06332973122806348,0.9732476469832645,-0.21418976364068892,-0.053861934013418725,0,nan,nan,nan,nan,nan,nan,nan,nan
13.745849609375,1789121626.1775682,r18_z20_w-20,0,-0.3490658503988659,-1.2709380307605356,1.2485804488902446,0.02235758187029102,0.0,-0.3436117172241211,-1.2762720584869385,1.2593982219696045,0.02147573232650757,0.0015339808305725455,0.16903044871769188,-0.060480065581627454,0.19767664476231536,0.0011945022184840439,0.002397777027163529,-0.1709632251937676,0.9852737687877026,0.10932026263722344,-0.04308736014977321,0.23553806949073391,-0.014279405205959174,0.016402706547892172,-0.8156300108692169,0.578164972282435,0.1691446717414635,-0.061563625798620354,0.2,0.0,0.06407596556714147,-0.07222389155551617,0.4721966192774307,-0.06332973122806348,0.9732476469832645,-0.21418976364068892,-0.053861934013418725,0,nan,nan,nan,nan,nan,nan,nan,nan
13.746387243270874,1789121626.1775682,r18_z20_w-20,0,-0.3490658503988659,-1.2709380307605356,1.2485804488902446,0.02235758187029102,0.0,-0.3436117172241211,-1.2762720584869385,1.2593982219696045,0.02147573232650757,0.0015339808305725455,0.16903044871769188,-0.060480065581627454,0.19767664476231536,0.0011945022184840439,0.002397777027163529,-0.1709632251937676,0.9852737687877026,0.10932026263722344,-0.04308736014977321,0.23553806949073391,-0.014279405205959174,0.016402706547892172,-0.8156300108692169,0.578164972282435,0.1691446717414635,-0.061563625798620354,0.2,0.0,0.06407596556714147,-0.07222389155551617,0.4721966192774307,-0.06332973122806348,0.9732476469832645,-0.21418976364068892,-0.053861934013418725,0,nan,nan,nan,nan,nan,nan,nan,nan
13.74686312675476,1789121626.2109263,r18_z20_w-20,0,-0.3490658503988659,-1.2709380307605356,1.2485804488902446,0.02235758187029102,0.0,-0.3436117172241211,-1.277806043624878,1.2593982219696045,0.023009711876511574,0.0015339808305725455,0.1690308349861202,-0.06048020379069011,0.1977609251474106,0.0011490703925835014,0.0021359440774096515,-0.17096313494476892,0.9852744408894345,0.10931430957612759,-0.043082846153989704,0.23553018923919067,-0.014390854598891464,0.01628282149789419,-0.8155321598167004,0.578303613452907,0.1691446717414635,-0.061563625798620354,0.2,0.0,0.06407988118065941,-0.07222628618058455,0.4722064603749452,-0.06320497839846304,0.9732597445468769,-0.21422114434299924,-0.05366471528456601,0,nan,nan,nan,nan,nan,nan,nan,nan
13.808995008468628,1789121626.2109263,r18_z20_w-20,0,-0.3490658503988659,-1.2709380307605356,1.2485804488902446,0.02235758187029102,0.0,-0.3436117172241211,-1.277806043624878,1.2593982219696045,0.023009711876511574,0.0015339808305725455,0.1690308349861202,-0.06048020379069011,0.1977609251474106,0.0011490703925835014,0.0021359440774096515,-0.17096313494476892,0.9852744408894345,0.10931430957612759,-0.043082846153989704,0.23553018923919067,-0.014390854598891464,0.01628282149789419,-0.8155321598167004,0.578303613452907,0.1691446717414635,-0.061563625798620354,0.2,0.0,0.06407988118065941,-0.07222628618058455,0.4722064603749452,-0.06320497839846304,0.9732597445468769,-0.21422114434299924,-0.05366471528456601,0,nan,nan,nan,nan,nan,nan,nan,nan
13.80981969833374,1789121626.2109263,r18_z20_w-20,0,-0.3490658503988659,-1.2709380307605356,1.2485804488902446,0.02235758187029102,0.0,-0.3436117172241211,-1.277806043624878,1.2593982219696045,0.023009711876511574,0.0015339808305725455,0.1690308349861202,-0.06048020379069011,0.1977609251474106,0.0011490703925835014,0.0021359440774096515,-0.17096313494476892,0.9852744408894345,0.10931430957612759,-0.043082846153989704,0.23553018923919067,-0.014390854598891464,0.01628282149789419,-0.8155321598167004,0.578303613452907,0.1691446717414635,-0.061563625798620354,0.2,0.0,0.06407988118065941,-0.07222628618058455,0.4722064603749452,-0.06320497839846304,0.9732597445468769,-0.21422114434299924,-0.05366471528456601,0,nan,nan,nan,nan,nan,nan,nan,nan
13.810420274734497,1789121626.2442842,r18_z20_w-20,0,-0.3490658503988659,-1.2709380307605356,1.2485804488902446,0.02235758187029102,0.0,-0.3436117172241211,-1.277806043624878,1.2593982219696045,0.02147573232650757,0.0015339808305725455,0.1690308349861202,-0.06048020379069011,0.1977609251474106,0.0011490703925835014,0.0021359440774096515,-0.17096313494476892,0.9852744408894345,0.10927166763084956,-0.04307315650432704,0.2354660117808795,-0.014956566768233535,0.01636534858478517,-0.8155202542205277,0.5783037190199383,0.1691446717414635,-0.061563625798620354,0.2,0.0,0.06408632660951838,-0.07223535526051994,0.4722833185508207,-0.06327345931679151,0.9733662677684516,-0.21381080216937795,-0.05328713721235436,0,nan,nan,nan,nan,nan,nan,nan,nan
13.810983896255493,1789121626.2442842,r18_z20_w-20,0,-0.3490658503988659,-1.2709380307605356,1.2485804488902446,0.02235758187029102,0.0,-0.3436117172241211,-1.277806043624878,1.2593982219696045,0.02147573232650757,0.0015339808305725455,0.1690308349861202,-0.06048020379069011,0.1977609251474106,0.0011490703925835014,0.0021359440774096515,-0.17096313494476892,0.9852744408894345,0.10927166763084956,-0.04307315650432704,0.2354660117808795,-0.014956566768233535,0.01636534858478517,-0.8155202542205277,0.5783037190199383,0.1691446717414635,-0.061563625798620354,0.2,0.0,0.06408632660951838,-0.07223535526051994,0.4722833185508207,-0.06327345931679151,0.9733662677684516,-0.21381080216937795,-0.05328713721235436,0,nan,nan,nan,nan,nan,nan,nan,nan
13.811388731002808,1789121626.2442842,r18_z20_w-20,0,-0.3490658503988659,-1.2709380307605356,1.2485804488902446,0.02235758187029102,0.0,-0.3436117172241211,-1.277806043624878,1.2593982219696045,0.02147573232650757,0.0015339808305725455,0.1690308349861202,-0.06048020379069011,0.1977609251474106,0.0011490703925835014,0.0021359440774096515,-0.17096313494476892,0.9852744408894345,0.10927166763084956,-0.04307315650432704,0.2354660117808795,-0.014956566768233535,0.01636534858478517,-0.8155202542205277,0.5783037190199383,0.1691446717414635,-0.061563625798620354,0.2,0.0,0.06408632660951838,-0.07223535526051994,0.4722833185508207,-0.06327345931679151,0.9733662677684516,-0.21381080216937795,-0.05328713721235436,0,nan,nan,nan,nan,nan,nan,nan,nan
13.812272548675537,1789121626.2442842,r18_z20_w-20,0,-0.3490658503988659,-1.2709380307605356,1.2485804488902446,0.02235758187029102,0.0,-0.3436117172241211,-1.277806043624878,1.2593982219696045,0.02147573232650757,0.0015339808305725455,0.1690308349861202,-0.06048020379069011,0.1977609251474106,0.0011490703925835014,0.0021359440774096515,-0.17096313494476892,0.9852744408894345,0.10927166763084956,-0.04307315650432704,0.2354660117808795,-0.014956566768233535,0.01636534858478517,-0.8155202542205277,0.5783037190199383,0.1691446717414635,-0.061563625798620354,0.2,0.0,0.06408632660951838,-0.07223535526051994,0.4722833185508207,-0.06327345931679151,0.9733662677684516,-0.21381080216937795,-0.05328713721235436,0,nan,nan,nan,nan,nan,nan,nan,nan
13.812716960906982,1789121626.2442842,r18_z20_w-20,0,-0.3490658503988659,-1.2709380307605356,1.2485804488902446,0.02235758187029102,0.0,-0.3436117172241211,-1.277806043624878,1.2593982219696045,0.02147573232650757,0.0015339808305725455,0.1690308349861202,-0.06048020379069011,0.1977609251474106,0.0011490703925835014,0.0021359440774096515,-0.17096313494476892,0.9852744408894345,0.10927166763084956,-0.04307315650432704,0.2354660117808795,-0.014956566768233535,0.01636534858478517,-0.8155202542205277,0.5783037190199383,0.1691446717414635,-0.061563625798620354,0.2,0.0,0.06408632660951838,-0.07223535526051994,0.4722833185508207,-0.06327345931679151,0.9733662677684516,-0.21381080216937795,-0.05328713721235436,0,nan,nan,nan,nan,nan,nan,nan,nan
13.813257217407227,1789121626.2442842,r18_z20_w-20,0,-0.3490658503988659,-1.2709380307605356,1.2485804488902446,0.02235758187029102,0.0,-0.3436117172241211,-1.277806043624878,1.2593982219696045,0.02147573232650757,0.0015339808305725455,0.1690308349861202,-0.06048020379069011,0.1977609251474106,0.0011490703925835014,0.0021359440774096515,-0.17096313494476892,0.9852744408894345,0.10927166763084956,-0.04307315650432704,0.2354660117808795,-0.014956566768233535,0.01636534858478517,-0.8155202542205277,0.5783037190199383,0.1691446717414635,-0.061563625798620354,0.2,0.0,0.06408632660951838,-0.07223535526051994,0.4722833185508207,-0.06327345931679151,0.9733662677684516,-0.21381080216937795,-0.05328713721235436,0,nan,nan,nan,nan,nan,nan,nan,nan
13.813652038574219,1789121626.2442842,r18_z20_w-20,0,-0.3490658503988659,-1.2709380307605356,1.2485804488902446,0.02235758187029102,0.0,-0.3436117172241211,-1.277806043624878,1.2593982219696045,0.02147573232650757,0.0015339808305725455,0.1690308349861202,-0.06048020379069011,0.1977609251474106,0.0011490703925835014,0.0021359440774096515,-0.17096313494476892,0.9852744408894345,0.10927166763084956,-0.04307315650432704,0.2354660117808795,-0.014956566768233535,0.01636534858478517,-0.8155202542205277,0.5783037190199383,0.1691446717414635,-0.061563625798620354,0.2,0.0,0.06408632660951838,-0.07223535526051994,0.4722833185508207,-0.06327345931679151,0.9733662677684516,-0.21381080216937795,-0.05328713721235436,0,nan,nan,nan,nan,nan,nan,nan,nan
13.814135551452637,1789121626.2776423,r18_z20_w-20,0,-0.3490658503988659,-1.2709380307605356,1.2485804488902446,0.02235758187029102,0.0,-0.3436117172241211,-1.2762720584869385,1.2593982219696045,0.02147573232650757,0.0015339808305725455,0.16903124372884745,-0.06048035004118602,0.19752981896883373,0.0012336510323502424,0.0026233999414257566,-0.17096329327738752,0.985273133821088,0.10929833633129221,-0.04308086005644188,0.23550719116904528,-0.014860226948261597,0.016136691981233114,-0.8155411567815952,0.5782831507335197,0.1691446717414635,-0.061563625798620354,0.2,0.0,0.06408060648935299,-0.07222983852471394,0.4722342965949281,-0.06332758757595537,0.9733153299447498,-0.21404157569121018,-0.053226769787172175,0,nan,nan,nan,nan,nan,nan,nan,nan
13.814651727676392,1789121626.2776423,r18_z20_w-20,0,-0.3490658503988659,-1.2709380307605356,1.2485804488902446,0.02235758187029102,0.0,-0.3436117172241211,-1.2762720584869385,1.2593982219696045,0.02147573232650757,0.0015339808305725455,0.16903124372884745,-0.06048035004118602,0.19752981896883373,0.0012336510323502424,0.0026233999414257566,-0.17096329327738752,0.985273133821088,0.10929833633129221,-0.04308086005644188,0.23550719116904528,-0.014860226948261597,0.016136691981233114,-0.8155411567815952,0.5782831507335197,0.1691446717414635,-0.061563625798620354,0.2,0.0,0.06408060648935299,-0.07222983852471394,0.4722342965949281,-0.06332758757595537,0.9733153299447498,-0.21404157569121018,-0.053226769787172175,0,nan,nan,nan,nan,nan,nan,nan,nan
13.819647312164307,1789121626.2776423,r18_z20_w-20,0,-0.3490658503988659,-1.2709380307605356,1.2485804488902446,0.02235758187029102,0.0,-0.3436117172241211,-1.2762720584869385,1.2593982219696045,0.02147573232650757,0.0015339808305725455,0.16903124372884745,-0.06048035004118602,0.19752981896883373,0.0012336510323502424,0.0026233999414257566,-0.17096329327738752,0.985273133821088,0.10929833633129221,-0.04308086005644188,0.23550719116904528,-0.014860226948261597,0.016136691981233114,-0.8155411567815952,0.5782831507335197,0.1691446717414635,-0.061563625798620354,0.2,0.0,0.06408060648935299,-0.07222983852471394,0.4722342965949281,-0.06332758757595537,0.9733153299447498,-0.21404157569121018,-0.053226769787172175,0,nan,nan,nan,nan,nan,nan,nan,nan
13.829644203186035,1789121626.2776423,r18_z20_w-20,0,-0.3490658503988659,-1.2709380307605356,1.2485804488902446,0.02235758187029102,0.0,-0.3436117172241211,-1.2762720584869385,1.2593982219696045,0.02147573232650757,0.0015339808305725455,0.16903124372884745,-0.06048035004118602,0.19752981896883373,0.0012336510323502424,0.0026233999414257566,-0.17096329327738752,0.985273133821088,0.10929833633129221,-0.04308086005644188,0.23550719116904528,-0.014860226948261597,0.016136691981233114,-0.8155411567815952,0.5782831507335197,0.1691446717414635,-0.061563625798620354,0.2,0.0,0.06408060648935299,-0.07222983852471394,0.4722342965949281,-0.06332758757595537,0.9733153299447498,-0.21404157569121018,-0.053226769787172175,0,nan,nan,nan,nan,nan,nan,nan,nan
13.839648723602295,1789121626.2776423,r18_z20_w-20,0,-0.3490658503988659,-1.2709380307605356,1.2485804488902446,0.02235758187029102,0.0,-0.3436117172241211,-1.2762720584869385,1.2593982219696045,0.02147573232650757,0.0015339808305725455,0.16903124372884745,-0.06048035004118602,0.19752981896883373,0.0012336510323502424,0.0026233999414257566,-0.17096329327738752,0.985273133821088,0.10929833633129221,-0.04308086005644188,0.23550719116904528,-0.014860226948261597,0.016136691981233114,-0.8155411567815952,0.5782831507335197,0.1691446717414635,-0.061563625798620354,0.2,0.0,0.06408060648935299,-0.07222983852471394,0.4722342965949281,-0.06332758757595537,0.9733153299447498,-0.21404157569121018,-0.053226769787172175,0,nan,nan,nan,nan,nan,nan,nan,nan
13.849731206893921,1789121626.2776423,r18_z20_w-20,0,-0.3490658503988659,-1.2709380307605356,1.2485804488902446,0.02235758187029102,0.0,-0.3436117172241211,-1.2762720584869385,1.2593982219696045,0.02147573232650757,0.0015339808305725455,0.16903124372884745,-0.06048035004118602,0.19752981896883373,0.0012336510323502424,0.0026233999414257566,-0.17096329327738752,0.985273133821088,0.10929833633129221,-0.04308086005644188,0.23550719116904528,-0.014860226948261597,0.016136691981233114,-0.8155411567815952,0.5782831507335197,0.1691446717414635,-0.061563625798620354,0.2,0.0,0.06408060648935299,-0.07222983852471394,0.4722342965949281,-0.06332758757595537,0.9733153299447498,-0.21404157569121018,-0.053226769787172175,0,nan,nan,nan,nan,nan,nan,nan,nan
13.855401754379272,1789121626.2776423,r18_z20_w-20,0,-0.3490658503988659,-1.2709380307605356,1.2485804488902446,0.02235758187029102,0.0,-0.3436117172241211,-1.2762720584869385,1.2593982219696045,0.02147573232650757,0.0015339808305725455,0.16903124372884745,-0.06048035004118602,0.19752981896883373,0.0012336510323502424,0.0026233999414257566,-0.17096329327738752,0.985273133821088,0.10929833633129221,-0.04308086005644188,0.23550719116904528,-0.014860226948261597,0.016136691981233114,-0.8155411567815952,0.5782831507335197,0.1691446717414635,-0.061563625798620354,0.2,0.0,0.06408060648935299,-0.07222983852471394,0.4722342965949281,-0.06332758757595537,0.9733153299447498,-0.21404157569121018,-0.053226769787172175,0,nan,nan,nan,nan,nan,nan,nan,nan
13.855951309204102,1789121626.3110003,r18_z20_w-20,0,-0.3490658503988659,-1.2709380307605356,1.2485804488902446,0.02235758187029102,0.0,-0.3436117172241211,-1.2762720584869385,1.2593982219696045,0.02147573232650757,0.0015339808305725455,0.16903152399585486,-0.060480450322331326,0.19713153476861658,0.0013794153185657965,0.0034634724951461008,-0.1709634679434267,0.9852703152944431,0.10930260978541917,-0.04308356891554117,0.23551663729640387,-0.014713016203690017,0.01639615505330191,-0.8154643124738333,0.5783879738853808,0.1691446717414635,-0.061563625798620354,0.2,0.0,0.06407803007249024,-0.07222997867690016,0.4722238960140124,-0.06313114005924797,0.9733366777192555,-0.21394294763439792,-0.053465747154298714,0,nan,nan,nan,nan,nan,nan,nan,nan
13.859665155410767,1789121626.3110003,r18_z20_w-20,0,-0.3490658503988659,-1.2709380307605356,1.2485804488902446,0.02235758187029102,0.0,-0.3436117172241211,-1.2762720584869385,1.2593982219696045,0.02147573232650757,0.0015339808305725455,0.16903152399585486,-0.060480450322331326,0.19713153476861658,0.0013794153185657965,0.0034634724951461008,-0.1709634679434267,0.9852703152944431,0.10930260978541917,-0.04308356891554117,0.23551663729640387,-0.014713016203690017,0.01639615505330191,-0.8154643124738333,0.5783879738853808,0.1691446717414635,-0.061563625798620354,0.2,0.0,0.06407803007249024,-0.07222997867690016,0.4722238960140124,-0.06313114005924797,0.9733366777192555,-0.21394294763439792,-0.053465747154298714,0,nan,nan,nan,nan,nan,nan,nan,nan
13.86967134475708,1789121626.3110003,r18_z20_w-20,0,-0.3490658503988659,-1.2709380307605356,1.2485804488902446,0.02235758187029102,0.0,-0.3436117172241211,-1.2762720584869385,1.2593982219696045,0.02147573232650757,0.0015339808305725455,0.16903152399585486,-0.060480450322331326,0.19713153476861658,0.0013794153185657965,0.0034634724951461008,-0.1709634679434267,0.9852703152944431,0.10930260978541917,-0.04308356891554117,0.23551663729640387,-0.014713016203690017,0.01639615505330191,-0.8154643124738333,0.5783879738853808,0.1691446717414635,-0.061563625798620354,0.2,0.0,0.06407803007249024,-0.07222997867690016,0.4722238960140124,-0.06313114005924797,0.9733366777192555,-0.21394294763439792,-0.053465747154298714,0,nan,nan,nan,nan,nan,nan,nan,nan
13.870598793029785,1789121626.3110003,r18_z20_w-20,0,-0.3490658503988659,-1.2709380307605356,1.2485804488902446,0.02235758187029102,0.0,-0.3436117172241211,-1.2762720584869385,1.2593982219696045,0.02147573232650757,0.0015339808305725455,0.16903152399585486,-0.060480450322331326,0.19713153476861658,0.0013794153185657965,0.0034634724951461008,-0.1709634679434267,0.9852703152944431,0.10930260978541917,-0.04308356891554117,0.23551663729640387,-0.014713016203690017,0.01639615505330191,-0.8154643124738333,0.5783879738853808,0.1691446717414635,-0.061563625798620354,0.2,0.0,0.06407803007249024,-0.07222997867690016,0.4722238960140124,-0.06313114005924797,0.9733366777192555,-0.21394294763439792,-0.053465747154298714,0,nan,nan,nan,nan,nan,nan,nan,nan
13.87976884841919,1789121626.3110003,r18_z20_w-20,0,-0.3490658503988659,-1.2709380307605356,1.2485804488902446,0.02235758187029102,0.0,-0.3436117172241211,-1.2762720584869385,1.2593982219696045,0.02147573232650757,0.0015339808305725455,0.16903152399585486,-0.060480450322331326,0.19713153476861658,0.0013794153185657965,0.0034634724951461008,-0.1709634679434267,0.9852703152944431,0.10930260978541917,-0.04308356891554117,0.23551663729640387,-0.014713016203690017,0.01639615505330191,-0.8154643124738333,0.5783879738853808,0.1691446717414635,-0.061563625798620354,0.2,0.0,0.06407803007249024,-0.07222997867690016,0.4722238960140124,-0.06313114005924797,0.9733366777192555,-0.21394294763439792,-0.053465747154298714,0,nan,nan,nan,nan,nan,nan,nan,nan
13.880787134170532,1789121626.3110003,r18_z20_w-20,0,-0.3490658503988659,-1.2709380307605356,1.2485804488902446,0.02235758187029102,0.0,-0.3436117172241211,-1.2762720584869385,1.2593982219696045,0.02147573232650757,0.0015339808305725455,0.16903152399585486,-0.060480450322331326,0.19713153476861658,0.0013794153185657965,0.0034634724951461008,-0.1709634679434267,0.9852703152944431,0.10930260978541917,-0.04308356891554117,0.23551663729640387,-0.014713016203690017,0.01639615505330191,-0.8154643124738333,0.5783879738853808,0.1691446717414635,-0.061563625798620354,0.2,0.0,0.06407803007249024,-0.07222997867690016,0.4722238960140124,-0.06313114005924797,0.9733366777192555,-0.21394294763439792,-0.053465747154298714,0,nan,nan,nan,nan,nan,nan,nan,nan
13.881444692611694,1789121626.3443584,r18_z20_w-20,0,-0.3490658503988659,-1.2709380307605356,1.2485804488902446,0.02235758187029102,0.0,-0.3436117172241211,-1.277806043624878,1.2593982219696045,0.023009711876511574,0.0015339808305725455,0.1689741263134722,-0.06045991310184193,0.19726961592656458,0.0012974095847811588,0.002990854500134513,-0.1709633849700214,0.9852719891062166,0.10934755039476696,-0.04309667291281885,0.23557444107975672,-0.014153551746806877,0.016558530230877163,-0.8156358620261186,0.5781553706629855,0.1691446717414635,-0.061563625798620354,0.2,0.0,0.06406914677654536,-0.07221529509471353,0.4721515210877573,-0.06329220611781321,0.973248440252773,-0.21414869091007308,-0.054054679462435536,0,nan,nan,nan,nan,nan,nan,nan,nan
13.889625310897827,1789121626.3443584,r18_z20_w-20,0,-0.3490658503988659,-1.2709380307605356,1.2485804488902446,0.02235758187029102,0.0,-0.3436117172241211,-1.277806043624878,1.2593982219696045,0.023009711876511574,0.0015339808305725455,0.1689741263134722,-0.06045991310184193,0.19726961592656458,0.0012974095847811588,0.002990854500134513,-0.1709633849700214,0.9852719891062166,0.10934755039476696,-0.04309667291281885,0.23557444107975672,-0.014153551746806877,0.016558530230877163,-0.8156358620261186,0.5781553706629855,0.1691446717414635,-0.061563625798620354,0.2,0.0,0.06406914677654536,-0.07221529509471353,0.4721515210877573,-0.06329220611781321,0.973248440252773,-0.21414869091007308,-0.054054679462435536,0,nan,nan,nan,nan,nan,nan,nan,nan
13.899605751037598,1789121626.3443584,r18_z20_w-20,0,-0.3490658503988659,-1.2709380307605356,1.2485804488902446,0.02235758187029102,0.0,-0.3436117172241211,-1.277806043624878,1.2593982219696045,0.023009711876511574,0.0015339808305725455,0.1689741263134722,-0.06045991310184193,0.19726961592656458,0.0012974095847811588,0.002990854500134513,-0.1709633849700214,0.9852719891062166,0.10934755039476696,-0.04309667291281885,0.23557444107975672,-0.014153551746806877,0.016558530230877163,-0.8156358620261186,0.5781553706629855,0.1691446717414635,-0.061563625798620354,0.2,0.0,0.06406914677654536,-0.07221529509471353,0.4721515210877573,-0.06329220611781321,0.973248440252773,-0.21414869091007308,-0.054054679462435536,0,nan,nan,nan,nan,nan,nan,nan,nan
13.909757614135742,1789121626.3443584,r18_z20_w-20,0,-0.3490658503988659,-1.2709380307605356,1.2485804488902446,0.02235758187029102,0.0,-0.3436117172241211,-1.277806043624878,1.2593982219696045,0.023009711876511574,0.0015339808305725455,0.1689741263134722,-0.06045991310184193,0.19726961592656458,0.0012974095847811588,0.002990854500134513,-0.1709633849700214,0.9852719891062166,0.10934755039476696,-0.04309667291281885,0.23557444107975672,-0.014153551746806877,0.016558530230877163,-0.8156358620261186,0.5781553706629855,0.1691446717414635,-0.061563625798620354,0.2,0.0,0.06406914677654536,-0.07221529509471353,0.4721515210877573,-0.06329220611781321,0.973248440252773,-0.21414869091007308,-0.054054679462435536,0,nan,nan,nan,nan,nan,nan,nan,nan
13.919875383377075,1789121626.3443584,r18_z20_w-20,0,-0.3490658503988659,-1.2709380307605356,1.2485804488902446,0.02235758187029102,0.0,-0.3436117172241211,-1.277806043624878,1.2593982219696045,0.023009711876511574,0.0015339808305725455,0.1689741263134722,-0.06045991310184193,0.19726961592656458,0.0012974095847811588,0.002990854500134513,-0.1709633849700214,0.9852719891062166,0.10934755039476696,-0.04309667291281885,0.23557444107975672,-0.014153551746806877,0.016558530230877163,-0.8156358620261186,0.5781553706629855,0.1691446717414635,-0.061563625798620354,0.2,0.0,0.06406914677654536,-0.07221529509471353,0.4721515210877573,-0.06329220611781321,0.973248440252773,-0.21414869091007308,-0.054054679462435536,0,nan,nan,nan,nan,nan,nan,nan,nan
13.921170711517334,1789121626.3443584,r18_z20_w-20,0,-0.3490658503988659,-1.2709380307605356,1.2485804488902446,0.02235758187029102,0.0,-0.3436117172241211,-1.277806043624878,1.2593982219696045,0.023009711876511574,0.0015339808305725455,0.1689741263134722,-0.06045991310184193,0.19726961592656458,0.0012974095847811588,0.002990854500134513,-0.1709633849700214,0.9852719891062166,0.10934755039476696,-0.04309667291281885,0.23557444107975672,-0.014153551746806877,0.016558530230877163,-0.8156358620261186,0.5781553706629855,0.1691446717414635,-0.061563625798620354,0.2,0.0,0.06406914677654536,-0.07221529509471353,0.4721515210877573,-0.06329220611781321,0.973248440252773,-0.21414869091007308,-0.054054679462435536,0,nan,nan,nan,nan,nan,nan,nan,nan
13.922472476959229,1789121626.3443584,r18_z20_w-20,0,-0.3490658503988659,-1.2709380307605356,1.2485804488902446,0.02235758187029102,0.0,-0.3436117172241211,-1.277806043624878,1.2593982219696045,0.023009711876511574,0.0015339808305725455,0.1689741263134722,-0.06045991310184193,0.19726961592656458,0.0012974095847811588,0.002990854500134513,-0.1709633849700214,0.9852719891062166,0.10934755039476696,-0.04309667291281885,0.23557444107975672,-0.014153551746806877,0.016558530230877163,-0.8156358620261186,0.5781553706629855,0.1691446717414635,-0.061563625798620354,0.2,0.0,0.06406914677654536,-0.07221529509471353,0.4721515210877573,-0.06329220611781321,0.973248440252773,-0.21414869091007308,-0.054054679462435536,0,nan,nan,nan,nan,nan,nan,nan,nan
13.922996759414673,1789121626.3777163,r18_z20_w-20,0,-0.3490658503988659,-1.2709380307605356,1.2485804488902446,0.02235758187029102,0.0,-0.3436117172241211,-1.277806043624878,1.260932207107544,0.02147573232650757,0.0015339808305725455,0.16890026032771524,-0.06043348342779963,0.19755792085566462,0.001151585330704153,0.0021504381743818308,-0.1709631402562917,0.9852744055036606,0.10928342094808163,-0.04307561186714755,0.2354804659053581,-0.01499759586102049,0.015951722152130116,-0.8154588153481126,0.5784008429712252,0.1691446717414635,-0.061563625798620354,0.2,0.0,0.06408500557154052,-0.07223140151808542,0.4722649960573658,-0.06324401633708276,0.9733205208834084,-0.21410479643795952,-0.05297635479216453,0,nan,nan,nan,nan,nan,nan,nan,nan
13.929670333862305,1789121626.3777163,r18_z20_w-20,0,-0.3490658503988659,-1.2709380307605356,1.2485804488902446,0.02235758187029102,0.0,-0.3436117172241211,-1.277806043624878,1.260932207107544,0.02147573232650757,0.0015339808305725455,0.16890026032771524,-0.06043348342779963,0.19755792085566462,0.001151585330704153,0.0021504381743818308,-0.1709631402562917,0.9852744055036606,0.10928342094808163,-0.04307561186714755,0.2354804659053581,-0.01499759586102049,0.015951722152130116,-0.8154588153481126,0.5784008429712252,0.1691446717414635,-0.061563625798620354,0.2,0.0,0.06408500557154052,-0.07223140151808542,0.4722649960573658,-0.06324401633708276,0.9733205208834084,-0.21410479643795952,-0.05297635479216453,0,nan,nan,nan,nan,nan,nan,nan,nan
13.939788818359375,1789121626.3777163,r18_z20_w-20,0,-0.3490658503988659,-1.2709380307605356,1.2485804488902446,0.02235758187029102,0.0,-0.3436117172241211,-1.277806043624878,1.260932207107544,0.02147573232650757,0.0015339808305725455,0.16890026032771524,-0.06043348342779963,0.19755792085566462,0.001151585330704153,0.0021504381743818308,-0.1709631402562917,0.9852744055036606,0.10928342094808163,-0.04307561186714755,0.2354804659053581,-0.01499759586102049,0.015951722152130116,-0.8154588153481126,0.5784008429712252,0.1691446717414635,-0.061563625798620354,0.2,0.0,0.06408500557154052,-0.07223140151808542,0.4722649960573658,-0.06324401633708276,0.9733205208834084,-0.21410479643795952,-0.05297635479216453,0,nan,nan,nan,nan,nan,nan,nan,nan
13.946521043777466,1789121626.3777163,r18_z20_w-20,0,-0.3490658503988659,-1.2709380307605356,1.2485804488902446,0.02235758187029102,0.0,-0.3436117172241211,-1.277806043624878,1.260932207107544,0.02147573232650757,0.0015339808305725455,0.16890026032771524,-0.06043348342779963,0.19755792085566462,0.001151585330704153,0.0021504381743818308,-0.1709631402562917,0.9852744055036606,0.10928342094808163,-0.04307561186714755,0.2354804659053581,-0.01499759586102049,0.015951722152130116,-0.8154588153481126,0.5784008429712252,0.1691446717414635,-0.061563625798620354,0.2,0.0,0.06408500557154052,-0.07223140151808542,0.4722649960573658,-0.06324401633708276,0.9733205208834084,-0.21410479643795952,-0.05297635479216453,0,nan,nan,nan,nan,nan,nan,nan,nan
13.947179317474365,1789121626.4110742,r18_z20_w-20,0,-0.3490658503988659,-1.2709380307605356,1.2485804488902446,0.02235758187029102,0.0,-0.3436117172241211,-1.2762720584869385,1.260932207107544,0.02147573232650757,0.0015339808305725455,0.1689845944583876,-0.06046365866422909,0.19753328480281,0.0012350034694843858,0.002631194327564464,-0.17096329546920597,0.9852731109622093,0.10926142188626498,-0.0430697285527258,0.23545400338571848,-0.014981240053847045,0.016340547432346364,-0.8155316298400644,0.5782877395263265,0.1691446717414635,-0.061563625798620354,0.2,0.0,0.06408869498721304,-0.07223933190153403,0.47229879449350465,-0.06330089237607377,0.9733655282428872,-0.2138133094919966,-0.05325799599043705,0,nan,nan,nan,nan,nan,nan,nan,nan
13.949720859527588,1789121626.4110742,r18_z20_w-20,0,-0.3490658503988659,-1.2709380307605356,1.2485804488902446,0.02235758187029102,0.0,-0.3436117172241211,-1.2762720584869385,1.260932207107544,0.02147573232650757,0.0015339808305725455,0.1689845944583876,-0.06046365866422909,0.19753328480281,0.0012350034694843858,0.002631194327564464,-0.17096329546920597,0.9852731109622093,0.10926142188626498,-0.0430697285527258,0.23545400338571848,-0.014981240053847045,0.016340547432346364,-0.8155316298400644,0.5782877395263265,0.1691446717414635,-0.061563625798620354,0.2,0.0,0.06408869498721304,-0.07223933190153403,0.47229879449350465,-0.06330089237607377,0.9733655282428872,-0.2138133094919966,-0.05325799599043705,0,nan,nan,nan,nan,nan,nan,nan,nan
13.959683179855347,1789121626.4110742,r18_z20_w-20,0,-0.3490658503988659,-1.2709380307605356,1.2485804488902446,0.02235758187029102,0.0,-0.3436117172241211,-1.2762720584869385,1.260932207107544,0.02147573232650757,0.0015339808305725455,0.1689845944583876,-0.06046365866422909,0.19753328480281,0.0012350034694843858,0.002631194327564464,-0.17096329546920597,0.9852731109622093,0.10926142188626498,-0.0430697285527258,0.23545400338571848,-0.014981240053847045,0.016340547432346364,-0.8155316298400644,0.5782877395263265,0.1691446717414635,-0.061563625798620354,0.2,0.0,0.06408869498721304,-0.07223933190153403,0.47229879449350465,-0.06330089237607377,0.9733655282428872,-0.2138133094919966,-0.05325799599043705,0,nan,nan,nan,nan,nan,nan,nan,nan
13.96967625617981,1789121626.4110742,r18_z20_w-20,0,-0.3490658503988659,-1.2709380307605356,1.2485804488902446,0.02235758187029102,0.0,-0.3436117172241211,-1.2762720584869385,1.260932207107544,0.02147573232650757,0.0015339808305725455,0.1689845944583876,-0.06046365866422909,0.19753328480281,0.0012350034694843858,0.002631194327564464,-0.17096329546920597,0.9852731109622093,0.10926142188626498,-0.0430697285527258,0.23545400338571848,-0.014981240053847045,0.016340547432346364,-0.8155316298400644,0.5782877395263265,0.1691446717414635,-0.061563625798620354,0.2,0.0,0.06408869498721304,-0.07223933190153403,0.47229879449350465,-0.06330089237607377,0.9733655282428872,-0.2138133094919966,-0.05325799599043705,0,nan,nan,nan,nan,nan,nan,nan,nan
13.97899079322815,1789121626.4110742,r18_z20_w-20,0,-0.3490658503988659,-1.2709380307605356,1.2485804488902446,0.02235758187029102,0.0,-0.3436117172241211,-1.2762720584869385,1.260932207107544,0.02147573232650757,0.0015339808305725455,0.1689845944583876,-0.06046365866422909,0.19753328480281,0.0012350034694843858,0.002631194327564464,-0.17096329546920597,0.9852731109622093,0.10926142188626498,-0.0430697285527258,0.23545400338571848,-0.014981240053847045,0.016340547432346364,-0.8155316298400644,0.5782877395263265,0.1691446717414635,-0.061563625798620354,0.2,0.0,0.06408869498721304,-0.07223933190153403,0.47229879449350465,-0.06330089237607377,0.9733655282428872,-0.2138133094919966,-0.05325799599043705,0,nan,nan,nan,nan,nan,nan,nan,nan
13.980033874511719,1789121626.4444318,r18_z20_w-20,0,-0.3490658503988659,-1.2709380307605356,1.2485804488902446,0.02235758187029102,0.0,-0.3436117172241211,-1.2762720584869385,1.260932207107544,0.023009711876511574,0.0015339808305725455,0.16902960534902353,-0.06047976381947301,0.19751767786995367,0.001280194350832406,0.002891639259613853,-0.1709633625558501,0.9852723116927692,0.10927760255385094,-0.04307275798507687,0.23547838146712885,-0.014623763835562983,0.016494108908674025,-0.8156202387105803,0.5781675502034741,0.1691446717414635,-0.061563625798620354,0.2,0.0,0.06408688156219439,-0.07223603130594032,0.4722696208774179,-0.06336054258262609,0.9733187314081274,-0.21390903538894074,-0.053656437756171224,0,nan,nan,nan,nan,nan,nan,nan,nan
14.042141437530518,1789121626.4444318,r18_z20_w-20,0,-0.3490658503988659,-1.2709380307605356,1.2485804488902446,0.02235758187029102,0.0,-0.3436117172241211,-1.2762720584869385,1.260932207107544,0.023009711876511574,0.0015339808305725455,0.16902997022778823,-0.060479894375191134,0.19758303035006677,0.0012449656521953362,0.002688608538231598,-0.17096331128468334,0.9852729406815298,0.10927760255385094,-0.04307275798507687,0.23547838146712885,-0.014623763835562983,0.016494108908674025,-0.8156202387105803,0.5781675502034741,0.1691446717414635,-0.061563625798620354,0.2,0.0,0.06408688156219439,-0.07223603130594032,0.4722696208774179,-0.06336054258262609,0.9733187314081274,-0.21390903538894074,-0.053656437756171224,0,nan,nan,nan,nan,nan,nan,nan,nan
14.042810201644897,1789121626.4444318,r18_z20_w-20,0,-0.3490658503988659,-1.2709380307605356,1.2485804488902446,0.02235758187029102,0.0,-0.3436117172241211,-1.2762720584869385,1.260932207107544,0.023009711876511574,0.0015339808305725455,0.16902997022778823,-0.060479894375191134,0.19758303035006677,0.0012449656521953362,0.002688608538231598,-0.17096331128468334,0.9852729406815298,0.10927760255385094,-0.04307275798507687,0.23547838146712885,-0.014623763835562983,0.016494108908674025,-0.8156202387105803,0.5781675502034741,0.1691446717414635,-0.061563625798620354,0.2,0.0,0.06408688156219439,-0.07223603130594032,0.4722696208774179,-0.06336054258262609,0.9733187314081274,-0.21390903538894074,-0.053656437756171224,0,nan,nan,nan,nan,nan,nan,nan,nan
14.043411254882812,1789121626.4777899,r18_z20_w-20,0,-0.3490658503988659,-1.2709380307605356,1.2485804488902446,0.02235758187029102,0.0,-0.3436117172241211,-1.2762720584869385,1.2593982219696045,0.023009711876511574,0.0015339808305725455,0.1690306448444698,-0.060480135756915285,0.19771828773812236,0.0011720543287251151,0.0022684051854234607,-0.17096318211065684,0.9852741095701052,0.10929446144954374,-0.043079771745288487,0.23549964278059154,-0.014731725102531564,0.016291756328053783,-0.8154725771719495,0.5783787952819412,0.1691446717414635,-0.061563625798620354,0.2,0.0,0.06408152552456295,-0.07222990968810218,0.47224280115888134,-0.06316496883810577,0.9733239123784843,-0.2140097655744567,-0.05339071588476639,0,nan,nan,nan,nan,nan,nan,nan,nan
14.044044256210327,1789121626.4777899,r18_z20_w-20,0,-0.3490658503988659,-1.2709380307605356,1.2485804488902446,0.02235758187029102,0.0,-0.3436117172241211,-1.2762720584869385,1.2593982219696045,0.023009711876511574,0.0015339808305725455,0.1690306448444698,-0.060480135756915285,0.19771828773812236,0.0011720543287251151,0.0022684051854234607,-0.17096318211065684,0.9852741095701052,0.10929446144954374,-0.043079771745288487,0.23549964278059154,-0.014731725102531564,0.016291756328053783,-0.8154725771719495,0.5783787952819412,0.1691446717414635,-0.061563625798620354,0.2,0.0,0.06408152552456295,-0.07222990968810218,0.47224280115888134,-0.06316496883810577,0.9733239123784843,-0.2140097655744567,-0.05339071588476639,0,nan,nan,nan,nan,nan,nan,nan,nan
14.044578552246094,1789121626.4777899,r18_z20_w-20,0,-0.3490658503988659,-1.2709380307605356,1.2485804488902446,0.02235758187029102,0.0,-0.3436117172241211,-1.2762720584869385,1.2593982219696045,0.023009711876511574,0.0015339808305725455,0.1690306448444698,-0.060480135756915285,0.19771828773812236,0.0011720543287251151,0.0022684051854234607,-0.17096318211065684,0.9852741095701052,0.10929446144954374,-0.043079771745288487,0.23549964278059154,-0.014731725102531564,0.016291756328053783,-0.8154725771719495,0.5783787952819412,0.1691446717414635,-0.061563625798620354,0.2,0.0,0.06408152552456295,-0.07222990968810218,0.47224280115888134,-0.06316496883810577,0.9733239123784843,-0.2140097655744567,-0.05339071588476639,0,nan,nan,nan,nan,nan,nan,nan,nan
14.045395851135254,1789121626.4777899,r18_z20_w-20,0,-0.3490658503988659,-1.2709380307605356,1.2485804488902446,0.02235758187029102,0.0,-0.3436117172241211,-1.2762720584869385,1.2593982219696045,0.023009711876511574,0.0015339808305725455,0.1690306448444698,-0.060480135756915285,0.19771828773812236,0.0011720543287251151,0.0022684051854234607,-0.17096318211065684,0.9852741095701052,0.10929446144954374,-0.043079771745288487,0.23549964278059154,-0.014731725102531564,0.016291756328053783,-0.8154725771719495,0.5783787952819412,0.1691446717414635,-0.061563625798620354,0.2,0.0,0.06408152552456295,-0.07222990968810218,0.47224280115888134,-0.06316496883810577,0.9733239123784843,-0.2140097655744567,-0.05339071588476639,0,nan,nan,nan,nan,nan,nan,nan,nan
14.045818328857422,1789121626.4777899,r18_z20_w-20,0,-0.3490658503988659,-1.2709380307605356,1.2485804488902446,0.02235758187029102,0.0,-0.3436117172241211,-1.2762720584869385,1.2593982219696045,0.023009711876511574,0.0015339808305725455,0.1690306448444698,-0.060480135756915285,0.19771828773812236,0.0011720543287251151,0.0022684051854234607,-0.17096318211065684,0.9852741095701052,0.10929446144954374,-0.043079771745288487,0.23549964278059154,-0.014731725102531564,0.016291756328053783,-0.8154725771719495,0.5783787952819412,0.1691446717414635,-0.061563625798620354,0.2,0.0,0.06408152552456295,-0.07222990968810218,0.47224280115888134,-0.06316496883810577,0.9733239123784843,-0.2140097655744567,-0.05339071588476639,0,nan,nan,nan,nan,nan,nan,nan,nan
14.04639720916748,1789121626.4777899,r18_z20_w-20,0,-0.3490658503988659,-1.2709380307605356,1.2485804488902446,0.02235758187029102,0.0,-0.3436117172241211,-1.2762720584869385,1.2593982219696045,0.023009711876511574,0.0015339808305725455,0.1690306448444698,-0.060480135756915285,0.19771828773812236,0.0011720543287251151,0.0022684051854234607,-0.17096318211065684,0.9852741095701052,0.10929446144954374,-0.043079771745288487,0.23549964278059154,-0.014731725102531564,0.016291756328053783,-0.8154725771719495,0.5783787952819412,0.1691446717414635,-0.061563625798620354,0.2,0.0,0.06408152552456295,-0.07222990968810218,0.47224280115888134,-0.06316496883810577,0.9733239123784843,-0.2140097655744567,-0.05339071588476639,0,nan,nan,nan,nan,nan,nan,nan,nan
14.0468111038208,1789121626.4777899,r18_z20_w-20,0,-0.3490658503988659,-1.2709380307605356,1.2485804488902446,0.02235758187029102,0.0,-0.3436117172241211,-1.2762720584869385,1.2593982219696045,0.023009711876511574,0.0015339808305725455,0.1690306448444698,-0.060480135756915285,0.19771828773812236,0.0011720543287251151,0.0022684051854234607,-0.17096318211065684,0.9852741095701052,0.10929446144954374,-0.043079771745288487,0.23549964278059154,-0.014731725102531564,0.016291756328053783,-0.8154725771719495,0.5783787952819412,0.1691446717414635,-0.061563625798620354,0.2,0.0,0.06408152552456295,-0.07222990968810218,0.47224280115888134,-0.06316496883810577,0.9733239123784843,-0.2140097655744567,-0.05339071588476639,0,nan,nan,nan,nan,nan,nan,nan,nan
14.047343015670776,1789121626.5111477,r18_z20_w-20,0,-0.3490658503988659,-1.2709380307605356,1.2485804488902446,0.02235758187029102,0.0,-0.3436117172241211,-1.277806043624878,1.2593982219696045,0.023009711876511574,0.0015339808305725455,0.16903040840582229,-0.06048005115780893,0.1976683467060788,0.0011989753353678215,0.00242355653620687,-0.1709632334266023,0.9852736988513304,0.10927877332834557,-0.04307580132080241,0.23547707815079805,-0.014923218048962655,0.016191835175877273,-0.8155500214173144,0.5782674853412721,0.1691446717414635,-0.061563625798620354,0.2,0.0,0.06408421510367722,-0.07223381117958912,0.47227016150360523,-0.06334495406970453,0.9733326385967178,-0.2139600885594943,-0.053217214694790356,0,nan,nan,nan,nan,nan,nan,nan,nan
14.047829866409302,1789121626.5111477,r18_z20_w-20,0,-0.3490658503988659,-1.2709380307605356,1.2485804488902446,0.02235758187029102,0.0,-0.3436117172241211,-1.277806043624878,1.2593982219696045,0.023009711876511574,0.0015339808305725455,0.16903040840582229,-0.06048005115780893,0.1976683467060788,0.0011989753353678215,0.00242355653620687,-0.1709632334266023,0.9852736988513304,0.10927877332834557,-0.04307580132080241,0.23547707815079805,-0.014923218048962655,0.016191835175877273,-0.8155500214173144,0.5782674853412721,0.1691446717414635,-0.061563625798620354,0.2,0.0,0.06408421510367722,-0.07223381117958912,0.47227016150360523,-0.06334495406970453,0.9733326385967178,-0.2139600885594943,-0.053217214694790356,0,nan,nan,nan,nan,nan,nan,nan,nan
14.049701929092407,1789121626.5111477,r18_z20_w-20,0,-0.3490658503988659,-1.2709380307605356,1.2485804488902446,0.02235758187029102,0.0,-0.3436117172241211,-1.277806043624878,1.2593982219696045,0.023009711876511574,0.0015339808305725455,0.16903040840582229,-0.06048005115780893,0.1976683467060788,0.0011989753353678215,0.00242355653620687,-0.1709632334266023,0.9852736988513304,0.10927877332834557,-0.04307580132080241,0.23547707815079805,-0.014923218048962655,0.016191835175877273,-0.8155500214173144,0.5782674853412721,0.1691446717414635,-0.061563625798620354,0.2,0.0,0.06408421510367722,-0.07223381117958912,0.47227016150360523,-0.06334495406970453,0.9733326385967178,-0.2139600885594943,-0.053217214694790356,0,nan,nan,nan,nan,nan,nan,nan,nan
14.059704780578613,1789121626.5111477,r18_z20_w-20,0,-0.3490658503988659,-1.2709380307605356,1.2485804488902446,0.02235758187029102,0.0,-0.3436117172241211,-1.277806043624878,1.2593982219696045,0.023009711876511574,0.0015339808305725455,0.16903040840582229,-0.06048005115780893,0.1976683467060788,0.0011989753353678215,0.00242355653620687,-0.1709632334266023,0.9852736988513304,0.10927877332834557,-0.04307580132080241,0.23547707815079805,-0.014923218048962655,0.016191835175877273,-0.8155500214173144,0.5782674853412721,0.1691446717414635,-0.061563625798620354,0.2,0.0,0.06408421510367722,-0.07223381117958912,0.47227016150360523,-0.06334495406970453,0.9733326385967178,-0.2139600885594943,-0.053217214694790356,0,nan,nan,nan,nan,nan,nan,nan,nan
14.069737195968628,1789121626.5111477,r18_z20_w-20,0,-0.3490658503988659,-1.2709380307605356,1.2485804488902446,0.02235758187029102,0.0,-0.3436117172241211,-1.277806043624878,1.2593982219696045,0.023009711876511574,0.0015339808305725455,0.16903040840582229,-0.06048005115780893,0.1976683467060788,0.0011989753353678215,0.00242355653620687,-0.1709632334266023,0.9852736988513304,0.10927877332834557,-0.04307580132080241,0.23547707815079805,-0.014923218048962655,0.016191835175877273,-0.8155500214173144,0.5782674853412721,0.1691446717414635,-0.061563625798620354,0.2,0.0,0.06408421510367722,-0.07223381117958912,0.47227016150360523,-0.06334495406970453,0.9733326385967178,-0.2139600885594943,-0.053217214694790356,0,nan,nan,nan,nan,nan,nan,nan,nan
14.079305648803711,1789121626.5111477,r18_z20_w-20,0,-0.3490658503988659,-1.2709380307605356,1.2485804488902446,0.02235758187029102,0.0,-0.3436117172241211,-1.277806043624878,1.2593982219696045,0.023009711876511574,0.0015339808305725455,0.16903040840582229,-0.06048005115780893,0.1976683467060788,0.0011989753353678215,0.00242355653620687,-0.1709632334266023,0.9852736988513304,0.10927877332834557,-0.04307580132080241,0.23547707815079805,-0.014923218048962655,0.016191835175877273,-0.8155500214173144,0.5782674853412721,0.1691446717414635,-0.061563625798620354,0.2,0.0,0.06408421510367722,-0.07223381117958912,0.47227016150360523,-0.06334495406970453,0.9733326385967178,-0.2139600885594943,-0.053217214694790356,0,nan,nan,nan,nan,nan,nan,nan,nan
14.080262899398804,1789121626.5445056,r18_z20_w-20,0,-0.3490658503988659,-1.2709380307605356,1.2485804488902446,0.02235758187029102,0.0,-0.3436117172241211,-1.2762720584869385,1.2593982219696045,0.023009711876511574,0.0015339808305725455,0.16902969402622833,-0.06047979554868631,0.19753315022214965,0.0012718538712378218,0.0028435712281326517,-0.17096335107317856,0.9852724643875063,0.1093627402059113,-0.04310395355289082,0.23560198653642495,-0.014484788788053976,0.016299105550934927,-0.8155160831390673,0.578323480582899,0.1691446717414635,-0.061563625798620354,0.2,0.0,0.0640627451756554,-0.07221347008250398,0.47211992711519923,-0.06319230663949073,0.9732793818532882,-0.21415238900240727,-0.05359786866493256,0,nan,nan,nan,nan,nan,nan,nan,nan
14.081015586853027,1789121626.5445056,r18_z20_w-20,0,-0.3490658503988659,-1.2709380307605356,1.2485804488902446,0.02235758187029102,0.0,-0.3436117172241211,-1.2762720584869385,1.2593982219696045,0.023009711876511574,0.0015339808305725455,0.16902969402622833,-0.06047979554868631,0.19753315022214965,0.0012718538712378218,0.0028435712281326517,-0.17096335107317856,0.9852724643875063,0.1093627402059113,-0.04310395355289082,0.23560198653642495,-0.014484788788053976,0.016299105550934927,-0.8155160831390673,0.578323480582899,0.1691446717414635,-0.061563625798620354,0.2,0.0,0.0640627451756554,-0.07221347008250398,0.47211992711519923,-0.06319230663949073,0.9732793818532882,-0.21415238900240727,-0.05359786866493256,0,nan,nan,nan,nan,nan,nan,nan,nan
14.089660167694092,1789121626.5445056,r18_z20_w-20,0,-0.3490658503988659,-1.2709380307605356,1.2485804488902446,0.02235758187029102,0.0,-0.3436117172241211,-1.2762720584869385,1.2593982219696045,0.023009711876511574,0.0015339808305725455,0.16902969402622833,-0.06047979554868631,0.19753315022214965,0.0012718538712378218,0.0028435712281326517,-0.17096335107317856,0.9852724643875063,0.1093627402059113,-0.04310395355289082,0.23560198653642495,-0.014484788788053976,0.016299105550934927,-0.8155160831390673,0.578323480582899,0.1691446717414635,-0.061563625798620354,0.2,0.0,0.0640627451756554,-0.07221347008250398,0.47211992711519923,-0.06319230663949073,0.9732793818532882,-0.21415238900240727,-0.05359786866493256,0,nan,nan,nan,nan,nan,nan,nan,nan
14.09963059425354,1789121626.5445056,r18_z20_w-20,0,-0.3490658503988659,-1.2709380307605356,1.2485804488902446,0.02235758187029102,0.0,-0.3436117172241211,-1.2762720584869385,1.2593982219696045,0.023009711876511574,0.0015339808305725455,0.16902969402622833,-0.06047979554868631,0.19753315022214965,0.0012718538712378218,0.0028435712281326517,-0.17096335107317856,0.9852724643875063,0.1093627402059113,-0.04310395355289082,0.23560198653642495,-0.014484788788053976,0.016299105550934927,-0.8155160831390673,0.578323480582899,0.1691446717414635,-0.061563625798620354,0.2,0.0,0.0640627451756554,-0.07221347008250398,0.47211992711519923,-0.06319230663949073,0.9732793818532882,-0.21415238900240727,-0.05359786866493256,0,nan,nan,nan,nan,nan,nan,nan,nan
14.100502252578735,1789121626.5445056,r18_z20_w-20,0,-0.3490658503988659,-1.2709380307605356,1.2485804488902446,0.02235758187029102,0.0,-0.3436117172241211,-1.2762720584869385,1.2593982219696045,0.023009711876511574,0.0015339808305725455,0.16902969402622833,-0.06047979554868631,0.19753315022214965,0.0012718538712378218,0.0028435712281326517,-0.17096335107317856,0.9852724643875063,0.1093627402059113,-0.04310395355289082,0.23560198653642495,-0.014484788788053976,0.016299105550934927,-0.8155160831390673,0.578323480582899,0.1691446717414635,-0.061563625798620354,0.2,0.0,0.0640627451756554,-0.07221347008250398,0.47211992711519923,-0.06319230663949073,0.9732793818532882,-0.21415238900240727,-0.05359786866493256,0,nan,nan,nan,nan,nan,nan,nan,nan
14.10991096496582,1789121626.5445056,r18_z20_w-20,0,-0.3490658503988659,-1.2709380307605356,1.2485804488902446,0.02235758187029102,0.0,-0.3436117172241211,-1.2762720584869385,1.2593982219696045,0.023009711876511574,0.0015339808305725455,0.16902969402622833,-0.06047979554868631,0.19753315022214965,0.0012718538712378218,0.0028435712281326517,-0.17096335107317856,0.9852724643875063,0.1093627402059113,-0.04310395355289082,0.23560198653642495,-0.014484788788053976,0.016299105550934927,-0.8155160831390673,0.578323480582899,0.1691446717414635,-0.061563625798620354,0.2,0.0,0.0640627451756554,-0.07221347008250398,0.47211992711519923,-0.06319230663949073,0.9732793818532882,-0.21415238900240727,-0.05359786866493256,0,nan,nan,nan,nan,nan,nan,nan,nan
14.112424612045288,1789121626.5445056,r18_z20_w-20,0,-0.3490658503988659,-1.2709380307605356,1.2485804488902446,0.02235758187029102,0.0,-0.3436117172241211,-1.2762720584869385,1.2593982219696045,0.023009711876511574,0.0015339808305725455,0.16902969402622833,-0.06047979554868631,0.19753315022214965,0.0012718538712378218,0.0028435712281326517,-0.17096335107317856,0.9852724643875063,0.1093627402059113,-0.04310395355289082,0.23560198653642495,-0.014484788788053976,0.016299105550934927,-0.8155160831390673,0.578323480582899,0.1691446717414635,-0.061563625798620354,0.2,0.0,0.0640627451756554,-0.07221347008250398,0.47211992711519923,-0.06319230663949073,0.9732793818532882,-0.21415238900240727,-0.05359786866493256,0,nan,nan,nan,nan,nan,nan,nan,nan
14.113051652908325,1789121626.5778635,r18_z20_w-20,0,-0.3490658503988659,-1.2709380307605356,1.2485804488902446,0.02235758187029102,0.0,-0.3436117172241211,-1.2762720584869385,1.2593982219696045,0.023009711876511574,0.0015339808305725455,0.16902960534902353,-0.06047976381947301,0.19751767786995367,0.001280194350832406,0.002891639259613853,-0.1709633625558501,0.9852723116927692,0.10931198360252975,-0.043086055382296484,0.23552580474715318,-0.01464867179512237,0.016462336370787832,-0.8155532390246873,0.5782623299266476,0.1691446717414635,-0.061563625798620354,0.2,0.0,0.0640766373434647,-0.0722256280565179,0.47221135705370704,-0.06325790100142259,0.9733257102918981,-0.2139240805102358,-0.053590926690218005,0,nan,nan,nan,nan,nan,nan,nan,nan
14.119737148284912,1789121626.5778635,r18_z20_w-20,0,-0.3490658503988659,-1.2709380307605356,1.2485804488902446,0.02235758187029102,0.0,-0.3436117172241211,-1.2762720584869385,1.2593982219696045,0.023009711876511574,0.0015339808305725455,0.16902960534902353,-0.06047976381947301,0.19751767786995367,0.001280194350832406,0.002891639259613853,-0.1709633625558501,0.9852723116927692,0.10931198360252975,-0.043086055382296484,0.23552580474715318,-0.01464867179512237,0.016462336370787832,-0.8155532390246873,0.5782623299266476,0.1691446717414635,-0.061563625798620354,0.2,0.0,0.0640766373434647,-0.0722256280565179,0.47221135705370704,-0.06325790100142259,0.9733257102918981,-0.2139240805102358,-0.053590926690218005,0,nan,nan,nan,nan,nan,nan,nan,nan
14.129639148712158,1789121626.5778635,r18_z20_w-20,0,-0.3490658503988659,-1.2709380307605356,1.2485804488902446,0.02235758187029102,0.0,-0.3436117172241211,-1.2762720584869385,1.2593982219696045,0.023009711876511574,0.0015339808305725455,0.16902960534902353,-0.06047976381947301,0.19751767786995367,0.001280194350832406,0.002891639259613853,-0.1709633625558501,0.9852723116927692,0.10931198360252975,-0.043086055382296484,0.23552580474715318,-0.01464867179512237,0.016462336370787832,-0.8155532390246873,0.5782623299266476,0.1691446717414635,-0.061563625798620354,0.2,0.0,0.0640766373434647,-0.0722256280565179,0.47221135705370704,-0.06325790100142259,0.9733257102918981,-0.2139240805102358,-0.053590926690218005,0,nan,nan,nan,nan,nan,nan,nan,nan
14.139796257019043,1789121626.5778635,r18_z20_w-20,0,-0.3490658503988659,-1.2709380307605356,1.2485804488902446,0.02235758187029102,0.0,-0.3436117172241211,-1.2762720584869385,1.2593982219696045,0.023009711876511574,0.0015339808305725455,0.16902960534902353,-0.06047976381947301,0.19751767786995367,0.001280194350832406,0.002891639259613853,-0.1709633625558501,0.9852723116927692,0.10931198360252975,-0.043086055382296484,0.23552580474715318,-0.01464867179512237,0.016462336370787832,-0.8155532390246873,0.5782623299266476,0.1691446717414635,-0.061563625798620354,0.2,0.0,0.0640766373434647,-0.0722256280565179,0.47221135705370704,-0.06325790100142259,0.9733257102918981,-0.2139240805102358,-0.053590926690218005,0,nan,nan,nan,nan,nan,nan,nan,nan
14.14512586593628,1789121626.5778635,r18_z20_w-20,0,-0.3490658503988659,-1.2709380307605356,1.2485804488902446,0.02235758187029102,0.0,-0.3436117172241211,-1.2762720584869385,1.2593982219696045,0.023009711876511574,0.0015339808305725455,0.16902960534902353,-0.06047976381947301,0.19751767786995367,0.001280194350832406,0.002891639259613853,-0.1709633625558501,0.9852723116927692,0.10931198360252975,-0.043086055382296484,0.23552580474715318,-0.01464867179512237,0.016462336370787832,-0.8155532390246873,0.5782623299266476,0.1691446717414635,-0.061563625798620354,0.2,0.0,0.0640766373434647,-0.0722256280565179,0.47221135705370704,-0.06325790100142259,0.9733257102918981,-0.2139240805102358,-0.053590926690218005,0,nan,nan,nan,nan,nan,nan,nan,nan
14.145885705947876,1789121626.6112216,r18_z20_w-20,0,-0.3490658503988659,-1.2709380307605356,1.2485804488902446,0.02235758187029102,0.0,-0.3436117172241211,-1.2762720584869385,1.2593982219696045,0.023009711876511574,0.0015339808305725455,0.16902960534902353,-0.06047976381947301,0.19751767786995367,0.001280194350832406,0.002891639259613853,-0.1709633625558501,0.9852723116927692,0.10935383121122871,-0.04309490400393309,0.23558761552874652,-0.014392412662452139,0.01654222378556954,-0.8156231841024477,0.5781678258469306,0.1691446717414635,-0.061563625798620354,0.2,0.0,0.06407104766693382,-0.07221631743262241,0.4721369785556123,-0.06331633238783267,0.9732870484057595,-0.21401495910942983,-0.05386056754200871,0,nan,nan,nan,nan,nan,nan,nan,nan
14.208168745040894,1789121626.6112216,r18_z20_w-20,0,-0.3490658503988659,-1.2709380307605356,1.2485804488902446,0.02235758187029102,0.0,-0.3436117172241211,-1.2762720584869385,1.2593982219696045,0.023009711876511574,0.0015339808305725455,0.16902960534902353,-0.06047976381947301,0.19751767786995367,0.001280194350832406,0.002891639259613853,-0.1709633625558501,0.9852723116927692,0.10935383121122871,-0.04309490400393309,0.23558761552874652,-0.014392412662452139,0.01654222378556954,-0.8156231841024477,0.5781678258469306,0.1691446717414635,-0.061563625798620354,0.2,0.0,0.06407104766693382,-0.07221631743262241,0.4721369785556123,-0.06331633238783267,0.9732870484057595,-0.21401495910942983,-0.05386056754200871,0,nan,nan,nan,nan,nan,nan,nan,nan
14.208884716033936,1789121626.6112216,r18_z20_w-20,0,-0.3490658503988659,-1.2709380307605356,1.2485804488902446,0.02235758187029102,0.0,-0.3436117172241211,-1.2762720584869385,1.2593982219696045,0.023009711876511574,0.0015339808305725455,0.16902960534902353,-0.06047976381947301,0.19751767786995367,0.001280194350832406,0.002891639259613853,-0.1709633625558501,0.9852723116927692,0.10935383121122871,-0.04309490400393309,0.23558761552874652,-0.014392412662452139,0.01654222378556954,-0.8156231841024477,0.5781678258469306,0.1691446717414635,-0.061563625798620354,0.2,0.0,0.06407104766693382,-0.07221631743262241,0.4721369785556123,-0.06331633238783267,0.9732870484057595,-0.21401495910942983,-0.05386056754200871,0,nan,nan,nan,nan,nan,nan,nan,nan
14.209439992904663,1789121626.6445794,r18_z20_w-20,0,-0.3490658503988659,-1.2709380307605356,1.2485804488902446,0.02235758187029102,0.0,-0.3436117172241211,-1.277806043624878,1.2593982219696045,0.02147573232650757,0.0015339808305725455,0.16902960534902353,-0.06047976381947301,0.19751767786995367,0.001280194350832406,0.002891639259613853,-0.1709633625558501,0.9852723116927692,0.10935380987840099,-0.043097152674917066,0.2355882144191524,-0.014716714469051399,0.016237964773275902,-0.8155434340320338,0.5782807743842918,0.1691446717414635,-0.061563625798620354,0.2,0.0,0.06406879524035441,-0.07221616548258679,0.4721364136381909,-0.06328945499587299,0.9733059143972093,-0.21405311717372424,-0.05339761150041738,0,nan,nan,nan,nan,nan,nan,nan,nan
14.210190534591675,1789121626.6445794,r18_z20_w-20,0,-0.3490658503988659,-1.2709380307605356,1.2485804488902446,0.02235758187029102,0.0,-0.3436117172241211,-1.277806043624878,1.2593982219696045,0.02147573232650757,0.0015339808305725455,0.16902960534902353,-0.06047976381947301,0.19751767786995367,0.001280194350832406,0.002891639259613853,-0.1709633625558501,0.9852723116927692,0.10935380987840099,-0.043097152674917066,0.2355882144191524,-0.014716714469051399,0.016237964773275902,-0.8155434340320338,0.5782807743842918,0.1691446717414635,-0.061563625798620354,0.2,0.0,0.06406879524035441,-0.07221616548258679,0.4721364136381909,-0.06328945499587299,0.9733059143972093,-0.21405311717372424,-0.05339761150041738,0,nan,nan,nan,nan,nan,nan,nan,nan
14.210612058639526,1789121626.6445794,r18_z20_w-20,0,-0.3490658503988659,-1.2709380307605356,1.2485804488902446,0.02235758187029102,0.0,-0.3436117172241211,-1.277806043624878,1.2593982219696045,0.02147573232650757,0.0015339808305725455,0.16902960534902353,-0.06047976381947301,0.19751767786995367,0.001280194350832406,0.002891639259613853,-0.1709633625558501,0.9852723116927692,0.10935380987840099,-0.043097152674917066,0.2355882144191524,-0.014716714469051399,0.016237964773275902,-0.8155434340320338,0.5782807743842918,0.1691446717414635,-0.061563625798620354,0.2,0.0,0.06406879524035441,-0.07221616548258679,0.4721364136381909,-0.06328945499587299,0.9733059143972093,-0.21405311717372424,-0.05339761150041738,0,nan,nan,nan,nan,nan,nan,nan,nan
14.21134877204895,1789121626.6445794,r18_z20_w-20,0,-0.3490658503988659,-1.2709380307605356,1.2485804488902446,0.02235758187029102,0.0,-0.3436117172241211,-1.277806043624878,1.2593982219696045,0.02147573232650757,0.0015339808305725455,0.16902960534902353,-0.06047976381947301,0.19751767786995367,0.001280194350832406,0.002891639259613853,-0.1709633625558501,0.9852723116927692,0.10935380987840099,-0.043097152674917066,0.2355882144191524,-0.014716714469051399,0.016237964773275902,-0.8155434340320338,0.5782807743842918,0.1691446717414635,-0.061563625798620354,0.2,0.0,0.06406879524035441,-0.07221616548258679,0.4721364136381909,-0.06328945499587299,0.9733059143972093,-0.21405311717372424,-0.05339761150041738,0,nan,nan,nan,nan,nan,nan,nan,nan
14.211789608001709,1789121626.6445794,r18_z20_w-20,0,-0.3490658503988659,-1.2709380307605356,1.2485804488902446,0.02235758187029102,0.0,-0.3436117172241211,-1.277806043624878,1.2593982219696045,0.02147573232650757,0.0015339808305725455,0.16902960534902353,-0.06047976381947301,0.19751767786995367,0.001280194350832406,0.002891639259613853,-0.1709633625558501,0.9852723116927692,0.10935380987840099,-0.043097152674917066,0.2355882144191524,-0.014716714469051399,0.016237964773275902,-0.8155434340320338,0.5782807743842918,0.1691446717414635,-0.061563625798620354,0.2,0.0,0.06406879524035441,-0.07221616548258679,0.4721364136381909,-0.06328945499587299,0.9733059143972093,-0.21405311717372424,-0.05339761150041738,0,nan,nan,nan,nan,nan,nan,nan,nan
14.21244764328003,1789121626.6445794,r18_z20_w-20,0,-0.3490658503988659,-1.2709380307605356,1.2485804488902446,0.02235758187029102,0.0,-0.3436117172241211,-1.277806043624878,1.2593982219696045,0.02147573232650757,0.0015339808305725455,0.16902960534902353,-0.06047976381947301,0.19751767786995367,0.001280194350832406,0.002891639259613853,-0.1709633625558501,0.9852723116927692,0.10935380987840099,-0.043097152674917066,0.2355882144191524,-0.014716714469051399,0.016237964773275902,-0.8155434340320338,0.5782807743842918,0.1691446717414635,-0.061563625798620354,0.2,0.0,0.06406879524035441,-0.07221616548258679,0.4721364136381909,-0.06328945499587299,0.9733059143972093,-0.21405311717372424,-0.05339761150041738,0,nan,nan,nan,nan,nan,nan,nan,nan
14.212849378585815,1789121626.6445794,r18_z20_w-20,0,-0.3490658503988659,-1.2709380307605356,1.2485804488902446,0.02235758187029102,0.0,-0.3436117172241211,-1.277806043624878,1.2593982219696045,0.02147573232650757,0.0015339808305725455,0.16902960534902353,-0.06047976381947301,0.19751767786995367,0.001280194350832406,0.002891639259613853,-0.1709633625558501,0.9852723116927692,0.10935380987840099,-0.043097152674917066,0.2355882144191524,-0.014716714469051399,0.016237964773275902,-0.8155434340320338,0.5782807743842918,0.1691446717414635,-0.061563625798620354,0.2,0.0,0.06406879524035441,-0.07221616548258679,0.4721364136381909,-0.06328945499587299,0.9733059143972093,-0.21405311717372424,-0.05339761150041738,0,nan,nan,nan,nan,nan,nan,nan,nan
14.213321447372437,1789121626.6779373,r18_z20_w-20,0,-0.3490658503988659,-1.2709380307605356,1.2485804488902446,0.02235758187029102,0.0,-0.3436117172241211,-1.2762720584869385,1.2593982219696045,0.023009711876511574,0.0015339808305725455,0.16903004643970845,-0.06047992164425402,0.19759728382966277,0.0012372822213034278,0.0026443272651350187,-0.17096329913804945,0.9852730723072937,0.10928225349395465,-0.04307398914159913,0.23548144546559208,-0.014758273682374928,0.01618725946560917,-0.8155490941517405,0.5782731543286312,0.1691446717414635,-0.061563625798620354,0.2,0.0,0.06408630521967432,-0.07223318625457234,0.4722647108276395,-0.06331448318094296,0.9733048833865064,-0.21406538391668797,-0.053337525290459424,0,nan,nan,nan,nan,nan,nan,nan,nan
14.213812589645386,1789121626.6779373,r18_z20_w-20,0,-0.3490658503988659,-1.2709380307605356,1.2485804488902446,0.02235758187029102,0.0,-0.3436117172241211,-1.2762720584869385,1.2593982219696045,0.023009711876511574,0.0015339808305725455,0.16903004643970845,-0.06047992164425402,0.19759728382966277,0.0012372822213034278,0.0026443272651350187,-0.17096329913804945,0.9852730723072937,0.10928225349395465,-0.04307398914159913,0.23548144546559208,-0.014758273682374928,0.01618725946560917,-0.8155490941517405,0.5782731543286312,0.1691446717414635,-0.061563625798620354,0.2,0.0,0.06408630521967432,-0.07223318625457234,0.4722647108276395,-0.06331448318094296,0.9733048833865064,-0.21406538391668797,-0.053337525290459424,0,nan,nan,nan,nan,nan,nan,nan,nan
14.214305877685547,1789121626.6779373,r18_z20_w-20,0,-0.3490658503988659,-1.2709380307605356,1.2485804488902446,0.02235758187029102,0.0,-0.3436117172241211,-1.2762720584869385,1.2593982219696045,0.023009711876511574,0.0015339808305725455,0.16903004643970845,-0.06047992164425402,0.19759728382966277,0.0012372822213034278,0.0026443272651350187,-0.17096329913804945,0.9852730723072937,0.10928225349395465,-0.04307398914159913,0.23548144546559208,-0.014758273682374928,0.01618725946560917,-0.8155490941517405,0.5782731543286312,0.1691446717414635,-0.061563625798620354,0.2,0.0,0.06408630521967432,-0.07223318625457234,0.4722647108276395,-0.06331448318094296,0.9733048833865064,-0.21406538391668797,-0.053337525290459424,0,nan,nan,nan,nan,nan,nan,nan,nan
14.219539880752563,1789121626.6779373,r18_z20_w-20,0,-0.3490658503988659,-1.2709380307605356,1.2485804488902446,0.02235758187029102,0.0,-0.3436117172241211,-1.2762720584869385,1.2593982219696045,0.023009711876511574,0.0015339808305725455,0.16903004643970845,-0.06047992164425402,0.19759728382966277,0.0012372822213034278,0.0026443272651350187,-0.17096329913804945,0.9852730723072937,0.10928225349395465,-0.04307398914159913,0.23548144546559208,-0.014758273682374928,0.01618725946560917,-0.8155490941517405,0.5782731543286312,0.1691446717414635,-0.061563625798620354,0.2,0.0,0.06408630521967432,-0.07223318625457234,0.4722647108276395,-0.06331448318094296,0.9733048833865064,-0.21406538391668797,-0.053337525290459424,0,nan,nan,nan,nan,nan,nan,nan,nan
14.229710102081299,1789121626.6779373,r18_z20_w-20,0,-0.3490658503988659,-1.2709380307605356,1.2485804488902446,0.02235758187029102,0.0,-0.3436117172241211,-1.2762720584869385,1.2593982219696045,0.023009711876511574,0.0015339808305725455,0.16903004643970845,-0.06047992164425402,0.19759728382966277,0.0012372822213034278,0.0026443272651350187,-0.17096329913804945,0.9852730723072937,0.10928225349395465,-0.04307398914159913,0.23548144546559208,-0.014758273682374928,0.01618725946560917,-0.8155490941517405,0.5782731543286312,0.1691446717414635,-0.061563625798620354,0.2,0.0,0.06408630521967432,-0.07223318625457234,0.4722647108276395,-0.06331448318094296,0.9733048833865064,-0.21406538391668797,-0.053337525290459424,0,nan,nan,nan,nan,nan,nan,nan,nan
14.239619255065918,1789121626.6779373,r18_z20_w-20,0,-0.3490658503988659,-1.2709380307605356,1.2485804488902446,0.02235758187029102,0.0,-0.3436117172241211,-1.2762720584869385,1.2593982219696045,0.023009711876511574,0.0015339808305725455,0.16903004643970845,-0.06047992164425402,0.19759728382966277,0.0012372822213034278,0.0026443272651350187,-0.17096329913804945,0.9852730723072937,0.10928225349395465,-0.04307398914159913,0.23548144546559208,-0.014758273682374928,0.01618725946560917,-0.8155490941517405,0.5782731543286312,0.1691446717414635,-0.061563625798620354,0.2,0.0,0.06408630521967432,-0.07223318625457234,0.4722647108276395,-0.06331448318094296,0.9733048833865064,-0.21406538391668797,-0.053337525290459424,0,nan,nan,nan,nan,nan,nan,nan,nan
14.245577573776245,1789121626.6779373,r18_z20_w-20,0,-0.3490658503988659,-1.2709380307605356,1.2485804488902446,0.02235758187029102,0.0,-0.3436117172241211,-1.2762720584869385,1.2593982219696045,0.023009711876511574,0.0015339808305725455,0.16903004643970845,-0.06047992164425402,0.19759728382966277,0.0012372822213034278,0.0026443272651350187,-0.17096329913804945,0.9852730723072937,0.10928225349395465,-0.04307398914159913,0.23548144546559208,-0.014758273682374928,0.01618725946560917,-0.8155490941517405,0.5782731543286312,0.1691446717414635,-0.061563625798620354,0.2,0.0,0.06408630521967432,-0.07223318625457234,0.4722647108276395,-0.06331448318094296,0.9733048833865064,-0.21406538391668797,-0.053337525290459424,0,nan,nan,nan,nan,nan,nan,nan,nan
14.246191501617432,1789121626.711295,r18_z20_w-20,0,-0.3490658503988659,-1.2709380307605356,1.2485804488902446,0.02235758187029102,0.0,-0.3436117172241211,-1.2762720584869385,1.2593982219696045,0.02147573232650757,0.0015339808305725455,0.16903070903026726,-0.06048015872296234,0.1977324126591186,0.0011644402094081784,0.0022245234550925122,-0.17096316682780888,0.9852742213021729,0.10934609859207928,-0.043097925983471036,0.23558039365732675,-0.014355394015783394,0.016270222077847323,-0.8156151297356978,0.5781878264737249,0.1691446717414635,-0.061563625798620354,0.2,0.0,0.06406720026248565,-0.07221905431312443,0.4721469177784276,-0.06333953505758057,0.973242905170606,-0.21424473506527142,-0.05371726287312193,0,nan,nan,nan,nan,nan,nan,nan,nan
14.249668836593628,1789121626.711295,r18_z20_w-20,0,-0.3490658503988659,-1.2709380307605356,1.2485804488902446,0.02235758187029102,0.0,-0.3436117172241211,-1.2762720584869385,1.2593982219696045,0.02147573232650757,0.0015339808305725455,0.16903070903026726,-0.06048015872296234,0.1977324126591186,0.0011644402094081784,0.0022245234550925122,-0.17096316682780888,0.9852742213021729,0.10934609859207928,-0.043097925983471036,0.23558039365732675,-0.014355394015783394,0.016270222077847323,-0.8156151297356978,0.5781878264737249,0.1691446717414635,-0.061563625798620354,0.2,0.0,0.06406720026248565,-0.07221905431312443,0.4721469177784276,-0.06333953505758057,0.973242905170606,-0.21424473506527142,-0.05371726287312193,0,nan,nan,nan,nan,nan,nan,nan,nan
14.259538650512695,1789121626.711295,r18_z20_w-20,0,-0.3490658503988659,-1.2709380307605356,1.2485804488902446,0.02235758187029102,0.0,-0.3436117172241211,-1.2762720584869385,1.2593982219696045,0.02147573232650757,0.0015339808305725455,0.16903070903026726,-0.06048015872296234,0.1977324126591186,0.0011644402094081784,0.0022245234550925122,-0.17096316682780888,0.9852742213021729,0.10934609859207928,-0.043097925983471036,0.23558039365732675,-0.014355394015783394,0.016270222077847323,-0.8156151297356978,0.5781878264737249,0.1691446717414635,-0.061563625798620354,0.2,0.0,0.06406720026248565,-0.07221905431312443,0.4721469177784276,-0.06333953505758057,0.973242905170606,-0.21424473506527142,-0.05371726287312193,0,nan,nan,nan,nan,nan,nan,nan,nan
14.269668102264404,1789121626.711295,r18_z20_w-20,0,-0.3490658503988659,-1.2709380307605356,1.2485804488902446,0.02235758187029102,0.0,-0.3436117172241211,-1.2762720584869385,1.2593982219696045,0.02147573232650757,0.0015339808305725455,0.16903070903026726,-0.06048015872296234,0.1977324126591186,0.0011644402094081784,0.0022245234550925122,-0.17096316682780888,0.9852742213021729,0.10934609859207928,-0.043097925983471036,0.23558039365732675,-0.014355394015783394,0.016270222077847323,-0.8156151297356978,0.5781878264737249,0.1691446717414635,-0.061563625798620354,0.2,0.0,0.06406720026248565,-0.07221905431312443,0.4721469177784276,-0.06333953505758057,0.973242905170606,-0.21424473506527142,-0.05371726287312193,0,nan,nan,nan,nan,nan,nan,nan,nan
14.270609617233276,1789121626.711295,r18_z20_w-20,0,-0.3490658503988659,-1.2709380307605356,1.2485804488902446,0.02235758187029102,0.0,-0.3436117172241211,-1.2762720584869385,1.2593982219696045,0.02147573232650757,0.0015339808305725455,0.16903070903026726,-0.06048015872296234,0.1977324126591186,0.0011644402094081784,0.0022245234550925122,-0.17096316682780888,0.9852742213021729,0.10934609859207928,-0.043097925983471036,0.23558039365732675,-0.014355394015783394,0.016270222077847323,-0.8156151297356978,0.5781878264737249,0.1691446717414635,-0.061563625798620354,0.2,0.0,0.06406720026248565,-0.07221905431312443,0.4721469177784276,-0.06333953505758057,0.973242905170606,-0.21424473506527142,-0.05371726287312193,0,nan,nan,nan,nan,nan,nan,nan,nan
14.27967882156372,1789121626.711295,r18_z20_w-20,0,-0.3490658503988659,-1.2709380307605356,1.2485804488902446,0.02235758187029102,0.0,-0.3436117172241211,-1.2762720584869385,1.2593982219696045,0.02147573232650757,0.0015339808305725455,0.16903070903026726,-0.06048015872296234,0.1977324126591186,0.0011644402094081784,0.0022245234550925122,-0.17096316682780888,0.9852742213021729,0.10934609859207928,-0.043097925983471036,0.23558039365732675,-0.014355394015783394,0.016270222077847323,-0.8156151297356978,0.5781878264737249,0.1691446717414635,-0.061563625798620354,0.2,0.0,0.06406720026248565,-0.07221905431312443,0.4721469177784276,-0.06333953505758057,0.973242905170606,-0.21424473506527142,-0.05371726287312193,0,nan,nan,nan,nan,nan,nan,nan,nan
14.289722204208374,1789121626.711295,r18_z20_w-20,0,-0.3490658503988659,-1.2709380307605356,1.2485804488902446,0.02235758187029102,0.0,-0.3436117172241211,-1.2762720584869385,1.2593982219696045,0.02147573232650757,0.0015339808305725455,0.16903070903026726,-0.06048015872296234,0.1977324126591186,0.0011644402094081784,0.0022245234550925122,-0.17096316682780888,0.9852742213021729,0.10934609859207928,-0.043097925983471036,0.23558039365732675,-0.014355394015783394,0.016270222077847323,-0.8156151297356978,0.5781878264737249,0.1691446717414635,-0.061563625798620354,0.2,0.0,0.06406720026248565,-0.07221905431312443,0.4721469177784276,-0.06333953505758057,0.973242905170606,-0.21424473506527142,-0.05371726287312193,0,nan,nan,nan,nan,nan,nan,nan,nan
14.291284084320068,1789121626.711295,r18_z20_w-20,0,-0.3490658503988659,-1.2709380307605356,1.2485804488902446,0.02235758187029102,0.0,-0.3436117172241211,-1.2762720584869385,1.2593982219696045,0.02147573232650757,0.0015339808305725455,0.16903070903026726,-0.06048015872296234,0.1977324126591186,0.0011644402094081784,0.0022245234550925122,-0.17096316682780888,0.9852742213021729,0.10934609859207928,-0.043097925983471036,0.23558039365732675,-0.014355394015783394,0.016270222077847323,-0.8156151297356978,0.5781878264737249,0.1691446717414635,-0.061563625798620354,0.2,0.0,0.06406720026248565,-0.07221905431312443,0.4721469177784276,-0.06333953505758057,0.973242905170606,-0.21424473506527142,-0.05371726287312193,0,nan,nan,nan,nan,nan,nan,nan,nan
14.29189944267273,1789121626.7446527,r18_z20_w-20,0,-0.3490658503988659,-1.2709380307605356,1.2485804488902446,0.02235758187029102,0.0,-0.3436117172241211,-1.2762720584869385,1.260932207107544,0.023009711876511574,0.0015339808305725455,0.16903083498612023,-0.06048020379069012,0.19776092514741056,0.0011490703925835014,0.0021359440774096515,-0.17096313494476892,0.9852744408894345,0.10923386271974656,-0.04306289721967775,0.2354134209930464,-0.01473973299564716,0.016457087921703844,-0.8155428791926871,0.578274776145784,0.1691446717414635,-0.061563625798620354,0.2,0.0,0.06409335046342027,-0.0722457205569074,0.4723476884296235,-0.0632577447049282,0.9733411356491305,-0.2138728727538574,-0.05351528462149288,0,nan,nan,nan,nan,nan,nan,nan,nan
14.299625635147095,1789121626.7446527,r18_z20_w-20,0,-0.3490658503988659,-1.2709380307605356,1.2485804488902446,0.02235758187029102,0.0,-0.3436117172241211,-1.2762720584869385,1.260932207107544,0.023009711876511574,0.0015339808305725455,0.16903083498612023,-0.06048020379069012,0.19776092514741056,0.0011490703925835014,0.0021359440774096515,-0.17096313494476892,0.9852744408894345,0.10923386271974656,-0.04306289721967775,0.2354134209930464,-0.01473973299564716,0.016457087921703844,-0.8155428791926871,0.578274776145784,0.1691446717414635,-0.061563625798620354,0.2,0.0,0.06409335046342027,-0.0722457205569074,0.4723476884296235,-0.0632577447049282,0.9733411356491305,-0.2138728727538574,-0.05351528462149288,0,nan,nan,nan,nan,nan,nan,nan,nan
14.309661388397217,1789121626.7446527,r18_z20_w-20,0,-0.3490658503988659,-1.2709380307605356,1.2485804488902446,0.02235758187029102,0.0,-0.3436117172241211,-1.2762720584869385,1.260932207107544,0.023009711876511574,0.0015339808305725455,0.16903083498612023,-0.06048020379069012,0.19776092514741056,0.0011490703925835014,0.0021359440774096515,-0.17096313494476892,0.9852744408894345,0.10923386271974656,-0.04306289721967775,0.2354134209930464,-0.01473973299564716,0.016457087921703844,-0.8155428791926871,0.578274776145784,0.1691446717414635,-0.061563625798620354,0.2,0.0,0.06409335046342027,-0.0722457205569074,0.4723476884296235,-0.0632577447049282,0.9733411356491305,-0.2138728727538574,-0.05351528462149288,0,nan,nan,nan,nan,nan,nan,nan,nan
14.319686651229858,1789121626.7446527,r18_z20_w-20,0,-0.3490658503988659,-1.2709380307605356,1.2485804488902446,0.02235758187029102,0.0,-0.3436117172241211,-1.2762720584869385,1.260932207107544,0.023009711876511574,0.0015339808305725455,0.16903083498612023,-0.06048020379069012,0.19776092514741056,0.0011490703925835014,0.0021359440774096515,-0.17096313494476892,0.9852744408894345,0.10923386271974656,-0.04306289721967775,0.2354134209930464,-0.01473973299564716,0.016457087921703844,-0.8155428791926871,0.578274776145784,0.1691446717414635,-0.061563625798620354,0.2,0.0,0.06409335046342027,-0.0722457205569074,0.4723476884296235,-0.0632577447049282,0.9733411356491305,-0.2138728727538574,-0.05351528462149288,0,nan,nan,nan,nan,nan,nan,nan,nan
14.320659399032593,1789121626.7446527,r18_z20_w-20,0,-0.3490658503988659,-1.2709380307605356,1.2485804488902446,0.02235758187029102,0.0,-0.3436117172241211,-1.2762720584869385,1.260932207107544,0.023009711876511574,0.0015339808305725455,0.16903083498612023,-0.06048020379069012,0.19776092514741056,0.0011490703925835014,0.0021359440774096515,-0.17096313494476892,0.9852744408894345,0.10923386271974656,-0.04306289721967775,0.2354134209930464,-0.01473973299564716,0.016457087921703844,-0.8155428791926871,0.578274776145784,0.1691446717414635,-0.061563625798620354,0.2,0.0,0.06409335046342027,-0.0722457205569074,0.4723476884296235,-0.0632577447049282,0.9733411356491305,-0.2138728727538574,-0.05351528462149288,0,nan,nan,nan,nan,nan,nan,nan,nan
14.32234263420105,1789121626.7446527,r18_z20_w-20,0,-0.3490658503988659,-1.2709380307605356,1.2485804488902446,0.02235758187029102,0.0,-0.3436117172241211,-1.2762720584869385,1.260932207107544,0.023009711876511574,0.0015339808305725455,0.16903083498612023,-0.06048020379069012,0.19776092514741056,0.0011490703925835014,0.0021359440774096515,-0.17096313494476892,0.9852744408894345,0.10923386271974656,-0.04306289721967775,0.2354134209930464,-0.01473973299564716,0.016457087921703844,-0.8155428791926871,0.578274776145784,0.1691446717414635,-0.061563625798620354,0.2,0.0,0.06409335046342027,-0.0722457205569074,0.4723476884296235,-0.0632577447049282,0.9733411356491305,-0.2138728727538574,-0.05351528462149288,0,nan,nan,nan,nan,nan,nan,nan,nan
14.322847604751587,1789121626.7780108,r18_z20_w-20,0,-0.3490658503988659,-1.2709380307605356,1.2485804488902446,0.02235758187029102,0.0,-0.3436117172241211,-1.2762720584869385,1.2593982219696045,0.02147573232650757,0.0015339808305725455,0.1690308349861202,-0.06048020379069011,0.1977609251474106,0.0011490703925835014,0.0021359440774096515,-0.17096313494476892,0.9852744408894345,0.10930950432859898,-0.0430835200306587,0.23552824133746014,-0.014803060611178084,0.016161389141781498,-0.8154576294079937,0.5784017060295076,0.1691446717414635,-0.061563625798620354,0.2,0.0,0.06407847806993366,-0.07222940186641551,0.4722104179773534,-0.06317356034354744,0.9733186541781907,-0.21406599103654067,-0.0532508233158819,0,nan,nan,nan,nan,nan,nan,nan,nan
14.329581022262573,1789121626.7780108,r18_z20_w-20,0,-0.3490658503988659,-1.2709380307605356,1.2485804488902446,0.02235758187029102,0.0,-0.3436117172241211,-1.2762720584869385,1.2593982219696045,0.02147573232650757,0.0015339808305725455,0.1690308349861202,-0.06048020379069011,0.1977609251474106,0.0011490703925835014,0.0021359440774096515,-0.17096313494476892,0.9852744408894345,0.10930950432859898,-0.0430835200306587,0.23552824133746014,-0.014803060611178084,0.016161389141781498,-0.8154576294079937,0.5784017060295076,0.1691446717414635,-0.061563625798620354,0.2,0.0,0.06407847806993366,-0.07222940186641551,0.4722104179773534,-0.06317356034354744,0.9733186541781907,-0.21406599103654067,-0.0532508233158819,0,nan,nan,nan,nan,nan,nan,nan,nan
14.339739561080933,1789121626.7780108,r18_z20_w-20,0,-0.3490658503988659,-1.2709380307605356,1.2485804488902446,0.02235758187029102,0.0,-0.3436117172241211,-1.2762720584869385,1.2593982219696045,0.02147573232650757,0.0015339808305725455,0.1690308349861202,-0.06048020379069011,0.1977609251474106,0.0011490703925835014,0.0021359440774096515,-0.17096313494476892,0.9852744408894345,0.10930950432859898,-0.0430835200306587,0.23552824133746014,-0.014803060611178084,0.016161389141781498,-0.8154576294079937,0.5784017060295076,0.1691446717414635,-0.061563625798620354,0.2,0.0,0.06407847806993366,-0.07222940186641551,0.4722104179773534,-0.06317356034354744,0.9733186541781907,-0.21406599103654067,-0.0532508233158819,0,nan,nan,nan,nan,nan,nan,nan,nan
14.34591031074524,1789121626.7780108,r18_z20_w-20,0,-0.3490658503988659,-1.2709380307605356,1.2485804488902446,0.02235758187029102,0.0,-0.3436117172241211,-1.2762720584869385,1.2593982219696045,0.02147573232650757,0.0015339808305725455,0.1690308349861202,-0.06048020379069011,0.1977609251474106,0.0011490703925835014,0.0021359440774096515,-0.17096313494476892,0.9852744408894345,0.10930950432859898,-0.0430835200306587,0.23552824133746014,-0.014803060611178084,0.016161389141781498,-0.8154576294079937,0.5784017060295076,0.1691446717414635,-0.061563625798620354,0.2,0.0,0.06407847806993366,-0.07222940186641551,0.4722104179773534,-0.06317356034354744,0.9733186541781907,-0.21406599103654067,-0.0532508233158819,0,nan,nan,nan,nan,nan,nan,nan,nan
14.346598148345947,1789121626.8113687,r18_z20_w-20,0,-0.3490658503988659,-1.2709380307605356,1.2485804488902446,0.02235758187029102,0.0,-0.3436117172241211,-1.2762720584869385,1.2593982219696045,0.023009711876511574,0.0015339808305725455,0.1690308349861202,-0.06048020379069011,0.1977609251474106,0.0011490703925835014,0.0021359440774096515,-0.17096313494476892,0.9852744408894345,0.10929226252057372,-0.04307985993253578,0.23549496467215952,-0.015063986889650221,0.016072820362541346,-0.8154161440384956,0.5784559212126482,0.1691446717414635,-0.061563625798620354,0.2,0.0,0.06408138535934343,-0.0722296270580174,0.4722479614145004,-0.06316520215616932,0.9733535301177934,-0.21397608006279079,-0.052983957994495415,0,nan,nan,nan,nan,nan,nan,nan,nan
14.349611759185791,1789121626.8113687,r18_z20_w-20,0,-0.3490658503988659,-1.2709380307605356,1.2485804488902446,0.02235758187029102,0.0,-0.3436117172241211,-1.2762720584869385,1.2593982219696045,0.023009711876511574,0.0015339808305725455,0.1690308349861202,-0.06048020379069011,0.1977609251474106,0.0011490703925835014,0.0021359440774096515,-0.17096313494476892,0.9852744408894345,0.10929226252057372,-0.04307985993253578,0.23549496467215952,-0.015063986889650221,0.016072820362541346,-0.8154161440384956,0.5784559212126482,0.1691446717414635,-0.061563625798620354,0.2,0.0,0.06408138535934343,-0.0722296270580174,0.4722479614145004,-0.06316520215616932,0.9733535301177934,-0.21397608006279079,-0.052983957994495415,0,nan,nan,nan,nan,nan,nan,nan,nan
14.359615802764893,1789121626.8113687,r18_z20_w-20,0,-0.3490658503988659,-1.2709380307605356,1.2485804488902446,0.02235758187029102,0.0,-0.3436117172241211,-1.2762720584869385,1.2593982219696045,0.023009711876511574,0.0015339808305725455,0.1690308349861202,-0.06048020379069011,0.1977609251474106,0.0011490703925835014,0.0021359440774096515,-0.17096313494476892,0.9852744408894345,0.10929226252057372,-0.04307985993253578,0.23549496467215952,-0.015063986889650221,0.016072820362541346,-0.8154161440384956,0.5784559212126482,0.1691446717414635,-0.061563625798620354,0.2,0.0,0.06408138535934343,-0.0722296270580174,0.4722479614145004,-0.06316520215616932,0.9733535301177934,-0.21397608006279079,-0.052983957994495415,0,nan,nan,nan,nan,nan,nan,nan,nan
14.369692325592041,1789121626.8113687,r18_z20_w-20,0,-0.3490658503988659,-1.2709380307605356,1.2485804488902446,0.02235758187029102,0.0,-0.3436117172241211,-1.2762720584869385,1.2593982219696045,0.023009711876511574,0.0015339808305725455,0.1690308349861202,-0.06048020379069011,0.1977609251474106,0.0011490703925835014,0.0021359440774096515,-0.17096313494476892,0.9852744408894345,0.10929226252057372,-0.04307985993253578,0.23549496467215952,-0.015063986889650221,0.016072820362541346,-0.8154161440384956,0.5784559212126482,0.1691446717414635,-0.061563625798620354,0.2,0.0,0.06408138535934343,-0.0722296270580174,0.4722479614145004,-0.06316520215616932,0.9733535301177934,-0.21397608006279079,-0.052983957994495415,0,nan,nan,nan,nan,nan,nan,nan,nan
14.379837036132812,1789121626.8113687,r18_z20_w-20,0,-0.3490658503988659,-1.2709380307605356,1.2485804488902446,0.02235758187029102,0.0,-0.3436117172241211,-1.2762720584869385,1.2593982219696045,0.023009711876511574,0.0015339808305725455,0.1690308349861202,-0.06048020379069011,0.1977609251474106,0.0011490703925835014,0.0021359440774096515,-0.17096313494476892,0.9852744408894345,0.10929226252057372,-0.04307985993253578,0.23549496467215952,-0.015063986889650221,0.016072820362541346,-0.8154161440384956,0.5784559212126482,0.1691446717414635,-0.061563625798620354,0.2,0.0,0.06408138535934343,-0.0722296270580174,0.4722479614145004,-0.06316520215616932,0.9733535301177934,-0.21397608006279079,-0.052983957994495415,0,nan,nan,nan,nan,nan,nan,nan,nan
14.381021976470947,1789121626.8113687,r18_z20_w-20,0,-0.3490658503988659,-1.2709380307605356,1.2485804488902446,0.02235758187029102,0.0,-0.3436117172241211,-1.2762720584869385,1.2593982219696045,0.023009711876511574,0.0015339808305725455,0.1690308349861202,-0.06048020379069011,0.1977609251474106,0.0011490703925835014,0.0021359440774096515,-0.17096313494476892,0.9852744408894345,0.10929226252057372,-0.04307985993253578,0.23549496467215952,-0.015063986889650221,0.016072820362541346,-0.8154161440384956,0.5784559212126482,0.1691446717414635,-0.061563625798620354,0.2,0.0,0.06408138535934343,-0.0722296270580174,0.4722479614145004,-0.06316520215616932,0.9733535301177934,-0.21397608006279079,-0.052983957994495415,0,nan,nan,nan,nan,nan,nan,nan,nan
14.389294624328613,1789121626.8113687,r18_z20_w-20,0,-0.3490658503988659,-1.2709380307605356,1.2485804488902446,0.02235758187029102,0.0,-0.3436117172241211,-1.2762720584869385,1.2593982219696045,0.023009711876511574,0.0015339808305725455,0.1690308349861202,-0.06048020379069011,0.1977609251474106,0.0011490703925835014,0.0021359440774096515,-0.17096313494476892,0.9852744408894345,0.10929226252057372,-0.04307985993253578,0.23549496467215952,-0.015063986889650221,0.016072820362541346,-0.8154161440384956,0.5784559212126482,0.1691446717414635,-0.061563625798620354,0.2,0.0,0.06408138535934343,-0.0722296270580174,0.4722479614145004,-0.06316520215616932,0.9733535301177934,-0.21397608006279079,-0.052983957994495415,0,nan,nan,nan,nan,nan,nan,nan,nan
14.389992952346802,1789121626.8447266,r18_z20_w-20,0,-0.3490658503988659,-1.2709380307605356,1.2485804488902446,0.02235758187029102,0.0,-0.3436117172241211,-1.2762720584869385,1.2593982219696045,0.02147573232650757,0.0015339808305725455,0.1690308349861202,-0.06048020379069011,0.1977609251474106,0.0011490703925835014,0.0021359440774096515,-0.17096313494476892,0.9852744408894345,0.10931765920005376,-0.04308667710778041,0.23553356748918391,-0.0144061662538359,0.016435844135552605,-0.8156279076795492,0.578163853605273,0.1691446717414635,-0.061563625798620354,0.2,0.0,0.06407649280560776,-0.07222419333932283,0.47220182920982473,-0.06334363628604632,0.9732735912660505,-0.21408667435374334,-0.053786579648645375,0,nan,nan,nan,nan,nan,nan,nan,nan
14.390690326690674,1789121626.8447266,r18_z20_w-20,0,-0.3490658503988659,-1.2709380307605356,1.2485804488902446,0.02235758187029102,0.0,-0.3436117172241211,-1.2762720584869385,1.2593982219696045,0.02147573232650757,0.0015339808305725455,0.1690308349861202,-0.06048020379069011,0.1977609251474106,0.0011490703925835014,0.0021359440774096515,-0.17096313494476892,0.9852744408894345,0.10931765920005376,-0.04308667710778041,0.23553356748918391,-0.0144061662538359,0.016435844135552605,-0.8156279076795492,0.578163853605273,0.1691446717414635,-0.061563625798620354,0.2,0.0,0.06407649280560776,-0.07222419333932283,0.47220182920982473,-0.06334363628604632,0.9732735912660505,-0.21408667435374334,-0.053786579648645375,0,nan,nan,nan,nan,nan,nan,nan,nan
14.399667263031006,1789121626.8447266,r18_z20_w-20,0,-0.3490658503988659,-1.2709380307605356,1.2485804488902446,0.02235758187029102,0.0,-0.3436117172241211,-1.2762720584869385,1.2593982219696045,0.02147573232650757,0.0015339808305725455,0.1690308349861202,-0.06048020379069011,0.1977609251474106,0.0011490703925835014,0.0021359440774096515,-0.17096313494476892,0.9852744408894345,0.10931765920005376,-0.04308667710778041,0.23553356748918391,-0.0144061662538359,0.016435844135552605,-0.8156279076795492,0.578163853605273,0.1691446717414635,-0.061563625798620354,0.2,0.0,0.06407649280560776,-0.07222419333932283,0.47220182920982473,-0.06334363628604632,0.9732735912660505,-0.21408667435374334,-0.053786579648645375,0,nan,nan,nan,nan,nan,nan,nan,nan
14.409758806228638,1789121626.8447266,r18_z20_w-20,0,-0.3490658503988659,-1.2709380307605356,1.2485804488902446,0.02235758187029102,0.0,-0.3436117172241211,-1.2762720584869385,1.2593982219696045,0.02147573232650757,0.0015339808305725455,0.1690308349861202,-0.06048020379069011,0.1977609251474106,0.0011490703925835014,0.0021359440774096515,-0.17096313494476892,0.9852744408894345,0.10931765920005376,-0.04308667710778041,0.23553356748918391,-0.0144061662538359,0.016435844135552605,-0.8156279076795492,0.578163853605273,0.1691446717414635,-0.061563625798620354,0.2,0.0,0.06407649280560776,-0.07222419333932283,0.47220182920982473,-0.06334363628604632,0.9732735912660505,-0.21408667435374334,-0.053786579648645375,0,nan,nan,nan,nan,nan,nan,nan,nan
14.412118434906006,1789121626.8447266,r18_z20_w-20,0,-0.3490658503988659,-1.2709380307605356,1.2485804488902446,0.02235758187029102,0.0,-0.3436117172241211,-1.2762720584869385,1.2593982219696045,0.02147573232650757,0.0015339808305725455,0.1690308349861202,-0.06048020379069011,0.1977609251474106,0.0011490703925835014,0.0021359440774096515,-0.17096313494476892,0.9852744408894345,0.10931765920005376,-0.04308667710778041,0.23553356748918391,-0.0144061662538359,0.016435844135552605,-0.8156279076795492,0.578163853605273,0.1691446717414635,-0.061563625798620354,0.2,0.0,0.06407649280560776,-0.07222419333932283,0.47220182920982473,-0.06334363628604632,0.9732735912660505,-0.21408667435374334,-0.053786579648645375,0,nan,nan,nan,nan,nan,nan,nan,nan
14.412740707397461,1789121626.8780844,r18_z20_w-20,0,-0.3490658503988659,-1.2709380307605356,1.2485804488902446,0.02235758187029102,0.0,-0.3436117172241211,-1.2762720584869385,1.2593982219696045,0.02147573232650757,0.0015339808305725455,0.1690308349861202,-0.06048020379069011,0.1977609251474106,0.0011490703925835014,0.0021359440774096515,-0.17096313494476892,0.9852744408894345,0.10929245659327314,-0.04308053550747337,0.23549973176334477,-0.014529787219226601,0.016554355912030604,-0.8155691993720169,0.5782401919785493,0.1691446717414635,-0.061563625798620354,0.2,0.0,0.06408039912119132,-0.07223153081528116,0.47224364606206226,-0.06324864600600166,0.9733174633338422,-0.21392613791761572,-0.05374320295102964,0,nan,nan,nan,nan,nan,nan,nan,nan
14.419610261917114,1789121626.8780844,r18_z20_w-20,0,-0.3490658503988659,-1.2709380307605356,1.2485804488902446,0.02235758187029102,0.0,-0.3436117172241211,-1.2762720584869385,1.2593982219696045,0.02147573232650757,0.0015339808305725455,0.1690308349861202,-0.06048020379069011,0.1977609251474106,0.0011490703925835014,0.0021359440774096515,-0.17096313494476892,0.9852744408894345,0.10929245659327314,-0.04308053550747337,0.23549973176334477,-0.014529787219226601,0.016554355912030604,-0.8155691993720169,0.5782401919785493,0.1691446717414635,-0.061563625798620354,0.2,0.0,0.06408039912119132,-0.07223153081528116,0.47224364606206226,-0.06324864600600166,0.9733174633338422,-0.21392613791761572,-0.05374320295102964,0,nan,nan,nan,nan,nan,nan,nan,nan
14.429685831069946,1789121626.8780844,r18_z20_w-20,0,-0.3490658503988659,-1.2709380307605356,1.2485804488902446,0.02235758187029102,0.0,-0.3436117172241211,-1.2762720584869385,1.2593982219696045,0.02147573232650757,0.0015339808305725455,0.1690308349861202,-0.06048020379069011,0.1977609251474106,0.0011490703925835014,0.0021359440774096515,-0.17096313494476892,0.9852744408894345,0.10929245659327314,-0.04308053550747337,0.23549973176334477,-0.014529787219226601,0.016554355912030604,-0.8155691993720169,0.5782401919785493,0.1691446717414635,-0.061563625798620354,0.2,0.0,0.06408039912119132,-0.07223153081528116,0.47224364606206226,-0.06324864600600166,0.9733174633338422,-0.21392613791761572,-0.05374320295102964,0,nan,nan,nan,nan,nan,nan,nan,nan
14.440134286880493,1789121626.8780844,r18_z20_w-20,0,-0.3490658503988659,-1.2709380307605356,1.2485804488902446,0.02235758187029102,0.0,-0.3436117172241211,-1.2762720584869385,1.2593982219696045,0.02147573232650757,0.0015339808305725455,0.1690308349861202,-0.06048020379069011,0.1977609251474106,0.0011490703925835014,0.0021359440774096515,-0.17096313494476892,0.9852744408894345,0.10929245659327314,-0.04308053550747337,0.23549973176334477,-0.014529787219226601,0.016554355912030604,-0.8155691993720169,0.5782401919785493,0.1691446717414635,-0.061563625798620354,0.2,0.0,0.06408039912119132,-0.07223153081528116,0.47224364606206226,-0.06324864600600166,0.9733174633338422,-0.21392613791761572,-0.05374320295102964,0,nan,nan,nan,nan,nan,nan,nan,nan
14.440731287002563,1789121626.8780844,r18_z20_w-20,0,-0.3490658503988659,-1.2709380307605356,1.2485804488902446,0.02235758187029102,0.0,-0.3436117172241211,-1.2762720584869385,1.2593982219696045,0.02147573232650757,0.0015339808305725455,0.1690308349861202,-0.06048020379069011,0.1977609251474106,0.0011490703925835014,0.0021359440774096515,-0.17096313494476892,0.9852744408894345,0.10929245659327314,-0.04308053550747337,0.23549973176334477,-0.014529787219226601,0.016554355912030604,-0.8155691993720169,0.5782401919785493,0.1691446717414635,-0.061563625798620354,0.2,0.0,0.06408039912119132,-0.07223153081528116,0.47224364606206226,-0.06324864600600166,0.9733174633338422,-0.21392613791761572,-0.05374320295102964,0,nan,nan,nan,nan,nan,nan,nan,nan
14.445658206939697,1789121626.8780844,r18_z20_w-20,0,-0.3490658503988659,-1.2709380307605356,1.2485804488902446,0.02235758187029102,0.0,-0.3436117172241211,-1.2762720584869385,1.2593982219696045,0.02147573232650757,0.0015339808305725455,0.1690308349861202,-0.06048020379069011,0.1977609251474106,0.0011490703925835014,0.0021359440774096515,-0.17096313494476892,0.9852744408894345,0.10929245659327314,-0.04308053550747337,0.23549973176334477,-0.014529787219226601,0.016554355912030604,-0.8155691993720169,0.5782401919785493,0.1691446717414635,-0.061563625798620354,0.2,0.0,0.06408039912119132,-0.07223153081528116,0.47224364606206226,-0.06324864600600166,0.9733174633338422,-0.21392613791761572,-0.05374320295102964,0,nan,nan,nan,nan,nan,nan,nan,nan
14.446189403533936,1789121626.9114423,r18_z20_w-20,0,-0.3490658503988659,-1.2709380307605356,1.2485804488902446,0.02235758187029102,0.0,-0.3436117172241211,-1.2762720584869385,1.2593982219696045,0.023009711876511574,0.0015339808305725455,0.16897889664306368,-0.06046161995317391,0.19786711548825853,0.0010985006772515223,0.0018445007875341197,-0.1709630202908329,0.9852751071686239,0.10927400085003341,-0.04307500426508418,0.2354735387551664,-0.014710339760029688,0.016353397785148046,-0.8155266947531885,0.578301290358205,0.1691446717414635,-0.061563625798620354,0.2,0.0,0.06408437953594162,-0.07223645485728511,0.4722755395235722,-0.06324188787401634,0.9733232376721174,-0.21397112896856962,-0.05346676157682441,0,nan,nan,nan,nan,nan,nan,nan,nan
14.449680805206299,1789121626.9114423,r18_z20_w-20,0,-0.3490658503988659,-1.2709380307605356,1.2485804488902446,0.02235758187029102,0.0,-0.3436117172241211,-1.2762720584869385,1.2593982219696045,0.023009711876511574,0.0015339808305725455,0.16897889664306368,-0.06046161995317391,0.19786711548825853,0.0010985006772515223,0.0018445007875341197,-0.1709630202908329,0.9852751071686239,0.10927400085003341,-0.04307500426508418,0.2354735387551664,-0.014710339760029688,0.016353397785148046,-0.8155266947531885,0.578301290358205,0.1691446717414635,-0.061563625798620354,0.2,0.0,0.06408437953594162,-0.07223645485728511,0.4722755395235722,-0.06324188787401634,0.9733232376721174,-0.21397112896856962,-0.05346676157682441,0,nan,nan,nan,nan,nan,nan,nan,nan
14.459606885910034,1789121626.9114423,r18_z20_w-20,0,-0.3490658503988659,-1.2709380307605356,1.2485804488902446,0.02235758187029102,0.0,-0.3436117172241211,-1.2762720584869385,1.2593982219696045,0.023009711876511574,0.0015339808305725455,0.16897889664306368,-0.06046161995317391,0.19786711548825853,0.0010985006772515223,0.0018445007875341197,-0.1709630202908329,0.9852751071686239,0.10927400085003341,-0.04307500426508418,0.2354735387551664,-0.014710339760029688,0.016353397785148046,-0.8155266947531885,0.578301290358205,0.1691446717414635,-0.061563625798620354,0.2,0.0,0.06408437953594162,-0.07223645485728511,0.4722755395235722,-0.06324188787401634,0.9733232376721174,-0.21397112896856962,-0.05346676157682441,0,nan,nan,nan,nan,nan,nan,nan,nan
14.469708681106567,1789121626.9114423,r18_z20_w-20,0,-0.3490658503988659,-1.2709380307605356,1.2485804488902446,0.02235758187029102,0.0,-0.3436117172241211,-1.2762720584869385,1.2593982219696045,0.023009711876511574,0.0015339808305725455,0.16897889664306368,-0.06046161995317391,0.19786711548825853,0.0010985006772515223,0.0018445007875341197,-0.1709630202908329,0.9852751071686239,0.10927400085003341,-0.04307500426508418,0.2354735387551664,-0.014710339760029688,0.016353397785148046,-0.8155266947531885,0.578301290358205,0.1691446717414635,-0.061563625798620354,0.2,0.0,0.06408437953594162,-0.07223645485728511,0.4722755395235722,-0.06324188787401634,0.9733232376721174,-0.21397112896856962,-0.05346676157682441,0,nan,nan,nan,nan,nan,nan,nan,nan
14.479181289672852,1789121626.9114423,r18_z20_w-20,0,-0.3490658503988659,-1.2709380307605356,1.2485804488902446,0.02235758187029102,0.0,-0.3436117172241211,-1.2762720584869385,1.2593982219696045,0.023009711876511574,0.0015339808305725455,0.16897889664306368,-0.06046161995317391,0.19786711548825853,0.0010985006772515223,0.0018445007875341197,-0.1709630202908329,0.9852751071686239,0.10927400085003341,-0.04307500426508418,0.2354735387551664,-0.014710339760029688,0.016353397785148046,-0.8155266947531885,0.578301290358205,0.1691446717414635,-0.061563625798620354,0.2,0.0,0.06408437953594162,-0.07223645485728511,0.4722755395235722,-0.06324188787401634,0.9733232376721174,-0.21397112896856962,-0.05346676157682441,0,nan,nan,nan,nan,nan,nan,nan,nan
14.480087041854858,1789121626.9448004,r18_z20_w-20,0,-0.3490658503988659,-1.2709380307605356,1.2485804488902446,0.02235758187029102,0.0,-0.3436117172241211,-1.277806043624878,1.2593982219696045,0.02147573232650757,0.0015339808305725455,0.16890394649411886,-0.060434802359314796,0.1980200844247938,0.0010256266462844292,0.001424513997467967,-0.1709628287577196,0.9852759156870791,0.10928382304345313,-0.04307749151450352,0.2354841567925759,-0.014573615834973914,0.01638132824344012,-0.8156292037740513,0.578159375741138,0.1691446717414635,-0.061563625798620354,0.2,0.0,0.06408295946551604,-0.07223238796362397,0.4722615092567318,-0.06338451159652225,0.9732933259870397,-0.21402461049157956,-0.05362808389905384,0,nan,nan,nan,nan,nan,nan,nan,nan
14.480819702148438,1789121626.9448004,r18_z20_w-20,0,-0.3490658503988659,-1.2709380307605356,1.2485804488902446,0.02235758187029102,0.0,-0.3436117172241211,-1.277806043624878,1.2593982219696045,0.02147573232650757,0.0015339808305725455,0.16890394649411886,-0.060434802359314796,0.1980200844247938,0.0010256266462844292,0.001424513997467967,-0.1709628287577196,0.9852759156870791,0.10928382304345313,-0.04307749151450352,0.2354841567925759,-0.014573615834973914,0.01638132824344012,-0.8156292037740513,0.578159375741138,0.1691446717414635,-0.061563625798620354,0.2,0.0,0.06408295946551604,-0.07223238796362397,0.4722615092567318,-0.06338451159652225,0.9732933259870397,-0.21402461049157956,-0.05362808389905384,0,nan,nan,nan,nan,nan,nan,nan,nan
14.489648342132568,1789121626.9448004,r18_z20_w-20,0,-0.3490658503988659,-1.2709380307605356,1.2485804488902446,0.02235758187029102,0.0,-0.3436117172241211,-1.277806043624878,1.2593982219696045,0.02147573232650757,0.0015339808305725455,0.16890394649411886,-0.060434802359314796,0.1980200844247938,0.0010256266462844292,0.001424513997467967,-0.1709628287577196,0.9852759156870791,0.10928382304345313,-0.04307749151450352,0.2354841567925759,-0.014573615834973914,0.01638132824344012,-0.8156292037740513,0.578159375741138,0.1691446717414635,-0.061563625798620354,0.2,0.0,0.06408295946551604,-0.07223238796362397,0.4722615092567318,-0.06338451159652225,0.9732933259870397,-0.21402461049157956,-0.05362808389905384,0,nan,nan,nan,nan,nan,nan,nan,nan
14.49957013130188,1789121626.9448004,r18_z20_w-20,0,-0.3490658503988659,-1.2709380307605356,1.2485804488902446,0.02235758187029102,0.0,-0.3436117172241211,-1.277806043624878,1.2593982219696045,0.02147573232650757,0.0015339808305725455,0.16890394649411886,-0.060434802359314796,0.1980200844247938,0.0010256266462844292,0.001424513997467967,-0.1709628287577196,0.9852759156870791,0.10928382304345313,-0.04307749151450352,0.2354841567925759,-0.014573615834973914,0.01638132824344012,-0.8156292037740513,0.578159375741138,0.1691446717414635,-0.061563625798620354,0.2,0.0,0.06408295946551604,-0.07223238796362397,0.4722615092567318,-0.06338451159652225,0.9732933259870397,-0.21402461049157956,-0.05362808389905384,0,nan,nan,nan,nan,nan,nan,nan,nan
14.500465631484985,1789121626.9448004,r18_z20_w-20,0,-0.3490658503988659,-1.2709380307605356,1.2485804488902446,0.02235758187029102,0.0,-0.3436117172241211,-1.277806043624878,1.2593982219696045,0.02147573232650757,0.0015339808305725455,0.16890394649411886,-0.060434802359314796,0.1980200844247938,0.0010256266462844292,0.001424513997467967,-0.1709628287577196,0.9852759156870791,0.10928382304345313,-0.04307749151450352,0.2354841567925759,-0.014573615834973914,0.01638132824344012,-0.8156292037740513,0.578159375741138,0.1691446717414635,-0.061563625798620354,0.2,0.0,0.06408295946551604,-0.07223238796362397,0.4722615092567318,-0.06338451159652225,0.9732933259870397,-0.21402461049157956,-0.05362808389905384,0,nan,nan,nan,nan,nan,nan,nan,nan
14.509960889816284,1789121626.9448004,r18_z20_w-20,0,-0.3490658503988659,-1.2709380307605356,1.2485804488902446,0.02235758187029102,0.0,-0.3436117172241211,-1.277806043624878,1.2593982219696045,0.02147573232650757,0.0015339808305725455,0.16890394649411886,-0.060434802359314796,0.1980200844247938,0.0010256266462844292,0.001424513997467967,-0.1709628287577196,0.9852759156870791,0.10928382304345313,-0.04307749151450352,0.2354841567925759,-0.014573615834973914,0.01638132824344012,-0.8156292037740513,0.578159375741138,0.1691446717414635,-0.061563625798620354,0.2,0.0,0.06408295946551604,-0.07223238796362397,0.4722615092567318,-0.06338451159652225,0.9732933259870397,-0.21402461049157956,-0.05362808389905384,0,nan,nan,nan,nan,nan,nan,nan,nan
14.512431144714355,1789121626.9448004,r18_z20_w-20,0,-0.3490658503988659,-1.2709380307605356,1.2485804488902446,0.02235758187029102,0.0,-0.3436117172241211,-1.277806043624878,1.2593982219696045,0.02147573232650757,0.0015339808305725455,0.16890394649411886,-0.060434802359314796,0.1980200844247938,0.0010256266462844292,0.001424513997467967,-0.1709628287577196,0.9852759156870791,0.10928382304345313,-0.04307749151450352,0.2354841567925759,-0.014573615834973914,0.01638132824344012,-0.8156292037740513,0.578159375741138,0.1691446717414635,-0.061563625798620354,0.2,0.0,0.06408295946551604,-0.07223238796362397,0.4722615092567318,-0.06338451159652225,0.9732933259870397,-0.21402461049157956,-0.05362808389905384,0,nan,nan,nan,nan,nan,nan,nan,nan
14.513219118118286,1789121626.9781582,r18_z20_w-20,0,-0.3490658503988659,-1.2709380307605356,1.2485804488902446,0.02235758187029102,0.0,-0.3436117172241211,-1.2762720584869385,1.260932207107544,0.02147573232650757,0.0015339808305725455,0.16896323000280497,-0.060456014339289085,0.19789911653779643,0.0010832581443164493,0.001756655126904022,-0.17096298279840544,0.9852752910873336,0.10931942587570859,-0.04308857464240609,0.2355358827253728,-0.014554516717786058,0.016447595743329123,-0.8155231667131864,0.578307536862068,0.1691446717414635,-0.061563625798620354,0.2,0.0,0.06407478589574614,-0.07222336084831261,0.47219891793577756,-0.06319301214144886,0.973311371341866,-0.2139961596140694,-0.0536401090932604,0,nan,nan,nan,nan,nan,nan,nan,nan
14.519540071487427,1789121626.9781582,r18_z20_w-20,0,-0.3490658503988659,-1.2709380307605356,1.2485804488902446,0.02235758187029102,0.0,-0.3436117172241211,-1.2762720584869385,1.260932207107544,0.02147573232650757,0.0015339808305725455,0.16896323000280497,-0.060456014339289085,0.19789911653779643,0.0010832581443164493,0.001756655126904022,-0.17096298279840544,0.9852752910873336,0.10931942587570859,-0.04308857464240609,0.2355358827253728,-0.014554516717786058,0.016447595743329123,-0.8155231667131864,0.578307536862068,0.1691446717414635,-0.061563625798620354,0.2,0.0,0.06407478589574614,-0.07222336084831261,0.47219891793577756,-0.06319301214144886,0.973311371341866,-0.2139961596140694,-0.0536401090932604,0,nan,nan,nan,nan,nan,nan,nan,nan
14.52958869934082,1789121626.9781582,r18_z20_w-20,0,-0.3490658503988659,-1.2709380307605356,1.2485804488902446,0.02235758187029102,0.0,-0.3436117172241211,-1.2762720584869385,1.260932207107544,0.02147573232650757,0.0015339808305725455,0.16896323000280497,-0.060456014339289085,0.19789911653779643,0.0010832581443164493,0.001756655126904022,-0.17096298279840544,0.9852752910873336,0.10931942587570859,-0.04308857464240609,0.2355358827253728,-0.014554516717786058,0.016447595743329123,-0.8155231667131864,0.578307536862068,0.1691446717414635,-0.061563625798620354,0.2,0.0,0.06407478589574614,-0.07222336084831261,0.47219891793577756,-0.06319301214144886,0.973311371341866,-0.2139961596140694,-0.0536401090932604,0,nan,nan,nan,nan,nan,nan,nan,nan
14.539700984954834,1789121626.9781582,r18_z20_w-20,0,-0.3490658503988659,-1.2709380307605356,1.2485804488902446,0.02235758187029102,0.0,-0.3436117172241211,-1.2762720584869385,1.260932207107544,0.02147573232650757,0.0015339808305725455,0.16896323000280497,-0.060456014339289085,0.19789911653779643,0.0010832581443164493,0.001756655126904022,-0.17096298279840544,0.9852752910873336,0.10931942587570859,-0.04308857464240609,0.2355358827253728,-0.014554516717786058,0.016447595743329123,-0.8155231667131864,0.578307536862068,0.1691446717414635,-0.061563625798620354,0.2,0.0,0.06407478589574614,-0.07222336084831261,0.47219891793577756,-0.06319301214144886,0.973311371341866,-0.2139961596140694,-0.0536401090932604,0,nan,nan,nan,nan,nan,nan,nan,nan
14.548078775405884,1789121626.9781582,r18_z20_w-20,0,-0.3490658503988659,-1.2709380307605356,1.2485804488902446,0.02235758187029102,0.0,-0.3436117172241211,-1.2762720584869385,1.260932207107544,0.02147573232650757,0.0015339808305725455,0.16896323000280497,-0.060456014339289085,0.19789911653779643,0.0010832581443164493,0.001756655126904022,-0.17096298279840544,0.9852752910873336,0.10931942587570859,-0.04308857464240609,0.2355358827253728,-0.014554516717786058,0.016447595743329123,-0.8155231667131864,0.578307536862068,0.1691446717414635,-0.061563625798620354,0.2,0.0,0.06407478589574614,-0.07222336084831261,0.47219891793577756,-0.06319301214144886,0.973311371341866,-0.2139961596140694,-0.0536401090932604,0,nan,nan,nan,nan,nan,nan,nan,nan
14.548792839050293,1789121627.011516,r18_z20_w-20,0,-0.3490658503988659,-1.2709380307605356,1.2485804488902446,0.02235758187029102,0.0,-0.3436117172241211,-1.2762720584869385,1.2593982219696045,0.02147573232650757,0.0015339808305725455,0.1690308349861202,-0.06048020379069011,0.1977609251474106,0.0011490703925835014,0.0021359440774096515,-0.17096313494476892,0.9852744408894345,0.10928935355341923,-0.04308053869007192,0.23549460402517436,-0.014675694592184657,0.01643957520934346,-0.8154988260150222,0.5783390261112369,0.1691446717414635,-0.061563625798620354,0.2,0.0,0.06408020875580947,-0.07223183808579912,0.4722496286961859,-0.06317529158644357,0.9733329231907073,-0.21392979906275056,-0.05353451446470379,0,nan,nan,nan,nan,nan,nan,nan,nan
14.611033201217651,1789121627.011516,r18_z20_w-20,0,-0.3490658503988659,-1.2709380307605356,1.2485804488902446,0.02235758187029102,0.0,-0.3436117172241211,-1.2762720584869385,1.2593982219696045,0.02147573232650757,0.0015339808305725455,0.1690308349861202,-0.06048020379069011,0.1977609251474106,0.0011490703925835014,0.0021359440774096515,-0.17096313494476892,0.9852744408894345,0.10928935355341923,-0.04308053869007192,0.23549460402517436,-0.014675694592184657,0.01643957520934346,-0.8154988260150222,0.5783390261112369,0.1691446717414635,-0.061563625798620354,0.2,0.0,0.06408020875580947,-0.07223183808579912,0.4722496286961859,-0.06317529158644357,0.9733329231907073,-0.21392979906275056,-0.05353451446470379,0,nan,nan,nan,nan,nan,nan,nan,nan
14.61167287826538,1789121627.011516,r18_z20_w-20,0,-0.3490658503988659,-1.2709380307605356,1.2485804488902446,0.02235758187029102,0.0,-0.3436117172241211,-1.2762720584869385,1.2593982219696045,0.02147573232650757,0.0015339808305725455,0.1690308349861202,-0.06048020379069011,0.1977609251474106,0.0011490703925835014,0.0021359440774096515,-0.17096313494476892,0.9852744408894345,0.10928935355341923,-0.04308053869007192,0.23549460402517436,-0.014675694592184657,0.01643957520934346,-0.8154988260150222,0.5783390261112369,0.1691446717414635,-0.061563625798620354,0.2,0.0,0.06408020875580947,-0.07223183808579912,0.4722496286961859,-0.06317529158644357,0.9733329231907073,-0.21392979906275056,-0.05353451446470379,0,nan,nan,nan,nan,nan,nan,nan,nan
14.612232208251953,1789121627.044874,r18_z20_w-20,0,-0.3490658503988659,-1.2709380307605356,1.2485804488902446,0.02235758187029102,0.0,-0.3436117172241211,-1.2762720584869385,1.260932207107544,0.02147573232650757,0.0015339808305725455,0.1690308349861202,-0.06048020379069011,0.1977609251474106,0.0011490703925835014,0.0021359440774096515,-0.17096313494476892,0.9852744408894345,0.10933329473045444,-0.0430913357678496,0.23555486153935645,-0.014732356107858243,0.016046472691865127,-0.8155088774372504,0.5783344527336205,0.1691446717414635,-0.061563625798620354,0.2,0.0,0.0640732151847348,-0.07221961238618615,0.47217560171343115,-0.06326498315055212,0.9732848617731408,-0.2141918704845513,-0.05325375450170606,0,nan,nan,nan,nan,nan,nan,nan,nan
14.612812519073486,1789121627.044874,r18_z20_w-20,0,-0.3490658503988659,-1.2709380307605356,1.2485804488902446,0.02235758187029102,0.0,-0.3436117172241211,-1.2762720584869385,1.260932207107544,0.02147573232650757,0.0015339808305725455,0.1690308349861202,-0.06048020379069011,0.1977609251474106,0.0011490703925835014,0.0021359440774096515,-0.17096313494476892,0.9852744408894345,0.10933329473045444,-0.0430913357678496,0.23555486153935645,-0.014732356107858243,0.016046472691865127,-0.8155088774372504,0.5783344527336205,0.1691446717414635,-0.061563625798620354,0.2,0.0,0.0640732151847348,-0.07221961238618615,0.47217560171343115,-0.06326498315055212,0.9732848617731408,-0.2141918704845513,-0.05325375450170606,0,nan,nan,nan,nan,nan,nan,nan,nan
14.613233804702759,1789121627.044874,r18_z20_w-20,0,-0.3490658503988659,-1.2709380307605356,1.2485804488902446,0.02235758187029102,0.0,-0.3436117172241211,-1.2762720584869385,1.260932207107544,0.02147573232650757,0.0015339808305725455,0.1690308349861202,-0.06048020379069011,0.1977609251474106,0.0011490703925835014,0.0021359440774096515,-0.17096313494476892,0.9852744408894345,0.10933329473045444,-0.0430913357678496,0.23555486153935645,-0.014732356107858243,0.016046472691865127,-0.8155088774372504,0.5783344527336205,0.1691446717414635,-0.061563625798620354,0.2,0.0,0.0640732151847348,-0.07221961238618615,0.47217560171343115,-0.06326498315055212,0.9732848617731408,-0.2141918704845513,-0.05325375450170606,0,nan,nan,nan,nan,nan,nan,nan,nan
14.613697528839111,1789121627.0782316,r18_z20_w-20,0,-0.3490658503988659,-1.2709380307605356,1.2485804488902446,0.02235758187029102,0.0,-0.3436117172241211,-1.2762720584869385,1.2593982219696045,0.023009711876511574,0.0015339808305725455,0.1690308349861202,-0.06048020379069011,0.1977609251474106,0.0011490703925835014,0.0021359440774096515,-0.17096313494476892,0.9852744408894345,0.10926891112548154,-0.043070345314114744,0.23546251430883536,-0.014732283230054391,0.01643333809939132,-0.8154356798638044,0.5784267950525769,0.1691446717414635,-0.061563625798620354,0.2,0.0,0.06408883470753116,-0.07223667761403357,0.47228775637106224,-0.06308075759191505,0.9733483305669309,-0.2139055759523819,-0.05346260357182569,0,nan,nan,nan,nan,nan,nan,nan,nan
14.67572283744812,1789121627.0782316,r18_z20_w-20,0,-0.3490658503988659,-1.2709380307605356,1.2485804488902446,0.02235758187029102,0.0,-0.3436117172241211,-1.2762720584869385,1.2593982219696045,0.023009711876511574,0.0015339808305725455,0.1690308349861202,-0.06048020379069011,0.1977609251474106,0.0011490703925835014,0.0021359440774096515,-0.17096313494476892,0.9852744408894345,0.10926891112548154,-0.043070345314114744,0.23546251430883536,-0.014732283230054391,0.01643333809939132,-0.8154356798638044,0.5784267950525769,0.1691446717414635,-0.061563625798620354,0.2,0.0,0.06408883470753116,-0.07223667761403357,0.47228775637106224,-0.06308075759191505,0.9733483305669309,-0.2139055759523819,-0.05346260357182569,0,nan,nan,nan,nan,nan,nan,nan,nan
14.676435708999634,1789121627.0782316,r18_z20_w-20,0,-0.3490658503988659,-1.2709380307605356,1.2485804488902446,0.02235758187029102,0.0,-0.3436117172241211,-1.2762720584869385,1.2593982219696045,0.023009711876511574,0.0015339808305725455,0.1690308349861202,-0.06048020379069011,0.1977609251474106,0.0011490703925835014,0.0021359440774096515,-0.17096313494476892,0.9852744408894345,0.10926891112548154,-0.043070345314114744,0.23546251430883536,-0.014732283230054391,0.01643333809939132,-0.8154356798638044,0.5784267950525769,0.1691446717414635,-0.061563625798620354,0.2,0.0,0.06408883470753116,-0.07223667761403357,0.47228775637106224,-0.06308075759191505,0.9733483305669309,-0.2139055759523819,-0.05346260357182569,0,nan,nan,nan,nan,nan,nan,nan,nan
14.677005052566528,1789121627.1115897,r18_z20_w-20,0,-0.3490658503988659,-1.2709380307605356,1.2485804488902446,0.02235758187029102,0.0,-0.3436117172241211,-1.2762720584869385,1.260932207107544,0.02147573232650757,0.0015339808305725455,0.1690308349861202,-0.06048020379069011,0.1977609251474106,0.0011490703925835014,0.0021359440774096515,-0.17096313494476892,0.9852744408894345,0.10930216203536824,-0.04308397318465368,0.23550755763477865,-0.014545589616276354,0.016336707555743003,-0.8155362138546173,0.5782925053125184,0.1691446717414635,-0.061563625798620354,0.2,0.0,0.0640782372248058,-0.07222608363140608,0.47223211732031795,-0.06323091399483718,0.973292590835434,-0.21408449168772975,-0.05358371542766195,0,nan,nan,nan,nan,nan,nan,nan,nan
14.73886752128601,1789121627.1115897,r18_z20_w-20,0,-0.3490658503988659,-1.2709380307605356,1.2485804488902446,0.02235758187029102,0.0,-0.3436117172241211,-1.2762720584869385,1.260932207107544,0.02147573232650757,0.0015339808305725455,0.1690308349861202,-0.06048020379069011,0.1977609251474106,0.0011490703925835014,0.0021359440774096515,-0.17096313494476892,0.9852744408894345,0.10930216203536824,-0.04308397318465368,0.23550755763477865,-0.014545589616276354,0.016336707555743003,-0.8155362138546173,0.5782925053125184,0.1691446717414635,-0.061563625798620354,0.2,0.0,0.0640782372248058,-0.07222608363140608,0.47223211732031795,-0.06323091399483718,0.973292590835434,-0.21408449168772975,-0.05358371542766195,0,nan,nan,nan,nan,nan,nan,nan,nan
14.80053973197937,1789121627.1115897,r18_z20_w-20,0,-0.3490658503988659,-1.2709380307605356,1.2485804488902446,0.02235758187029102,0.0,-0.3436117172241211,-1.2762720584869385,1.260932207107544,0.02147573232650757,0.0015339808305725455,0.1690308349861202,-0.06048020379069011,0.1977609251474106,0.0011490703925835014,0.0021359440774096515,-0.17096313494476892,0.9852744408894345,0.10930216203536824,-0.04308397318465368,0.23550755763477865,-0.014545589616276354,0.016336707555743003,-0.8155362138546173,0.5782925053125184,0.1691446717414635,-0.061563625798620354,0.2,0.0,0.0640782372248058,-0.07222608363140608,0.47223211732031795,-0.06323091399483718,0.973292590835434,-0.21408449168772975,-0.05358371542766195,0,nan,nan,nan,nan,nan,nan,nan,nan
14.862199544906616,1789121627.1783054,r18_z20_w-20,0,-0.3490658503988659,-1.2709380307605356,1.2485804488902446,0.02235758187029102,0.0,-0.3436117172241211,-1.2762720584869385,1.260932207107544,0.02147573232650757,0.0015339808305725455,0.1690308349861202,-0.06048020379069011,0.1977609251474106,0.0011490703925835014,0.0021359440774096515,-0.17096313494476892,0.9852744408894345,0.10936428688814093,-0.0430992548088345,0.23559665387862283,-0.014540454504147371,0.016291615232485054,-0.8155610925486597,0.5782588198867064,0.1691446717414635,-0.061563625798620354,0.2,0.0,0.06406803843434088,-0.07221060146551116,0.47212400879498795,-0.06327882740566751,0.9732825393430296,-0.21411949256606697,-0.053569875073568675,0,nan,nan,nan,nan,nan,nan,nan,nan
14.924062013626099,1789121627.1783054,r18_z20_w-20,0,-0.3490658503988659,-1.2709380307605356,1.2485804488902446,0.02235758187029102,0.0,-0.3436117172241211,-1.2762720584869385,1.260932207107544,0.02147573232650757,0.0015339808305725455,0.1690308349861202,-0.06048020379069011,0.1977609251474106,0.0011490703925835014,0.0021359440774096515,-0.17096313494476892,0.9852744408894345,0.10936428688814093,-0.0430992548088345,0.23559665387862283,-0.014540454504147371,0.016291615232485054,-0.8155610925486597,0.5782588198867064,0.1691446717414635,-0.061563625798620354,0.2,0.0,0.06406803843434088,-0.07221060146551116,0.47212400879498795,-0.06327882740566751,0.9732825393430296,-0.21411949256606697,-0.053569875073568675,0,nan,nan,nan,nan,nan,nan,nan,nan
14.985751390457153,1789121627.1783054,r18_z20_w-20,0,-0.3490658503988659,-1.2709380307605356,1.2485804488902446,0.02235758187029102,0.0,-0.3436117172241211,-1.2762720584869385,1.260932207107544,0.02147573232650757,0.0015339808305725455,0.1690308349861202,-0.06048020379069011,0.1977609251474106,0.0011490703925835014,0.0021359440774096515,-0.17096313494476892,0.9852744408894345,0.10936428688814093,-0.0430992548088345,0.23559665387862283,-0.014540454504147371,0.016291615232485054,-0.8155610925486597,0.5782588198867064,0.1691446717414635,-0.061563625798620354,0.2,0.0,0.06406803843434088,-0.07221060146551116,0.47212400879498795,-0.06327882740566751,0.9732825393430296,-0.21411949256606697,-0.053569875073568675,0,nan,nan,nan,nan,nan,nan,nan,nan
15.047423601150513,1789121627.3784523,r18_z20_w-20,0,-0.3490658503988659,-1.2709380307605356,1.2485804488902446,0.02235758187029102,0.0,-0.3436117172241211,-1.2762720584869385,1.260932207107544,0.02147573232650757,0.0015339808305725455,0.1690308349861202,-0.06048020379069011,0.1977609251474106,0.0011490703925835014,0.0021359440774096515,-0.17096313494476892,0.9852744408894345,0.10931753804827948,-0.04308973148969367,0.23553118766978048,-0.014668482727082901,0.016259498057542288,-0.8155309645404616,0.5782989799516394,0.1691446717414635,-0.061563625798620354,0.2,0.0,0.06407365757867672,-0.07222258895260697,0.4722039256111539,-0.06325648711464554,0.9733024135346063,-0.21406771880169628,-0.05344193496368582,0,nan,nan,nan,nan,nan,nan,nan,nan
15.109899520874023,1789121627.3784523,r18_z20_w-20,0,-0.3490658503988659,-1.2709380307605356,1.2485804488902446,0.02235758187029102,0.0,-0.3436117172241211,-1.2762720584869385,1.260932207107544,0.02147573232650757,0.0015339808305725455,0.16889898247520466,-0.06043302620483046,0.19756289247508738,0.0011490703925834823,0.0021359440774095426,-0.17096313494476892,0.9852744408894345,0.10931753804827948,-0.04308973148969367,0.23553118766978048,-0.014668482727082901,0.016259498057542288,-0.8155309645404616,0.5782989799516394,0.1691446717414635,-0.061563625798620354,0.2,0.0,0.06407365757867672,-0.07222258895260697,0.4722039256111539,-0.06325648711464554,0.9733024135346063,-0.21406771880169628,-0.05344193496368582,0,nan,nan,nan,nan,nan,nan,nan,nan
15.171608924865723,1789121627.3784523,r18_z20_w-20,0,-0.3490658503988659,-1.2709380307605356,1.2485804488902446,0.02235758187029102,0.0,-0.3436117172241211,-1.2762720584869385,1.260932207107544,0.02147573232650757,0.0015339808305725455,0.16889898247520466,-0.06043302620483046,0.19756289247508738,0.0011490703925834823,0.0021359440774095426,-0.17096313494476892,0.9852744408894345,0.10931753804827948,-0.04308973148969367,0.23553118766978048,-0.014668482727082901,0.016259498057542288,-0.8155309645404616,0.5782989799516394,0.1691446717414635,-0.061563625798620354,0.2,0.0,0.06407365757867672,-0.07222258895260697,0.4722039256111539,-0.06325648711464554,0.9733024135346063,-0.21406771880169628,-0.05344193496368582,0,nan,nan,nan,nan,nan,nan,nan,nan
15.233445167541504,1789121627.54524,r18_z20_w-20,0,-0.3490658503988659,-1.2709380307605356,1.2485804488902446,0.02235758187029102,0.0,-0.3436117172241211,-1.2762720584869385,1.2593982219696045,0.02147573232650757,0.0015339808305725455,0.16889898247520466,-0.06043302620483046,0.19756289247508738,0.0011490703925834823,0.0021359440774095426,-0.17096313494476892,0.9852744408894345,0.10929025142339671,-0.043077111299540755,0.23549514341923794,-0.014504989679309663,0.01653997171273818,-0.8156609690490008,0.578111769626073,0.1691446717414635,-0.061563625798620354,0.2,0.0,0.06408369240915894,-0.07223199410360641,0.47224880168948113,-0.0634001360160467,0.9733011540373384,-0.21394367418633475,-0.053790246126815947,0,nan,nan,nan,nan,nan,nan,nan,nan
15.29546070098877,1789121627.54524,r18_z20_w-20,0,-0.3490658503988659,-1.2709380307605356,1.2485804488902446,0.02235758187029102,0.0,-0.3436117172241211,-1.2762720584869385,1.2593982219696045,0.02147573232650757,0.0015339808305725455,0.16889898247520466,-0.06043302620483046,0.19756289247508738,0.0011490703925834823,0.0021359440774095426,-0.17096313494476892,0.9852744408894345,0.10929025142339671,-0.043077111299540755,0.23549514341923794,-0.014504989679309663,0.01653997171273818,-0.8156609690490008,0.578111769626073,0.1691446717414635,-0.061563625798620354,0.2,0.0,0.06408369240915894,-0.07223199410360641,0.47224880168948113,-0.0634001360160467,0.9733011540373384,-0.21394367418633475,-0.053790246126815947,0,nan,nan,nan,nan,nan,nan,nan,nan
15.357106924057007,1789121627.54524,r18_z20_w-20,0,-0.3490658503988659,-1.2709380307605356,1.2485804488902446,0.02235758187029102,0.0,-0.3436117172241211,-1.2762720584869385,1.2593982219696045,0.02147573232650757,0.0015339808305725455,0.16889898247520466,-0.06043302620483046,0.19756289247508738,0.0011490703925834823,0.0021359440774095426,-0.17096313494476892,0.9852744408894345,0.10929025142339671,-0.043077111299540755,0.23549514341923794,-0.014504989679309663,0.01653997171273818,-0.8156609690490008,0.578111769626073,0.1691446717414635,-0.061563625798620354,0.2,0.0,0.06408369240915894,-0.07223199410360641,0.47224880168948113,-0.0634001360160467,0.9733011540373384,-0.21394367418633475,-0.053790246126815947,0,nan,nan,nan,nan,nan,nan,nan,nan
15.418916940689087,1789121627.7453847,r18_z20_w-20,0,-0.3490658503988659,-1.2709380307605356,1.2485804488902446,0.02235758187029102,0.0,-0.3436117172241211,-1.2762720584869385,1.2593982219696045,0.02147573232650757,0.0015339808305725455,0.16889898247520466,-0.06043302620483046,0.19756289247508738,0.0011490703925834823,0.0021359440774095426,-0.17096313494476892,0.9852744408894345,0.10931026605348182,-0.043084096021779275,0.23552359440005882,-0.014603205229933247,0.01629254665686717,-0.815530172285606,0.5783008191350382,0.1691446717414635,-0.061563625798620354,0.2,0.0,0.06407840600217614,-0.0722264789469148,0.4722141539331361,-0.06323817564493206,0.9732964539373931,-0.21408300254112925,-0.05351087662309228,0,nan,nan,nan,nan,nan,nan,nan,nan
15.48099660873413,1789121627.7453847,r18_z20_w-20,0,-0.3490658503988659,-1.2709380307605356,1.2485804488902446,0.02235758187029102,0.0,-0.3436117172241211,-1.2762720584869385,1.2593982219696045,0.02147573232650757,0.0015339808305725455,0.1690308349861202,-0.06048020379069011,0.1977609251474106,0.0011490703925835014,0.0021359440774096515,-0.17096313494476892,0.9852744408894345,0.10931026605348182,-0.043084096021779275,0.23552359440005882,-0.014603205229933247,0.01629254665686717,-0.815530172285606,0.5783008191350382,0.1691446717414635,-0.061563625798620354,0.2,0.0,0.06407840600217614,-0.0722264789469148,0.4722141539331361,-0.06323817564493206,0.9732964539373931,-0.21408300254112925,-0.05351087662309228,0,nan,nan,nan,nan,nan,nan,nan,nan
15.542636632919312,1789121627.7453847,r18_z20_w-20,0,-0.3490658503988659,-1.2709380307605356,1.2485804488902446,0.02235758187029102,0.0,-0.3436117172241211,-1.2762720584869385,1.2593982219696045,0.02147573232650757,0.0015339808305725455,0.1690308349861202,-0.06048020379069011,0.1977609251474106,0.0011490703925835014,0.0021359440774096515,-0.17096313494476892,0.9852744408894345,0.10931026605348182,-0.043084096021779275,0.23552359440005882,-0.014603205229933247,0.01629254665686717,-0.815530172285606,0.5783008191350382,0.1691446717414635,-0.061563625798620354,0.2,0.0,0.06407840600217614,-0.0722264789469148,0.4722141539331361,-0.06323817564493206,0.9732964539373931,-0.21408300254112925,-0.05351087662309228,0,nan,nan,nan,nan,nan,nan,nan,nan
15.604350805282593,1789121627.912172,r18_z20_w-20,0,-0.3490658503988659,-1.2709380307605356,1.2485804488902446,0.02235758187029102,0.0,-0.3436117172241211,-1.2762720584869385,1.2593982219696045,0.02147573232650757,0.0015339808305725455,0.1690308349861202,-0.06048020379069011,0.1977609251474106,0.0011490703925835014,0.0021359440774096515,-0.17096313494476892,0.9852744408894345,0.10935657778870428,-0.04309629333139654,0.23559404492108715,-0.014613041228438695,0.01605782810357756,-0.8155186893293447,0.578323328716039,0.1691446717414635,-0.061563625798620354,0.2,0.0,0.06406970927361007,-0.0722166432911414,0.4721299847351945,-0.06325817278135726,0.9732657096269507,-0.21425592738610683,-0.05335409656841058,0,nan,nan,nan,nan,nan,nan,nan,nan
15.666157484054565,1789121627.912172,r18_z20_w-20,0,-0.3490658503988659,-1.2709380307605356,1.2485804488902446,0.02235758187029102,0.0,-0.3436117172241211,-1.2762720584869385,1.2593982219696045,0.02147573232650757,0.0015339808305725455,0.1690308349861202,-0.06048020379069011,0.1977609251474106,0.0011490703925835014,0.0021359440774096515,-0.17096313494476892,0.9852744408894345,0.10935657778870428,-0.04309629333139654,0.23559404492108715,-0.014613041228438695,0.01605782810357756,-0.8155186893293447,0.578323328716039,0.1691446717414635,-0.061563625798620354,0.2,0.0,0.06406970927361007,-0.0722166432911414,0.4721299847351945,-0.06325817278135726,0.9732657096269507,-0.21425592738610683,-0.05335409656841058,0,nan,nan,nan,nan,nan,nan,nan,nan
15.727843999862671,1789121627.912172,r18_z20_w-20,0,-0.3490658503988659,-1.2709380307605356,1.2485804488902446,0.02235758187029102,0.0,-0.3436117172241211,-1.2762720584869385,1.2593982219696045,0.02147573232650757,0.0015339808305725455,0.1690308349861202,-0.06048020379069011,0.1977609251474106,0.0011490703925835014,0.0021359440774096515,-0.17096313494476892,0.9852744408894345,0.10935657778870428,-0.04309629333139654,0.23559404492108715,-0.014613041228438695,0.01605782810357756,-0.8155186893293447,0.578323328716039,0.1691446717414635,-0.061563625798620354,0.2,0.0,0.06406970927361007,-0.0722166432911414,0.4721299847351945,-0.06325817278135726,0.9732657096269507,-0.21425592738610683,-0.05335409656841058,0,nan,nan,nan,nan,nan,nan,nan,nan
18.30951690673828,1789121630.7475019,r18_z20_w0,0,0.0,-1.2709380307605356,1.2485804488902446,0.02235758187029102,0.0,-0.0015339808305725455,-1.2762720584869385,1.2593982219696045,0.02147573232650757,0.0015339808305725455,0.17952362930445884,-0.00027538602199124365,0.19751767786995367,0.0007693395791213238,0.0030673427906969877,-0.0007693395791213236,0.9999947038066894,0.1175404790603688,-0.002286295899695867,0.23642950536454854,-0.010904983475335773,0.016302994085830545,-0.706796958156979,0.707144506914451,0.17999999999999997,0.0,0.2,0.0,0.10550749243177694,-0.07365482935951896,0.4683920879573498,0.10092893184846491,0.9696385827689161,-0.2221680420127834,-0.01599157997265283,0,nan,nan,nan,nan,nan,nan,nan,nan
18.31092381477356,1789121630.7475019,r18_z20_w0,0,0.0,-1.2709380307605356,1.2485804488902446,0.02235758187029102,0.0,-0.0015339808305725455,-1.2762720584869385,1.2593982219696045,0.02147573232650757,0.0015339808305725455,0.17952362930445884,-0.00027538602199124365,0.19751767786995367,0.0007693395791213238,0.0030673427906969877,-0.0007693395791213236,0.9999947038066894,0.1175404790603688,-0.002286295899695867,0.23642950536454854,-0.010904983475335773,0.016302994085830545,-0.706796958156979,0.707144506914451,0.17999999999999997,0.0,0.2,0.0,0.10550749243177694,-0.07365482935951896,0.4683920879573498,0.10092893184846491,0.9696385827689161,-0.2221680420127834,-0.01599157997265283,0,nan,nan,nan,nan,nan,nan,nan,nan
18.314695358276367,1789121630.7475019,r18_z20_w0,0,0.0,-1.2709380307605356,1.2485804488902446,0.02235758187029102,0.0,-0.0015339808305725455,-1.2762720584869385,1.2593982219696045,0.02147573232650757,0.0015339808305725455,0.17952362930445884,-0.00027538602199124365,0.19751767786995367,0.0007693395791213238,0.0030673427906969877,-0.0007693395791213236,0.9999947038066894,0.1175404790603688,-0.002286295899695867,0.23642950536454854,-0.010904983475335773,0.016302994085830545,-0.706796958156979,0.707144506914451,0.17999999999999997,0.0,0.2,0.0,0.10550749243177694,-0.07365482935951896,0.4683920879573498,0.10092893184846491,0.9696385827689161,-0.2221680420127834,-0.01599157997265283,0,nan,nan,nan,nan,nan,nan,nan,nan
18.315241813659668,1789121630.780858,r18_z20_w0,0,0.0,-1.2709380307605356,1.2485804488902446,0.02235758187029102,0.0,-0.0015339808305725455,-1.2762720584869385,1.2593982219696045,0.023009711876511574,0.0015339808305725455,0.1795241688002275,-0.00027538684956806013,0.19760997993064633,0.0007691170068977501,0.002776303251025917,-0.0007691170068977499,0.9999955545192778,0.11768030541755714,-0.002356907284776638,0.23663265958445584,-0.01156168634238372,0.015528866186699219,-0.7066216126344269,0.707326712546471,0.17999999999999997,0.0,0.2,0.0,0.10544885505558511,-0.07361398932053469,0.46814570864762023,0.10092827800483228,0.9696125323940136,-0.2223536558438073,-0.014962334588592292,0,nan,nan,nan,nan,nan,nan,nan,nan
18.31937575340271,1789121630.780858,r18_z20_w0,0,0.0,-1.2709380307605356,1.2485804488902446,0.02235758187029102,0.0,-0.0015339808305725455,-1.2762720584869385,1.2593982219696045,0.023009711876511574,0.0015339808305725455,0.1795241688002275,-0.00027538684956806013,0.19760997993064633,0.0007691170068977501,0.002776303251025917,-0.0007691170068977499,0.9999955545192778,0.11768030541755714,-0.002356907284776638,0.23663265958445584,-0.01156168634238372,0.015528866186699219,-0.7066216126344269,0.707326712546471,0.17999999999999997,0.0,0.2,0.0,0.10544885505558511,-0.07361398932053469,0.46814570864762023,0.10092827800483228,0.9696125323940136,-0.2223536558438073,-0.014962334588592292,0,nan,nan,nan,nan,nan,nan,nan,nan
18.32937788963318,1789121630.780858,r18_z20_w0,0,0.0,-1.2709380307605356,1.2485804488902446,0.02235758187029102,0.0,-0.0015339808305725455,-1.2762720584869385,1.2593982219696045,0.023009711876511574,0.0015339808305725455,0.1795241688002275,-0.00027538684956806013,0.19760997993064633,0.0007691170068977501,0.002776303251025917,-0.0007691170068977499,0.9999955545192778,0.11768030541755714,-0.002356907284776638,0.23663265958445584,-0.01156168634238372,0.015528866186699219,-0.7066216126344269,0.707326712546471,0.17999999999999997,0.0,0.2,0.0,0.10544885505558511,-0.07361398932053469,0.46814570864762023,0.10092827800483228,0.9696125323940136,-0.2223536558438073,-0.014962334588592292,0,nan,nan,nan,nan,nan,nan,nan,nan
18.339436531066895,1789121630.780858,r18_z20_w0,0,0.0,-1.2709380307605356,1.2485804488902446,0.02235758187029102,0.0,-0.0015339808305725455,-1.2762720584869385,1.2593982219696045,0.023009711876511574,0.0015339808305725455,0.1795241688002275,-0.00027538684956806013,0.19760997993064633,0.0007691170068977501,0.002776303251025917,-0.0007691170068977499,0.9999955545192778,0.11768030541755714,-0.002356907284776638,0.23663265958445584,-0.01156168634238372,0.015528866186699219,-0.7066216126344269,0.707326712546471,0.17999999999999997,0.0,0.2,0.0,0.10544885505558511,-0.07361398932053469,0.46814570864762023,0.10092827800483228,0.9696125323940136,-0.2223536558438073,-0.014962334588592292,0,nan,nan,nan,nan,nan,nan,nan,nan
18.348494052886963,1789121630.780858,r18_z20_w0,0,0.0,-1.2709380307605356,1.2485804488902446,0.02235758187029102,0.0,-0.0015339808305725455,-1.2762720584869385,1.2593982219696045,0.023009711876511574,0.0015339808305725455,0.1795241688002275,-0.00027538684956806013,0.19760997993064633,0.0007691170068977501,0.002776303251025917,-0.0007691170068977499,0.9999955545192778,0.11768030541755714,-0.002356907284776638,0.23663265958445584,-0.01156168634238372,0.015528866186699219,-0.7066216126344269,0.707326712546471,0.17999999999999997,0.0,0.2,0.0,0.10544885505558511,-0.07361398932053469,0.46814570864762023,0.10092827800483228,0.9696125323940136,-0.2223536558438073,-0.014962334588592292,0,nan,nan,nan,nan,nan,nan,nan,nan
18.349390029907227,1789121630.8142142,r18_z20_w0,0,0.0,-1.2709380307605356,1.2485804488902446,0.02235758187029102,0.0,-0.0015339808305725455,-1.2762720584869385,1.2593982219696045,0.02147573232650757,0.0015339808305725455,0.17952486230410689,-0.00027538791339055144,0.19774523562446938,0.0007687907422006778,0.002349826974917575,-0.0007687907422006779,0.999996648111771,0.11752673347456521,-0.0022832733285791385,0.23641155553445137,-0.01115401078017538,0.01628008630816089,-0.7067720615489169,0.7071660341441807,0.17999999999999997,0.0,0.2,0.0,0.10550926437198534,-0.07365899949946804,0.46841444290370315,0.10091629268498095,0.9696743223073355,-0.22203273526887207,-0.015782110047512312,0,nan,nan,nan,nan,nan,nan,nan,nan
18.350181102752686,1789121630.8142142,r18_z20_w0,0,0.0,-1.2709380307605356,1.2485804488902446,0.02235758187029102,0.0,-0.0015339808305725455,-1.2762720584869385,1.2593982219696045,0.02147573232650757,0.0015339808305725455,0.17952486230410689,-0.00027538791339055144,0.19774523562446938,0.0007687907422006778,0.002349826974917575,-0.0007687907422006779,0.999996648111771,0.11752673347456521,-0.0022832733285791385,0.23641155553445137,-0.01115401078017538,0.01628008630816089,-0.7067720615489169,0.7071660341441807,0.17999999999999997,0.0,0.2,0.0,0.10550926437198534,-0.07365899949946804,0.46841444290370315,0.10091629268498095,0.9696743223073355,-0.22203273526887207,-0.015782110047512312,0,nan,nan,nan,nan,nan,nan,nan,nan
18.35940384864807,1789121630.8142142,r18_z20_w0,0,0.0,-1.2709380307605356,1.2485804488902446,0.02235758187029102,0.0,-0.0015339808305725455,-1.2762720584869385,1.2593982219696045,0.02147573232650757,0.0015339808305725455,0.17952486230410689,-0.00027538791339055144,0.19774523562446938,0.0007687907422006778,0.002349826974917575,-0.0007687907422006779,0.999996648111771,0.11752673347456521,-0.0022832733285791385,0.23641155553445137,-0.01115401078017538,0.01628008630816089,-0.7067720615489169,0.7071660341441807,0.17999999999999997,0.0,0.2,0.0,0.10550926437198534,-0.07365899949946804,0.46841444290370315,0.10091629268498095,0.9696743223073355,-0.22203273526887207,-0.015782110047512312,0,nan,nan,nan,nan,nan,nan,nan,nan
18.36932873725891,1789121630.8142142,r18_z20_w0,0,0.0,-1.2709380307605356,1.2485804488902446,0.02235758187029102,0.0,-0.0015339808305725455,-1.2762720584869385,1.2593982219696045,0.02147573232650757,0.0015339808305725455,0.17952486230410689,-0.00027538791339055144,0.19774523562446938,0.0007687907422006778,0.002349826974917575,-0.0007687907422006779,0.999996648111771,0.11752673347456521,-0.0022832733285791385,0.23641155553445137,-0.01115401078017538,0.01628008630816089,-0.7067720615489169,0.7071660341441807,0.17999999999999997,0.0,0.2,0.0,0.10550926437198534,-0.07365899949946804,0.46841444290370315,0.10091629268498095,0.9696743223073355,-0.22203273526887207,-0.015782110047512312,0,nan,nan,nan,nan,nan,nan,nan,nan
18.37023377418518,1789121630.8142142,r18_z20_w0,0,0.0,-1.2709380307605356,1.2485804488902446,0.02235758187029102,0.0,-0.0015339808305725455,-1.2762720584869385,1.2593982219696045,0.02147573232650757,0.0015339808305725455,0.17952486230410689,-0.00027538791339055144,0.19774523562446938,0.0007687907422006778,0.002349826974917575,-0.0007687907422006779,0.999996648111771,0.11752673347456521,-0.0022832733285791385,0.23641155553445137,-0.01115401078017538,0.01628008630816089,-0.7067720615489169,0.7071660341441807,0.17999999999999997,0.0,0.2,0.0,0.10550926437198534,-0.07365899949946804,0.46841444290370315,0.10091629268498095,0.9696743223073355,-0.22203273526887207,-0.015782110047512312,0,nan,nan,nan,nan,nan,nan,nan,nan
18.379626750946045,1789121630.8142142,r18_z20_w0,0,0.0,-1.2709380307605356,1.2485804488902446,0.02235758187029102,0.0,-0.0015339808305725455,-1.2762720584869385,1.2593982219696045,0.02147573232650757,0.0015339808305725455,0.17952486230410689,-0.00027538791339055144,0.19774523562446938,0.0007687907422006778,0.002349826974917575,-0.0007687907422006779,0.999996648111771,0.11752673347456521,-0.0022832733285791385,0.23641155553445137,-0.01115401078017538,0.01628008630816089,-0.7067720615489169,0.7071660341441807,0.17999999999999997,0.0,0.2,0.0,0.10550926437198534,-0.07365899949946804,0.46841444290370315,0.10091629268498095,0.9696743223073355,-0.22203273526887207,-0.015782110047512312,0,nan,nan,nan,nan,nan,nan,nan,nan
18.38215661048889,1789121630.8142142,r18_z20_w0,0,0.0,-1.2709380307605356,1.2485804488902446,0.02235758187029102,0.0,-0.0015339808305725455,-1.2762720584869385,1.2593982219696045,0.02147573232650757,0.0015339808305725455,0.17952486230410689,-0.00027538791339055144,0.19774523562446938,0.0007687907422006778,0.002349826974917575,-0.0007687907422006779,0.999996648111771,0.11752673347456521,-0.0022832733285791385,0.23641155553445137,-0.01115401078017538,0.01628008630816089,-0.7067720615489169,0.7071660341441807,0.17999999999999997,0.0,0.2,0.0,0.10550926437198534,-0.07365899949946804,0.46841444290370315,0.10091629268498095,0.9696743223073355,-0.22203273526887207,-0.015782110047512312,0,nan,nan,nan,nan,nan,nan,nan,nan
18.38302493095398,1789121630.8475704,r18_z20_w0,0,0.0,-1.2709380307605356,1.2485804488902446,0.02235758187029102,0.0,-0.0015339808305725455,-1.2762720584869385,1.260932207107544,0.023009711876511574,0.0015339808305725455,0.17952433940289894,-0.000275387111269493,0.19764125314704004,0.0007690415817363725,0.002677695188321949,-0.0007690415817363727,0.9999958235405634,0.1175135461716239,-0.002276653240697174,0.23638617159818764,-0.011113960610918103,0.016380954888116417,-0.7067487038710837,0.707187679313657,0.17999999999999997,0.0,0.2,0.0,0.105515226339873,-0.07365996333042243,0.4684431761720775,0.10097153333277038,0.9696789345503515,-0.22198147032136525,-0.015866322185345748,0,nan,nan,nan,nan,nan,nan,nan,nan
18.38940691947937,1789121630.8475704,r18_z20_w0,0,0.0,-1.2709380307605356,1.2485804488902446,0.02235758187029102,0.0,-0.0015339808305725455,-1.2762720584869385,1.260932207107544,0.023009711876511574,0.0015339808305725455,0.17952433940289894,-0.000275387111269493,0.19764125314704004,0.0007690415817363725,0.002677695188321949,-0.0007690415817363727,0.9999958235405634,0.1175135461716239,-0.002276653240697174,0.23638617159818764,-0.011113960610918103,0.016380954888116417,-0.7067487038710837,0.707187679313657,0.17999999999999997,0.0,0.2,0.0,0.105515226339873,-0.07365996333042243,0.4684431761720775,0.10097153333277038,0.9696789345503515,-0.22198147032136525,-0.015866322185345748,0,nan,nan,nan,nan,nan,nan,nan,nan
18.39935326576233,1789121630.8475704,r18_z20_w0,0,0.0,-1.2709380307605356,1.2485804488902446,0.02235758187029102,0.0,-0.0015339808305725455,-1.2762720584869385,1.260932207107544,0.023009711876511574,0.0015339808305725455,0.17952433940289894,-0.000275387111269493,0.19764125314704004,0.0007690415817363725,0.002677695188321949,-0.0007690415817363727,0.9999958235405634,0.1175135461716239,-0.002276653240697174,0.23638617159818764,-0.011113960610918103,0.016380954888116417,-0.7067487038710837,0.707187679313657,0.17999999999999997,0.0,0.2,0.0,0.105515226339873,-0.07365996333042243,0.4684431761720775,0.10097153333277038,0.9696789345503515,-0.22198147032136525,-0.015866322185345748,0,nan,nan,nan,nan,nan,nan,nan,nan
18.409548044204712,1789121630.8475704,r18_z20_w0,0,0.0,-1.2709380307605356,1.2485804488902446,0.02235758187029102,0.0,-0.0015339808305725455,-1.2762720584869385,1.260932207107544,0.023009711876511574,0.0015339808305725455,0.17952433940289894,-0.000275387111269493,0.19764125314704004,0.0007690415817363725,0.002677695188321949,-0.0007690415817363727,0.9999958235405634,0.1175135461716239,-0.002276653240697174,0.23638617159818764,-0.011113960610918103,0.016380954888116417,-0.7067487038710837,0.707187679313657,0.17999999999999997,0.0,0.2,0.0,0.105515226339873,-0.07365996333042243,0.4684431761720775,0.10097153333277038,0.9696789345503515,-0.22198147032136525,-0.015866322185345748,0,nan,nan,nan,nan,nan,nan,nan,nan
18.415051221847534,1789121630.8475704,r18_z20_w0,0,0.0,-1.2709380307605356,1.2485804488902446,0.02235758187029102,0.0,-0.0015339808305725455,-1.2762720584869385,1.260932207107544,0.023009711876511574,0.0015339808305725455,0.17952433940289894,-0.000275387111269493,0.19764125314704004,0.0007690415817363725,0.002677695188321949,-0.0007690415817363727,0.9999958235405634,0.1175135461716239,-0.002276653240697174,0.23638617159818764,-0.011113960610918103,0.016380954888116417,-0.7067487038710837,0.707187679313657,0.17999999999999997,0.0,0.2,0.0,0.105515226339873,-0.07365996333042243,0.4684431761720775,0.10097153333277038,0.9696789345503515,-0.22198147032136525,-0.015866322185345748,0,nan,nan,nan,nan,nan,nan,nan,nan
18.41567087173462,1789121630.8809266,r18_z20_w0,0,0.0,-1.2709380307605356,1.2485804488902446,0.02235758187029102,0.0,-0.0015339808305725455,-1.2762720584869385,1.2593982219696045,0.023009711876511574,0.0015339808305725455,0.17952362930445884,-0.00027538602199124365,0.19751767786995367,0.0007693395791213238,0.0030673427906969877,-0.0007693395791213236,0.9999947038066894,0.11761670585544715,-0.002327989606096703,0.23654539287882825,-0.011261996728546442,0.01592875903766791,-0.7067005965852806,0.7072437407649605,0.17999999999999997,0.0,0.2,0.0,0.10547200282836866,-0.07363430569494153,0.4682531704543147,0.10093776509322969,0.9696312284921969,-0.22223371856788796,-0.01546035711702725,0,nan,nan,nan,nan,nan,nan,nan,nan
18.478559017181396,1789121630.8809266,r18_z20_w0,0,0.0,-1.2709380307605356,1.2485804488902446,0.02235758187029102,0.0,-0.0015339808305725455,-1.2762720584869385,1.2593982219696045,0.023009711876511574,0.0015339808305725455,0.17952362930445886,-0.0002753860219912437,0.19751767786995367,0.0007693395791213238,0.0030673427906969877,-0.0007693395791213236,0.9999947038066894,0.11761670585544715,-0.002327989606096703,0.23654539287882825,-0.011261996728546442,0.01592875903766791,-0.7067005965852806,0.7072437407649605,0.17999999999999997,0.0,0.2,0.0,0.10547200282836866,-0.07363430569494153,0.4682531704543147,0.10093776509322969,0.9696312284921969,-0.22223371856788796,-0.01546035711702725,0,nan,nan,nan,nan,nan,nan,nan,nan
18.47922658920288,1789121630.8809266,r18_z20_w0,0,0.0,-1.2709380307605356,1.2485804488902446,0.02235758187029102,0.0,-0.0015339808305725455,-1.2762720584869385,1.2593982219696045,0.023009711876511574,0.0015339808305725455,0.17952362930445886,-0.0002753860219912437,0.19751767786995367,0.0007693395791213238,0.0030673427906969877,-0.0007693395791213236,0.9999947038066894,0.11761670585544715,-0.002327989606096703,0.23654539287882825,-0.011261996728546442,0.01592875903766791,-0.7067005965852806,0.7072437407649605,0.17999999999999997,0.0,0.2,0.0,0.10547200282836866,-0.07363430569494153,0.4682531704543147,0.10093776509322969,0.9696312284921969,-0.22223371856788796,-0.01546035711702725,0,nan,nan,nan,nan,nan,nan,nan,nan
18.479982614517212,1789121630.9142828,r18_z20_w0,0,0.0,-1.2709380307605356,1.2485804488902446,0.02235758187029102,0.0,-0.0015339808305725455,-1.2762720584869385,1.2593982219696045,0.02147573232650757,0.0015339808305725455,0.17952362930445884,-0.00027538602199124365,0.19751767786995367,0.0007693395791213238,0.0030673427906969877,-0.0007693395791213236,0.9999947038066894,0.11762903797052582,-0.002329490397837475,0.23655409856755094,-0.011349756100715383,0.015832101044663073,-0.7065748864728408,0.7073700993248571,0.17999999999999997,0.0,0.2,0.0,0.10547215870617623,-0.07362738195992378,0.4682396737862143,0.10107832079472463,0.9696142786789426,-0.2222554258876134,-0.015292132315281952,0,nan,nan,nan,nan,nan,nan,nan,nan
18.480562925338745,1789121630.9142828,r18_z20_w0,0,0.0,-1.2709380307605356,1.2485804488902446,0.02235758187029102,0.0,-0.0015339808305725455,-1.2762720584869385,1.2593982219696045,0.02147573232650757,0.0015339808305725455,0.17952362930445884,-0.00027538602199124365,0.19751767786995367,0.0007693395791213238,0.0030673427906969877,-0.0007693395791213236,0.9999947038066894,0.11762903797052582,-0.002329490397837475,0.23655409856755094,-0.011349756100715383,0.015832101044663073,-0.7065748864728408,0.7073700993248571,0.17999999999999997,0.0,0.2,0.0,0.10547215870617623,-0.07362738195992378,0.4682396737862143,0.10107832079472463,0.9696142786789426,-0.2222554258876134,-0.015292132315281952,0,nan,nan,nan,nan,nan,nan,nan,nan
18.480971336364746,1789121630.9142828,r18_z20_w0,0,0.0,-1.2709380307605356,1.2485804488902446,0.02235758187029102,0.0,-0.0015339808305725455,-1.2762720584869385,1.2593982219696045,0.02147573232650757,0.0015339808305725455,0.17952362930445884,-0.00027538602199124365,0.19751767786995367,0.0007693395791213238,0.0030673427906969877,-0.0007693395791213236,0.9999947038066894,0.11762903797052582,-0.002329490397837475,0.23655409856755094,-0.011349756100715383,0.015832101044663073,-0.7065748864728408,0.7073700993248571,0.17999999999999997,0.0,0.2,0.0,0.10547215870617623,-0.07362738195992378,0.4682396737862143,0.10107832079472463,0.9696142786789426,-0.2222554258876134,-0.015292132315281952,0,nan,nan,nan,nan,nan,nan,nan,nan
18.48171329498291,1789121630.9142828,r18_z20_w0,0,0.0,-1.2709380307605356,1.2485804488902446,0.02235758187029102,0.0,-0.0015339808305725455,-1.2762720584869385,1.2593982219696045,0.02147573232650757,0.0015339808305725455,0.17952362930445884,-0.00027538602199124365,0.19751767786995367,0.0007693395791213238,0.0030673427906969877,-0.0007693395791213236,0.9999947038066894,0.11762903797052582,-0.002329490397837475,0.23655409856755094,-0.011349756100715383,0.015832101044663073,-0.7065748864728408,0.7073700993248571,0.17999999999999997,0.0,0.2,0.0,0.10547215870617623,-0.07362738195992378,0.4682396737862143,0.10107832079472463,0.9696142786789426,-0.2222554258876134,-0.015292132315281952,0,nan,nan,nan,nan,nan,nan,nan,nan
18.482219457626343,1789121630.9142828,r18_z20_w0,0,0.0,-1.2709380307605356,1.2485804488902446,0.02235758187029102,0.0,-0.0015339808305725455,-1.2762720584869385,1.2593982219696045,0.02147573232650757,0.0015339808305725455,0.17952362930445884,-0.00027538602199124365,0.19751767786995367,0.0007693395791213238,0.0030673427906969877,-0.0007693395791213236,0.9999947038066894,0.11762903797052582,-0.002329490397837475,0.23655409856755094,-0.011349756100715383,0.015832101044663073,-0.7065748864728408,0.7073700993248571,0.17999999999999997,0.0,0.2,0.0,0.10547215870617623,-0.07362738195992378,0.4682396737862143,0.10107832079472463,0.9696142786789426,-0.2222554258876134,-0.015292132315281952,0,nan,nan,nan,nan,nan,nan,nan,nan
18.482746839523315,1789121630.9142828,r18_z20_w0,0,0.0,-1.2709380307605356,1.2485804488902446,0.02235758187029102,0.0,-0.0015339808305725455,-1.2762720584869385,1.2593982219696045,0.02147573232650757,0.0015339808305725455,0.17952362930445884,-0.00027538602199124365,0.19751767786995367,0.0007693395791213238,0.0030673427906969877,-0.0007693395791213236,0.9999947038066894,0.11762903797052582,-0.002329490397837475,0.23655409856755094,-0.011349756100715383,0.015832101044663073,-0.7065748864728408,0.7073700993248571,0.17999999999999997,0.0,0.2,0.0,0.10547215870617623,-0.07362738195992378,0.4682396737862143,0.10107832079472463,0.9696142786789426,-0.2222554258876134,-0.015292132315281952,0,nan,nan,nan,nan,nan,nan,nan,nan
18.483134746551514,1789121630.9142828,r18_z20_w0,0,0.0,-1.2709380307605356,1.2485804488902446,0.02235758187029102,0.0,-0.0015339808305725455,-1.2762720584869385,1.2593982219696045,0.02147573232650757,0.0015339808305725455,0.17952362930445884,-0.00027538602199124365,0.19751767786995367,0.0007693395791213238,0.0030673427906969877,-0.0007693395791213236,0.9999947038066894,0.11762903797052582,-0.002329490397837475,0.23655409856755094,-0.011349756100715383,0.015832101044663073,-0.7065748864728408,0.7073700993248571,0.17999999999999997,0.0,0.2,0.0,0.10547215870617623,-0.07362738195992378,0.4682396737862143,0.10107832079472463,0.9696142786789426,-0.2222554258876134,-0.015292132315281952,0,nan,nan,nan,nan,nan,nan,nan,nan
18.483590841293335,1789121630.947639,r18_z20_w0,0,0.0,-1.2709380307605356,1.2485804488902446,0.02235758187029102,0.0,-0.0015339808305725455,-1.2762720584869385,1.2593982219696045,0.023009711876511574,0.0015339808305725455,0.17952362930445884,-0.00027538602199124365,0.19751767786995367,0.0007693395791213238,0.0030673427906969877,-0.0007693395791213236,0.9999947038066894,0.11749780694829293,-0.0022694604402994367,0.23636762315152826,-0.011130987847244563,0.01649360661061645,-0.7067600438265692,0.7071734599804951,0.17999999999999997,0.0,0.2,0.0,0.10552076017137117,-0.07366640863422536,0.4684670788742247,0.10097150169060548,0.9696999157322655,-0.22188548059096871,-0.015926794344624046,0,nan,nan,nan,nan,nan,nan,nan,nan
18.48407530784607,1789121630.947639,r18_z20_w0,0,0.0,-1.2709380307605356,1.2485804488902446,0.02235758187029102,0.0,-0.0015339808305725455,-1.2762720584869385,1.2593982219696045,0.023009711876511574,0.0015339808305725455,0.17952362930445884,-0.00027538602199124365,0.19751767786995367,0.0007693395791213238,0.0030673427906969877,-0.0007693395791213236,0.9999947038066894,0.11749780694829293,-0.0022694604402994367,0.23636762315152826,-0.011130987847244563,0.01649360661061645,-0.7067600438265692,0.7071734599804951,0.17999999999999997,0.0,0.2,0.0,0.10552076017137117,-0.07366640863422536,0.4684670788742247,0.10097150169060548,0.9696999157322655,-0.22188548059096871,-0.015926794344624046,0,nan,nan,nan,nan,nan,nan,nan,nan
18.4845769405365,1789121630.947639,r18_z20_w0,0,0.0,-1.2709380307605356,1.2485804488902446,0.02235758187029102,0.0,-0.0015339808305725455,-1.2762720584869385,1.2593982219696045,0.023009711876511574,0.0015339808305725455,0.17952362930445884,-0.00027538602199124365,0.19751767786995367,0.0007693395791213238,0.0030673427906969877,-0.0007693395791213236,0.9999947038066894,0.11749780694829293,-0.0022694604402994367,0.23636762315152826,-0.011130987847244563,0.01649360661061645,-0.7067600438265692,0.7071734599804951,0.17999999999999997,0.0,0.2,0.0,0.10552076017137117,-0.07366640863422536,0.4684670788742247,0.10097150169060548,0.9696999157322655,-0.22188548059096871,-0.015926794344624046,0,nan,nan,nan,nan,nan,nan,nan,nan
18.489433526992798,1789121630.947639,r18_z20_w0,0,0.0,-1.2709380307605356,1.2485804488902446,0.02235758187029102,0.0,-0.0015339808305725455,-1.2762720584869385,1.2593982219696045,0.023009711876511574,0.0015339808305725455,0.17952362930445884,-0.00027538602199124365,0.19751767786995367,0.0007693395791213238,0.0030673427906969877,-0.0007693395791213236,0.9999947038066894,0.11749780694829293,-0.0022694604402994367,0.23636762315152826,-0.011130987847244563,0.01649360661061645,-0.7067600438265692,0.7071734599804951,0.17999999999999997,0.0,0.2,0.0,0.10552076017137117,-0.07366640863422536,0.4684670788742247,0.10097150169060548,0.9696999157322655,-0.22188548059096871,-0.015926794344624046,0,nan,nan,nan,nan,nan,nan,nan,nan
18.499356269836426,1789121630.947639,r18_z20_w0,0,0.0,-1.2709380307605356,1.2485804488902446,0.02235758187029102,0.0,-0.0015339808305725455,-1.2762720584869385,1.2593982219696045,0.023009711876511574,0.0015339808305725455,0.17952362930445884,-0.00027538602199124365,0.19751767786995367,0.0007693395791213238,0.0030673427906969877,-0.0007693395791213236,0.9999947038066894,0.11749780694829293,-0.0022694604402994367,0.23636762315152826,-0.011130987847244563,0.01649360661061645,-0.7067600438265692,0.7071734599804951,0.17999999999999997,0.0,0.2,0.0,0.10552076017137117,-0.07366640863422536,0.4684670788742247,0.10097150169060548,0.9696999157322655,-0.22188548059096871,-0.015926794344624046,0,nan,nan,nan,nan,nan,nan,nan,nan
18.509499311447144,1789121630.947639,r18_z20_w0,0,0.0,-1.2709380307605356,1.2485804488902446,0.02235758187029102,0.0,-0.0015339808305725455,-1.2762720584869385,1.2593982219696045,0.023009711876511574,0.0015339808305725455,0.17952362930445884,-0.00027538602199124365,0.19751767786995367,0.0007693395791213238,0.0030673427906969877,-0.0007693395791213236,0.9999947038066894,0.11749780694829293,-0.0022694604402994367,0.23636762315152826,-0.011130987847244563,0.01649360661061645,-0.7067600438265692,0.7071734599804951,0.17999999999999997,0.0,0.2,0.0,0.10552076017137117,-0.07366640863422536,0.4684670788742247,0.10097150169060548,0.9696999157322655,-0.22188548059096871,-0.015926794344624046,0,nan,nan,nan,nan,nan,nan,nan,nan
18.515188932418823,1789121630.947639,r18_z20_w0,0,0.0,-1.2709380307605356,1.2485804488902446,0.02235758187029102,0.0,-0.0015339808305725455,-1.2762720584869385,1.2593982219696045,0.023009711876511574,0.0015339808305725455,0.17952362930445884,-0.00027538602199124365,0.19751767786995367,0.0007693395791213238,0.0030673427906969877,-0.0007693395791213236,0.9999947038066894,0.11749780694829293,-0.0022694604402994367,0.23636762315152826,-0.011130987847244563,0.01649360661061645,-0.7067600438265692,0.7071734599804951,0.17999999999999997,0.0,0.2,0.0,0.10552076017137117,-0.07366640863422536,0.4684670788742247,0.10097150169060548,0.9696999157322655,-0.22188548059096871,-0.015926794344624046,0,nan,nan,nan,nan,nan,nan,nan,nan
18.515817642211914,1789121630.980995,r18_z20_w0,0,0.0,-1.2709380307605356,1.2485804488902446,0.02235758187029102,0.0,-0.0015339808305725455,-1.2762720584869385,1.2593982219696045,0.023009711876511574,0.0015339808305725455,0.17952362930445884,-0.00027538602199124365,0.19751767786995367,0.0007693395791213238,0.0030673427906969877,-0.0007693395791213236,0.9999947038066894,0.11740092340463659,-0.0022250750169796607,0.23622336159932372,-0.01118776718171297,0.016925015633383125,-0.7067935674302094,0.7071288643172303,0.17999999999999997,0.0,0.2,0.0,0.10555720520519474,-0.07369218343192115,0.46864078926997715,0.10098621791561115,0.9697773210845854,-0.22152323125981976,-0.016161352459312446,0,nan,nan,nan,nan,nan,nan,nan,nan
18.578417778015137,1789121630.980995,r18_z20_w0,0,0.0,-1.2709380307605356,1.2485804488902446,0.02235758187029102,0.0,-0.0015339808305725455,-1.2762720584869385,1.2593982219696045,0.023009711876511574,0.0015339808305725455,0.17952362930445884,-0.00027538602199124365,0.19751767786995367,0.0007693395791213238,0.0030673427906969877,-0.0007693395791213236,0.9999947038066894,0.11740092340463659,-0.0022250750169796607,0.23622336159932372,-0.01118776718171297,0.016925015633383125,-0.7067935674302094,0.7071288643172303,0.17999999999999997,0.0,0.2,0.0,0.10555720520519474,-0.07369218343192115,0.46864078926997715,0.10098621791561115,0.9697773210845854,-0.22152323125981976,-0.016161352459312446,0,nan,nan,nan,nan,nan,nan,nan,nan
18.579370737075806,1789121630.980995,r18_z20_w0,0,0.0,-1.2709380307605356,1.2485804488902446,0.02235758187029102,0.0,-0.0015339808305725455,-1.2762720584869385,1.2593982219696045,0.023009711876511574,0.0015339808305725455,0.17952362930445884,-0.00027538602199124365,0.19751767786995367,0.0007693395791213238,0.0030673427906969877,-0.0007693395791213236,0.9999947038066894,0.11740092340463659,-0.0022250750169796607,0.23622336159932372,-0.01118776718171297,0.016925015633383125,-0.7067935674302094,0.7071288643172303,0.17999999999999997,0.0,0.2,0.0,0.10555720520519474,-0.07369218343192115,0.46864078926997715,0.10098621791561115,0.9697773210845854,-0.22152323125981976,-0.016161352459312446,0,nan,nan,nan,nan,nan,nan,nan,nan
18.580150842666626,1789121631.0143511,r18_z20_w0,0,0.0,-1.2709380307605356,1.2485804488902446,0.02235758187029102,0.0,-0.0015339808305725455,-1.2762720584869385,1.260932207107544,0.023009711876511574,0.0015339808305725455,0.17952362930445884,-0.00027538602199124365,0.19751767786995367,0.0007693395791213238,0.0030673427906969877,-0.0007693395791213236,0.9999947038066894,0.11759205591590216,-0.0023133610704727803,0.23650870832336401,-0.011169804744957301,0.016103830644833516,-0.7068186050947379,0.7071233001340367,0.17999999999999997,0.0,0.2,0.0,0.10548454218460764,-0.0736415364666685,0.4682974180606796,0.10082125454249188,0.9696577814774047,-0.22215551958890264,-0.015677581732539147,0,nan,nan,nan,nan,nan,nan,nan,nan
18.58108139038086,1789121631.0143511,r18_z20_w0,0,0.0,-1.2709380307605356,1.2485804488902446,0.02235758187029102,0.0,-0.0015339808305725455,-1.2762720584869385,1.260932207107544,0.023009711876511574,0.0015339808305725455,0.17952362930445884,-0.00027538602199124365,0.19751767786995367,0.0007693395791213238,0.0030673427906969877,-0.0007693395791213236,0.9999947038066894,0.11759205591590216,-0.0023133610704727803,0.23650870832336401,-0.011169804744957301,0.016103830644833516,-0.7068186050947379,0.7071233001340367,0.17999999999999997,0.0,0.2,0.0,0.10548454218460764,-0.0736415364666685,0.4682974180606796,0.10082125454249188,0.9696577814774047,-0.22215551958890264,-0.015677581732539147,0,nan,nan,nan,nan,nan,nan,nan,nan
18.58171844482422,1789121631.0143511,r18_z20_w0,0,0.0,-1.2709380307605356,1.2485804488902446,0.02235758187029102,0.0,-0.0015339808305725455,-1.2762720584869385,1.260932207107544,0.023009711876511574,0.0015339808305725455,0.17952362930445884,-0.00027538602199124365,0.19751767786995367,0.0007693395791213238,0.0030673427906969877,-0.0007693395791213236,0.9999947038066894,0.11759205591590216,-0.0023133610704727803,0.23650870832336401,-0.011169804744957301,0.016103830644833516,-0.7068186050947379,0.7071233001340367,0.17999999999999997,0.0,0.2,0.0,0.10548454218460764,-0.0736415364666685,0.4682974180606796,0.10082125454249188,0.9696577814774047,-0.22215551958890264,-0.015677581732539147,0,nan,nan,nan,nan,nan,nan,nan,nan
18.582693338394165,1789121631.0143511,r18_z20_w0,0,0.0,-1.2709380307605356,1.2485804488902446,0.02235758187029102,0.0,-0.0015339808305725455,-1.2762720584869385,1.260932207107544,0.023009711876511574,0.0015339808305725455,0.17952362930445884,-0.00027538602199124365,0.19751767786995367,0.0007693395791213238,0.0030673427906969877,-0.0007693395791213236,0.9999947038066894,0.11759205591590216,-0.0023133610704727803,0.23650870832336401,-0.011169804744957301,0.016103830644833516,-0.7068186050947379,0.7071233001340367,0.17999999999999997,0.0,0.2,0.0,0.10548454218460764,-0.0736415364666685,0.4682974180606796,0.10082125454249188,0.9696577814774047,-0.22215551958890264,-0.015677581732539147,0,nan,nan,nan,nan,nan,nan,nan,nan
18.583099842071533,1789121631.0143511,r18_z20_w0,0,0.0,-1.2709380307605356,1.2485804488902446,0.02235758187029102,0.0,-0.0015339808305725455,-1.2762720584869385,1.260932207107544,0.023009711876511574,0.0015339808305725455,0.17952362930445884,-0.00027538602199124365,0.19751767786995367,0.0007693395791213238,0.0030673427906969877,-0.0007693395791213236,0.9999947038066894,0.11759205591590216,-0.0023133610704727803,0.23650870832336401,-0.011169804744957301,0.016103830644833516,-0.7068186050947379,0.7071233001340367,0.17999999999999997,0.0,0.2,0.0,0.10548454218460764,-0.0736415364666685,0.4682974180606796,0.10082125454249188,0.9696577814774047,-0.22215551958890264,-0.015677581732539147,0,nan,nan,nan,nan,nan,nan,nan,nan
18.583580255508423,1789121631.0477073,r18_z20_w0,0,0.0,-1.2709380307605356,1.2485804488902446,0.02235758187029102,0.0,-0.0015339808305725455,-1.2762720584869385,1.2593982219696045,0.023009711876511574,0.0015339808305725455,0.17952362930445886,-0.0002753860219912437,0.19751767786995367,0.0007693395791213238,0.0030673427906969877,-0.0007693395791213236,0.9999947038066894,0.11752129130203881,-0.0022793007815259947,0.23640221241309073,-0.011132547893434524,0.016420094119326906,-0.7068852460023296,0.7070499953120281,0.17999999999999997,0.0,0.2,0.0,0.10551285466765178,-0.07366016812075045,0.4684253257521346,0.10078836916949221,0.9697070882951816,-0.22193765876097762,-0.015923039092171316,0,nan,nan,nan,nan,nan,nan,nan,nan
18.5840904712677,1789121631.0477073,r18_z20_w0,0,0.0,-1.2709380307605356,1.2485804488902446,0.02235758187029102,0.0,-0.0015339808305725455,-1.2762720584869385,1.2593982219696045,0.023009711876511574,0.0015339808305725455,0.17952362930445886,-0.0002753860219912437,0.19751767786995367,0.0007693395791213238,0.0030673427906969877,-0.0007693395791213236,0.9999947038066894,0.11752129130203881,-0.0022793007815259947,0.23640221241309073,-0.011132547893434524,0.016420094119326906,-0.7068852460023296,0.7070499953120281,0.17999999999999997,0.0,0.2,0.0,0.10551285466765178,-0.07366016812075045,0.4684253257521346,0.10078836916949221,0.9697070882951816,-0.22193765876097762,-0.015923039092171316,0,nan,nan,nan,nan,nan,nan,nan,nan
18.584478616714478,1789121631.0477073,r18_z20_w0,0,0.0,-1.2709380307605356,1.2485804488902446,0.02235758187029102,0.0,-0.0015339808305725455,-1.2762720584869385,1.2593982219696045,0.023009711876511574,0.0015339808305725455,0.17952362930445886,-0.0002753860219912437,0.19751767786995367,0.0007693395791213238,0.0030673427906969877,-0.0007693395791213236,0.9999947038066894,0.11752129130203881,-0.0022793007815259947,0.23640221241309073,-0.011132547893434524,0.016420094119326906,-0.7068852460023296,0.7070499953120281,0.17999999999999997,0.0,0.2,0.0,0.10551285466765178,-0.07366016812075045,0.4684253257521346,0.10078836916949221,0.9697070882951816,-0.22193765876097762,-0.015923039092171316,0,nan,nan,nan,nan,nan,nan,nan,nan
18.58496332168579,1789121631.0477073,r18_z20_w0,0,0.0,-1.2709380307605356,1.2485804488902446,0.02235758187029102,0.0,-0.0015339808305725455,-1.2762720584869385,1.2593982219696045,0.023009711876511574,0.0015339808305725455,0.17952362930445886,-0.0002753860219912437,0.19751767786995367,0.0007693395791213238,0.0030673427906969877,-0.0007693395791213236,0.9999947038066894,0.11752129130203881,-0.0022793007815259947,0.23640221241309073,-0.011132547893434524,0.016420094119326906,-0.7068852460023296,0.7070499953120281,0.17999999999999997,0.0,0.2,0.0,0.10551285466765178,-0.07366016812075045,0.4684253257521346,0.10078836916949221,0.9697070882951816,-0.22193765876097762,-0.015923039092171316,0,nan,nan,nan,nan,nan,nan,nan,nan
18.585442543029785,1789121631.0477073,r18_z20_w0,0,0.0,-1.2709380307605356,1.2485804488902446,0.02235758187029102,0.0,-0.0015339808305725455,-1.2762720584869385,1.2593982219696045,0.023009711876511574,0.0015339808305725455,0.17952362930445886,-0.0002753860219912437,0.19751767786995367,0.0007693395791213238,0.0030673427906969877,-0.0007693395791213236,0.9999947038066894,0.11752129130203881,-0.0022793007815259947,0.23640221241309073,-0.011132547893434524,0.016420094119326906,-0.7068852460023296,0.7070499953120281,0.17999999999999997,0.0,0.2,0.0,0.10551285466765178,-0.07366016812075045,0.4684253257521346,0.10078836916949221,0.9697070882951816,-0.22193765876097762,-0.015923039092171316,0,nan,nan,nan,nan,nan,nan,nan,nan
18.58932375907898,1789121631.0477073,r18_z20_w0,0,0.0,-1.2709380307605356,1.2485804488902446,0.02235758187029102,0.0,-0.0015339808305725455,-1.2762720584869385,1.2593982219696045,0.023009711876511574,0.0015339808305725455,0.17952362930445886,-0.0002753860219912437,0.19751767786995367,0.0007693395791213238,0.0030673427906969877,-0.0007693395791213236,0.9999947038066894,0.11752129130203881,-0.0022793007815259947,0.23640221241309073,-0.011132547893434524,0.016420094119326906,-0.7068852460023296,0.7070499953120281,0.17999999999999997,0.0,0.2,0.0,0.10551285466765178,-0.07366016812075045,0.4684253257521346,0.10078836916949221,0.9697070882951816,-0.22193765876097762,-0.015923039092171316,0,nan,nan,nan,nan,nan,nan,nan,nan
18.599350214004517,1789121631.0477073,r18_z20_w0,0,0.0,-1.2709380307605356,1.2485804488902446,0.02235758187029102,0.0,-0.0015339808305725455,-1.2762720584869385,1.2593982219696045,0.023009711876511574,0.0015339808305725455,0.17952362930445886,-0.0002753860219912437,0.19751767786995367,0.0007693395791213238,0.0030673427906969877,-0.0007693395791213236,0.9999947038066894,0.11752129130203881,-0.0022793007815259947,0.23640221241309073,-0.011132547893434524,0.016420094119326906,-0.7068852460023296,0.7070499953120281,0.17999999999999997,0.0,0.2,0.0,0.10551285466765178,-0.07366016812075045,0.4684253257521346,0.10078836916949221,0.9697070882951816,-0.22193765876097762,-0.015923039092171316,0,nan,nan,nan,nan,nan,nan,nan,nan
18.609558820724487,1789121631.0477073,r18_z20_w0,0,0.0,-1.2709380307605356,1.2485804488902446,0.02235758187029102,0.0,-0.0015339808305725455,-1.2762720584869385,1.2593982219696045,0.023009711876511574,0.0015339808305725455,0.17952362930445886,-0.0002753860219912437,0.19751767786995367,0.0007693395791213238,0.0030673427906969877,-0.0007693395791213236,0.9999947038066894,0.11752129130203881,-0.0022793007815259947,0.23640221241309073,-0.011132547893434524,0.016420094119326906,-0.7068852460023296,0.7070499953120281,0.17999999999999997,0.0,0.2,0.0,0.10551285466765178,-0.07366016812075045,0.4684253257521346,0.10078836916949221,0.9697070882951816,-0.22193765876097762,-0.015923039092171316,0,nan,nan,nan,nan,nan,nan,nan,nan
18.61574912071228,1789121631.0477073,r18_z20_w0,0,0.0,-1.2709380307605356,1.2485804488902446,0.02235758187029102,0.0,-0.0015339808305725455,-1.2762720584869385,1.2593982219696045,0.023009711876511574,0.0015339808305725455,0.17952362930445886,-0.0002753860219912437,0.19751767786995367,0.0007693395791213238,0.0030673427906969877,-0.0007693395791213236,0.9999947038066894,0.11752129130203881,-0.0022793007815259947,0.23640221241309073,-0.011132547893434524,0.016420094119326906,-0.7068852460023296,0.7070499953120281,0.17999999999999997,0.0,0.2,0.0,0.10551285466765178,-0.07366016812075045,0.4684253257521346,0.10078836916949221,0.9697070882951816,-0.22193765876097762,-0.015923039092171316,0,nan,nan,nan,nan,nan,nan,nan,nan
18.616411209106445,1789121631.0810633,r18_z20_w0,0,0.0,-1.2709380307605356,1.2485804488902446,0.02235758187029102,0.0,-0.0015339808305725455,-1.2762720584869385,1.2593982219696045,0.02147573232650757,0.0015339808305725455,0.17952362930445884,-0.00027538602199124365,0.19751767786995367,0.0007693395791213238,0.0030673427906969877,-0.0007693395791213236,0.9999947038066894,0.11756237950679088,-0.002301777006596034,0.23646070312423856,-0.011296499740500312,0.016246051694773684,-0.7067634847592097,0.707173126970307,0.17999999999999997,0.0,0.2,0.0,0.10549402311380368,-0.0736472652585089,0.468353957178663,0.10089787686166933,0.9696924840935309,-0.22197103720078964,-0.01565130605829224,0,nan,nan,nan,nan,nan,nan,nan,nan
18.619358777999878,1789121631.0810633,r18_z20_w0,0,0.0,-1.2709380307605356,1.2485804488902446,0.02235758187029102,0.0,-0.0015339808305725455,-1.2762720584869385,1.2593982219696045,0.02147573232650757,0.0015339808305725455,0.17952362930445884,-0.00027538602199124365,0.19751767786995367,0.0007693395791213238,0.0030673427906969877,-0.0007693395791213236,0.9999947038066894,0.11756237950679088,-0.002301777006596034,0.23646070312423856,-0.011296499740500312,0.016246051694773684,-0.7067634847592097,0.707173126970307,0.17999999999999997,0.0,0.2,0.0,0.10549402311380368,-0.0736472652585089,0.468353957178663,0.10089787686166933,0.9696924840935309,-0.22197103720078964,-0.01565130605829224,0,nan,nan,nan,nan,nan,nan,nan,nan
18.629358053207397,1789121631.0810633,r18_z20_w0,0,0.0,-1.2709380307605356,1.2485804488902446,0.02235758187029102,0.0,-0.0015339808305725455,-1.2762720584869385,1.2593982219696045,0.02147573232650757,0.0015339808305725455,0.17952362930445884,-0.00027538602199124365,0.19751767786995367,0.0007693395791213238,0.0030673427906969877,-0.0007693395791213236,0.9999947038066894,0.11756237950679088,-0.002301777006596034,0.23646070312423856,-0.011296499740500312,0.016246051694773684,-0.7067634847592097,0.707173126970307,0.17999999999999997,0.0,0.2,0.0,0.10549402311380368,-0.0736472652585089,0.468353957178663,0.10089787686166933,0.9696924840935309,-0.22197103720078964,-0.01565130605829224,0,nan,nan,nan,nan,nan,nan,nan,nan
18.639376878738403,1789121631.0810633,r18_z20_w0,0,0.0,-1.2709380307605356,1.2485804488902446,0.02235758187029102,0.0,-0.0015339808305725455,-1.2762720584869385,1.2593982219696045,0.02147573232650757,0.0015339808305725455,0.17952362930445884,-0.00027538602199124365,0.19751767786995367,0.0007693395791213238,0.0030673427906969877,-0.0007693395791213236,0.9999947038066894,0.11756237950679088,-0.002301777006596034,0.23646070312423856,-0.011296499740500312,0.016246051694773684,-0.7067634847592097,0.707173126970307,0.17999999999999997,0.0,0.2,0.0,0.10549402311380368,-0.0736472652585089,0.468353957178663,0.10089787686166933,0.9696924840935309,-0.22197103720078964,-0.01565130605829224,0,nan,nan,nan,nan,nan,nan,nan,nan
18.640206575393677,1789121631.0810633,r18_z20_w0,0,0.0,-1.2709380307605356,1.2485804488902446,0.02235758187029102,0.0,-0.0015339808305725455,-1.2762720584869385,1.2593982219696045,0.02147573232650757,0.0015339808305725455,0.17952362930445884,-0.00027538602199124365,0.19751767786995367,0.0007693395791213238,0.0030673427906969877,-0.0007693395791213236,0.9999947038066894,0.11756237950679088,-0.002301777006596034,0.23646070312423856,-0.011296499740500312,0.016246051694773684,-0.7067634847592097,0.707173126970307,0.17999999999999997,0.0,0.2,0.0,0.10549402311380368,-0.0736472652585089,0.468353957178663,0.10089787686166933,0.9696924840935309,-0.22197103720078964,-0.01565130605829224,0,nan,nan,nan,nan,nan,nan,nan,nan
18.649425745010376,1789121631.0810633,r18_z20_w0,0,0.0,-1.2709380307605356,1.2485804488902446,0.02235758187029102,0.0,-0.0015339808305725455,-1.2762720584869385,1.2593982219696045,0.02147573232650757,0.0015339808305725455,0.17952362930445884,-0.00027538602199124365,0.19751767786995367,0.0007693395791213238,0.0030673427906969877,-0.0007693395791213236,0.9999947038066894,0.11756237950679088,-0.002301777006596034,0.23646070312423856,-0.011296499740500312,0.016246051694773684,-0.7067634847592097,0.707173126970307,0.17999999999999997,0.0,0.2,0.0,0.10549402311380368,-0.0736472652585089,0.468353957178663,0.10089787686166933,0.9696924840935309,-0.22197103720078964,-0.01565130605829224,0,nan,nan,nan,nan,nan,nan,nan,nan
18.66028594970703,1789121631.0810633,r18_z20_w0,0,0.0,-1.2709380307605356,1.2485804488902446,0.02235758187029102,0.0,-0.0015339808305725455,-1.2762720584869385,1.2593982219696045,0.02147573232650757,0.0015339808305725455,0.17952362930445884,-0.00027538602199124365,0.19751767786995367,0.0007693395791213238,0.0030673427906969877,-0.0007693395791213236,0.9999947038066894,0.11756237950679088,-0.002301777006596034,0.23646070312423856,-0.011296499740500312,0.016246051694773684,-0.7067634847592097,0.707173126970307,0.17999999999999997,0.0,0.2,0.0,0.10549402311380368,-0.0736472652585089,0.468353957178663,0.10089787686166933,0.9696924840935309,-0.22197103720078964,-0.01565130605829224,0,nan,nan,nan,nan,nan,nan,nan,nan
18.661214351654053,1789121631.0810633,r18_z20_w0,0,0.0,-1.2709380307605356,1.2485804488902446,0.02235758187029102,0.0,-0.0015339808305725455,-1.2762720584869385,1.2593982219696045,0.02147573232650757,0.0015339808305725455,0.17952362930445884,-0.00027538602199124365,0.19751767786995367,0.0007693395791213238,0.0030673427906969877,-0.0007693395791213236,0.9999947038066894,0.11756237950679088,-0.002301777006596034,0.23646070312423856,-0.011296499740500312,0.016246051694773684,-0.7067634847592097,0.707173126970307,0.17999999999999997,0.0,0.2,0.0,0.10549402311380368,-0.0736472652585089,0.468353957178663,0.10089787686166933,0.9696924840935309,-0.22197103720078964,-0.01565130605829224,0,nan,nan,nan,nan,nan,nan,nan,nan
18.66189169883728,1789121631.1144195,r18_z20_w0,0,0.0,-1.2709380307605356,1.2485804488902446,0.02235758187029102,0.0,-0.0015339808305725455,-1.2762720584869385,1.2593982219696045,0.023009711876511574,0.0015339808305725455,0.17952362930445884,-0.00027538602199124365,0.19751767786995367,0.0007693395791213238,0.0030673427906969877,-0.0007693395791213236,0.9999947038066894,0.11754465242869777,-0.0022932950865361124,0.23643816593036898,-0.010870952668261328,0.016526102787519963,-0.7068520123687148,0.7070848201772112,0.17999999999999997,0.0,0.2,0.0,0.10550075324426551,-0.07365383866911036,0.46838234050105787,0.10089604898778394,0.9696731406828684,-0.2220189446530682,-0.01617330368275837,0,nan,nan,nan,nan,nan,nan,nan,nan
18.669385194778442,1789121631.1144195,r18_z20_w0,0,0.0,-1.2709380307605356,1.2485804488902446,0.02235758187029102,0.0,-0.0015339808305725455,-1.2762720584869385,1.2593982219696045,0.023009711876511574,0.0015339808305725455,0.17952362930445884,-0.00027538602199124365,0.19751767786995367,0.0007693395791213238,0.0030673427906969877,-0.0007693395791213236,0.9999947038066894,0.11754465242869777,-0.0022932950865361124,0.23643816593036898,-0.010870952668261328,0.016526102787519963,-0.7068520123687148,0.7070848201772112,0.17999999999999997,0.0,0.2,0.0,0.10550075324426551,-0.07365383866911036,0.46838234050105787,0.10089604898778394,0.9696731406828684,-0.2220189446530682,-0.01617330368275837,0,nan,nan,nan,nan,nan,nan,nan,nan
18.679741144180298,1789121631.1144195,r18_z20_w0,0,0.0,-1.2709380307605356,1.2485804488902446,0.02235758187029102,0.0,-0.0015339808305725455,-1.2762720584869385,1.2593982219696045,0.023009711876511574,0.0015339808305725455,0.17952362930445884,-0.00027538602199124365,0.19751767786995367,0.0007693395791213238,0.0030673427906969877,-0.0007693395791213236,0.9999947038066894,0.11754465242869777,-0.0022932950865361124,0.23643816593036898,-0.010870952668261328,0.016526102787519963,-0.7068520123687148,0.7070848201772112,0.17999999999999997,0.0,0.2,0.0,0.10550075324426551,-0.07365383866911036,0.46838234050105787,0.10089604898778394,0.9696731406828684,-0.2220189446530682,-0.01617330368275837,0,nan,nan,nan,nan,nan,nan,nan,nan
18.683504581451416,1789121631.1144195,r18_z20_w0,0,0.0,-1.2709380307605356,1.2485804488902446,0.02235758187029102,0.0,-0.0015339808305725455,-1.2762720584869385,1.2593982219696045,0.023009711876511574,0.0015339808305725455,0.17952362930445884,-0.00027538602199124365,0.19751767786995367,0.0007693395791213238,0.0030673427906969877,-0.0007693395791213236,0.9999947038066894,0.11754465242869777,-0.0022932950865361124,0.23643816593036898,-0.010870952668261328,0.016526102787519963,-0.7068520123687148,0.7070848201772112,0.17999999999999997,0.0,0.2,0.0,0.10550075324426551,-0.07365383866911036,0.46838234050105787,0.10089604898778394,0.9696731406828684,-0.2220189446530682,-0.01617330368275837,0,nan,nan,nan,nan,nan,nan,nan,nan
18.684266090393066,1789121631.1477757,r18_z20_w0,0,0.0,-1.2709380307605356,1.2485804488902446,0.02235758187029102,0.0,-0.0015339808305725455,-1.2762720584869385,1.2593982219696045,0.023009711876511574,0.0015339808305725455,0.17952362930445884,-0.00027538602199124365,0.19751767786995367,0.0007693395791213238,0.0030673427906969877,-0.0007693395791213236,0.9999947038066894,0.11752925721508312,-0.0022873172204335712,0.23641777829964294,-0.01119623087962262,0.016388476517160917,-0.706822396039572,0.7071125530694639,0.17999999999999997,0.0,0.2,0.0,0.10550529941555754,-0.07365889397314265,0.4684076817559543,0.1008580175013336,0.9697044947079654,-0.22192369564456563,-0.01583434748666241,0,nan,nan,nan,nan,nan,nan,nan,nan
18.6893253326416,1789121631.1477757,r18_z20_w0,0,0.0,-1.2709380307605356,1.2485804488902446,0.02235758187029102,0.0,-0.0015339808305725455,-1.2762720584869385,1.2593982219696045,0.023009711876511574,0.0015339808305725455,0.17952362930445884,-0.00027538602199124365,0.19751767786995367,0.0007693395791213238,0.0030673427906969877,-0.0007693395791213236,0.9999947038066894,0.11752925721508312,-0.0022873172204335712,0.23641777829964294,-0.01119623087962262,0.016388476517160917,-0.706822396039572,0.7071125530694639,0.17999999999999997,0.0,0.2,0.0,0.10550529941555754,-0.07365889397314265,0.4684076817559543,0.1008580175013336,0.9697044947079654,-0.22192369564456563,-0.01583434748666241,0,nan,nan,nan,nan,nan,nan,nan,nan
18.699382066726685,1789121631.1477757,r18_z20_w0,0,0.0,-1.2709380307605356,1.2485804488902446,0.02235758187029102,0.0,-0.0015339808305725455,-1.2762720584869385,1.2593982219696045,0.023009711876511574,0.0015339808305725455,0.17952362930445884,-0.00027538602199124365,0.19751767786995367,0.0007693395791213238,0.0030673427906969877,-0.0007693395791213236,0.9999947038066894,0.11752925721508312,-0.0022873172204335712,0.23641777829964294,-0.01119623087962262,0.016388476517160917,-0.706822396039572,0.7071125530694639,0.17999999999999997,0.0,0.2,0.0,0.10550529941555754,-0.07365889397314265,0.4684076817559543,0.1008580175013336,0.9697044947079654,-0.22192369564456563,-0.01583434748666241,0,nan,nan,nan,nan,nan,nan,nan,nan
18.70032572746277,1789121631.1477757,r18_z20_w0,0,0.0,-1.2709380307605356,1.2485804488902446,0.02235758187029102,0.0,-0.0015339808305725455,-1.2762720584869385,1.2593982219696045,0.023009711876511574,0.0015339808305725455,0.17952362930445884,-0.00027538602199124365,0.19751767786995367,0.0007693395791213238,0.0030673427906969877,-0.0007693395791213236,0.9999947038066894,0.11752925721508312,-0.0022873172204335712,0.23641777829964294,-0.01119623087962262,0.016388476517160917,-0.706822396039572,0.7071125530694639,0.17999999999999997,0.0,0.2,0.0,0.10550529941555754,-0.07365889397314265,0.4684076817559543,0.1008580175013336,0.9697044947079654,-0.22192369564456563,-0.01583434748666241,0,nan,nan,nan,nan,nan,nan,nan,nan
18.70965600013733,1789121631.1477757,r18_z20_w0,0,0.0,-1.2709380307605356,1.2485804488902446,0.02235758187029102,0.0,-0.0015339808305725455,-1.2762720584869385,1.2593982219696045,0.023009711876511574,0.0015339808305725455,0.17952362930445884,-0.00027538602199124365,0.19751767786995367,0.0007693395791213238,0.0030673427906969877,-0.0007693395791213236,0.9999947038066894,0.11752925721508312,-0.0022873172204335712,0.23641777829964294,-0.01119623087962262,0.016388476517160917,-0.706822396039572,0.7071125530694639,0.17999999999999997,0.0,0.2,0.0,0.10550529941555754,-0.07365889397314265,0.4684076817559543,0.1008580175013336,0.9697044947079654,-0.22192369564456563,-0.01583434748666241,0,nan,nan,nan,nan,nan,nan,nan,nan
18.716060400009155,1789121631.1477757,r18_z20_w0,0,0.0,-1.2709380307605356,1.2485804488902446,0.02235758187029102,0.0,-0.0015339808305725455,-1.2762720584869385,1.2593982219696045,0.023009711876511574,0.0015339808305725455,0.17952362930445884,-0.00027538602199124365,0.19751767786995367,0.0007693395791213238,0.0030673427906969877,-0.0007693395791213236,0.9999947038066894,0.11752925721508312,-0.0022873172204335712,0.23641777829964294,-0.01119623087962262,0.016388476517160917,-0.706822396039572,0.7071125530694639,0.17999999999999997,0.0,0.2,0.0,0.10550529941555754,-0.07365889397314265,0.4684076817559543,0.1008580175013336,0.9697044947079654,-0.22192369564456563,-0.01583434748666241,0,nan,nan,nan,nan,nan,nan,nan,nan
18.716765642166138,1789121631.1811316,r18_z20_w0,0,0.0,-1.2709380307605356,1.2485804488902446,0.02235758187029102,0.0,-0.0015339808305725455,-1.2762720584869385,1.2593982219696045,0.023009711876511574,0.0015339808305725455,0.17952362930445884,-0.00027538602199124365,0.19751767786995367,0.0007693395791213238,0.0030673427906969877,-0.0007693395791213236,0.9999947038066894,0.11753553067854872,-0.0022887268272394345,0.23642486359165166,-0.011076095467014255,0.016393462278186537,-0.7067788804267131,0.7071578244539909,0.17999999999999997,0.0,0.2,0.0,0.10550454486227154,-0.07365647250673868,0.4683984561476902,0.10093891561576013,0.9696785454704661,-0.2219946820251649,-0.015912728274613878,0,nan,nan,nan,nan,nan,nan,nan,nan
18.71936798095703,1789121631.1811316,r18_z20_w0,0,0.0,-1.2709380307605356,1.2485804488902446,0.02235758187029102,0.0,-0.0015339808305725455,-1.2762720584869385,1.2593982219696045,0.023009711876511574,0.0015339808305725455,0.17952362930445884,-0.00027538602199124365,0.19751767786995367,0.0007693395791213238,0.0030673427906969877,-0.0007693395791213236,0.9999947038066894,0.11753553067854872,-0.0022887268272394345,0.23642486359165166,-0.011076095467014255,0.016393462278186537,-0.7067788804267131,0.7071578244539909,0.17999999999999997,0.0,0.2,0.0,0.10550454486227154,-0.07365647250673868,0.4683984561476902,0.10093891561576013,0.9696785454704661,-0.2219946820251649,-0.015912728274613878,0,nan,nan,nan,nan,nan,nan,nan,nan
18.72940182685852,1789121631.1811316,r18_z20_w0,0,0.0,-1.2709380307605356,1.2485804488902446,0.02235758187029102,0.0,-0.0015339808305725455,-1.2762720584869385,1.2593982219696045,0.023009711876511574,0.0015339808305725455,0.17952362930445884,-0.00027538602199124365,0.19751767786995367,0.0007693395791213238,0.0030673427906969877,-0.0007693395791213236,0.9999947038066894,0.11753553067854872,-0.0022887268272394345,0.23642486359165166,-0.011076095467014255,0.016393462278186537,-0.7067788804267131,0.7071578244539909,0.17999999999999997,0.0,0.2,0.0,0.10550454486227154,-0.07365647250673868,0.4683984561476902,0.10093891561576013,0.9696785454704661,-0.2219946820251649,-0.015912728274613878,0,nan,nan,nan,nan,nan,nan,nan,nan
18.739792346954346,1789121631.1811316,r18_z20_w0,0,0.0,-1.2709380307605356,1.2485804488902446,0.02235758187029102,0.0,-0.0015339808305725455,-1.2762720584869385,1.2593982219696045,0.023009711876511574,0.0015339808305725455,0.17952362930445884,-0.00027538602199124365,0.19751767786995367,0.0007693395791213238,0.0030673427906969877,-0.0007693395791213236,0.9999947038066894,0.11753553067854872,-0.0022887268272394345,0.23642486359165166,-0.011076095467014255,0.016393462278186537,-0.7067788804267131,0.7071578244539909,0.17999999999999997,0.0,0.2,0.0,0.10550454486227154,-0.07365647250673868,0.4683984561476902,0.10093891561576013,0.9696785454704661,-0.2219946820251649,-0.015912728274613878,0,nan,nan,nan,nan,nan,nan,nan,nan
18.748775482177734,1789121631.1811316,r18_z20_w0,0,0.0,-1.2709380307605356,1.2485804488902446,0.02235758187029102,0.0,-0.0015339808305725455,-1.2762720584869385,1.2593982219696045,0.023009711876511574,0.0015339808305725455,0.17952362930445884,-0.00027538602199124365,0.19751767786995367,0.0007693395791213238,0.0030673427906969877,-0.0007693395791213236,0.9999947038066894,0.11753553067854872,-0.0022887268272394345,0.23642486359165166,-0.011076095467014255,0.016393462278186537,-0.7067788804267131,0.7071578244539909,0.17999999999999997,0.0,0.2,0.0,0.10550454486227154,-0.07365647250673868,0.4683984561476902,0.10093891561576013,0.9696785454704661,-0.2219946820251649,-0.015912728274613878,0,nan,nan,nan,nan,nan,nan,nan,nan
18.74983859062195,1789121631.2144878,r18_z20_w0,0,0.0,-1.2709380307605356,1.2485804488902446,0.02235758187029102,0.0,-0.0015339808305725455,-1.2762720584869385,1.2593982219696045,0.023009711876511574,0.0015339808305725455,0.17952362930445884,-0.00027538602199124365,0.19751767786995367,0.0007693395791213238,0.0030673427906969877,-0.0007693395791213236,0.9999947038066894,0.11765410134639359,-0.0023472452265774213,0.23660211999699327,-0.011395571393624356,0.015618938247237433,-0.7066157876636951,0.7073332441961552,0.17999999999999997,0.0,0.2,0.0,0.10545577606267482,-0.07362441774069221,0.46818515510285336,0.10097968040195754,0.9695965903343913,-0.2223877764067212,-0.015140444600982853,0,nan,nan,nan,nan,nan,nan,nan,nan
18.81258797645569,1789121631.2144878,r18_z20_w0,0,0.0,-1.2709380307605356,1.2485804488902446,0.02235758187029102,0.0,-0.0015339808305725455,-1.2762720584869385,1.2593982219696045,0.023009711876511574,0.0015339808305725455,0.17952393196060554,-0.00027538648626033513,0.19745653788527093,0.0007694153321966924,0.003166418289888086,-0.0007694153321966925,0.9999943948819446,0.11765410134639359,-0.0023472452265774213,0.23660211999699327,-0.011395571393624356,0.015618938247237433,-0.7066157876636951,0.7073332441961552,0.17999999999999997,0.0,0.2,0.0,0.10545577606267482,-0.07362441774069221,0.46818515510285336,0.10097968040195754,0.9695965903343913,-0.2223877764067212,-0.015140444600982853,0,nan,nan,nan,nan,nan,nan,nan,nan
18.813462495803833,1789121631.2144878,r18_z20_w0,0,0.0,-1.2709380307605356,1.2485804488902446,0.02235758187029102,0.0,-0.0015339808305725455,-1.2762720584869385,1.2593982219696045,0.023009711876511574,0.0015339808305725455,0.17952393196060554,-0.00027538648626033513,0.19745653788527093,0.0007694153321966924,0.003166418289888086,-0.0007694153321966925,0.9999943948819446,0.11765410134639359,-0.0023472452265774213,0.23660211999699327,-0.011395571393624356,0.015618938247237433,-0.7066157876636951,0.7073332441961552,0.17999999999999997,0.0,0.2,0.0,0.10545577606267482,-0.07362441774069221,0.46818515510285336,0.10097968040195754,0.9695965903343913,-0.2223877764067212,-0.015140444600982853,0,nan,nan,nan,nan,nan,nan,nan,nan
18.814014673233032,1789121631.2478437,r18_z20_w0,0,0.0,-1.2709380307605356,1.2485804488902446,0.02235758187029102,0.0,0.0,-1.2762720584869385,1.2593982219696045,0.023009711876511574,0.0015339808305725455,0.17952530045787976,-0.000275388585510567,0.1971412288365539,0.0007698058823617733,0.0036773651419254945,-0.0007698058823617731,0.9999926458646683,0.11764160499199855,-0.002338574038199648,0.23657933152914595,-0.01141113225464721,0.0158148083742552,-0.7067357599187625,0.7072087694230056,0.17999999999999997,0.0,0.2,0.0,0.1054636795020831,-0.07362639385127527,0.4682113141028411,0.1008454006759462,0.9696449519585237,-0.2222275405847113,-0.01529027499852867,0,nan,nan,nan,nan,nan,nan,nan,nan
18.814605474472046,1789121631.2478437,r18_z20_w0,0,0.0,-1.2709380307605356,1.2485804488902446,0.02235758187029102,0.0,0.0,-1.2762720584869385,1.2593982219696045,0.023009711876511574,0.0015339808305725455,0.17952530045787976,-0.000275388585510567,0.1971412288365539,0.0007698058823617733,0.0036773651419254945,-0.0007698058823617731,0.9999926458646683,0.11764160499199855,-0.002338574038199648,0.23657933152914595,-0.01141113225464721,0.0158148083742552,-0.7067357599187625,0.7072087694230056,0.17999999999999997,0.0,0.2,0.0,0.1054636795020831,-0.07362639385127527,0.4682113141028411,0.1008454006759462,0.9696449519585237,-0.2222275405847113,-0.01529027499852867,0,nan,nan,nan,nan,nan,nan,nan,nan
18.81502342224121,1789121631.2478437,r18_z20_w0,0,0.0,-1.2709380307605356,1.2485804488902446,0.02235758187029102,0.0,0.0,-1.2762720584869385,1.2593982219696045,0.023009711876511574,0.0015339808305725455,0.17952530045787976,-0.000275388585510567,0.1971412288365539,0.0007698058823617733,0.0036773651419254945,-0.0007698058823617731,0.9999926458646683,0.11764160499199855,-0.002338574038199648,0.23657933152914595,-0.01141113225464721,0.0158148083742552,-0.7067357599187625,0.7072087694230056,0.17999999999999997,0.0,0.2,0.0,0.1054636795020831,-0.07362639385127527,0.4682113141028411,0.1008454006759462,0.9696449519585237,-0.2222275405847113,-0.01529027499852867,0,nan,nan,nan,nan,nan,nan,nan,nan
18.81579613685608,1789121631.2478437,r18_z20_w0,0,0.0,-1.2709380307605356,1.2485804488902446,0.02235758187029102,0.0,0.0,-1.2762720584869385,1.2593982219696045,0.023009711876511574,0.0015339808305725455,0.17952530045787976,-0.000275388585510567,0.1971412288365539,0.0007698058823617733,0.0036773651419254945,-0.0007698058823617731,0.9999926458646683,0.11764160499199855,-0.002338574038199648,0.23657933152914595,-0.01141113225464721,0.0158148083742552,-0.7067357599187625,0.7072087694230056,0.17999999999999997,0.0,0.2,0.0,0.1054636795020831,-0.07362639385127527,0.4682113141028411,0.1008454006759462,0.9696449519585237,-0.2222275405847113,-0.01529027499852867,0,nan,nan,nan,nan,nan,nan,nan,nan
18.816205978393555,1789121631.2478437,r18_z20_w0,0,0.0,-1.2709380307605356,1.2485804488902446,0.02235758187029102,0.0,0.0,-1.2762720584869385,1.2593982219696045,0.023009711876511574,0.0015339808305725455,0.17952530045787976,-0.000275388585510567,0.1971412288365539,0.0007698058823617733,0.0036773651419254945,-0.0007698058823617731,0.9999926458646683,0.11764160499199855,-0.002338574038199648,0.23657933152914595,-0.01141113225464721,0.0158148083742552,-0.7067357599187625,0.7072087694230056,0.17999999999999997,0.0,0.2,0.0,0.1054636795020831,-0.07362639385127527,0.4682113141028411,0.1008454006759462,0.9696449519585237,-0.2222275405847113,-0.01529027499852867,0,nan,nan,nan,nan,nan,nan,nan,nan
18.816678047180176,1789121631.2812,r18_z20_w0,0,0.0,-1.2709380307605356,1.2485804488902446,0.02235758187029102,0.0,-0.0015339808305725455,-1.2762720584869385,1.2593982219696045,0.02147573232650757,0.0015339808305725455,0.17952496069653992,-0.00027538806432277595,0.19722685469762433,0.0007696998439371054,0.003538611856028117,-0.0007696998439371057,0.9999931466517322,0.11747573844736237,-0.0022609301860964937,0.23633761329426128,-0.01107906298639233,0.01654034038946817,-0.7068566610293275,0.7070766098957132,0.17999999999999997,0.0,0.2,0.0,0.10552729824355622,-0.07367328431906035,0.46850409716799174,0.10085620680375428,0.9697114890220144,-0.22188008754832306,-0.01602748755776568,0,nan,nan,nan,nan,nan,nan,nan,nan
18.817222356796265,1789121631.2812,r18_z20_w0,0,0.0,-1.2709380307605356,1.2485804488902446,0.02235758187029102,0.0,-0.0015339808305725455,-1.2762720584869385,1.2593982219696045,0.02147573232650757,0.0015339808305725455,0.17952496069653992,-0.00027538806432277595,0.19722685469762433,0.0007696998439371054,0.003538611856028117,-0.0007696998439371057,0.9999931466517322,0.11747573844736237,-0.0022609301860964937,0.23633761329426128,-0.01107906298639233,0.01654034038946817,-0.7068566610293275,0.7070766098957132,0.17999999999999997,0.0,0.2,0.0,0.10552729824355622,-0.07367328431906035,0.46850409716799174,0.10085620680375428,0.9697114890220144,-0.22188008754832306,-0.01602748755776568,0,nan,nan,nan,nan,nan,nan,nan,nan
18.817697525024414,1789121631.2812,r18_z20_w0,0,0.0,-1.2709380307605356,1.2485804488902446,0.02235758187029102,0.0,-0.0015339808305725455,-1.2762720584869385,1.2593982219696045,0.02147573232650757,0.0015339808305725455,0.17952496069653992,-0.00027538806432277595,0.19722685469762433,0.0007696998439371054,0.003538611856028117,-0.0007696998439371057,0.9999931466517322,0.11747573844736237,-0.0022609301860964937,0.23633761329426128,-0.01107906298639233,0.01654034038946817,-0.7068566610293275,0.7070766098957132,0.17999999999999997,0.0,0.2,0.0,0.10552729824355622,-0.07367328431906035,0.46850409716799174,0.10085620680375428,0.9697114890220144,-0.22188008754832306,-0.01602748755776568,0,nan,nan,nan,nan,nan,nan,nan,nan
18.818528652191162,1789121631.2812,r18_z20_w0,0,0.0,-1.2709380307605356,1.2485804488902446,0.02235758187029102,0.0,-0.0015339808305725455,-1.2762720584869385,1.2593982219696045,0.02147573232650757,0.0015339808305725455,0.17952496069653992,-0.00027538806432277595,0.19722685469762433,0.0007696998439371054,0.003538611856028117,-0.0007696998439371057,0.9999931466517322,0.11747573844736237,-0.0022609301860964937,0.23633761329426128,-0.01107906298639233,0.01654034038946817,-0.7068566610293275,0.7070766098957132,0.17999999999999997,0.0,0.2,0.0,0.10552729824355622,-0.07367328431906035,0.46850409716799174,0.10085620680375428,0.9697114890220144,-0.22188008754832306,-0.01602748755776568,0,nan,nan,nan,nan,nan,nan,nan,nan
18.81937026977539,1789121631.2812,r18_z20_w0,0,0.0,-1.2709380307605356,1.2485804488902446,0.02235758187029102,0.0,-0.0015339808305725455,-1.2762720584869385,1.2593982219696045,0.02147573232650757,0.0015339808305725455,0.17952496069653992,-0.00027538806432277595,0.19722685469762433,0.0007696998439371054,0.003538611856028117,-0.0007696998439371057,0.9999931466517322,0.11747573844736237,-0.0022609301860964937,0.23633761329426128,-0.01107906298639233,0.01654034038946817,-0.7068566610293275,0.7070766098957132,0.17999999999999997,0.0,0.2,0.0,0.10552729824355622,-0.07367328431906035,0.46850409716799174,0.10085620680375428,0.9697114890220144,-0.22188008754832306,-0.01602748755776568,0,nan,nan,nan,nan,nan,nan,nan,nan
18.829326629638672,1789121631.2812,r18_z20_w0,0,0.0,-1.2709380307605356,1.2485804488902446,0.02235758187029102,0.0,-0.0015339808305725455,-1.2762720584869385,1.2593982219696045,0.02147573232650757,0.0015339808305725455,0.17952496069653992,-0.00027538806432277595,0.19722685469762433,0.0007696998439371054,0.003538611856028117,-0.0007696998439371057,0.9999931466517322,0.11747573844736237,-0.0022609301860964937,0.23633761329426128,-0.01107906298639233,0.01654034038946817,-0.7068566610293275,0.7070766098957132,0.17999999999999997,0.0,0.2,0.0,0.10552729824355622,-0.07367328431906035,0.46850409716799174,0.10085620680375428,0.9697114890220144,-0.22188008754832306,-0.01602748755776568,0,nan,nan,nan,nan,nan,nan,nan,nan
18.839455127716064,1789121631.2812,r18_z20_w0,0,0.0,-1.2709380307605356,1.2485804488902446,0.02235758187029102,0.0,-0.0015339808305725455,-1.2762720584869385,1.2593982219696045,0.02147573232650757,0.0015339808305725455,0.17952496069653992,-0.00027538806432277595,0.19722685469762433,0.0007696998439371054,0.003538611856028117,-0.0007696998439371057,0.9999931466517322,0.11747573844736237,-0.0022609301860964937,0.23633761329426128,-0.01107906298639233,0.01654034038946817,-0.7068566610293275,0.7070766098957132,0.17999999999999997,0.0,0.2,0.0,0.10552729824355622,-0.07367328431906035,0.46850409716799174,0.10085620680375428,0.9697114890220144,-0.22188008754832306,-0.01602748755776568,0,nan,nan,nan,nan,nan,nan,nan,nan
18.849061012268066,1789121631.2812,r18_z20_w0,0,0.0,-1.2709380307605356,1.2485804488902446,0.02235758187029102,0.0,-0.0015339808305725455,-1.2762720584869385,1.2593982219696045,0.02147573232650757,0.0015339808305725455,0.17952496069653992,-0.00027538806432277595,0.19722685469762433,0.0007696998439371054,0.003538611856028117,-0.0007696998439371057,0.9999931466517322,0.11747573844736237,-0.0022609301860964937,0.23633761329426128,-0.01107906298639233,0.01654034038946817,-0.7068566610293275,0.7070766098957132,0.17999999999999997,0.0,0.2,0.0,0.10552729824355622,-0.07367328431906035,0.46850409716799174,0.10085620680375428,0.9697114890220144,-0.22188008754832306,-0.01602748755776568,0,nan,nan,nan,nan,nan,nan,nan,nan
18.850412845611572,1789121631.314556,r18_z20_w0,0,0.0,-1.2709380307605356,1.2485804488902446,0.02235758187029102,0.0,-0.0015339808305725455,-1.2762720584869385,1.2593982219696045,0.023009711876511574,0.0015339808305725455,0.179523766511007,-0.00027538623246362346,0.1974902632554981,0.0007693735470562382,0.003111767361506714,-0.000769373547056238,0.9999945665015276,0.1175980537075006,-0.002316340249146759,0.23651155010107777,-0.011292560906633409,0.016180620559836566,-0.7066981402786832,0.7072399904651315,0.17999999999999997,0.0,0.2,0.0,0.10548251942454734,-0.07363707720741827,0.46829203771135247,0.10097703483025461,0.9696730092990975,-0.2220243067389199,-0.015591686593304054,0,nan,nan,nan,nan,nan,nan,nan,nan
18.851407289505005,1789121631.314556,r18_z20_w0,0,0.0,-1.2709380307605356,1.2485804488902446,0.02235758187029102,0.0,-0.0015339808305725455,-1.2762720584869385,1.2593982219696045,0.023009711876511574,0.0015339808305725455,0.179523766511007,-0.00027538623246362346,0.1974902632554981,0.0007693735470562382,0.003111767361506714,-0.000769373547056238,0.9999945665015276,0.1175980537075006,-0.002316340249146759,0.23651155010107777,-0.011292560906633409,0.016180620559836566,-0.7066981402786832,0.7072399904651315,0.17999999999999997,0.0,0.2,0.0,0.10548251942454734,-0.07363707720741827,0.46829203771135247,0.10097703483025461,0.9696730092990975,-0.2220243067389199,-0.015591686593304054,0,nan,nan,nan,nan,nan,nan,nan,nan
18.859391689300537,1789121631.314556,r18_z20_w0,0,0.0,-1.2709380307605356,1.2485804488902446,0.02235758187029102,0.0,-0.0015339808305725455,-1.2762720584869385,1.2593982219696045,0.023009711876511574,0.0015339808305725455,0.179523766511007,-0.00027538623246362346,0.1974902632554981,0.0007693735470562382,0.003111767361506714,-0.000769373547056238,0.9999945665015276,0.1175980537075006,-0.002316340249146759,0.23651155010107777,-0.011292560906633409,0.016180620559836566,-0.7066981402786832,0.7072399904651315,0.17999999999999997,0.0,0.2,0.0,0.10548251942454734,-0.07363707720741827,0.46829203771135247,0.10097703483025461,0.9696730092990975,-0.2220243067389199,-0.015591686593304054,0,nan,nan,nan,nan,nan,nan,nan,nan
18.869415760040283,1789121631.314556,r18_z20_w0,0,0.0,-1.2709380307605356,1.2485804488902446,0.02235758187029102,0.0,-0.0015339808305725455,-1.2762720584869385,1.2593982219696045,0.023009711876511574,0.0015339808305725455,0.179523766511007,-0.00027538623246362346,0.1974902632554981,0.0007693735470562382,0.003111767361506714,-0.000769373547056238,0.9999945665015276,0.1175980537075006,-0.002316340249146759,0.23651155010107777,-0.011292560906633409,0.016180620559836566,-0.7066981402786832,0.7072399904651315,0.17999999999999997,0.0,0.2,0.0,0.10548251942454734,-0.07363707720741827,0.46829203771135247,0.10097703483025461,0.9696730092990975,-0.2220243067389199,-0.015591686593304054,0,nan,nan,nan,nan,nan,nan,nan,nan
18.870699882507324,1789121631.314556,r18_z20_w0,0,0.0,-1.2709380307605356,1.2485804488902446,0.02235758187029102,0.0,-0.0015339808305725455,-1.2762720584869385,1.2593982219696045,0.023009711876511574,0.0015339808305725455,0.179523766511007,-0.00027538623246362346,0.1974902632554981,0.0007693735470562382,0.003111767361506714,-0.000769373547056238,0.9999945665015276,0.1175980537075006,-0.002316340249146759,0.23651155010107777,-0.011292560906633409,0.016180620559836566,-0.7066981402786832,0.7072399904651315,0.17999999999999997,0.0,0.2,0.0,0.10548251942454734,-0.07363707720741827,0.46829203771135247,0.10097703483025461,0.9696730092990975,-0.2220243067389199,-0.015591686593304054,0,nan,nan,nan,nan,nan,nan,nan,nan
18.879634618759155,1789121631.314556,r18_z20_w0,0,0.0,-1.2709380307605356,1.2485804488902446,0.02235758187029102,0.0,-0.0015339808305725455,-1.2762720584869385,1.2593982219696045,0.023009711876511574,0.0015339808305725455,0.179523766511007,-0.00027538623246362346,0.1974902632554981,0.0007693735470562382,0.003111767361506714,-0.000769373547056238,0.9999945665015276,0.1175980537075006,-0.002316340249146759,0.23651155010107777,-0.011292560906633409,0.016180620559836566,-0.7066981402786832,0.7072399904651315,0.17999999999999997,0.0,0.2,0.0,0.10548251942454734,-0.07363707720741827,0.46829203771135247,0.10097703483025461,0.9696730092990975,-0.2220243067389199,-0.015591686593304054,0,nan,nan,nan,nan,nan,nan,nan,nan
18.88236689567566,1789121631.314556,r18_z20_w0,0,0.0,-1.2709380307605356,1.2485804488902446,0.02235758187029102,0.0,-0.0015339808305725455,-1.2762720584869385,1.2593982219696045,0.023009711876511574,0.0015339808305725455,0.179523766511007,-0.00027538623246362346,0.1974902632554981,0.0007693735470562382,0.003111767361506714,-0.000769373547056238,0.9999945665015276,0.1175980537075006,-0.002316340249146759,0.23651155010107777,-0.011292560906633409,0.016180620559836566,-0.7066981402786832,0.7072399904651315,0.17999999999999997,0.0,0.2,0.0,0.10548251942454734,-0.07363707720741827,0.46829203771135247,0.10097703483025461,0.9696730092990975,-0.2220243067389199,-0.015591686593304054,0,nan,nan,nan,nan,nan,nan,nan,nan
18.88305163383484,1789121631.347912,r18_z20_w0,0,0.0,-1.2709380307605356,1.2485804488902446,0.02235758187029102,0.0,-0.0015339808305725455,-1.2762720584869385,1.2593982219696045,0.023009711876511574,0.0015339808305725455,0.17952472910247444,-0.0002753877090616404,0.19728204646715425,0.0007696314869453858,0.0034491756797803167,-0.0007696314869453859,0.9999934592395485,0.11757800292099452,-0.0023099403288746323,0.23648828315094028,-0.01126481032429996,0.01606359717889438,-0.7067576244278566,0.7071836573388307,0.17999999999999997,0.0,0.2,0.0,0.10548683437677073,-0.07364490600380182,0.4683221115392132,0.1008815204730096,0.969659523673046,-0.22212877092071293,-0.015560723198769489,0,nan,nan,nan,nan,nan,nan,nan,nan
18.88939595222473,1789121631.347912,r18_z20_w0,0,0.0,-1.2709380307605356,1.2485804488902446,0.02235758187029102,0.0,-0.0015339808305725455,-1.2762720584869385,1.2593982219696045,0.023009711876511574,0.0015339808305725455,0.17952472910247444,-0.0002753877090616404,0.19728204646715425,0.0007696314869453858,0.0034491756797803167,-0.0007696314869453859,0.9999934592395485,0.11757800292099452,-0.0023099403288746323,0.23648828315094028,-0.01126481032429996,0.01606359717889438,-0.7067576244278566,0.7071836573388307,0.17999999999999997,0.0,0.2,0.0,0.10548683437677073,-0.07364490600380182,0.4683221115392132,0.1008815204730096,0.969659523673046,-0.22212877092071293,-0.015560723198769489,0,nan,nan,nan,nan,nan,nan,nan,nan
18.89975905418396,1789121631.347912,r18_z20_w0,0,0.0,-1.2709380307605356,1.2485804488902446,0.02235758187029102,0.0,-0.0015339808305725455,-1.2762720584869385,1.2593982219696045,0.023009711876511574,0.0015339808305725455,0.17952472910247444,-0.0002753877090616404,0.19728204646715425,0.0007696314869453858,0.0034491756797803167,-0.0007696314869453859,0.9999934592395485,0.11757800292099452,-0.0023099403288746323,0.23648828315094028,-0.01126481032429996,0.01606359717889438,-0.7067576244278566,0.7071836573388307,0.17999999999999997,0.0,0.2,0.0,0.10548683437677073,-0.07364490600380182,0.4683221115392132,0.1008815204730096,0.969659523673046,-0.22212877092071293,-0.015560723198769489,0,nan,nan,nan,nan,nan,nan,nan,nan
18.90947151184082,1789121631.347912,r18_z20_w0,0,0.0,-1.2709380307605356,1.2485804488902446,0.02235758187029102,0.0,-0.0015339808305725455,-1.2762720584869385,1.2593982219696045,0.023009711876511574,0.0015339808305725455,0.17952472910247444,-0.0002753877090616404,0.19728204646715425,0.0007696314869453858,0.0034491756797803167,-0.0007696314869453859,0.9999934592395485,0.11757800292099452,-0.0023099403288746323,0.23648828315094028,-0.01126481032429996,0.01606359717889438,-0.7067576244278566,0.7071836573388307,0.17999999999999997,0.0,0.2,0.0,0.10548683437677073,-0.07364490600380182,0.4683221115392132,0.1008815204730096,0.969659523673046,-0.22212877092071293,-0.015560723198769489,0,nan,nan,nan,nan,nan,nan,nan,nan
18.915968656539917,1789121631.347912,r18_z20_w0,0,0.0,-1.2709380307605356,1.2485804488902446,0.02235758187029102,0.0,-0.0015339808305725455,-1.2762720584869385,1.2593982219696045,0.023009711876511574,0.0015339808305725455,0.17952472910247444,-0.0002753877090616404,0.19728204646715425,0.0007696314869453858,0.0034491756797803167,-0.0007696314869453859,0.9999934592395485,0.11757800292099452,-0.0023099403288746323,0.23648828315094028,-0.01126481032429996,0.01606359717889438,-0.7067576244278566,0.7071836573388307,0.17999999999999997,0.0,0.2,0.0,0.10548683437677073,-0.07364490600380182,0.4683221115392132,0.1008815204730096,0.969659523673046,-0.22212877092071293,-0.015560723198769489,0,nan,nan,nan,nan,nan,nan,nan,nan
18.91691303253174,1789121631.381268,r18_z20_w0,0,0.0,-1.2709380307605356,1.2485804488902446,0.02235758187029102,0.0,-0.0015339808305725455,-1.2762720584869385,1.260932207107544,0.023009711876511574,0.0015339808305725455,0.17952565616953808,-0.0002753891311658601,0.19704436409435455,0.0007699258209305912,0.0038343303228693965,-0.0007699258209305911,0.9999920561381653,0.11756378609172768,-0.0022988677373448063,0.23646370773939324,-0.011389891246530852,0.01592706062699943,-0.7066832882123959,0.7072590255899829,0.17999999999999997,0.0,0.2,0.0,0.1054969070415719,-0.07364801942151825,0.468350703835802,0.10093904452838692,0.9696503825474676,-0.2221566874561334,-0.01535744554813742,0,nan,nan,nan,nan,nan,nan,nan,nan
18.979095220565796,1789121631.381268,r18_z20_w0,0,0.0,-1.2709380307605356,1.2485804488902446,0.02235758187029102,0.0,-0.0015339808305725455,-1.2762720584869385,1.260932207107544,0.023009711876511574,0.0015339808305725455,0.17952565616953808,-0.0002753891311658601,0.19704436409435455,0.0007699258209305912,0.0038343303228693965,-0.0007699258209305911,0.9999920561381653,0.11756378609172768,-0.0022988677373448063,0.23646370773939324,-0.011389891246530852,0.01592706062699943,-0.7066832882123959,0.7072590255899829,0.17999999999999997,0.0,0.2,0.0,0.1054969070415719,-0.07364801942151825,0.468350703835802,0.10093904452838692,0.9696503825474676,-0.2221566874561334,-0.01535744554813742,0,nan,nan,nan,nan,nan,nan,nan,nan
18.97990608215332,1789121631.381268,r18_z20_w0,0,0.0,-1.2709380307605356,1.2485804488902446,0.02235758187029102,0.0,-0.0015339808305725455,-1.2762720584869385,1.260932207107544,0.023009711876511574,0.0015339808305725455,0.17952565616953808,-0.0002753891311658601,0.19704436409435455,0.0007699258209305912,0.0038343303228693965,-0.0007699258209305911,0.9999920561381653,0.11756378609172768,-0.0022988677373448063,0.23646370773939324,-0.011389891246530852,0.01592706062699943,-0.7066832882123959,0.7072590255899829,0.17999999999999997,0.0,0.2,0.0,0.1054969070415719,-0.07364801942151825,0.468350703835802,0.10093904452838692,0.9696503825474676,-0.2221566874561334,-0.01535744554813742,0,nan,nan,nan,nan,nan,nan,nan,nan
18.980605125427246,1789121631.4146245,r18_z20_w0,0,0.0,-1.2709380307605356,1.2485804488902446,0.02235758187029102,0.0,-0.0015339808305725455,-1.2762720584869385,1.2593982219696045,0.02147573232650757,0.0015339808305725455,0.17952565616953808,-0.0002753891311658601,0.19704436409435455,0.0007699258209305912,0.0038343303228693965,-0.0007699258209305911,0.9999920561381653,0.1175779763333078,-0.0023097810472436087,0.23648636301162768,-0.011309434045231282,0.01606348130949902,-0.706633294870287,0.7073071806864101,0.17999999999999997,0.0,0.2,0.0,0.10548713062612582,-0.07364407217243123,0.46832382325592103,0.10104345459443369,0.9696495741181985,-0.22210390644967742,-0.01548478078021971,0,nan,nan,nan,nan,nan,nan,nan,nan
18.981273889541626,1789121631.4146245,r18_z20_w0,0,0.0,-1.2709380307605356,1.2485804488902446,0.02235758187029102,0.0,-0.0015339808305725455,-1.2762720584869385,1.2593982219696045,0.02147573232650757,0.0015339808305725455,0.17952565616953808,-0.0002753891311658601,0.19704436409435455,0.0007699258209305912,0.0038343303228693965,-0.0007699258209305911,0.9999920561381653,0.1175779763333078,-0.0023097810472436087,0.23648636301162768,-0.011309434045231282,0.01606348130949902,-0.706633294870287,0.7073071806864101,0.17999999999999997,0.0,0.2,0.0,0.10548713062612582,-0.07364407217243123,0.46832382325592103,0.10104345459443369,0.9696495741181985,-0.22210390644967742,-0.01548478078021971,0,nan,nan,nan,nan,nan,nan,nan,nan
18.981738090515137,1789121631.4146245,r18_z20_w0,0,0.0,-1.2709380307605356,1.2485804488902446,0.02235758187029102,0.0,-0.0015339808305725455,-1.2762720584869385,1.2593982219696045,0.02147573232650757,0.0015339808305725455,0.17952565616953808,-0.0002753891311658601,0.19704436409435455,0.0007699258209305912,0.0038343303228693965,-0.0007699258209305911,0.9999920561381653,0.1175779763333078,-0.0023097810472436087,0.23648636301162768,-0.011309434045231282,0.01606348130949902,-0.706633294870287,0.7073071806864101,0.17999999999999997,0.0,0.2,0.0,0.10548713062612582,-0.07364407217243123,0.46832382325592103,0.10104345459443369,0.9696495741181985,-0.22210390644967742,-0.01548478078021971,0,nan,nan,nan,nan,nan,nan,nan,nan
18.982537508010864,1789121631.4146245,r18_z20_w0,0,0.0,-1.2709380307605356,1.2485804488902446,0.02235758187029102,0.0,-0.0015339808305725455,-1.2762720584869385,1.2593982219696045,0.02147573232650757,0.0015339808305725455,0.17952565616953808,-0.0002753891311658601,0.19704436409435455,0.0007699258209305912,0.0038343303228693965,-0.0007699258209305911,0.9999920561381653,0.1175779763333078,-0.0023097810472436087,0.23648636301162768,-0.011309434045231282,0.01606348130949902,-0.706633294870287,0.7073071806864101,0.17999999999999997,0.0,0.2,0.0,0.10548713062612582,-0.07364407217243123,0.46832382325592103,0.10104345459443369,0.9696495741181985,-0.22210390644967742,-0.01548478078021971,0,nan,nan,nan,nan,nan,nan,nan,nan
18.98300051689148,1789121631.4146245,r18_z20_w0,0,0.0,-1.2709380307605356,1.2485804488902446,0.02235758187029102,0.0,-0.0015339808305725455,-1.2762720584869385,1.2593982219696045,0.02147573232650757,0.0015339808305725455,0.17952565616953808,-0.0002753891311658601,0.19704436409435455,0.0007699258209305912,0.0038343303228693965,-0.0007699258209305911,0.9999920561381653,0.1175779763333078,-0.0023097810472436087,0.23648636301162768,-0.011309434045231282,0.01606348130949902,-0.706633294870287,0.7073071806864101,0.17999999999999997,0.0,0.2,0.0,0.10548713062612582,-0.07364407217243123,0.46832382325592103,0.10104345459443369,0.9696495741181985,-0.22210390644967742,-0.01548478078021971,0,nan,nan,nan,nan,nan,nan,nan,nan
18.983554363250732,1789121631.4146245,r18_z20_w0,0,0.0,-1.2709380307605356,1.2485804488902446,0.02235758187029102,0.0,-0.0015339808305725455,-1.2762720584869385,1.2593982219696045,0.02147573232650757,0.0015339808305725455,0.17952565616953808,-0.0002753891311658601,0.19704436409435455,0.0007699258209305912,0.0038343303228693965,-0.0007699258209305911,0.9999920561381653,0.1175779763333078,-0.0023097810472436087,0.23648636301162768,-0.011309434045231282,0.01606348130949902,-0.706633294870287,0.7073071806864101,0.17999999999999997,0.0,0.2,0.0,0.10548713062612582,-0.07364407217243123,0.46832382325592103,0.10104345459443369,0.9696495741181985,-0.22210390644967742,-0.01548478078021971,0,nan,nan,nan,nan,nan,nan,nan,nan
18.98396873474121,1789121631.4146245,r18_z20_w0,0,0.0,-1.2709380307605356,1.2485804488902446,0.02235758187029102,0.0,-0.0015339808305725455,-1.2762720584869385,1.2593982219696045,0.02147573232650757,0.0015339808305725455,0.17952565616953808,-0.0002753891311658601,0.19704436409435455,0.0007699258209305912,0.0038343303228693965,-0.0007699258209305911,0.9999920561381653,0.1175779763333078,-0.0023097810472436087,0.23648636301162768,-0.011309434045231282,0.01606348130949902,-0.706633294870287,0.7073071806864101,0.17999999999999997,0.0,0.2,0.0,0.10548713062612582,-0.07364407217243123,0.46832382325592103,0.10104345459443369,0.9696495741181985,-0.22210390644967742,-0.01548478078021971,0,nan,nan,nan,nan,nan,nan,nan,nan
18.984461784362793,1789121631.447981,r18_z20_w0,0,0.0,-1.2709380307605356,1.2485804488902446,0.02235758187029102,0.0,-0.0015339808305725455,-1.2762720584869385,1.2593982219696045,0.023009711876511574,0.0015339808305725455,0.17952565616953808,-0.0002753891311658601,0.19704436409435455,0.0007699258209305912,0.0038343303228693965,-0.0007699258209305911,0.9999920561381653,0.11758245986314153,-0.0023113321321914793,0.23648877884521358,-0.01125525293709458,0.016030754480630592,-0.7067286148951242,0.7072135456002828,0.17999999999999997,0.0,0.2,0.0,0.10548625879769279,-0.07364100815216229,0.468319557596397,0.10091738364942492,0.9696489837482999,-0.22216009413052773,-0.01553777877173215,0,nan,nan,nan,nan,nan,nan,nan,nan
18.984984159469604,1789121631.447981,r18_z20_w0,0,0.0,-1.2709380307605356,1.2485804488902446,0.02235758187029102,0.0,-0.0015339808305725455,-1.2762720584869385,1.2593982219696045,0.023009711876511574,0.0015339808305725455,0.17952565616953808,-0.0002753891311658601,0.19704436409435455,0.0007699258209305912,0.0038343303228693965,-0.0007699258209305911,0.9999920561381653,0.11758245986314153,-0.0023113321321914793,0.23648877884521358,-0.01125525293709458,0.016030754480630592,-0.7067286148951242,0.7072135456002828,0.17999999999999997,0.0,0.2,0.0,0.10548625879769279,-0.07364100815216229,0.468319557596397,0.10091738364942492,0.9696489837482999,-0.22216009413052773,-0.01553777877173215,0,nan,nan,nan,nan,nan,nan,nan,nan
18.989344835281372,1789121631.447981,r18_z20_w0,0,0.0,-1.2709380307605356,1.2485804488902446,0.02235758187029102,0.0,-0.0015339808305725455,-1.2762720584869385,1.2593982219696045,0.023009711876511574,0.0015339808305725455,0.17952565616953808,-0.0002753891311658601,0.19704436409435455,0.0007699258209305912,0.0038343303228693965,-0.0007699258209305911,0.9999920561381653,0.11758245986314153,-0.0023113321321914793,0.23648877884521358,-0.01125525293709458,0.016030754480630592,-0.7067286148951242,0.7072135456002828,0.17999999999999997,0.0,0.2,0.0,0.10548625879769279,-0.07364100815216229,0.468319557596397,0.10091738364942492,0.9696489837482999,-0.22216009413052773,-0.01553777877173215,0,nan,nan,nan,nan,nan,nan,nan,nan
18.999356746673584,1789121631.447981,r18_z20_w0,0,0.0,-1.2709380307605356,1.2485804488902446,0.02235758187029102,0.0,-0.0015339808305725455,-1.2762720584869385,1.2593982219696045,0.023009711876511574,0.0015339808305725455,0.17952565616953808,-0.0002753891311658601,0.19704436409435455,0.0007699258209305912,0.0038343303228693965,-0.0007699258209305911,0.9999920561381653,0.11758245986314153,-0.0023113321321914793,0.23648877884521358,-0.01125525293709458,0.016030754480630592,-0.7067286148951242,0.7072135456002828,0.17999999999999997,0.0,0.2,0.0,0.10548625879769279,-0.07364100815216229,0.468319557596397,0.10091738364942492,0.9696489837482999,-0.22216009413052773,-0.01553777877173215,0,nan,nan,nan,nan,nan,nan,nan,nan
19.00942850112915,1789121631.447981,r18_z20_w0,0,0.0,-1.2709380307605356,1.2485804488902446,0.02235758187029102,0.0,-0.0015339808305725455,-1.2762720584869385,1.2593982219696045,0.023009711876511574,0.0015339808305725455,0.17952565616953808,-0.0002753891311658601,0.19704436409435455,0.0007699258209305912,0.0038343303228693965,-0.0007699258209305911,0.9999920561381653,0.11758245986314153,-0.0023113321321914793,0.23648877884521358,-0.01125525293709458,0.016030754480630592,-0.7067286148951242,0.7072135456002828,0.17999999999999997,0.0,0.2,0.0,0.10548625879769279,-0.07364100815216229,0.468319557596397,0.10091738364942492,0.9696489837482999,-0.22216009413052773,-0.01553777877173215,0,nan,nan,nan,nan,nan,nan,nan,nan
19.015751600265503,1789121631.447981,r18_z20_w0,0,0.0,-1.2709380307605356,1.2485804488902446,0.02235758187029102,0.0,-0.0015339808305725455,-1.2762720584869385,1.2593982219696045,0.023009711876511574,0.0015339808305725455,0.17952565616953808,-0.0002753891311658601,0.19704436409435455,0.0007699258209305912,0.0038343303228693965,-0.0007699258209305911,0.9999920561381653,0.11758245986314153,-0.0023113321321914793,0.23648877884521358,-0.01125525293709458,0.016030754480630592,-0.7067286148951242,0.7072135456002828,0.17999999999999997,0.0,0.2,0.0,0.10548625879769279,-0.07364100815216229,0.468319557596397,0.10091738364942492,0.9696489837482999,-0.22216009413052773,-0.01553777877173215,0,nan,nan,nan,nan,nan,nan,nan,nan
19.016402006149292,1789121631.4813375,r18_z20_w0,0,0.0,-1.2709380307605356,1.2485804488902446,0.02235758187029102,0.0,-0.0015339808305725455,-1.2762720584869385,1.2593982219696045,0.023009711876511574,0.0015339808305725455,0.17952565616953808,-0.0002753891311658601,0.19704436409435455,0.0007699258209305912,0.0038343303228693965,-0.0007699258209305911,0.9999920561381653,0.11767523469205099,-0.0023532521591988487,0.23662689788498809,-0.011340245966212779,0.015804492348935446,-0.7066773545313377,0.7072685016566256,0.17999999999999997,0.0,0.2,0.0,0.10545193248689588,-0.07361643110497623,0.46815324764531047,0.10093563692028425,0.9696230855205554,-0.22228012202803243,-0.015317198709202964,0,nan,nan,nan,nan,nan,nan,nan,nan
19.01942491531372,1789121631.4813375,r18_z20_w0,0,0.0,-1.2709380307605356,1.2485804488902446,0.02235758187029102,0.0,-0.0015339808305725455,-1.2762720584869385,1.2593982219696045,0.023009711876511574,0.0015339808305725455,0.17952565616953808,-0.0002753891311658601,0.19704436409435455,0.0007699258209305912,0.0038343303228693965,-0.0007699258209305911,0.9999920561381653,0.11767523469205099,-0.0023532521591988487,0.23662689788498809,-0.011340245966212779,0.015804492348935446,-0.7066773545313377,0.7072685016566256,0.17999999999999997,0.0,0.2,0.0,0.10545193248689588,-0.07361643110497623,0.46815324764531047,0.10093563692028425,0.9696230855205554,-0.22228012202803243,-0.015317198709202964,0,nan,nan,nan,nan,nan,nan,nan,nan
19.02938437461853,1789121631.4813375,r18_z20_w0,0,0.0,-1.2709380307605356,1.2485804488902446,0.02235758187029102,0.0,-0.0015339808305725455,-1.2762720584869385,1.2593982219696045,0.023009711876511574,0.0015339808305725455,0.17952565616953808,-0.0002753891311658601,0.19704436409435455,0.0007699258209305912,0.0038343303228693965,-0.0007699258209305911,0.9999920561381653,0.11767523469205099,-0.0023532521591988487,0.23662689788498809,-0.011340245966212779,0.015804492348935446,-0.7066773545313377,0.7072685016566256,0.17999999999999997,0.0,0.2,0.0,0.10545193248689588,-0.07361643110497623,0.46815324764531047,0.10093563692028425,0.9696230855205554,-0.22228012202803243,-0.015317198709202964,0,nan,nan,nan,nan,nan,nan,nan,nan
19.03948950767517,1789121631.4813375,r18_z20_w0,0,0.0,-1.2709380307605356,1.2485804488902446,0.02235758187029102,0.0,-0.0015339808305725455,-1.2762720584869385,1.2593982219696045,0.023009711876511574,0.0015339808305725455,0.17952565616953808,-0.0002753891311658601,0.19704436409435455,0.0007699258209305912,0.0038343303228693965,-0.0007699258209305911,0.9999920561381653,0.11767523469205099,-0.0023532521591988487,0.23662689788498809,-0.011340245966212779,0.015804492348935446,-0.7066773545313377,0.7072685016566256,0.17999999999999997,0.0,0.2,0.0,0.10545193248689588,-0.07361643110497623,0.46815324764531047,0.10093563692028425,0.9696230855205554,-0.22228012202803243,-0.015317198709202964,0,nan,nan,nan,nan,nan,nan,nan,nan
19.040308237075806,1789121631.4813375,r18_z20_w0,0,0.0,-1.2709380307605356,1.2485804488902446,0.02235758187029102,0.0,-0.0015339808305725455,-1.2762720584869385,1.2593982219696045,0.023009711876511574,0.0015339808305725455,0.17952565616953808,-0.0002753891311658601,0.19704436409435455,0.0007699258209305912,0.0038343303228693965,-0.0007699258209305911,0.9999920561381653,0.11767523469205099,-0.0023532521591988487,0.23662689788498809,-0.011340245966212779,0.015804492348935446,-0.7066773545313377,0.7072685016566256,0.17999999999999997,0.0,0.2,0.0,0.10545193248689588,-0.07361643110497623,0.46815324764531047,0.10093563692028425,0.9696230855205554,-0.22228012202803243,-0.015317198709202964,0,nan,nan,nan,nan,nan,nan,nan,nan
19.04946231842041,1789121631.4813375,r18_z20_w0,0,0.0,-1.2709380307605356,1.2485804488902446,0.02235758187029102,0.0,-0.0015339808305725455,-1.2762720584869385,1.2593982219696045,0.023009711876511574,0.0015339808305725455,0.17952565616953808,-0.0002753891311658601,0.19704436409435455,0.0007699258209305912,0.0038343303228693965,-0.0007699258209305911,0.9999920561381653,0.11767523469205099,-0.0023532521591988487,0.23662689788498809,-0.011340245966212779,0.015804492348935446,-0.7066773545313377,0.7072685016566256,0.17999999999999997,0.0,0.2,0.0,0.10545193248689588,-0.07361643110497623,0.46815324764531047,0.10093563692028425,0.9696230855205554,-0.22228012202803243,-0.015317198709202964,0,nan,nan,nan,nan,nan,nan,nan,nan
19.05939221382141,1789121631.4813375,r18_z20_w0,0,0.0,-1.2709380307605356,1.2485804488902446,0.02235758187029102,0.0,-0.0015339808305725455,-1.2762720584869385,1.2593982219696045,0.023009711876511574,0.0015339808305725455,0.17952565616953808,-0.0002753891311658601,0.19704436409435455,0.0007699258209305912,0.0038343303228693965,-0.0007699258209305911,0.9999920561381653,0.11767523469205099,-0.0023532521591988487,0.23662689788498809,-0.011340245966212779,0.015804492348935446,-0.7066773545313377,0.7072685016566256,0.17999999999999997,0.0,0.2,0.0,0.10545193248689588,-0.07361643110497623,0.46815324764531047,0.10093563692028425,0.9696230855205554,-0.22228012202803243,-0.015317198709202964,0,nan,nan,nan,nan,nan,nan,nan,nan
19.060163259506226,1789121631.514694,r18_z20_w0,0,0.0,-1.2709380307605356,1.2485804488902446,0.02235758187029102,0.0,-0.0015339808305725455,-1.2762720584869385,1.2593982219696045,0.023009711876511574,0.0015339808305725455,0.17952485027452844,-0.0002753878949373942,0.1972534633639101,0.0007696668889218233,0.0034954935300002886,-0.0007696668889218235,0.999993298352915,0.11758672476572812,-0.0023102844048270565,0.2364976706162898,-0.011010810327386636,0.01610563177345026,-0.7067539850719868,0.7071903387815605,0.17999999999999997,0.0,0.2,0.0,0.10548740333972596,-0.07364164676339058,0.4683097273919836,0.1009371199141299,0.9696217379800943,-0.22225323832650462,-0.015775966318544107,0,nan,nan,nan,nan,nan,nan,nan,nan
19.060872077941895,1789121631.514694,r18_z20_w0,0,0.0,-1.2709380307605356,1.2485804488902446,0.02235758187029102,0.0,-0.0015339808305725455,-1.2762720584869385,1.2593982219696045,0.023009711876511574,0.0015339808305725455,0.17952485027452844,-0.0002753878949373942,0.1972534633639101,0.0007696668889218233,0.0034954935300002886,-0.0007696668889218235,0.999993298352915,0.11758672476572812,-0.0023102844048270565,0.2364976706162898,-0.011010810327386636,0.01610563177345026,-0.7067539850719868,0.7071903387815605,0.17999999999999997,0.0,0.2,0.0,0.10548740333972596,-0.07364164676339058,0.4683097273919836,0.1009371199141299,0.9696217379800943,-0.22225323832650462,-0.015775966318544107,0,nan,nan,nan,nan,nan,nan,nan,nan
19.0694420337677,1789121631.514694,r18_z20_w0,0,0.0,-1.2709380307605356,1.2485804488902446,0.02235758187029102,0.0,-0.0015339808305725455,-1.2762720584869385,1.2593982219696045,0.023009711876511574,0.0015339808305725455,0.17952485027452844,-0.0002753878949373942,0.1972534633639101,0.0007696668889218233,0.0034954935300002886,-0.0007696668889218235,0.999993298352915,0.11758672476572812,-0.0023102844048270565,0.2364976706162898,-0.011010810327386636,0.01610563177345026,-0.7067539850719868,0.7071903387815605,0.17999999999999997,0.0,0.2,0.0,0.10548740333972596,-0.07364164676339058,0.4683097273919836,0.1009371199141299,0.9696217379800943,-0.22225323832650462,-0.015775966318544107,0,nan,nan,nan,nan,nan,nan,nan,nan
19.079650402069092,1789121631.514694,r18_z20_w0,0,0.0,-1.2709380307605356,1.2485804488902446,0.02235758187029102,0.0,-0.0015339808305725455,-1.2762720584869385,1.2593982219696045,0.023009711876511574,0.0015339808305725455,0.17952485027452844,-0.0002753878949373942,0.1972534633639101,0.0007696668889218233,0.0034954935300002886,-0.0007696668889218235,0.999993298352915,0.11758672476572812,-0.0023102844048270565,0.2364976706162898,-0.011010810327386636,0.01610563177345026,-0.7067539850719868,0.7071903387815605,0.17999999999999997,0.0,0.2,0.0,0.10548740333972596,-0.07364164676339058,0.4683097273919836,0.1009371199141299,0.9696217379800943,-0.22225323832650462,-0.015775966318544107,0,nan,nan,nan,nan,nan,nan,nan,nan
19.08954668045044,1789121631.514694,r18_z20_w0,0,0.0,-1.2709380307605356,1.2485804488902446,0.02235758187029102,0.0,-0.0015339808305725455,-1.2762720584869385,1.2593982219696045,0.023009711876511574,0.0015339808305725455,0.17952485027452844,-0.0002753878949373942,0.1972534633639101,0.0007696668889218233,0.0034954935300002886,-0.0007696668889218235,0.999993298352915,0.11758672476572812,-0.0023102844048270565,0.2364976706162898,-0.011010810327386636,0.01610563177345026,-0.7067539850719868,0.7071903387815605,0.17999999999999997,0.0,0.2,0.0,0.10548740333972596,-0.07364164676339058,0.4683097273919836,0.1009371199141299,0.9696217379800943,-0.22225323832650462,-0.015775966318544107,0,nan,nan,nan,nan,nan,nan,nan,nan
19.093268871307373,1789121631.514694,r18_z20_w0,0,0.0,-1.2709380307605356,1.2485804488902446,0.02235758187029102,0.0,-0.0015339808305725455,-1.2762720584869385,1.2593982219696045,0.023009711876511574,0.0015339808305725455,0.17952485027452844,-0.0002753878949373942,0.1972534633639101,0.0007696668889218233,0.0034954935300002886,-0.0007696668889218235,0.999993298352915,0.11758672476572812,-0.0023102844048270565,0.2364976706162898,-0.011010810327386636,0.01610563177345026,-0.7067539850719868,0.7071903387815605,0.17999999999999997,0.0,0.2,0.0,0.10548740333972596,-0.07364164676339058,0.4683097273919836,0.1009371199141299,0.9696217379800943,-0.22225323832650462,-0.015775966318544107,0,nan,nan,nan,nan,nan,nan,nan,nan
19.093985319137573,1789121631.5480509,r18_z20_w0,0,0.0,-1.2709380307605356,1.2485804488902446,0.02235758187029102,0.0,-0.0015339808305725455,-1.2762720584869385,1.2593982219696045,0.023009711876511574,0.0015339808305725455,0.1795236299163508,-0.00027538602292987487,0.19751755668160692,0.0007693397292824865,0.003067539172880769,-0.0007693397292824862,0.9999947032040644,0.11758262119693713,-0.0023097832658209028,0.23649371158551102,-0.010875914243769049,0.016219565180133094,-0.7068729233593448,0.7070709373295889,0.17999999999999997,0.0,0.2,0.0,0.10548743345143251,-0.07364345952098743,0.4683151566962681,0.100816630252433,0.9696321054508981,-0.22224755036915514,-0.015987917259992282,0,nan,nan,nan,nan,nan,nan,nan,nan
19.09941077232361,1789121631.5480509,r18_z20_w0,0,0.0,-1.2709380307605356,1.2485804488902446,0.02235758187029102,0.0,-0.0015339808305725455,-1.2762720584869385,1.2593982219696045,0.023009711876511574,0.0015339808305725455,0.1795236299163508,-0.00027538602292987487,0.19751755668160692,0.0007693397292824865,0.003067539172880769,-0.0007693397292824862,0.9999947032040644,0.11758262119693713,-0.0023097832658209028,0.23649371158551102,-0.010875914243769049,0.016219565180133094,-0.7068729233593448,0.7070709373295889,0.17999999999999997,0.0,0.2,0.0,0.10548743345143251,-0.07364345952098743,0.4683151566962681,0.100816630252433,0.9696321054508981,-0.22224755036915514,-0.015987917259992282,0,nan,nan,nan,nan,nan,nan,nan,nan
19.1002516746521,1789121631.5480509,r18_z20_w0,0,0.0,-1.2709380307605356,1.2485804488902446,0.02235758187029102,0.0,-0.0015339808305725455,-1.2762720584869385,1.2593982219696045,0.023009711876511574,0.0015339808305725455,0.1795236299163508,-0.00027538602292987487,0.19751755668160692,0.0007693397292824865,0.003067539172880769,-0.0007693397292824862,0.9999947032040644,0.11758262119693713,-0.0023097832658209028,0.23649371158551102,-0.010875914243769049,0.016219565180133094,-0.7068729233593448,0.7070709373295889,0.17999999999999997,0.0,0.2,0.0,0.10548743345143251,-0.07364345952098743,0.4683151566962681,0.100816630252433,0.9696321054508981,-0.22224755036915514,-0.015987917259992282,0,nan,nan,nan,nan,nan,nan,nan,nan
19.109456777572632,1789121631.5480509,r18_z20_w0,0,0.0,-1.2709380307605356,1.2485804488902446,0.02235758187029102,0.0,-0.0015339808305725455,-1.2762720584869385,1.2593982219696045,0.023009711876511574,0.0015339808305725455,0.1795236299163508,-0.00027538602292987487,0.19751755668160692,0.0007693397292824865,0.003067539172880769,-0.0007693397292824862,0.9999947032040644,0.11758262119693713,-0.0023097832658209028,0.23649371158551102,-0.010875914243769049,0.016219565180133094,-0.7068729233593448,0.7070709373295889,0.17999999999999997,0.0,0.2,0.0,0.10548743345143251,-0.07364345952098743,0.4683151566962681,0.100816630252433,0.9696321054508981,-0.22224755036915514,-0.015987917259992282,0,nan,nan,nan,nan,nan,nan,nan,nan
19.116236209869385,1789121631.5480509,r18_z20_w0,0,0.0,-1.2709380307605356,1.2485804488902446,0.02235758187029102,0.0,-0.0015339808305725455,-1.2762720584869385,1.2593982219696045,0.023009711876511574,0.0015339808305725455,0.1795236299163508,-0.00027538602292987487,0.19751755668160692,0.0007693397292824865,0.003067539172880769,-0.0007693397292824862,0.9999947032040644,0.11758262119693713,-0.0023097832658209028,0.23649371158551102,-0.010875914243769049,0.016219565180133094,-0.7068729233593448,0.7070709373295889,0.17999999999999997,0.0,0.2,0.0,0.10548743345143251,-0.07364345952098743,0.4683151566962681,0.100816630252433,0.9696321054508981,-0.22224755036915514,-0.015987917259992282,0,nan,nan,nan,nan,nan,nan,nan,nan
19.116997480392456,1789121631.5814073,r18_z20_w0,0,0.0,-1.2709380307605356,1.2485804488902446,0.02235758187029102,0.0,-0.0015339808305725455,-1.2762720584869385,1.2593982219696045,0.02147573232650757,0.0015339808305725455,0.17952440091685518,-0.00027538720563079666,0.19765281556729736,0.0007690136934634524,0.002641237561965964,-0.0007690136934634525,0.999995920541689,0.11757858480769184,-0.0023064332887269556,0.23648706994274216,-0.011178853940861455,0.01619697731715481,-0.7068105779942349,0.7071290532751515,0.17999999999999997,0.0,0.2,0.0,0.10549046999158979,-0.07364453986843587,0.4683229821979519,0.10084587323090592,0.9696718374542423,-0.22207959999861016,-0.015725417796256167,0,nan,nan,nan,nan,nan,nan,nan,nan
19.119378089904785,1789121631.5814073,r18_z20_w0,0,0.0,-1.2709380307605356,1.2485804488902446,0.02235758187029102,0.0,-0.0015339808305725455,-1.2762720584869385,1.2593982219696045,0.02147573232650757,0.0015339808305725455,0.17952440091685518,-0.00027538720563079666,0.19765281556729736,0.0007690136934634524,0.002641237561965964,-0.0007690136934634525,0.999995920541689,0.11757858480769184,-0.0023064332887269556,0.23648706994274216,-0.011178853940861455,0.01619697731715481,-0.7068105779942349,0.7071290532751515,0.17999999999999997,0.0,0.2,0.0,0.10549046999158979,-0.07364453986843587,0.4683229821979519,0.10084587323090592,0.9696718374542423,-0.22207959999861016,-0.015725417796256167,0,nan,nan,nan,nan,nan,nan,nan,nan
19.129384994506836,1789121631.5814073,r18_z20_w0,0,0.0,-1.2709380307605356,1.2485804488902446,0.02235758187029102,0.0,-0.0015339808305725455,-1.2762720584869385,1.2593982219696045,0.02147573232650757,0.0015339808305725455,0.17952440091685518,-0.00027538720563079666,0.19765281556729736,0.0007690136934634524,0.002641237561965964,-0.0007690136934634525,0.999995920541689,0.11757858480769184,-0.0023064332887269556,0.23648706994274216,-0.011178853940861455,0.01619697731715481,-0.7068105779942349,0.7071290532751515,0.17999999999999997,0.0,0.2,0.0,0.10549046999158979,-0.07364453986843587,0.4683229821979519,0.10084587323090592,0.9696718374542423,-0.22207959999861016,-0.015725417796256167,0,nan,nan,nan,nan,nan,nan,nan,nan
19.139379501342773,1789121631.5814073,r18_z20_w0,0,0.0,-1.2709380307605356,1.2485804488902446,0.02235758187029102,0.0,-0.0015339808305725455,-1.2762720584869385,1.2593982219696045,0.02147573232650757,0.0015339808305725455,0.17952440091685518,-0.00027538720563079666,0.19765281556729736,0.0007690136934634524,0.002641237561965964,-0.0007690136934634525,0.999995920541689,0.11757858480769184,-0.0023064332887269556,0.23648706994274216,-0.011178853940861455,0.01619697731715481,-0.7068105779942349,0.7071290532751515,0.17999999999999997,0.0,0.2,0.0,0.10549046999158979,-0.07364453986843587,0.4683229821979519,0.10084587323090592,0.9696718374542423,-0.22207959999861016,-0.015725417796256167,0,nan,nan,nan,nan,nan,nan,nan,nan
19.149150609970093,1789121631.5814073,r18_z20_w0,0,0.0,-1.2709380307605356,1.2485804488902446,0.02235758187029102,0.0,-0.0015339808305725455,-1.2762720584869385,1.2593982219696045,0.02147573232650757,0.0015339808305725455,0.17952440091685518,-0.00027538720563079666,0.19765281556729736,0.0007690136934634524,0.002641237561965964,-0.0007690136934634525,0.999995920541689,0.11757858480769184,-0.0023064332887269556,0.23648706994274216,-0.011178853940861455,0.01619697731715481,-0.7068105779942349,0.7071290532751515,0.17999999999999997,0.0,0.2,0.0,0.10549046999158979,-0.07364453986843587,0.4683229821979519,0.10084587323090592,0.9696718374542423,-0.22207959999861016,-0.015725417796256167,0,nan,nan,nan,nan,nan,nan,nan,nan
19.149999618530273,1789121631.6147637,r18_z20_w0,0,0.0,-1.2709380307605356,1.2485804488902446,0.02235758187029102,0.0,-0.0015339808305725455,-1.2762720584869385,1.2593982219696045,0.023009711876511574,0.0015339808305725455,0.17952493528227184,-0.0002753880253377453,0.19776092514741056,0.0007687528868648454,0.0023003562480342758,-0.0007687528868648454,0.9999967631943265,0.11749539834271278,-0.002267706104158107,0.2363615077010911,-0.010980020091469667,0.01670846761270316,-0.7067971434402404,0.707133696194392,0.17999999999999997,0.0,0.2,0.0,0.10552249507089798,-0.07366600871826763,0.4684736445425871,0.10098188050312619,0.9697107066355378,-0.22181489728373918,-0.01618507304471174,0,nan,nan,nan,nan,nan,nan,nan,nan
19.21205759048462,1789121631.6147637,r18_z20_w0,0,0.0,-1.2709380307605356,1.2485804488902446,0.02235758187029102,0.0,-0.0015339808305725455,-1.2762720584869385,1.2593982219696045,0.023009711876511574,0.0015339808305725455,0.17952480812508734,-0.00027538783028090884,0.19773379804721894,0.0007688183373607998,0.002385890877740376,-0.0007688183373607998,0.9999965626748163,0.11749539834271278,-0.002267706104158107,0.2363615077010911,-0.010980020091469667,0.01670846761270316,-0.7067971434402404,0.707133696194392,0.17999999999999997,0.0,0.2,0.0,0.10552249507089798,-0.07366600871826763,0.4684736445425871,0.10098188050312619,0.9697107066355378,-0.22181489728373918,-0.01618507304471174,0,nan,nan,nan,nan,nan,nan,nan,nan
19.21272110939026,1789121631.6147637,r18_z20_w0,0,0.0,-1.2709380307605356,1.2485804488902446,0.02235758187029102,0.0,-0.0015339808305725455,-1.2762720584869385,1.2593982219696045,0.023009711876511574,0.0015339808305725455,0.17952480812508734,-0.00027538783028090884,0.19773379804721894,0.0007688183373607998,0.002385890877740376,-0.0007688183373607998,0.9999965626748163,0.11749539834271278,-0.002267706104158107,0.2363615077010911,-0.010980020091469667,0.01670846761270316,-0.7067971434402404,0.707133696194392,0.17999999999999997,0.0,0.2,0.0,0.10552249507089798,-0.07366600871826763,0.4684736445425871,0.10098188050312619,0.9697107066355378,-0.22181489728373918,-0.01618507304471174,0,nan,nan,nan,nan,nan,nan,nan,nan
19.213265895843506,1789121631.6481204,r18_z20_w0,0,0.0,-1.2709380307605356,1.2485804488902446,0.02235758187029102,0.0,-0.0015339808305725455,-1.2762720584869385,1.260932207107544,0.02147573232650757,0.0015339808305725455,0.17952410415168424,-0.0002753867503983562,0.19759841553567228,0.0007691448961868906,0.0028127671441930385,-0.0007691448961868905,0.9999954525762854,0.11760873933222171,-0.0023225923600559972,0.23653283779279344,-0.011403465366607286,0.015675278566596042,-0.7066662363257429,0.7072814694707488,0.17999999999999997,0.0,0.2,0.0,0.1054767641830543,-0.07363645230731528,0.4682681018808822,0.10091872526717952,0.9696133428626724,-0.2223392659677888,-0.015186409780664526,0,nan,nan,nan,nan,nan,nan,nan,nan
19.213831186294556,1789121631.6481204,r18_z20_w0,0,0.0,-1.2709380307605356,1.2485804488902446,0.02235758187029102,0.0,-0.0015339808305725455,-1.2762720584869385,1.260932207107544,0.02147573232650757,0.0015339808305725455,0.17952410415168424,-0.0002753867503983562,0.19759841553567228,0.0007691448961868906,0.0028127671441930385,-0.0007691448961868905,0.9999954525762854,0.11760873933222171,-0.0023225923600559972,0.23653283779279344,-0.011403465366607286,0.015675278566596042,-0.7066662363257429,0.7072814694707488,0.17999999999999997,0.0,0.2,0.0,0.1054767641830543,-0.07363645230731528,0.4682681018808822,0.10091872526717952,0.9696133428626724,-0.2223392659677888,-0.015186409780664526,0,nan,nan,nan,nan,nan,nan,nan,nan
19.214285135269165,1789121631.6481204,r18_z20_w0,0,0.0,-1.2709380307605356,1.2485804488902446,0.02235758187029102,0.0,-0.0015339808305725455,-1.2762720584869385,1.260932207107544,0.02147573232650757,0.0015339808305725455,0.17952410415168424,-0.0002753867503983562,0.19759841553567228,0.0007691448961868906,0.0028127671441930385,-0.0007691448961868905,0.9999954525762854,0.11760873933222171,-0.0023225923600559972,0.23653283779279344,-0.011403465366607286,0.015675278566596042,-0.7066662363257429,0.7072814694707488,0.17999999999999997,0.0,0.2,0.0,0.1054767641830543,-0.07363645230731528,0.4682681018808822,0.10091872526717952,0.9696133428626724,-0.2223392659677888,-0.015186409780664526,0,nan,nan,nan,nan,nan,nan,nan,nan
19.215041875839233,1789121631.6481204,r18_z20_w0,0,0.0,-1.2709380307605356,1.2485804488902446,0.02235758187029102,0.0,-0.0015339808305725455,-1.2762720584869385,1.260932207107544,0.02147573232650757,0.0015339808305725455,0.17952410415168424,-0.0002753867503983562,0.19759841553567228,0.0007691448961868906,0.0028127671441930385,-0.0007691448961868905,0.9999954525762854,0.11760873933222171,-0.0023225923600559972,0.23653283779279344,-0.011403465366607286,0.015675278566596042,-0.7066662363257429,0.7072814694707488,0.17999999999999997,0.0,0.2,0.0,0.1054767641830543,-0.07363645230731528,0.4682681018808822,0.10091872526717952,0.9696133428626724,-0.2223392659677888,-0.015186409780664526,0,nan,nan,nan,nan,nan,nan,nan,nan
19.215471982955933,1789121631.6481204,r18_z20_w0,0,0.0,-1.2709380307605356,1.2485804488902446,0.02235758187029102,0.0,-0.0015339808305725455,-1.2762720584869385,1.260932207107544,0.02147573232650757,0.0015339808305725455,0.17952410415168424,-0.0002753867503983562,0.19759841553567228,0.0007691448961868906,0.0028127671441930385,-0.0007691448961868905,0.9999954525762854,0.11760873933222171,-0.0023225923600559972,0.23653283779279344,-0.011403465366607286,0.015675278566596042,-0.7066662363257429,0.7072814694707488,0.17999999999999997,0.0,0.2,0.0,0.1054767641830543,-0.07363645230731528,0.4682681018808822,0.10091872526717952,0.9696133428626724,-0.2223392659677888,-0.015186409780664526,0,nan,nan,nan,nan,nan,nan,nan,nan
19.216004133224487,1789121631.6481204,r18_z20_w0,0,0.0,-1.2709380307605356,1.2485804488902446,0.02235758187029102,0.0,-0.0015339808305725455,-1.2762720584869385,1.260932207107544,0.02147573232650757,0.0015339808305725455,0.17952410415168424,-0.0002753867503983562,0.19759841553567228,0.0007691448961868906,0.0028127671441930385,-0.0007691448961868905,0.9999954525762854,0.11760873933222171,-0.0023225923600559972,0.23653283779279344,-0.011403465366607286,0.015675278566596042,-0.7066662363257429,0.7072814694707488,0.17999999999999997,0.0,0.2,0.0,0.1054767641830543,-0.07363645230731528,0.4682681018808822,0.10091872526717952,0.9696133428626724,-0.2223392659677888,-0.015186409780664526,0,nan,nan,nan,nan,nan,nan,nan,nan
19.216463804244995,1789121631.6481204,r18_z20_w0,0,0.0,-1.2709380307605356,1.2485804488902446,0.02235758187029102,0.0,-0.0015339808305725455,-1.2762720584869385,1.260932207107544,0.02147573232650757,0.0015339808305725455,0.17952410415168424,-0.0002753867503983562,0.19759841553567228,0.0007691448961868906,0.0028127671441930385,-0.0007691448961868905,0.9999954525762854,0.11760873933222171,-0.0023225923600559972,0.23653283779279344,-0.011403465366607286,0.015675278566596042,-0.7066662363257429,0.7072814694707488,0.17999999999999997,0.0,0.2,0.0,0.1054767641830543,-0.07363645230731528,0.4682681018808822,0.10091872526717952,0.9696133428626724,-0.2223392659677888,-0.015186409780664526,0,nan,nan,nan,nan,nan,nan,nan,nan
19.216943979263306,1789121631.6814768,r18_z20_w0,0,0.0,-1.2709380307605356,1.2485804488902446,0.02235758187029102,0.0,-0.0015339808305725455,-1.2762720584869385,1.2593982219696045,0.023009711876511574,0.0015339808305725455,0.17952362930445884,-0.00027538602199124365,0.19751767786995367,0.0007693395791213238,0.0030673427906969877,-0.0007693395791213236,0.9999947038066894,0.11758691527481868,-0.0023117671068224044,0.2364988173667576,-0.011184580183192442,0.016086038844585995,-0.7067418203643594,0.7072002148391131,0.17999999999999997,0.0,0.2,0.0,0.10548589923343855,-0.07364171775035015,0.4683085949783296,0.10092058632633163,0.9696468692140932,-0.2221614446388041,-0.015629356827980775,0,nan,nan,nan,nan,nan,nan,nan,nan
19.21746587753296,1789121631.6814768,r18_z20_w0,0,0.0,-1.2709380307605356,1.2485804488902446,0.02235758187029102,0.0,-0.0015339808305725455,-1.2762720584869385,1.2593982219696045,0.023009711876511574,0.0015339808305725455,0.17952362930445884,-0.00027538602199124365,0.19751767786995367,0.0007693395791213238,0.0030673427906969877,-0.0007693395791213236,0.9999947038066894,0.11758691527481868,-0.0023117671068224044,0.2364988173667576,-0.011184580183192442,0.016086038844585995,-0.7067418203643594,0.7072002148391131,0.17999999999999997,0.0,0.2,0.0,0.10548589923343855,-0.07364171775035015,0.4683085949783296,0.10092058632633163,0.9696468692140932,-0.2221614446388041,-0.015629356827980775,0,nan,nan,nan,nan,nan,nan,nan,nan
19.219446897506714,1789121631.6814768,r18_z20_w0,0,0.0,-1.2709380307605356,1.2485804488902446,0.02235758187029102,0.0,-0.0015339808305725455,-1.2762720584869385,1.2593982219696045,0.023009711876511574,0.0015339808305725455,0.17952362930445884,-0.00027538602199124365,0.19751767786995367,0.0007693395791213238,0.0030673427906969877,-0.0007693395791213236,0.9999947038066894,0.11758691527481868,-0.0023117671068224044,0.2364988173667576,-0.011184580183192442,0.016086038844585995,-0.7067418203643594,0.7072002148391131,0.17999999999999997,0.0,0.2,0.0,0.10548589923343855,-0.07364171775035015,0.4683085949783296,0.10092058632633163,0.9696468692140932,-0.2221614446388041,-0.015629356827980775,0,nan,nan,nan,nan,nan,nan,nan,nan
19.229416131973267,1789121631.6814768,r18_z20_w0,0,0.0,-1.2709380307605356,1.2485804488902446,0.02235758187029102,0.0,-0.0015339808305725455,-1.2762720584869385,1.2593982219696045,0.023009711876511574,0.0015339808305725455,0.17952362930445884,-0.00027538602199124365,0.19751767786995367,0.0007693395791213238,0.0030673427906969877,-0.0007693395791213236,0.9999947038066894,0.11758691527481868,-0.0023117671068224044,0.2364988173667576,-0.011184580183192442,0.016086038844585995,-0.7067418203643594,0.7072002148391131,0.17999999999999997,0.0,0.2,0.0,0.10548589923343855,-0.07364171775035015,0.4683085949783296,0.10092058632633163,0.9696468692140932,-0.2221614446388041,-0.015629356827980775,0,nan,nan,nan,nan,nan,nan,nan,nan
19.239393949508667,1789121631.6814768,r18_z20_w0,0,0.0,-1.2709380307605356,1.2485804488902446,0.02235758187029102,0.0,-0.0015339808305725455,-1.2762720584869385,1.2593982219696045,0.023009711876511574,0.0015339808305725455,0.17952362930445884,-0.00027538602199124365,0.19751767786995367,0.0007693395791213238,0.0030673427906969877,-0.0007693395791213236,0.9999947038066894,0.11758691527481868,-0.0023117671068224044,0.2364988173667576,-0.011184580183192442,0.016086038844585995,-0.7067418203643594,0.7072002148391131,0.17999999999999997,0.0,0.2,0.0,0.10548589923343855,-0.07364171775035015,0.4683085949783296,0.10092058632633163,0.9696468692140932,-0.2221614446388041,-0.015629356827980775,0,nan,nan,nan,nan,nan,nan,nan,nan
19.249067068099976,1789121631.6814768,r18_z20_w0,0,0.0,-1.2709380307605356,1.2485804488902446,0.02235758187029102,0.0,-0.0015339808305725455,-1.2762720584869385,1.2593982219696045,0.023009711876511574,0.0015339808305725455,0.17952362930445884,-0.00027538602199124365,0.19751767786995367,0.0007693395791213238,0.0030673427906969877,-0.0007693395791213236,0.9999947038066894,0.11758691527481868,-0.0023117671068224044,0.2364988173667576,-0.011184580183192442,0.016086038844585995,-0.7067418203643594,0.7072002148391131,0.17999999999999997,0.0,0.2,0.0,0.10548589923343855,-0.07364171775035015,0.4683085949783296,0.10092058632633163,0.9696468692140932,-0.2221614446388041,-0.015629356827980775,0,nan,nan,nan,nan,nan,nan,nan,nan
19.249937057495117,1789121631.7148333,r18_z20_w0,0,0.0,-1.2709380307605356,1.2485804488902446,0.02235758187029102,0.0,-0.0015339808305725455,-1.2762720584869385,1.2593982219696045,0.023009711876511574,0.0015339808305725455,0.17952362930445884,-0.00027538602199124365,0.19751767786995367,0.0007693395791213238,0.0030673427906969877,-0.0007693395791213236,0.9999947038066894,0.11749848510661126,-0.0022663730597853593,0.23636933910685565,-0.011069426280311925,0.01647637559067867,-0.7067647769472145,0.7071700975832999,0.17999999999999997,0.0,0.2,0.0,0.10552378107386944,-0.07366723121648293,0.4684653086125619,0.10097283632738684,0.9696875369781965,-0.22193629255397038,-0.015963990746674792,0,nan,nan,nan,nan,nan,nan,nan,nan
19.250601768493652,1789121631.7148333,r18_z20_w0,0,0.0,-1.2709380307605356,1.2485804488902446,0.02235758187029102,0.0,-0.0015339808305725455,-1.2762720584869385,1.2593982219696045,0.023009711876511574,0.0015339808305725455,0.17952362930445884,-0.00027538602199124365,0.19751767786995367,0.0007693395791213238,0.0030673427906969877,-0.0007693395791213236,0.9999947038066894,0.11749848510661126,-0.0022663730597853593,0.23636933910685565,-0.011069426280311925,0.01647637559067867,-0.7067647769472145,0.7071700975832999,0.17999999999999997,0.0,0.2,0.0,0.10552378107386944,-0.07366723121648293,0.4684653086125619,0.10097283632738684,0.9696875369781965,-0.22193629255397038,-0.015963990746674792,0,nan,nan,nan,nan,nan,nan,nan,nan
19.2593252658844,1789121631.7148333,r18_z20_w0,0,0.0,-1.2709380307605356,1.2485804488902446,0.02235758187029102,0.0,-0.0015339808305725455,-1.2762720584869385,1.2593982219696045,0.023009711876511574,0.0015339808305725455,0.17952362930445884,-0.00027538602199124365,0.19751767786995367,0.0007693395791213238,0.0030673427906969877,-0.0007693395791213236,0.9999947038066894,0.11749848510661126,-0.0022663730597853593,0.23636933910685565,-0.011069426280311925,0.01647637559067867,-0.7067647769472145,0.7071700975832999,0.17999999999999997,0.0,0.2,0.0,0.10552378107386944,-0.07366723121648293,0.4684653086125619,0.10097283632738684,0.9696875369781965,-0.22193629255397038,-0.015963990746674792,0,nan,nan,nan,nan,nan,nan,nan,nan
19.26929807662964,1789121631.7148333,r18_z20_w0,0,0.0,-1.2709380307605356,1.2485804488902446,0.02235758187029102,0.0,-0.0015339808305725455,-1.2762720584869385,1.2593982219696045,0.023009711876511574,0.0015339808305725455,0.17952362930445884,-0.00027538602199124365,0.19751767786995367,0.0007693395791213238,0.0030673427906969877,-0.0007693395791213236,0.9999947038066894,0.11749848510661126,-0.0022663730597853593,0.23636933910685565,-0.011069426280311925,0.01647637559067867,-0.7067647769472145,0.7071700975832999,0.17999999999999997,0.0,0.2,0.0,0.10552378107386944,-0.07366723121648293,0.4684653086125619,0.10097283632738684,0.9696875369781965,-0.22193629255397038,-0.015963990746674792,0,nan,nan,nan,nan,nan,nan,nan,nan
19.27010154724121,1789121631.7148333,r18_z20_w0,0,0.0,-1.2709380307605356,1.2485804488902446,0.02235758187029102,0.0,-0.0015339808305725455,-1.2762720584869385,1.2593982219696045,0.023009711876511574,0.0015339808305725455,0.17952362930445884,-0.00027538602199124365,0.19751767786995367,0.0007693395791213238,0.0030673427906969877,-0.0007693395791213236,0.9999947038066894,0.11749848510661126,-0.0022663730597853593,0.23636933910685565,-0.011069426280311925,0.01647637559067867,-0.7067647769472145,0.7071700975832999,0.17999999999999997,0.0,0.2,0.0,0.10552378107386944,-0.07366723121648293,0.4684653086125619,0.10097283632738684,0.9696875369781965,-0.22193629255397038,-0.015963990746674792,0,nan,nan,nan,nan,nan,nan,nan,nan
19.279545068740845,1789121631.7148333,r18_z20_w0,0,0.0,-1.2709380307605356,1.2485804488902446,0.02235758187029102,0.0,-0.0015339808305725455,-1.2762720584869385,1.2593982219696045,0.023009711876511574,0.0015339808305725455,0.17952362930445884,-0.00027538602199124365,0.19751767786995367,0.0007693395791213238,0.0030673427906969877,-0.0007693395791213236,0.9999947038066894,0.11749848510661126,-0.0022663730597853593,0.23636933910685565,-0.011069426280311925,0.01647637559067867,-0.7067647769472145,0.7071700975832999,0.17999999999999997,0.0,0.2,0.0,0.10552378107386944,-0.07366723121648293,0.4684653086125619,0.10097283632738684,0.9696875369781965,-0.22193629255397038,-0.015963990746674792,0,nan,nan,nan,nan,nan,nan,nan,nan
19.28953790664673,1789121631.7148333,r18_z20_w0,0,0.0,-1.2709380307605356,1.2485804488902446,0.02235758187029102,0.0,-0.0015339808305725455,-1.2762720584869385,1.2593982219696045,0.023009711876511574,0.0015339808305725455,0.17952362930445884,-0.00027538602199124365,0.19751767786995367,0.0007693395791213238,0.0030673427906969877,-0.0007693395791213236,0.9999947038066894,0.11749848510661126,-0.0022663730597853593,0.23636933910685565,-0.011069426280311925,0.01647637559067867,-0.7067647769472145,0.7071700975832999,0.17999999999999997,0.0,0.2,0.0,0.10552378107386944,-0.07366723121648293,0.4684653086125619,0.10097283632738684,0.9696875369781965,-0.22193629255397038,-0.015963990746674792,0,nan,nan,nan,nan,nan,nan,nan,nan
19.292672872543335,1789121631.7148333,r18_z20_w0,0,0.0,-1.2709380307605356,1.2485804488902446,0.02235758187029102,0.0,-0.0015339808305725455,-1.2762720584869385,1.2593982219696045,0.023009711876511574,0.0015339808305725455,0.17952362930445884,-0.00027538602199124365,0.19751767786995367,0.0007693395791213238,0.0030673427906969877,-0.0007693395791213236,0.9999947038066894,0.11749848510661126,-0.0022663730597853593,0.23636933910685565,-0.011069426280311925,0.01647637559067867,-0.7067647769472145,0.7071700975832999,0.17999999999999997,0.0,0.2,0.0,0.10552378107386944,-0.07366723121648293,0.4684653086125619,0.10097283632738684,0.9696875369781965,-0.22193629255397038,-0.015963990746674792,0,nan,nan,nan,nan,nan,nan,nan,nan
19.293331146240234,1789121631.7481897,r18_z20_w0,0,0.0,-1.2709380307605356,1.2485804488902446,0.02235758187029102,0.0,-0.0015339808305725455,-1.2762720584869385,1.2593982219696045,0.023009711876511574,0.0015339808305725455,0.17952433259647405,-0.0002753871008285595,0.19763998343971415,0.0007690446441775485,0.0026816987206045423,-0.0007690446441775484,0.9999958128075549,0.11763697460727884,-0.002333825266473827,0.23657045644529517,-0.011330461848306233,0.015768554635527975,-0.7066394709776018,0.7073073104213653,0.17999999999999997,0.0,0.2,0.0,0.10546814532573169,-0.07362723223591526,0.4682214191480785,0.10098312625118855,0.9696107876779715,-0.22231410196681567,-0.015289496320302158,0,nan,nan,nan,nan,nan,nan,nan,nan
19.299289226531982,1789121631.7481897,r18_z20_w0,0,0.0,-1.2709380307605356,1.2485804488902446,0.02235758187029102,0.0,-0.0015339808305725455,-1.2762720584869385,1.2593982219696045,0.023009711876511574,0.0015339808305725455,0.17952433259647405,-0.0002753871008285595,0.19763998343971415,0.0007690446441775485,0.0026816987206045423,-0.0007690446441775484,0.9999958128075549,0.11763697460727884,-0.002333825266473827,0.23657045644529517,-0.011330461848306233,0.015768554635527975,-0.7066394709776018,0.7073073104213653,0.17999999999999997,0.0,0.2,0.0,0.10546814532573169,-0.07362723223591526,0.4682214191480785,0.10098312625118855,0.9696107876779715,-0.22231410196681567,-0.015289496320302158,0,nan,nan,nan,nan,nan,nan,nan,nan
19.309428691864014,1789121631.7481897,r18_z20_w0,0,0.0,-1.2709380307605356,1.2485804488902446,0.02235758187029102,0.0,-0.0015339808305725455,-1.2762720584869385,1.2593982219696045,0.023009711876511574,0.0015339808305725455,0.17952433259647405,-0.0002753871008285595,0.19763998343971415,0.0007690446441775485,0.0026816987206045423,-0.0007690446441775484,0.9999958128075549,0.11763697460727884,-0.002333825266473827,0.23657045644529517,-0.011330461848306233,0.015768554635527975,-0.7066394709776018,0.7073073104213653,0.17999999999999997,0.0,0.2,0.0,0.10546814532573169,-0.07362723223591526,0.4682214191480785,0.10098312625118855,0.9696107876779715,-0.22231410196681567,-0.015289496320302158,0,nan,nan,nan,nan,nan,nan,nan,nan
19.31597661972046,1789121631.7481897,r18_z20_w0,0,0.0,-1.2709380307605356,1.2485804488902446,0.02235758187029102,0.0,-0.0015339808305725455,-1.2762720584869385,1.2593982219696045,0.023009711876511574,0.0015339808305725455,0.17952433259647405,-0.0002753871008285595,0.19763998343971415,0.0007690446441775485,0.0026816987206045423,-0.0007690446441775484,0.9999958128075549,0.11763697460727884,-0.002333825266473827,0.23657045644529517,-0.011330461848306233,0.015768554635527975,-0.7066394709776018,0.7073073104213653,0.17999999999999997,0.0,0.2,0.0,0.10546814532573169,-0.07362723223591526,0.4682214191480785,0.10098312625118855,0.9696107876779715,-0.22231410196681567,-0.015289496320302158,0,nan,nan,nan,nan,nan,nan,nan,nan
19.316662073135376,1789121631.781546,r18_z20_w0,0,0.0,-1.2709380307605356,1.2485804488902446,0.02235758187029102,0.0,-0.0015339808305725455,-1.2762720584869385,1.2593982219696045,0.02147573232650757,0.0015339808305725455,0.17952493528227184,-0.0002753880253377453,0.19776092514741056,0.0007687528868648454,0.0023003562480342758,-0.0007687528868648454,0.9999967631943265,0.1175448435658451,-0.0022905389544320975,0.23643918558944516,-0.010949347350638166,0.01655710999054568,-0.70687449235465,0.7070604118176267,0.17999999999999997,0.0,0.2,0.0,0.10550341200625818,-0.0736546938621554,0.4683814066211204,0.10085693405038716,0.9696942585108583,-0.22194680515419243,-0.01614123746431755,0,nan,nan,nan,nan,nan,nan,nan,nan
19.37906813621521,1789121631.781546,r18_z20_w0,0,0.0,-1.2709380307605356,1.2485804488902446,0.02235758187029102,0.0,-0.0015339808305725455,-1.2762720584869385,1.2593982219696045,0.02147573232650757,0.0015339808305725455,0.1795248552674294,-0.0002753879025964146,0.1977437402350413,0.0007687943501461,0.00235454209699644,-0.0007687943501460998,0.999996637015349,0.1175448435658451,-0.0022905389544320975,0.23643918558944516,-0.010949347350638166,0.01655710999054568,-0.70687449235465,0.7070604118176267,0.17999999999999997,0.0,0.2,0.0,0.10550341200625818,-0.0736546938621554,0.4683814066211204,0.10085693405038716,0.9696942585108583,-0.22194680515419243,-0.01614123746431755,0,nan,nan,nan,nan,nan,nan,nan,nan
19.379985809326172,1789121631.781546,r18_z20_w0,0,0.0,-1.2709380307605356,1.2485804488902446,0.02235758187029102,0.0,-0.0015339808305725455,-1.2762720584869385,1.2593982219696045,0.02147573232650757,0.0015339808305725455,0.1795248552674294,-0.0002753879025964146,0.1977437402350413,0.0007687943501461,0.00235454209699644,-0.0007687943501460998,0.999996637015349,0.1175448435658451,-0.0022905389544320975,0.23643918558944516,-0.010949347350638166,0.01655710999054568,-0.70687449235465,0.7070604118176267,0.17999999999999997,0.0,0.2,0.0,0.10550341200625818,-0.0736546938621554,0.4683814066211204,0.10085693405038716,0.9696942585108583,-0.22194680515419243,-0.01614123746431755,0,nan,nan,nan,nan,nan,nan,nan,nan
19.380640029907227,1789121631.8149025,r18_z20_w0,0,0.0,-1.2709380307605356,1.2485804488902446,0.02235758187029102,0.0,-0.0015339808305725455,-1.2762720584869385,1.2593982219696045,0.023009711876511574,0.0015339808305725455,0.17952400819571102,-0.0002753866032036173,0.19758152200779286,0.0007691856356692053,0.0028660344384132926,-0.0007691856356692053,0.9999953012657178,0.11755158205386163,-0.002299198506479194,0.236451016476318,-0.011087838802582753,0.01632646233584697,-0.7067100617066159,0.7072279654686425,0.17999999999999997,0.0,0.2,0.0,0.10549528155617098,-0.0736526237925452,0.4683676234596619,0.10101986890921501,0.9696610422427768,-0.22203956713336132,-0.015839187777352617,0,nan,nan,nan,nan,nan,nan,nan,nan
19.381295442581177,1789121631.8149025,r18_z20_w0,0,0.0,-1.2709380307605356,1.2485804488902446,0.02235758187029102,0.0,-0.0015339808305725455,-1.2762720584869385,1.2593982219696045,0.023009711876511574,0.0015339808305725455,0.17952400819571102,-0.0002753866032036173,0.19758152200779286,0.0007691856356692053,0.0028660344384132926,-0.0007691856356692053,0.9999953012657178,0.11755158205386163,-0.002299198506479194,0.236451016476318,-0.011087838802582753,0.01632646233584697,-0.7067100617066159,0.7072279654686425,0.17999999999999997,0.0,0.2,0.0,0.10549528155617098,-0.0736526237925452,0.4683676234596619,0.10101986890921501,0.9696610422427768,-0.22203956713336132,-0.015839187777352617,0,nan,nan,nan,nan,nan,nan,nan,nan
19.381750106811523,1789121631.8149025,r18_z20_w0,0,0.0,-1.2709380307605356,1.2485804488902446,0.02235758187029102,0.0,-0.0015339808305725455,-1.2762720584869385,1.2593982219696045,0.023009711876511574,0.0015339808305725455,0.17952400819571102,-0.0002753866032036173,0.19758152200779286,0.0007691856356692053,0.0028660344384132926,-0.0007691856356692053,0.9999953012657178,0.11755158205386163,-0.002299198506479194,0.236451016476318,-0.011087838802582753,0.01632646233584697,-0.7067100617066159,0.7072279654686425,0.17999999999999997,0.0,0.2,0.0,0.10549528155617098,-0.0736526237925452,0.4683676234596619,0.10101986890921501,0.9696610422427768,-0.22203956713336132,-0.015839187777352617,0,nan,nan,nan,nan,nan,nan,nan,nan
19.38256525993347,1789121631.8149025,r18_z20_w0,0,0.0,-1.2709380307605356,1.2485804488902446,0.02235758187029102,0.0,-0.0015339808305725455,-1.2762720584869385,1.2593982219696045,0.023009711876511574,0.0015339808305725455,0.17952400819571102,-0.0002753866032036173,0.19758152200779286,0.0007691856356692053,0.0028660344384132926,-0.0007691856356692053,0.9999953012657178,0.11755158205386163,-0.002299198506479194,0.236451016476318,-0.011087838802582753,0.01632646233584697,-0.7067100617066159,0.7072279654686425,0.17999999999999997,0.0,0.2,0.0,0.10549528155617098,-0.0736526237925452,0.4683676234596619,0.10101986890921501,0.9696610422427768,-0.22203956713336132,-0.015839187777352617,0,nan,nan,nan,nan,nan,nan,nan,nan
19.383007049560547,1789121631.8149025,r18_z20_w0,0,0.0,-1.2709380307605356,1.2485804488902446,0.02235758187029102,0.0,-0.0015339808305725455,-1.2762720584869385,1.2593982219696045,0.023009711876511574,0.0015339808305725455,0.17952400819571102,-0.0002753866032036173,0.19758152200779286,0.0007691856356692053,0.0028660344384132926,-0.0007691856356692053,0.9999953012657178,0.11755158205386163,-0.002299198506479194,0.236451016476318,-0.011087838802582753,0.01632646233584697,-0.7067100617066159,0.7072279654686425,0.17999999999999997,0.0,0.2,0.0,0.10549528155617098,-0.0736526237925452,0.4683676234596619,0.10101986890921501,0.9696610422427768,-0.22203956713336132,-0.015839187777352617,0,nan,nan,nan,nan,nan,nan,nan,nan
19.38356041908264,1789121631.8149025,r18_z20_w0,0,0.0,-1.2709380307605356,1.2485804488902446,0.02235758187029102,0.0,-0.0015339808305725455,-1.2762720584869385,1.2593982219696045,0.023009711876511574,0.0015339808305725455,0.17952400819571102,-0.0002753866032036173,0.19758152200779286,0.0007691856356692053,0.0028660344384132926,-0.0007691856356692053,0.9999953012657178,0.11755158205386163,-0.002299198506479194,0.236451016476318,-0.011087838802582753,0.01632646233584697,-0.7067100617066159,0.7072279654686425,0.17999999999999997,0.0,0.2,0.0,0.10549528155617098,-0.0736526237925452,0.4683676234596619,0.10101986890921501,0.9696610422427768,-0.22203956713336132,-0.015839187777352617,0,nan,nan,nan,nan,nan,nan,nan,nan
19.383975744247437,1789121631.8149025,r18_z20_w0,0,0.0,-1.2709380307605356,1.2485804488902446,0.02235758187029102,0.0,-0.0015339808305725455,-1.2762720584869385,1.2593982219696045,0.023009711876511574,0.0015339808305725455,0.17952400819571102,-0.0002753866032036173,0.19758152200779286,0.0007691856356692053,0.0028660344384132926,-0.0007691856356692053,0.9999953012657178,0.11755158205386163,-0.002299198506479194,0.236451016476318,-0.011087838802582753,0.01632646233584697,-0.7067100617066159,0.7072279654686425,0.17999999999999997,0.0,0.2,0.0,0.10549528155617098,-0.0736526237925452,0.4683676234596619,0.10101986890921501,0.9696610422427768,-0.22203956713336132,-0.015839187777352617,0,nan,nan,nan,nan,nan,nan,nan,nan
19.384464263916016,1789121631.848259,r18_z20_w0,0,0.0,-1.2709380307605356,1.2485804488902446,0.02235758187029102,0.0,-0.0015339808305725455,-1.2762720584869385,1.2593982219696045,0.023009711876511574,0.0015339808305725455,0.17952411120340103,-0.00027538676121556305,0.1975996696602885,0.0007691418717244126,0.0028088127417040453,-0.0007691418717244127,0.9999954636959831,0.11751952967845125,-0.002280976046486749,0.23640326948757495,-0.010912032901391259,0.016284102681281793,-0.7069306336540849,0.7070111984539272,0.17999999999999997,0.0,0.2,0.0,0.10551080707838774,-0.07366184569082791,0.4684251830158069,0.10074218604860624,0.969655863077908,-0.22217531610496166,-0.016020239150703938,0,nan,nan,nan,nan,nan,nan,nan,nan
19.38499140739441,1789121631.848259,r18_z20_w0,0,0.0,-1.2709380307605356,1.2485804488902446,0.02235758187029102,0.0,-0.0015339808305725455,-1.2762720584869385,1.2593982219696045,0.023009711876511574,0.0015339808305725455,0.17952411120340103,-0.00027538676121556305,0.1975996696602885,0.0007691418717244126,0.0028088127417040453,-0.0007691418717244127,0.9999954636959831,0.11751952967845125,-0.002280976046486749,0.23640326948757495,-0.010912032901391259,0.016284102681281793,-0.7069306336540849,0.7070111984539272,0.17999999999999997,0.0,0.2,0.0,0.10551080707838774,-0.07366184569082791,0.4684251830158069,0.10074218604860624,0.969655863077908,-0.22217531610496166,-0.016020239150703938,0,nan,nan,nan,nan,nan,nan,nan,nan
19.389418601989746,1789121631.848259,r18_z20_w0,0,0.0,-1.2709380307605356,1.2485804488902446,0.02235758187029102,0.0,-0.0015339808305725455,-1.2762720584869385,1.2593982219696045,0.023009711876511574,0.0015339808305725455,0.17952411120340103,-0.00027538676121556305,0.1975996696602885,0.0007691418717244126,0.0028088127417040453,-0.0007691418717244127,0.9999954636959831,0.11751952967845125,-0.002280976046486749,0.23640326948757495,-0.010912032901391259,0.016284102681281793,-0.7069306336540849,0.7070111984539272,0.17999999999999997,0.0,0.2,0.0,0.10551080707838774,-0.07366184569082791,0.4684251830158069,0.10074218604860624,0.969655863077908,-0.22217531610496166,-0.016020239150703938,0,nan,nan,nan,nan,nan,nan,nan,nan
19.399401426315308,1789121631.848259,r18_z20_w0,0,0.0,-1.2709380307605356,1.2485804488902446,0.02235758187029102,0.0,-0.0015339808305725455,-1.2762720584869385,1.2593982219696045,0.023009711876511574,0.0015339808305725455,0.17952411120340103,-0.00027538676121556305,0.1975996696602885,0.0007691418717244126,0.0028088127417040453,-0.0007691418717244127,0.9999954636959831,0.11751952967845125,-0.002280976046486749,0.23640326948757495,-0.010912032901391259,0.016284102681281793,-0.7069306336540849,0.7070111984539272,0.17999999999999997,0.0,0.2,0.0,0.10551080707838774,-0.07366184569082791,0.4684251830158069,0.10074218604860624,0.969655863077908,-0.22217531610496166,-0.016020239150703938,0,nan,nan,nan,nan,nan,nan,nan,nan
19.40945529937744,1789121631.848259,r18_z20_w0,0,0.0,-1.2709380307605356,1.2485804488902446,0.02235758187029102,0.0,-0.0015339808305725455,-1.2762720584869385,1.2593982219696045,0.023009711876511574,0.0015339808305725455,0.17952411120340103,-0.00027538676121556305,0.1975996696602885,0.0007691418717244126,0.0028088127417040453,-0.0007691418717244127,0.9999954636959831,0.11751952967845125,-0.002280976046486749,0.23640326948757495,-0.010912032901391259,0.016284102681281793,-0.7069306336540849,0.7070111984539272,0.17999999999999997,0.0,0.2,0.0,0.10551080707838774,-0.07366184569082791,0.4684251830158069,0.10074218604860624,0.969655863077908,-0.22217531610496166,-0.016020239150703938,0,nan,nan,nan,nan,nan,nan,nan,nan
19.415905237197876,1789121631.848259,r18_z20_w0,0,0.0,-1.2709380307605356,1.2485804488902446,0.02235758187029102,0.0,-0.0015339808305725455,-1.2762720584869385,1.2593982219696045,0.023009711876511574,0.0015339808305725455,0.17952411120340103,-0.00027538676121556305,0.1975996696602885,0.0007691418717244126,0.0028088127417040453,-0.0007691418717244127,0.9999954636959831,0.11751952967845125,-0.002280976046486749,0.23640326948757495,-0.010912032901391259,0.016284102681281793,-0.7069306336540849,0.7070111984539272,0.17999999999999997,0.0,0.2,0.0,0.10551080707838774,-0.07366184569082791,0.4684251830158069,0.10074218604860624,0.969655863077908,-0.22217531610496166,-0.016020239150703938,0,nan,nan,nan,nan,nan,nan,nan,nan
19.41659641265869,1789121631.8816154,r18_z20_w0,0,0.0,-1.2709380307605356,1.2485804488902446,0.02235758187029102,0.0,-0.0015339808305725455,-1.2762720584869385,1.2593982219696045,0.02147573232650757,0.0015339808305725455,0.17952481325906317,-0.0002753878381563355,0.19773487444218749,0.0007688157404114675,0.002382496889030244,-0.0007688157404114673,0.9999965707707643,0.11758894966983308,-0.002311527811045405,0.23649996529107176,-0.011077037953665915,0.016102259710142064,-0.7068513888802828,0.7070920240678829,0.17999999999999997,0.0,0.2,0.0,0.10548642376591398,-0.0736405390817408,0.4683066329992864,0.100792235462,0.9696463101227565,-0.2222131020888546,-0.01575740447992513,0,nan,nan,nan,nan,nan,nan,nan,nan
19.419379472732544,1789121631.8816154,r18_z20_w0,0,0.0,-1.2709380307605356,1.2485804488902446,0.02235758187029102,0.0,-0.0015339808305725455,-1.2762720584869385,1.2593982219696045,0.02147573232650757,0.0015339808305725455,0.17952481325906317,-0.0002753878381563355,0.19773487444218749,0.0007688157404114675,0.002382496889030244,-0.0007688157404114673,0.9999965707707643,0.11758894966983308,-0.002311527811045405,0.23649996529107176,-0.011077037953665915,0.016102259710142064,-0.7068513888802828,0.7070920240678829,0.17999999999999997,0.0,0.2,0.0,0.10548642376591398,-0.0736405390817408,0.4683066329992864,0.100792235462,0.9696463101227565,-0.2222131020888546,-0.01575740447992513,0,nan,nan,nan,nan,nan,nan,nan,nan
19.42935585975647,1789121631.8816154,r18_z20_w0,0,0.0,-1.2709380307605356,1.2485804488902446,0.02235758187029102,0.0,-0.0015339808305725455,-1.2762720584869385,1.2593982219696045,0.02147573232650757,0.0015339808305725455,0.17952481325906317,-0.0002753878381563355,0.19773487444218749,0.0007688157404114675,0.002382496889030244,-0.0007688157404114673,0.9999965707707643,0.11758894966983308,-0.002311527811045405,0.23649996529107176,-0.011077037953665915,0.016102259710142064,-0.7068513888802828,0.7070920240678829,0.17999999999999997,0.0,0.2,0.0,0.10548642376591398,-0.0736405390817408,0.4683066329992864,0.100792235462,0.9696463101227565,-0.2222131020888546,-0.01575740447992513,0,nan,nan,nan,nan,nan,nan,nan,nan
19.439362049102783,1789121631.8816154,r18_z20_w0,0,0.0,-1.2709380307605356,1.2485804488902446,0.02235758187029102,0.0,-0.0015339808305725455,-1.2762720584869385,1.2593982219696045,0.02147573232650757,0.0015339808305725455,0.17952481325906317,-0.0002753878381563355,0.19773487444218749,0.0007688157404114675,0.002382496889030244,-0.0007688157404114673,0.9999965707707643,0.11758894966983308,-0.002311527811045405,0.23649996529107176,-0.011077037953665915,0.016102259710142064,-0.7068513888802828,0.7070920240678829,0.17999999999999997,0.0,0.2,0.0,0.10548642376591398,-0.0736405390817408,0.4683066329992864,0.100792235462,0.9696463101227565,-0.2222131020888546,-0.01575740447992513,0,nan,nan,nan,nan,nan,nan,nan,nan
19.44025206565857,1789121631.8816154,r18_z20_w0,0,0.0,-1.2709380307605356,1.2485804488902446,0.02235758187029102,0.0,-0.0015339808305725455,-1.2762720584869385,1.2593982219696045,0.02147573232650757,0.0015339808305725455,0.17952481325906317,-0.0002753878381563355,0.19773487444218749,0.0007688157404114675,0.002382496889030244,-0.0007688157404114673,0.9999965707707643,0.11758894966983308,-0.002311527811045405,0.23649996529107176,-0.011077037953665915,0.016102259710142064,-0.7068513888802828,0.7070920240678829,0.17999999999999997,0.0,0.2,0.0,0.10548642376591398,-0.0736405390817408,0.4683066329992864,0.100792235462,0.9696463101227565,-0.2222131020888546,-0.01575740447992513,0,nan,nan,nan,nan,nan,nan,nan,nan
19.449365615844727,1789121631.8816154,r18_z20_w0,0,0.0,-1.2709380307605356,1.2485804488902446,0.02235758187029102,0.0,-0.0015339808305725455,-1.2762720584869385,1.2593982219696045,0.02147573232650757,0.0015339808305725455,0.17952481325906317,-0.0002753878381563355,0.19773487444218749,0.0007688157404114675,0.002382496889030244,-0.0007688157404114673,0.9999965707707643,0.11758894966983308,-0.002311527811045405,0.23649996529107176,-0.011077037953665915,0.016102259710142064,-0.7068513888802828,0.7070920240678829,0.17999999999999997,0.0,0.2,0.0,0.10548642376591398,-0.0736405390817408,0.4683066329992864,0.100792235462,0.9696463101227565,-0.2222131020888546,-0.01575740447992513,0,nan,nan,nan,nan,nan,nan,nan,nan
19.450122356414795,1789121631.9149718,r18_z20_w0,0,0.0,-1.2709380307605356,1.2485804488902446,0.02235758187029102,0.0,-0.0015339808305725455,-1.2762720584869385,1.260932207107544,0.023009711876511574,0.0015339808305725455,0.17952493528227184,-0.0002753880253377453,0.19776092514741056,0.0007687528868648454,0.0023003562480342758,-0.0007687528868648454,0.9999967631943265,0.11761190699806001,-0.002321740042225434,0.23653832292209498,-0.0112819147249354,0.016034395045709714,-0.7067156570092392,0.7072259870180512,0.17999999999999997,0.0,0.2,0.0,0.10547777147973605,-0.07363642356582019,0.46826179064302237,0.1009310637810046,0.9696522438185341,-0.22214119985396585,-0.01551559696425647,0,nan,nan,nan,nan,nan,nan,nan,nan
19.450791358947754,1789121631.9149718,r18_z20_w0,0,0.0,-1.2709380307605356,1.2485804488902446,0.02235758187029102,0.0,-0.0015339808305725455,-1.2762720584869385,1.260932207107544,0.023009711876511574,0.0015339808305725455,0.17952493528227184,-0.0002753880253377453,0.19776092514741056,0.0007687528868648454,0.0023003562480342758,-0.0007687528868648454,0.9999967631943265,0.11761190699806001,-0.002321740042225434,0.23653832292209498,-0.0112819147249354,0.016034395045709714,-0.7067156570092392,0.7072259870180512,0.17999999999999997,0.0,0.2,0.0,0.10547777147973605,-0.07363642356582019,0.46826179064302237,0.1009310637810046,0.9696522438185341,-0.22214119985396585,-0.01551559696425647,0,nan,nan,nan,nan,nan,nan,nan,nan
19.459385633468628,1789121631.9149718,r18_z20_w0,0,0.0,-1.2709380307605356,1.2485804488902446,0.02235758187029102,0.0,-0.0015339808305725455,-1.2762720584869385,1.260932207107544,0.023009711876511574,0.0015339808305725455,0.17952493528227184,-0.0002753880253377453,0.19776092514741056,0.0007687528868648454,0.0023003562480342758,-0.0007687528868648454,0.9999967631943265,0.11761190699806001,-0.002321740042225434,0.23653832292209498,-0.0112819147249354,0.016034395045709714,-0.7067156570092392,0.7072259870180512,0.17999999999999997,0.0,0.2,0.0,0.10547777147973605,-0.07363642356582019,0.46826179064302237,0.1009310637810046,0.9696522438185341,-0.22214119985396585,-0.01551559696425647,0,nan,nan,nan,nan,nan,nan,nan,nan
19.469314336776733,1789121631.9149718,r18_z20_w0,0,0.0,-1.2709380307605356,1.2485804488902446,0.02235758187029102,0.0,-0.0015339808305725455,-1.2762720584869385,1.260932207107544,0.023009711876511574,0.0015339808305725455,0.17952493528227184,-0.0002753880253377453,0.19776092514741056,0.0007687528868648454,0.0023003562480342758,-0.0007687528868648454,0.9999967631943265,0.11761190699806001,-0.002321740042225434,0.23653832292209498,-0.0112819147249354,0.016034395045709714,-0.7067156570092392,0.7072259870180512,0.17999999999999997,0.0,0.2,0.0,0.10547777147973605,-0.07363642356582019,0.46826179064302237,0.1009310637810046,0.9696522438185341,-0.22214119985396585,-0.01551559696425647,0,nan,nan,nan,nan,nan,nan,nan,nan
19.47969365119934,1789121631.9149718,r18_z20_w0,0,0.0,-1.2709380307605356,1.2485804488902446,0.02235758187029102,0.0,-0.0015339808305725455,-1.2762720584869385,1.260932207107544,0.023009711876511574,0.0015339808305725455,0.17952493528227184,-0.0002753880253377453,0.19776092514741056,0.0007687528868648454,0.0023003562480342758,-0.0007687528868648454,0.9999967631943265,0.11761190699806001,-0.002321740042225434,0.23653832292209498,-0.0112819147249354,0.016034395045709714,-0.7067156570092392,0.7072259870180512,0.17999999999999997,0.0,0.2,0.0,0.10547777147973605,-0.07363642356582019,0.46826179064302237,0.1009310637810046,0.9696522438185341,-0.22214119985396585,-0.01551559696425647,0,nan,nan,nan,nan,nan,nan,nan,nan
19.4838125705719,1789121631.9149718,r18_z20_w0,0,0.0,-1.2709380307605356,1.2485804488902446,0.02235758187029102,0.0,-0.0015339808305725455,-1.2762720584869385,1.260932207107544,0.023009711876511574,0.0015339808305725455,0.17952493528227184,-0.0002753880253377453,0.19776092514741056,0.0007687528868648454,0.0023003562480342758,-0.0007687528868648454,0.9999967631943265,0.11761190699806001,-0.002321740042225434,0.23653832292209498,-0.0112819147249354,0.016034395045709714,-0.7067156570092392,0.7072259870180512,0.17999999999999997,0.0,0.2,0.0,0.10547777147973605,-0.07363642356582019,0.46826179064302237,0.1009310637810046,0.9696522438185341,-0.22214119985396585,-0.01551559696425647,0,nan,nan,nan,nan,nan,nan,nan,nan
19.484610080718994,1789121631.9483283,r18_z20_w0,0,0.0,-1.2709380307605356,1.2485804488902446,0.02235758187029102,0.0,-0.0015339808305725455,-1.2762720584869385,1.2593982219696045,0.02147573232650757,0.0015339808305725455,0.17952493528227184,-0.0002753880253377453,0.19776092514741056,0.0007687528868648454,0.0023003562480342758,-0.0007687528868648454,0.9999967631943265,0.11753246950309104,-0.002283608331170167,0.2364116744046149,-0.011375497046414766,0.016312027158522733,-0.7067599625930212,0.7071738620116258,0.17999999999999997,0.0,0.2,0.0,0.10550998963144316,-0.07365403262064357,0.4684116442444594,0.10089983014454794,0.9697151354627754,-0.22187257088599507,-0.015631462492403766,0,nan,nan,nan,nan,nan,nan,nan,nan
19.54674744606018,1789121631.9483283,r18_z20_w0,0,0.0,-1.2709380307605356,1.2485804488902446,0.02235758187029102,0.0,-0.0015339808305725455,-1.2762720584869385,1.2593982219696045,0.02147573232650757,0.0015339808305725455,0.17952492850800741,-0.00027538801494614545,0.19775945457834443,0.0007687564351007117,0.0023049931072658424,-0.0007687564351007115,0.9999967525116581,0.11753246950309104,-0.002283608331170167,0.2364116744046149,-0.011375497046414766,0.016312027158522733,-0.7067599625930212,0.7071738620116258,0.17999999999999997,0.0,0.2,0.0,0.10550998963144316,-0.07365403262064357,0.4684116442444594,0.10089983014454794,0.9697151354627754,-0.22187257088599507,-0.015631462492403766,0,nan,nan,nan,nan,nan,nan,nan,nan
19.547478199005127,1789121631.9483283,r18_z20_w0,0,0.0,-1.2709380307605356,1.2485804488902446,0.02235758187029102,0.0,-0.0015339808305725455,-1.2762720584869385,1.2593982219696045,0.02147573232650757,0.0015339808305725455,0.17952492850800741,-0.00027538801494614545,0.19775945457834443,0.0007687564351007117,0.0023049931072658424,-0.0007687564351007115,0.9999967525116581,0.11753246950309104,-0.002283608331170167,0.2364116744046149,-0.011375497046414766,0.016312027158522733,-0.7067599625930212,0.7071738620116258,0.17999999999999997,0.0,0.2,0.0,0.10550998963144316,-0.07365403262064357,0.4684116442444594,0.10089983014454794,0.9697151354627754,-0.22187257088599507,-0.015631462492403766,0,nan,nan,nan,nan,nan,nan,nan,nan
19.548104286193848,1789121631.981685,r18_z20_w0,0,0.0,-1.2709380307605356,1.2485804488902446,0.02235758187029102,0.0,-0.0015339808305725455,-1.2762720584869385,1.2593982219696045,0.023009711876511574,0.0015339808305725455,0.1795240972464624,-0.00027538673980586996,0.19759718917057342,0.0007691478536926709,0.002816634017784808,-0.0007691478536926711,0.999995441687595,0.11751349009285567,-0.0022771318984941835,0.23639315071165523,-0.011044017726104971,0.016603814044254504,-0.7068653998561376,0.7070669342557833,0.17999999999999997,0.0,0.2,0.0,0.10551421953208559,-0.07366314593504844,0.46843702819283367,0.10086065944537716,0.9697159981453516,-0.22185340557424502,-0.016095861341273825,0,nan,nan,nan,nan,nan,nan,nan,nan
19.548698902130127,1789121631.981685,r18_z20_w0,0,0.0,-1.2709380307605356,1.2485804488902446,0.02235758187029102,0.0,-0.0015339808305725455,-1.2762720584869385,1.2593982219696045,0.023009711876511574,0.0015339808305725455,0.1795240972464624,-0.00027538673980586996,0.19759718917057342,0.0007691478536926709,0.002816634017784808,-0.0007691478536926711,0.999995441687595,0.11751349009285567,-0.0022771318984941835,0.23639315071165523,-0.011044017726104971,0.016603814044254504,-0.7068653998561376,0.7070669342557833,0.17999999999999997,0.0,0.2,0.0,0.10551421953208559,-0.07366314593504844,0.46843702819283367,0.10086065944537716,0.9697159981453516,-0.22185340557424502,-0.016095861341273825,0,nan,nan,nan,nan,nan,nan,nan,nan
19.549127101898193,1789121631.981685,r18_z20_w0,0,0.0,-1.2709380307605356,1.2485804488902446,0.02235758187029102,0.0,-0.0015339808305725455,-1.2762720584869385,1.2593982219696045,0.023009711876511574,0.0015339808305725455,0.1795240972464624,-0.00027538673980586996,0.19759718917057342,0.0007691478536926709,0.002816634017784808,-0.0007691478536926711,0.999995441687595,0.11751349009285567,-0.0022771318984941835,0.23639315071165523,-0.011044017726104971,0.016603814044254504,-0.7068653998561376,0.7070669342557833,0.17999999999999997,0.0,0.2,0.0,0.10551421953208559,-0.07366314593504844,0.46843702819283367,0.10086065944537716,0.9697159981453516,-0.22185340557424502,-0.016095861341273825,0,nan,nan,nan,nan,nan,nan,nan,nan
19.549911975860596,1789121631.981685,r18_z20_w0,0,0.0,-1.2709380307605356,1.2485804488902446,0.02235758187029102,0.0,-0.0015339808305725455,-1.2762720584869385,1.2593982219696045,0.023009711876511574,0.0015339808305725455,0.1795240972464624,-0.00027538673980586996,0.19759718917057342,0.0007691478536926709,0.002816634017784808,-0.0007691478536926711,0.999995441687595,0.11751349009285567,-0.0022771318984941835,0.23639315071165523,-0.011044017726104971,0.016603814044254504,-0.7068653998561376,0.7070669342557833,0.17999999999999997,0.0,0.2,0.0,0.10551421953208559,-0.07366314593504844,0.46843702819283367,0.10086065944537716,0.9697159981453516,-0.22185340557424502,-0.016095861341273825,0,nan,nan,nan,nan,nan,nan,nan,nan
19.55034327507019,1789121631.981685,r18_z20_w0,0,0.0,-1.2709380307605356,1.2485804488902446,0.02235758187029102,0.0,-0.0015339808305725455,-1.2762720584869385,1.2593982219696045,0.023009711876511574,0.0015339808305725455,0.1795240972464624,-0.00027538673980586996,0.19759718917057342,0.0007691478536926709,0.002816634017784808,-0.0007691478536926711,0.999995441687595,0.11751349009285567,-0.0022771318984941835,0.23639315071165523,-0.011044017726104971,0.016603814044254504,-0.7068653998561376,0.7070669342557833,0.17999999999999997,0.0,0.2,0.0,0.10551421953208559,-0.07366314593504844,0.46843702819283367,0.10086065944537716,0.9697159981453516,-0.22185340557424502,-0.016095861341273825,0,nan,nan,nan,nan,nan,nan,nan,nan
19.5509352684021,1789121631.981685,r18_z20_w0,0,0.0,-1.2709380307605356,1.2485804488902446,0.02235758187029102,0.0,-0.0015339808305725455,-1.2762720584869385,1.2593982219696045,0.023009711876511574,0.0015339808305725455,0.1795240972464624,-0.00027538673980586996,0.19759718917057342,0.0007691478536926709,0.002816634017784808,-0.0007691478536926711,0.999995441687595,0.11751349009285567,-0.0022771318984941835,0.23639315071165523,-0.011044017726104971,0.016603814044254504,-0.7068653998561376,0.7070669342557833,0.17999999999999997,0.0,0.2,0.0,0.10551421953208559,-0.07366314593504844,0.46843702819283367,0.10086065944537716,0.9697159981453516,-0.22185340557424502,-0.016095861341273825,0,nan,nan,nan,nan,nan,nan,nan,nan
19.551392555236816,1789121631.981685,r18_z20_w0,0,0.0,-1.2709380307605356,1.2485804488902446,0.02235758187029102,0.0,-0.0015339808305725455,-1.2762720584869385,1.2593982219696045,0.023009711876511574,0.0015339808305725455,0.1795240972464624,-0.00027538673980586996,0.19759718917057342,0.0007691478536926709,0.002816634017784808,-0.0007691478536926711,0.999995441687595,0.11751349009285567,-0.0022771318984941835,0.23639315071165523,-0.011044017726104971,0.016603814044254504,-0.7068653998561376,0.7070669342557833,0.17999999999999997,0.0,0.2,0.0,0.10551421953208559,-0.07366314593504844,0.46843702819283367,0.10086065944537716,0.9697159981453516,-0.22185340557424502,-0.016095861341273825,0,nan,nan,nan,nan,nan,nan,nan,nan
19.551924467086792,1789121632.0150414,r18_z20_w0,0,0.0,-1.2709380307605356,1.2485804488902446,0.02235758187029102,0.0,-0.0015339808305725455,-1.2762720584869385,1.2593982219696045,0.023009711876511574,0.0015339808305725455,0.1795243996543773,-0.0002753872036941783,0.1973568062268973,0.0007695388843929154,0.003328030161339549,-0.0007695388843929156,0.999993869898739,0.1175610766541827,-0.0023027078332971684,0.2364664069211318,-0.011251475792790944,0.0160720378855279,-0.7068147726148718,0.7071265594673116,0.17999999999999997,0.0,0.2,0.0,0.10549243872067035,-0.07365084481410235,0.46834951042227013,0.10080720983805827,0.9696665428338725,-0.2221294335674188,-0.015595412668121962,0,nan,nan,nan,nan,nan,nan,nan,nan
19.552475690841675,1789121632.0150414,r18_z20_w0,0,0.0,-1.2709380307605356,1.2485804488902446,0.02235758187029102,0.0,-0.0015339808305725455,-1.2762720584869385,1.2593982219696045,0.023009711876511574,0.0015339808305725455,0.1795243996543773,-0.0002753872036941783,0.1973568062268973,0.0007695388843929154,0.003328030161339549,-0.0007695388843929156,0.999993869898739,0.1175610766541827,-0.0023027078332971684,0.2364664069211318,-0.011251475792790944,0.0160720378855279,-0.7068147726148718,0.7071265594673116,0.17999999999999997,0.0,0.2,0.0,0.10549243872067035,-0.07365084481410235,0.46834951042227013,0.10080720983805827,0.9696665428338725,-0.2221294335674188,-0.015595412668121962,0,nan,nan,nan,nan,nan,nan,nan,nan
19.5530104637146,1789121632.0150414,r18_z20_w0,0,0.0,-1.2709380307605356,1.2485804488902446,0.02235758187029102,0.0,-0.0015339808305725455,-1.2762720584869385,1.2593982219696045,0.023009711876511574,0.0015339808305725455,0.1795243996543773,-0.0002753872036941783,0.1973568062268973,0.0007695388843929154,0.003328030161339549,-0.0007695388843929156,0.999993869898739,0.1175610766541827,-0.0023027078332971684,0.2364664069211318,-0.011251475792790944,0.0160720378855279,-0.7068147726148718,0.7071265594673116,0.17999999999999997,0.0,0.2,0.0,0.10549243872067035,-0.07365084481410235,0.46834951042227013,0.10080720983805827,0.9696665428338725,-0.2221294335674188,-0.015595412668121962,0,nan,nan,nan,nan,nan,nan,nan,nan
19.559393644332886,1789121632.0150414,r18_z20_w0,0,0.0,-1.2709380307605356,1.2485804488902446,0.02235758187029102,0.0,-0.0015339808305725455,-1.2762720584869385,1.2593982219696045,0.023009711876511574,0.0015339808305725455,0.1795243996543773,-0.0002753872036941783,0.1973568062268973,0.0007695388843929154,0.003328030161339549,-0.0007695388843929156,0.999993869898739,0.1175610766541827,-0.0023027078332971684,0.2364664069211318,-0.011251475792790944,0.0160720378855279,-0.7068147726148718,0.7071265594673116,0.17999999999999997,0.0,0.2,0.0,0.10549243872067035,-0.07365084481410235,0.46834951042227013,0.10080720983805827,0.9696665428338725,-0.2221294335674188,-0.015595412668121962,0,nan,nan,nan,nan,nan,nan,nan,nan
19.56926703453064,1789121632.0150414,r18_z20_w0,0,0.0,-1.2709380307605356,1.2485804488902446,0.02235758187029102,0.0,-0.0015339808305725455,-1.2762720584869385,1.2593982219696045,0.023009711876511574,0.0015339808305725455,0.1795243996543773,-0.0002753872036941783,0.1973568062268973,0.0007695388843929154,0.003328030161339549,-0.0007695388843929156,0.999993869898739,0.1175610766541827,-0.0023027078332971684,0.2364664069211318,-0.011251475792790944,0.0160720378855279,-0.7068147726148718,0.7071265594673116,0.17999999999999997,0.0,0.2,0.0,0.10549243872067035,-0.07365084481410235,0.46834951042227013,0.10080720983805827,0.9696665428338725,-0.2221294335674188,-0.015595412668121962,0,nan,nan,nan,nan,nan,nan,nan,nan
19.57964587211609,1789121632.0150414,r18_z20_w0,0,0.0,-1.2709380307605356,1.2485804488902446,0.02235758187029102,0.0,-0.0015339808305725455,-1.2762720584869385,1.2593982219696045,0.023009711876511574,0.0015339808305725455,0.1795243996543773,-0.0002753872036941783,0.1973568062268973,0.0007695388843929154,0.003328030161339549,-0.0007695388843929156,0.999993869898739,0.1175610766541827,-0.0023027078332971684,0.2364664069211318,-0.011251475792790944,0.0160720378855279,-0.7068147726148718,0.7071265594673116,0.17999999999999997,0.0,0.2,0.0,0.10549243872067035,-0.07365084481410235,0.46834951042227013,0.10080720983805827,0.9696665428338725,-0.2221294335674188,-0.015595412668121962,0,nan,nan,nan,nan,nan,nan,nan,nan
19.583045959472656,1789121632.0150414,r18_z20_w0,0,0.0,-1.2709380307605356,1.2485804488902446,0.02235758187029102,0.0,-0.0015339808305725455,-1.2762720584869385,1.2593982219696045,0.023009711876511574,0.0015339808305725455,0.1795243996543773,-0.0002753872036941783,0.1973568062268973,0.0007695388843929154,0.003328030161339549,-0.0007695388843929156,0.999993869898739,0.1175610766541827,-0.0023027078332971684,0.2364664069211318,-0.011251475792790944,0.0160720378855279,-0.7068147726148718,0.7071265594673116,0.17999999999999997,0.0,0.2,0.0,0.10549243872067035,-0.07365084481410235,0.46834951042227013,0.10080720983805827,0.9696665428338725,-0.2221294335674188,-0.015595412668121962,0,nan,nan,nan,nan,nan,nan,nan,nan
19.583813667297363,1789121632.0483978,r18_z20_w0,0,0.0,-1.2709380307605356,1.2485804488902446,0.02235758187029102,0.0,-0.0015339808305725455,-1.2762720584869385,1.260932207107544,0.023009711876511574,0.0015339808305725455,0.17952565616953808,-0.0002753891311658601,0.19704436409435455,0.0007699258209305912,0.0038343303228693965,-0.0007699258209305911,0.9999920561381653,0.11758713682506511,-0.002311151577730264,0.23650076853208324,-0.011093816585066,0.01616428795550559,-0.706818397430977,0.7071233245209593,0.17999999999999997,0.0,0.2,0.0,0.10548639589999166,-0.07364255170750927,0.46830678035867396,0.10084451078745879,0.9696536135050919,-0.22215648976229793,-0.015771763282838233,0,nan,nan,nan,nan,nan,nan,nan,nan
19.645844221115112,1789121632.0483978,r18_z20_w0,0,0.0,-1.2709380307605356,1.2485804488902446,0.02235758187029102,0.0,-0.0015339808305725455,-1.2762720584869385,1.260932207107544,0.023009711876511574,0.0015339808305725455,0.1795256561695382,-0.0002753891311658603,0.19704436409435458,0.0007699258209305912,0.0038343303228693965,-0.0007699258209305911,0.9999920561381653,0.11758713682506511,-0.002311151577730264,0.23650076853208324,-0.011093816585066,0.01616428795550559,-0.706818397430977,0.7071233245209593,0.17999999999999997,0.0,0.2,0.0,0.10548639589999166,-0.07364255170750927,0.46830678035867396,0.10084451078745879,0.9696536135050919,-0.22215648976229793,-0.015771763282838233,0,nan,nan,nan,nan,nan,nan,nan,nan
19.646472454071045,1789121632.0483978,r18_z20_w0,0,0.0,-1.2709380307605356,1.2485804488902446,0.02235758187029102,0.0,-0.0015339808305725455,-1.2762720584869385,1.260932207107544,0.023009711876511574,0.0015339808305725455,0.1795256561695382,-0.0002753891311658603,0.19704436409435458,0.0007699258209305912,0.0038343303228693965,-0.0007699258209305911,0.9999920561381653,0.11758713682506511,-0.002311151577730264,0.23650076853208324,-0.011093816585066,0.01616428795550559,-0.706818397430977,0.7071233245209593,0.17999999999999997,0.0,0.2,0.0,0.10548639589999166,-0.07364255170750927,0.46830678035867396,0.10084451078745879,0.9696536135050919,-0.22215648976229793,-0.015771763282838233,0,nan,nan,nan,nan,nan,nan,nan,nan
19.64697551727295,1789121632.0817542,r18_z20_w0,0,0.0,-1.2709380307605356,1.2485804488902446,0.02235758187029102,0.0,-0.0015339808305725455,-1.2762720584869385,1.2593982219696045,0.023009711876511574,0.0015339808305725455,0.17952565616953808,-0.0002753891311658601,0.19704436409435455,0.0007699258209305912,0.0038343303228693965,-0.0007699258209305911,0.9999920561381653,0.11753926629754369,-0.0022928057218916387,0.23643114524204,-0.011304007666969498,0.0163137819286136,-0.7067533409497472,0.7071815855819644,0.17999999999999997,0.0,0.2,0.0,0.1055007656343569,-0.0736553403500234,0.4683910746153288,0.10092148469645157,0.969702246727738,-0.22191534659907095,-0.015683926856993505,0,nan,nan,nan,nan,nan,nan,nan,nan
19.647505044937134,1789121632.0817542,r18_z20_w0,0,0.0,-1.2709380307605356,1.2485804488902446,0.02235758187029102,0.0,-0.0015339808305725455,-1.2762720584869385,1.2593982219696045,0.023009711876511574,0.0015339808305725455,0.17952565616953808,-0.0002753891311658601,0.19704436409435455,0.0007699258209305912,0.0038343303228693965,-0.0007699258209305911,0.9999920561381653,0.11753926629754369,-0.0022928057218916387,0.23643114524204,-0.011304007666969498,0.0163137819286136,-0.7067533409497472,0.7071815855819644,0.17999999999999997,0.0,0.2,0.0,0.1055007656343569,-0.0736553403500234,0.4683910746153288,0.10092148469645157,0.969702246727738,-0.22191534659907095,-0.015683926856993505,0,nan,nan,nan,nan,nan,nan,nan,nan
19.64789366722107,1789121632.0817542,r18_z20_w0,0,0.0,-1.2709380307605356,1.2485804488902446,0.02235758187029102,0.0,-0.0015339808305725455,-1.2762720584869385,1.2593982219696045,0.023009711876511574,0.0015339808305725455,0.17952565616953808,-0.0002753891311658601,0.19704436409435455,0.0007699258209305912,0.0038343303228693965,-0.0007699258209305911,0.9999920561381653,0.11753926629754369,-0.0022928057218916387,0.23643114524204,-0.011304007666969498,0.0163137819286136,-0.7067533409497472,0.7071815855819644,0.17999999999999997,0.0,0.2,0.0,0.1055007656343569,-0.0736553403500234,0.4683910746153288,0.10092148469645157,0.969702246727738,-0.22191534659907095,-0.015683926856993505,0,nan,nan,nan,nan,nan,nan,nan,nan
19.648415565490723,1789121632.0817542,r18_z20_w0,0,0.0,-1.2709380307605356,1.2485804488902446,0.02235758187029102,0.0,-0.0015339808305725455,-1.2762720584869385,1.2593982219696045,0.023009711876511574,0.0015339808305725455,0.17952565616953808,-0.0002753891311658601,0.19704436409435455,0.0007699258209305912,0.0038343303228693965,-0.0007699258209305911,0.9999920561381653,0.11753926629754369,-0.0022928057218916387,0.23643114524204,-0.011304007666969498,0.0163137819286136,-0.7067533409497472,0.7071815855819644,0.17999999999999997,0.0,0.2,0.0,0.1055007656343569,-0.0736553403500234,0.4683910746153288,0.10092148469645157,0.969702246727738,-0.22191534659907095,-0.015683926856993505,0,nan,nan,nan,nan,nan,nan,nan,nan
19.648895025253296,1789121632.0817542,r18_z20_w0,0,0.0,-1.2709380307605356,1.2485804488902446,0.02235758187029102,0.0,-0.0015339808305725455,-1.2762720584869385,1.2593982219696045,0.023009711876511574,0.0015339808305725455,0.17952565616953808,-0.0002753891311658601,0.19704436409435455,0.0007699258209305912,0.0038343303228693965,-0.0007699258209305911,0.9999920561381653,0.11753926629754369,-0.0022928057218916387,0.23643114524204,-0.011304007666969498,0.0163137819286136,-0.7067533409497472,0.7071815855819644,0.17999999999999997,0.0,0.2,0.0,0.1055007656343569,-0.0736553403500234,0.4683910746153288,0.10092148469645157,0.969702246727738,-0.22191534659907095,-0.015683926856993505,0,nan,nan,nan,nan,nan,nan,nan,nan
19.649506092071533,1789121632.0817542,r18_z20_w0,0,0.0,-1.2709380307605356,1.2485804488902446,0.02235758187029102,0.0,-0.0015339808305725455,-1.2762720584869385,1.2593982219696045,0.023009711876511574,0.0015339808305725455,0.17952565616953808,-0.0002753891311658601,0.19704436409435455,0.0007699258209305912,0.0038343303228693965,-0.0007699258209305911,0.9999920561381653,0.11753926629754369,-0.0022928057218916387,0.23643114524204,-0.011304007666969498,0.0163137819286136,-0.7067533409497472,0.7071815855819644,0.17999999999999997,0.0,0.2,0.0,0.1055007656343569,-0.0736553403500234,0.4683910746153288,0.10092148469645157,0.969702246727738,-0.22191534659907095,-0.015683926856993505,0,nan,nan,nan,nan,nan,nan,nan,nan
19.650026559829712,1789121632.0817542,r18_z20_w0,0,0.0,-1.2709380307605356,1.2485804488902446,0.02235758187029102,0.0,-0.0015339808305725455,-1.2762720584869385,1.2593982219696045,0.023009711876511574,0.0015339808305725455,0.17952565616953808,-0.0002753891311658601,0.19704436409435455,0.0007699258209305912,0.0038343303228693965,-0.0007699258209305911,0.9999920561381653,0.11753926629754369,-0.0022928057218916387,0.23643114524204,-0.011304007666969498,0.0163137819286136,-0.7067533409497472,0.7071815855819644,0.17999999999999997,0.0,0.2,0.0,0.1055007656343569,-0.0736553403500234,0.4683910746153288,0.10092148469645157,0.969702246727738,-0.22191534659907095,-0.015683926856993505,0,nan,nan,nan,nan,nan,nan,nan,nan
19.65942645072937,1789121632.0817542,r18_z20_w0,0,0.0,-1.2709380307605356,1.2485804488902446,0.02235758187029102,0.0,-0.0015339808305725455,-1.2762720584869385,1.2593982219696045,0.023009711876511574,0.0015339808305725455,0.17952565616953808,-0.0002753891311658601,0.19704436409435455,0.0007699258209305912,0.0038343303228693965,-0.0007699258209305911,0.9999920561381653,0.11753926629754369,-0.0022928057218916387,0.23643114524204,-0.011304007666969498,0.0163137819286136,-0.7067533409497472,0.7071815855819644,0.17999999999999997,0.0,0.2,0.0,0.1055007656343569,-0.0736553403500234,0.4683910746153288,0.10092148469645157,0.969702246727738,-0.22191534659907095,-0.015683926856993505,0,nan,nan,nan,nan,nan,nan,nan,nan
19.660486459732056,1789121632.0817542,r18_z20_w0,0,0.0,-1.2709380307605356,1.2485804488902446,0.02235758187029102,0.0,-0.0015339808305725455,-1.2762720584869385,1.2593982219696045,0.023009711876511574,0.0015339808305725455,0.17952565616953808,-0.0002753891311658601,0.19704436409435455,0.0007699258209305912,0.0038343303228693965,-0.0007699258209305911,0.9999920561381653,0.11753926629754369,-0.0022928057218916387,0.23643114524204,-0.011304007666969498,0.0163137819286136,-0.7067533409497472,0.7071815855819644,0.17999999999999997,0.0,0.2,0.0,0.1055007656343569,-0.0736553403500234,0.4683910746153288,0.10092148469645157,0.969702246727738,-0.22191534659907095,-0.015683926856993505,0,nan,nan,nan,nan,nan,nan,nan,nan
19.661118030548096,1789121632.0817542,r18_z20_w0,0,0.0,-1.2709380307605356,1.2485804488902446,0.02235758187029102,0.0,-0.0015339808305725455,-1.2762720584869385,1.2593982219696045,0.023009711876511574,0.0015339808305725455,0.17952565616953808,-0.0002753891311658601,0.19704436409435455,0.0007699258209305912,0.0038343303228693965,-0.0007699258209305911,0.9999920561381653,0.11753926629754369,-0.0022928057218916387,0.23643114524204,-0.011304007666969498,0.0163137819286136,-0.7067533409497472,0.7071815855819644,0.17999999999999997,0.0,0.2,0.0,0.1055007656343569,-0.0736553403500234,0.4683910746153288,0.10092148469645157,0.969702246727738,-0.22191534659907095,-0.015683926856993505,0,nan,nan,nan,nan,nan,nan,nan,nan
19.661651849746704,1789121632.1151106,r18_z20_w0,0,0.0,-1.2709380307605356,1.2485804488902446,0.02235758187029102,0.0,-0.0015339808305725455,-1.2762720584869385,1.2593982219696045,0.023009711876511574,0.0015339808305725455,0.17952545434585085,-0.0002753888215719499,0.1971003332548484,0.0007698565218738801,0.0037436347202189323,-0.0007698565218738801,0.9999923998915957,0.1175527576225408,-0.002295775534589012,0.23645153728990792,-0.011106605376064936,0.01626811723265425,-0.706762381939316,0.7071767297883815,0.17999999999999997,0.0,0.2,0.0,0.10549881372199595,-0.07365253043620551,0.4683666826970698,0.10093571435220032,0.9696630991700631,-0.2220711464558363,-0.015807010720242962,0,nan,nan,nan,nan,nan,nan,nan,nan
19.669346570968628,1789121632.1151106,r18_z20_w0,0,0.0,-1.2709380307605356,1.2485804488902446,0.02235758187029102,0.0,-0.0015339808305725455,-1.2762720584869385,1.2593982219696045,0.023009711876511574,0.0015339808305725455,0.17952545434585085,-0.0002753888215719499,0.1971003332548484,0.0007698565218738801,0.0037436347202189323,-0.0007698565218738801,0.9999923998915957,0.1175527576225408,-0.002295775534589012,0.23645153728990792,-0.011106605376064936,0.01626811723265425,-0.706762381939316,0.7071767297883815,0.17999999999999997,0.0,0.2,0.0,0.10549881372199595,-0.07365253043620551,0.4683666826970698,0.10093571435220032,0.9696630991700631,-0.2220711464558363,-0.015807010720242962,0,nan,nan,nan,nan,nan,nan,nan,nan
19.67970633506775,1789121632.1151106,r18_z20_w0,0,0.0,-1.2709380307605356,1.2485804488902446,0.02235758187029102,0.0,-0.0015339808305725455,-1.2762720584869385,1.2593982219696045,0.023009711876511574,0.0015339808305725455,0.17952545434585085,-0.0002753888215719499,0.1971003332548484,0.0007698565218738801,0.0037436347202189323,-0.0007698565218738801,0.9999923998915957,0.1175527576225408,-0.002295775534589012,0.23645153728990792,-0.011106605376064936,0.01626811723265425,-0.706762381939316,0.7071767297883815,0.17999999999999997,0.0,0.2,0.0,0.10549881372199595,-0.07365253043620551,0.4683666826970698,0.10093571435220032,0.9696630991700631,-0.2220711464558363,-0.015807010720242962,0,nan,nan,nan,nan,nan,nan,nan,nan
19.682575464248657,1789121632.1151106,r18_z20_w0,0,0.0,-1.2709380307605356,1.2485804488902446,0.02235758187029102,0.0,-0.0015339808305725455,-1.2762720584869385,1.2593982219696045,0.023009711876511574,0.0015339808305725455,0.17952545434585085,-0.0002753888215719499,0.1971003332548484,0.0007698565218738801,0.0037436347202189323,-0.0007698565218738801,0.9999923998915957,0.1175527576225408,-0.002295775534589012,0.23645153728990792,-0.011106605376064936,0.01626811723265425,-0.706762381939316,0.7071767297883815,0.17999999999999997,0.0,0.2,0.0,0.10549881372199595,-0.07365253043620551,0.4683666826970698,0.10093571435220032,0.9696630991700631,-0.2220711464558363,-0.015807010720242962,0,nan,nan,nan,nan,nan,nan,nan,nan
19.68351674079895,1789121632.148467,r18_z20_w0,0,0.0,-1.2709380307605356,1.2485804488902446,0.02235758187029102,0.0,-0.0015339808305725455,-1.2762720584869385,1.2593982219696045,0.023009711876511574,0.0015339808305725455,0.17952436951397496,-0.00027538715745934264,0.19736344703176653,0.0007695306580867004,0.003317268965707814,-0.0007695306580867004,0.9999939056673004,0.11751097877380579,-0.0022763914825311704,0.23638755727757005,-0.011146737160383013,0.016466054602127477,-0.7067262295862582,0.7072076468133731,0.17999999999999997,0.0,0.2,0.0,0.10551490253135827,-0.07366287452409695,0.4684431601820805,0.10101043841421802,0.9696938096090477,-0.22189733384647242,-0.015886477554403748,0,nan,nan,nan,nan,nan,nan,nan,nan
19.689399242401123,1789121632.148467,r18_z20_w0,0,0.0,-1.2709380307605356,1.2485804488902446,0.02235758187029102,0.0,-0.0015339808305725455,-1.2762720584869385,1.2593982219696045,0.023009711876511574,0.0015339808305725455,0.17952436951397496,-0.00027538715745934264,0.19736344703176653,0.0007695306580867004,0.003317268965707814,-0.0007695306580867004,0.9999939056673004,0.11751097877380579,-0.0022763914825311704,0.23638755727757005,-0.011146737160383013,0.016466054602127477,-0.7067262295862582,0.7072076468133731,0.17999999999999997,0.0,0.2,0.0,0.10551490253135827,-0.07366287452409695,0.4684431601820805,0.10101043841421802,0.9696938096090477,-0.22189733384647242,-0.015886477554403748,0,nan,nan,nan,nan,nan,nan,nan,nan
19.699470043182373,1789121632.148467,r18_z20_w0,0,0.0,-1.2709380307605356,1.2485804488902446,0.02235758187029102,0.0,-0.0015339808305725455,-1.2762720584869385,1.2593982219696045,0.023009711876511574,0.0015339808305725455,0.17952436951397496,-0.00027538715745934264,0.19736344703176653,0.0007695306580867004,0.003317268965707814,-0.0007695306580867004,0.9999939056673004,0.11751097877380579,-0.0022763914825311704,0.23638755727757005,-0.011146737160383013,0.016466054602127477,-0.7067262295862582,0.7072076468133731,0.17999999999999997,0.0,0.2,0.0,0.10551490253135827,-0.07366287452409695,0.4684431601820805,0.10101043841421802,0.9696938096090477,-0.22189733384647242,-0.015886477554403748,0,nan,nan,nan,nan,nan,nan,nan,nan
19.709416151046753,1789121632.148467,r18_z20_w0,0,0.0,-1.2709380307605356,1.2485804488902446,0.02235758187029102,0.0,-0.0015339808305725455,-1.2762720584869385,1.2593982219696045,0.023009711876511574,0.0015339808305725455,0.17952436951397496,-0.00027538715745934264,0.19736344703176653,0.0007695306580867004,0.003317268965707814,-0.0007695306580867004,0.9999939056673004,0.11751097877380579,-0.0022763914825311704,0.23638755727757005,-0.011146737160383013,0.016466054602127477,-0.7067262295862582,0.7072076468133731,0.17999999999999997,0.0,0.2,0.0,0.10551490253135827,-0.07366287452409695,0.4684431601820805,0.10101043841421802,0.9696938096090477,-0.22189733384647242,-0.015886477554403748,0,nan,nan,nan,nan,nan,nan,nan,nan
19.716176986694336,1789121632.148467,r18_z20_w0,0,0.0,-1.2709380307605356,1.2485804488902446,0.02235758187029102,0.0,-0.0015339808305725455,-1.2762720584869385,1.2593982219696045,0.023009711876511574,0.0015339808305725455,0.17952436951397496,-0.00027538715745934264,0.19736344703176653,0.0007695306580867004,0.003317268965707814,-0.0007695306580867004,0.9999939056673004,0.11751097877380579,-0.0022763914825311704,0.23638755727757005,-0.011146737160383013,0.016466054602127477,-0.7067262295862582,0.7072076468133731,0.17999999999999997,0.0,0.2,0.0,0.10551490253135827,-0.07366287452409695,0.4684431601820805,0.10101043841421802,0.9696938096090477,-0.22189733384647242,-0.015886477554403748,0,nan,nan,nan,nan,nan,nan,nan,nan
19.716938734054565,1789121632.1818235,r18_z20_w0,0,0.0,-1.2709380307605356,1.2485804488902446,0.02235758187029102,0.0,-0.0015339808305725455,-1.2762720584869385,1.2593982219696045,0.023009711876511574,0.0015339808305725455,0.17952362930445884,-0.00027538602199124365,0.19751767786995367,0.0007693395791213238,0.0030673427906969877,-0.0007693395791213236,0.9999947038066894,0.11763113567605138,-0.0023314388102414485,0.23656459020088483,-0.011508968033925693,0.01591834413273558,-0.706719040500258,0.7072215690780794,0.17999999999999997,0.0,0.2,0.0,0.10546984534111797,-0.07363003680500618,0.46822938441358636,0.10086827881369573,0.9696744810343737,-0.22208932418926144,-0.015274921965027558,0,nan,nan,nan,nan,nan,nan,nan,nan
19.77995228767395,1789121632.1818235,r18_z20_w0,0,0.0,-1.2709380307605356,1.2485804488902446,0.02235758187029102,0.0,-0.0015339808305725455,-1.2762720584869385,1.2593982219696045,0.023009711876511574,0.0015339808305725455,0.17952415974709746,-0.00027538683568072126,0.19740882205484342,0.0007694744473077136,0.003243740264511679,-0.0007694744473077135,0.9999941469664941,0.11763113567605138,-0.0023314388102414485,0.23656459020088483,-0.011508968033925693,0.01591834413273558,-0.706719040500258,0.7072215690780794,0.17999999999999997,0.0,0.2,0.0,0.10546984534111797,-0.07363003680500618,0.46822938441358636,0.10086827881369573,0.9696744810343737,-0.22208932418926144,-0.015274921965027558,0,nan,nan,nan,nan,nan,nan,nan,nan
19.780760526657104,1789121632.1818235,r18_z20_w0,0,0.0,-1.2709380307605356,1.2485804488902446,0.02235758187029102,0.0,-0.0015339808305725455,-1.2762720584869385,1.2593982219696045,0.023009711876511574,0.0015339808305725455,0.17952415974709746,-0.00027538683568072126,0.19740882205484342,0.0007694744473077136,0.003243740264511679,-0.0007694744473077135,0.9999941469664941,0.11763113567605138,-0.0023314388102414485,0.23656459020088483,-0.011508968033925693,0.01591834413273558,-0.706719040500258,0.7072215690780794,0.17999999999999997,0.0,0.2,0.0,0.10546984534111797,-0.07363003680500618,0.46822938441358636,0.10086827881369573,0.9696744810343737,-0.22208932418926144,-0.015274921965027558,0,nan,nan,nan,nan,nan,nan,nan,nan
19.78138256072998,1789121632.21518,r18_z20_w0,0,0.0,-1.2709380307605356,1.2485804488902446,0.02235758187029102,0.0,-0.0015339808305725455,-1.2762720584869385,1.2593982219696045,0.023009711876511574,0.0015339808305725455,0.17952528302763962,-0.00027538855877289183,0.197145772005844,0.0007698002565101796,0.0036700031232082065,-0.0007698002565101796,0.9999926729192599,0.11761551769149303,-0.0023264249191189412,0.23654575870052252,-0.011171080483572302,0.016002877776831105,-0.7068190352780964,0.7071251418470641,0.17999999999999997,0.0,0.2,0.0,0.10547328815771806,-0.0736358127794236,0.4682534358394305,0.10080393836227257,0.9696432677161316,-0.22223114896915283,-0.015614602501749796,0,nan,nan,nan,nan,nan,nan,nan,nan
19.782021522521973,1789121632.21518,r18_z20_w0,0,0.0,-1.2709380307605356,1.2485804488902446,0.02235758187029102,0.0,-0.0015339808305725455,-1.2762720584869385,1.2593982219696045,0.023009711876511574,0.0015339808305725455,0.17952528302763962,-0.00027538855877289183,0.197145772005844,0.0007698002565101796,0.0036700031232082065,-0.0007698002565101796,0.9999926729192599,0.11761551769149303,-0.0023264249191189412,0.23654575870052252,-0.011171080483572302,0.016002877776831105,-0.7068190352780964,0.7071251418470641,0.17999999999999997,0.0,0.2,0.0,0.10547328815771806,-0.0736358127794236,0.4682534358394305,0.10080393836227257,0.9696432677161316,-0.22223114896915283,-0.015614602501749796,0,nan,nan,nan,nan,nan,nan,nan,nan
19.782533645629883,1789121632.21518,r18_z20_w0,0,0.0,-1.2709380307605356,1.2485804488902446,0.02235758187029102,0.0,-0.0015339808305725455,-1.2762720584869385,1.2593982219696045,0.023009711876511574,0.0015339808305725455,0.17952528302763962,-0.00027538855877289183,0.197145772005844,0.0007698002565101796,0.0036700031232082065,-0.0007698002565101796,0.9999926729192599,0.11761551769149303,-0.0023264249191189412,0.23654575870052252,-0.011171080483572302,0.016002877776831105,-0.7068190352780964,0.7071251418470641,0.17999999999999997,0.0,0.2,0.0,0.10547328815771806,-0.0736358127794236,0.4682534358394305,0.10080393836227257,0.9696432677161316,-0.22223114896915283,-0.015614602501749796,0,nan,nan,nan,nan,nan,nan,nan,nan
19.78347110748291,1789121632.21518,r18_z20_w0,0,0.0,-1.2709380307605356,1.2485804488902446,0.02235758187029102,0.0,-0.0015339808305725455,-1.2762720584869385,1.2593982219696045,0.023009711876511574,0.0015339808305725455,0.17952528302763962,-0.00027538855877289183,0.197145772005844,0.0007698002565101796,0.0036700031232082065,-0.0007698002565101796,0.9999926729192599,0.11761551769149303,-0.0023264249191189412,0.23654575870052252,-0.011171080483572302,0.016002877776831105,-0.7068190352780964,0.7071251418470641,0.17999999999999997,0.0,0.2,0.0,0.10547328815771806,-0.0736358127794236,0.4682534358394305,0.10080393836227257,0.9696432677161316,-0.22223114896915283,-0.015614602501749796,0,nan,nan,nan,nan,nan,nan,nan,nan
19.78387999534607,1789121632.21518,r18_z20_w0,0,0.0,-1.2709380307605356,1.2485804488902446,0.02235758187029102,0.0,-0.0015339808305725455,-1.2762720584869385,1.2593982219696045,0.023009711876511574,0.0015339808305725455,0.17952528302763962,-0.00027538855877289183,0.197145772005844,0.0007698002565101796,0.0036700031232082065,-0.0007698002565101796,0.9999926729192599,0.11761551769149303,-0.0023264249191189412,0.23654575870052252,-0.011171080483572302,0.016002877776831105,-0.7068190352780964,0.7071251418470641,0.17999999999999997,0.0,0.2,0.0,0.10547328815771806,-0.0736358127794236,0.4682534358394305,0.10080393836227257,0.9696432677161316,-0.22223114896915283,-0.015614602501749796,0,nan,nan,nan,nan,nan,nan,nan,nan
19.78438448905945,1789121632.248536,r18_z20_w0,0,0.0,-1.2709380307605356,1.2485804488902446,0.02235758187029102,0.0,-0.0015339808305725455,-1.2762720584869385,1.260932207107544,0.023009711876511574,0.0015339808305725455,0.17952565616953808,-0.0002753891311658601,0.19704436409435455,0.0007699258209305912,0.0038343303228693965,-0.0007699258209305911,0.9999920561381653,0.11763211439374166,-0.0023366998837892894,0.2365664032593064,-0.010945045376686549,0.016204045389107132,-0.7068324120548339,0.7071107241185609,0.17999999999999997,0.0,0.2,0.0,0.10546473488498354,-0.07362898327372726,0.4682272170940494,0.10085749251083392,0.9696359576741324,-0.2222176024473137,-0.015912666412729714,0,nan,nan,nan,nan,nan,nan,nan,nan
19.784932136535645,1789121632.248536,r18_z20_w0,0,0.0,-1.2709380307605356,1.2485804488902446,0.02235758187029102,0.0,-0.0015339808305725455,-1.2762720584869385,1.260932207107544,0.023009711876511574,0.0015339808305725455,0.17952565616953808,-0.0002753891311658601,0.19704436409435455,0.0007699258209305912,0.0038343303228693965,-0.0007699258209305911,0.9999920561381653,0.11763211439374166,-0.0023366998837892894,0.2365664032593064,-0.010945045376686549,0.016204045389107132,-0.7068324120548339,0.7071107241185609,0.17999999999999997,0.0,0.2,0.0,0.10546473488498354,-0.07362898327372726,0.4682272170940494,0.10085749251083392,0.9696359576741324,-0.2222176024473137,-0.015912666412729714,0,nan,nan,nan,nan,nan,nan,nan,nan
19.78537917137146,1789121632.248536,r18_z20_w0,0,0.0,-1.2709380307605356,1.2485804488902446,0.02235758187029102,0.0,-0.0015339808305725455,-1.2762720584869385,1.260932207107544,0.023009711876511574,0.0015339808305725455,0.17952565616953808,-0.0002753891311658601,0.19704436409435455,0.0007699258209305912,0.0038343303228693965,-0.0007699258209305911,0.9999920561381653,0.11763211439374166,-0.0023366998837892894,0.2365664032593064,-0.010945045376686549,0.016204045389107132,-0.7068324120548339,0.7071107241185609,0.17999999999999997,0.0,0.2,0.0,0.10546473488498354,-0.07362898327372726,0.4682272170940494,0.10085749251083392,0.9696359576741324,-0.2222176024473137,-0.015912666412729714,0,nan,nan,nan,nan,nan,nan,nan,nan
19.785877227783203,1789121632.248536,r18_z20_w0,0,0.0,-1.2709380307605356,1.2485804488902446,0.02235758187029102,0.0,-0.0015339808305725455,-1.2762720584869385,1.260932207107544,0.023009711876511574,0.0015339808305725455,0.17952565616953808,-0.0002753891311658601,0.19704436409435455,0.0007699258209305912,0.0038343303228693965,-0.0007699258209305911,0.9999920561381653,0.11763211439374166,-0.0023366998837892894,0.2365664032593064,-0.010945045376686549,0.016204045389107132,-0.7068324120548339,0.7071107241185609,0.17999999999999997,0.0,0.2,0.0,0.10546473488498354,-0.07362898327372726,0.4682272170940494,0.10085749251083392,0.9696359576741324,-0.2222176024473137,-0.015912666412729714,0,nan,nan,nan,nan,nan,nan,nan,nan
19.7894184589386,1789121632.248536,r18_z20_w0,0,0.0,-1.2709380307605356,1.2485804488902446,0.02235758187029102,0.0,-0.0015339808305725455,-1.2762720584869385,1.260932207107544,0.023009711876511574,0.0015339808305725455,0.17952565616953808,-0.0002753891311658601,0.19704436409435455,0.0007699258209305912,0.0038343303228693965,-0.0007699258209305911,0.9999920561381653,0.11763211439374166,-0.0023366998837892894,0.2365664032593064,-0.010945045376686549,0.016204045389107132,-0.7068324120548339,0.7071107241185609,0.17999999999999997,0.0,0.2,0.0,0.10546473488498354,-0.07362898327372726,0.4682272170940494,0.10085749251083392,0.9696359576741324,-0.2222176024473137,-0.015912666412729714,0,nan,nan,nan,nan,nan,nan,nan,nan
19.799429178237915,1789121632.248536,r18_z20_w0,0,0.0,-1.2709380307605356,1.2485804488902446,0.02235758187029102,0.0,-0.0015339808305725455,-1.2762720584869385,1.260932207107544,0.023009711876511574,0.0015339808305725455,0.17952565616953808,-0.0002753891311658601,0.19704436409435455,0.0007699258209305912,0.0038343303228693965,-0.0007699258209305911,0.9999920561381653,0.11763211439374166,-0.0023366998837892894,0.2365664032593064,-0.010945045376686549,0.016204045389107132,-0.7068324120548339,0.7071107241185609,0.17999999999999997,0.0,0.2,0.0,0.10546473488498354,-0.07362898327372726,0.4682272170940494,0.10085749251083392,0.9696359576741324,-0.2222176024473137,-0.015912666412729714,0,nan,nan,nan,nan,nan,nan,nan,nan
19.809325456619263,1789121632.248536,r18_z20_w0,0,0.0,-1.2709380307605356,1.2485804488902446,0.02235758187029102,0.0,-0.0015339808305725455,-1.2762720584869385,1.260932207107544,0.023009711876511574,0.0015339808305725455,0.17952565616953808,-0.0002753891311658601,0.19704436409435455,0.0007699258209305912,0.0038343303228693965,-0.0007699258209305911,0.9999920561381653,0.11763211439374166,-0.0023366998837892894,0.2365664032593064,-0.010945045376686549,0.016204045389107132,-0.7068324120548339,0.7071107241185609,0.17999999999999997,0.0,0.2,0.0,0.10546473488498354,-0.07362898327372726,0.4682272170940494,0.10085749251083392,0.9696359576741324,-0.2222176024473137,-0.015912666412729714,0,nan,nan,nan,nan,nan,nan,nan,nan
19.816190719604492,1789121632.248536,r18_z20_w0,0,0.0,-1.2709380307605356,1.2485804488902446,0.02235758187029102,0.0,-0.0015339808305725455,-1.2762720584869385,1.260932207107544,0.023009711876511574,0.0015339808305725455,0.17952565616953808,-0.0002753891311658601,0.19704436409435455,0.0007699258209305912,0.0038343303228693965,-0.0007699258209305911,0.9999920561381653,0.11763211439374166,-0.0023366998837892894,0.2365664032593064,-0.010945045376686549,0.016204045389107132,-0.7068324120548339,0.7071107241185609,0.17999999999999997,0.0,0.2,0.0,0.10546473488498354,-0.07362898327372726,0.4682272170940494,0.10085749251083392,0.9696359576741324,-0.2222176024473137,-0.015912666412729714,0,nan,nan,nan,nan,nan,nan,nan,nan
19.816939115524292,1789121632.2818925,r18_z20_w0,0,0.0,-1.2709380307605356,1.2485804488902446,0.02235758187029102,0.0,-0.0015339808305725455,-1.2762720584869385,1.2593982219696045,0.02147573232650757,0.0015339808305725455,0.17952565616953808,-0.0002753891311658601,0.19704436409435455,0.0007699258209305912,0.0038343303228693965,-0.0007699258209305911,0.9999920561381653,0.117536978436793,-0.002289182361942338,0.23642899850521049,-0.011148272533543363,0.016369683033186498,-0.7066969243691976,0.7072391438431753,0.17999999999999997,0.0,0.2,0.0,0.1055040542101664,-0.07365704450023612,0.4683941164345788,0.10103443925595079,0.9696758438337957,-0.22196994116653446,-0.015815978881413787,0,nan,nan,nan,nan,nan,nan,nan,nan
19.81929898262024,1789121632.2818925,r18_z20_w0,0,0.0,-1.2709380307605356,1.2485804488902446,0.02235758187029102,0.0,-0.0015339808305725455,-1.2762720584869385,1.2593982219696045,0.02147573232650757,0.0015339808305725455,0.17952565616953808,-0.0002753891311658601,0.19704436409435455,0.0007699258209305912,0.0038343303228693965,-0.0007699258209305911,0.9999920561381653,0.117536978436793,-0.002289182361942338,0.23642899850521049,-0.011148272533543363,0.016369683033186498,-0.7066969243691976,0.7072391438431753,0.17999999999999997,0.0,0.2,0.0,0.1055040542101664,-0.07365704450023612,0.4683941164345788,0.10103443925595079,0.9696758438337957,-0.22196994116653446,-0.015815978881413787,0,nan,nan,nan,nan,nan,nan,nan,nan
19.829338312149048,1789121632.2818925,r18_z20_w0,0,0.0,-1.2709380307605356,1.2485804488902446,0.02235758187029102,0.0,-0.0015339808305725455,-1.2762720584869385,1.2593982219696045,0.02147573232650757,0.0015339808305725455,0.17952565616953808,-0.0002753891311658601,0.19704436409435455,0.0007699258209305912,0.0038343303228693965,-0.0007699258209305911,0.9999920561381653,0.117536978436793,-0.002289182361942338,0.23642899850521049,-0.011148272533543363,0.016369683033186498,-0.7066969243691976,0.7072391438431753,0.17999999999999997,0.0,0.2,0.0,0.1055040542101664,-0.07365704450023612,0.4683941164345788,0.10103443925595079,0.9696758438337957,-0.22196994116653446,-0.015815978881413787,0,nan,nan,nan,nan,nan,nan,nan,nan
19.839336395263672,1789121632.2818925,r18_z20_w0,0,0.0,-1.2709380307605356,1.2485804488902446,0.02235758187029102,0.0,-0.0015339808305725455,-1.2762720584869385,1.2593982219696045,0.02147573232650757,0.0015339808305725455,0.17952565616953808,-0.0002753891311658601,0.19704436409435455,0.0007699258209305912,0.0038343303228693965,-0.0007699258209305911,0.9999920561381653,0.117536978436793,-0.002289182361942338,0.23642899850521049,-0.011148272533543363,0.016369683033186498,-0.7066969243691976,0.7072391438431753,0.17999999999999997,0.0,0.2,0.0,0.1055040542101664,-0.07365704450023612,0.4683941164345788,0.10103443925595079,0.9696758438337957,-0.22196994116653446,-0.015815978881413787,0,nan,nan,nan,nan,nan,nan,nan,nan
19.840140104293823,1789121632.2818925,r18_z20_w0,0,0.0,-1.2709380307605356,1.2485804488902446,0.02235758187029102,0.0,-0.0015339808305725455,-1.2762720584869385,1.2593982219696045,0.02147573232650757,0.0015339808305725455,0.17952565616953808,-0.0002753891311658601,0.19704436409435455,0.0007699258209305912,0.0038343303228693965,-0.0007699258209305911,0.9999920561381653,0.117536978436793,-0.002289182361942338,0.23642899850521049,-0.011148272533543363,0.016369683033186498,-0.7066969243691976,0.7072391438431753,0.17999999999999997,0.0,0.2,0.0,0.1055040542101664,-0.07365704450023612,0.4683941164345788,0.10103443925595079,0.9696758438337957,-0.22196994116653446,-0.015815978881413787,0,nan,nan,nan,nan,nan,nan,nan,nan
19.849207878112793,1789121632.2818925,r18_z20_w0,0,0.0,-1.2709380307605356,1.2485804488902446,0.02235758187029102,0.0,-0.0015339808305725455,-1.2762720584869385,1.2593982219696045,0.02147573232650757,0.0015339808305725455,0.17952565616953808,-0.0002753891311658601,0.19704436409435455,0.0007699258209305912,0.0038343303228693965,-0.0007699258209305911,0.9999920561381653,0.117536978436793,-0.002289182361942338,0.23642899850521049,-0.011148272533543363,0.016369683033186498,-0.7066969243691976,0.7072391438431753,0.17999999999999997,0.0,0.2,0.0,0.1055040542101664,-0.07365704450023612,0.4683941164345788,0.10103443925595079,0.9696758438337957,-0.22196994116653446,-0.015815978881413787,0,nan,nan,nan,nan,nan,nan,nan,nan
19.850035190582275,1789121632.315249,r18_z20_w0,0,0.0,-1.2709380307605356,1.2485804488902446,0.02235758187029102,0.0,-0.0015339808305725455,-1.2762720584869385,1.2593982219696045,0.023009711876511574,0.0015339808305725455,0.1795248256968283,-0.0002753878572356438,0.19725931178836964,0.0007696596454146927,0.0034860163788924584,-0.0007696596454146927,0.9999933314466984,0.11759843226601097,-0.0023192356828716787,0.23651625502103574,-0.011157011309756874,0.01601605289479208,-0.7066492908303369,0.7072946959487871,0.17999999999999997,0.0,0.2,0.0,0.10547939707195406,-0.07363835105650288,0.46828764552082786,0.10104014815638895,0.9696188343629417,-0.22223323658375535,-0.015575399407201889,0,nan,nan,nan,nan,nan,nan,nan,nan
19.850695610046387,1789121632.315249,r18_z20_w0,0,0.0,-1.2709380307605356,1.2485804488902446,0.02235758187029102,0.0,-0.0015339808305725455,-1.2762720584869385,1.2593982219696045,0.023009711876511574,0.0015339808305725455,0.1795248256968283,-0.0002753878572356438,0.19725931178836964,0.0007696596454146927,0.0034860163788924584,-0.0007696596454146927,0.9999933314466984,0.11759843226601097,-0.0023192356828716787,0.23651625502103574,-0.011157011309756874,0.01601605289479208,-0.7066492908303369,0.7072946959487871,0.17999999999999997,0.0,0.2,0.0,0.10547939707195406,-0.07363835105650288,0.46828764552082786,0.10104014815638895,0.9696188343629417,-0.22223323658375535,-0.015575399407201889,0,nan,nan,nan,nan,nan,nan,nan,nan
19.859312295913696,1789121632.315249,r18_z20_w0,0,0.0,-1.2709380307605356,1.2485804488902446,0.02235758187029102,0.0,-0.0015339808305725455,-1.2762720584869385,1.2593982219696045,0.023009711876511574,0.0015339808305725455,0.1795248256968283,-0.0002753878572356438,0.19725931178836964,0.0007696596454146927,0.0034860163788924584,-0.0007696596454146927,0.9999933314466984,0.11759843226601097,-0.0023192356828716787,0.23651625502103574,-0.011157011309756874,0.01601605289479208,-0.7066492908303369,0.7072946959487871,0.17999999999999997,0.0,0.2,0.0,0.10547939707195406,-0.07363835105650288,0.46828764552082786,0.10104014815638895,0.9696188343629417,-0.22223323658375535,-0.015575399407201889,0,nan,nan,nan,nan,nan,nan,nan,nan
19.86931610107422,1789121632.315249,r18_z20_w0,0,0.0,-1.2709380307605356,1.2485804488902446,0.02235758187029102,0.0,-0.0015339808305725455,-1.2762720584869385,1.2593982219696045,0.023009711876511574,0.0015339808305725455,0.1795248256968283,-0.0002753878572356438,0.19725931178836964,0.0007696596454146927,0.0034860163788924584,-0.0007696596454146927,0.9999933314466984,0.11759843226601097,-0.0023192356828716787,0.23651625502103574,-0.011157011309756874,0.01601605289479208,-0.7066492908303369,0.7072946959487871,0.17999999999999997,0.0,0.2,0.0,0.10547939707195406,-0.07363835105650288,0.46828764552082786,0.10104014815638895,0.9696188343629417,-0.22223323658375535,-0.015575399407201889,0,nan,nan,nan,nan,nan,nan,nan,nan
19.879661083221436,1789121632.315249,r18_z20_w0,0,0.0,-1.2709380307605356,1.2485804488902446,0.02235758187029102,0.0,-0.0015339808305725455,-1.2762720584869385,1.2593982219696045,0.023009711876511574,0.0015339808305725455,0.1795248256968283,-0.0002753878572356438,0.19725931178836964,0.0007696596454146927,0.0034860163788924584,-0.0007696596454146927,0.9999933314466984,0.11759843226601097,-0.0023192356828716787,0.23651625502103574,-0.011157011309756874,0.01601605289479208,-0.7066492908303369,0.7072946959487871,0.17999999999999997,0.0,0.2,0.0,0.10547939707195406,-0.07363835105650288,0.46828764552082786,0.10104014815638895,0.9696188343629417,-0.22223323658375535,-0.015575399407201889,0,nan,nan,nan,nan,nan,nan,nan,nan
19.882982969284058,1789121632.315249,r18_z20_w0,0,0.0,-1.2709380307605356,1.2485804488902446,0.02235758187029102,0.0,-0.0015339808305725455,-1.2762720584869385,1.2593982219696045,0.023009711876511574,0.0015339808305725455,0.1795248256968283,-0.0002753878572356438,0.19725931178836964,0.0007696596454146927,0.0034860163788924584,-0.0007696596454146927,0.9999933314466984,0.11759843226601097,-0.0023192356828716787,0.23651625502103574,-0.011157011309756874,0.01601605289479208,-0.7066492908303369,0.7072946959487871,0.17999999999999997,0.0,0.2,0.0,0.10547939707195406,-0.07363835105650288,0.46828764552082786,0.10104014815638895,0.9696188343629417,-0.22223323658375535,-0.015575399407201889,0,nan,nan,nan,nan,nan,nan,nan,nan
19.883656978607178,1789121632.3486054,r18_z20_w0,0,0.0,-1.2709380307605356,1.2485804488902446,0.02235758187029102,0.0,-0.0015339808305725455,-1.2762720584869385,1.2593982219696045,0.023009711876511574,0.0015339808305725455,0.17952362930445884,-0.00027538602199124365,0.19751767786995367,0.0007693395791213238,0.0030673427906969877,-0.0007693395791213236,0.9999947038066894,0.11754208736895744,-0.002292817816736986,0.2364317783464921,-0.011319831963798745,0.016206845322342022,-0.7066210445055923,0.7073159824511497,0.17999999999999997,0.0,0.2,0.0,0.1055012284794899,-0.07365319384195415,0.46838919374081267,0.10108180825088402,0.9696706164607088,-0.22198922507695315,-0.015561091323366244,0,nan,nan,nan,nan,nan,nan,nan,nan
19.94579768180847,1789121632.3486054,r18_z20_w0,0,0.0,-1.2709380307605356,1.2485804488902446,0.02235758187029102,0.0,-0.0015339808305725455,-1.2762720584869385,1.2593982219696045,0.023009711876511574,0.0015339808305725455,0.17952365773683135,-0.0002753860656059923,0.1975120366974857,0.0007693465689119286,0.003076484145726113,-0.0007693465689119287,0.9999946757143334,0.11754208736895744,-0.002292817816736986,0.2364317783464921,-0.011319831963798745,0.016206845322342022,-0.7066210445055923,0.7073159824511497,0.17999999999999997,0.0,0.2,0.0,0.1055012284794899,-0.07365319384195415,0.46838919374081267,0.10108180825088402,0.9696706164607088,-0.22198922507695315,-0.015561091323366244,0,nan,nan,nan,nan,nan,nan,nan,nan
19.946502208709717,1789121632.3486054,r18_z20_w0,0,0.0,-1.2709380307605356,1.2485804488902446,0.02235758187029102,0.0,-0.0015339808305725455,-1.2762720584869385,1.2593982219696045,0.023009711876511574,0.0015339808305725455,0.17952365773683135,-0.0002753860656059923,0.1975120366974857,0.0007693465689119286,0.003076484145726113,-0.0007693465689119287,0.9999946757143334,0.11754208736895744,-0.002292817816736986,0.2364317783464921,-0.011319831963798745,0.016206845322342022,-0.7066210445055923,0.7073159824511497,0.17999999999999997,0.0,0.2,0.0,0.1055012284794899,-0.07365319384195415,0.46838919374081267,0.10108180825088402,0.9696706164607088,-0.22198922507695315,-0.015561091323366244,0,nan,nan,nan,nan,nan,nan,nan,nan
19.947062253952026,1789121632.3819618,r18_z20_w0,0,0.0,-1.2709380307605356,1.2485804488902446,0.02235758187029102,0.0,0.0,-1.2762720584869385,1.2593982219696045,0.023009711876511574,0.0015339808305725455,0.17952508459081454,-0.00027538825437436733,0.19719631816588393,0.0007697376618627671,0.003588095110887145,-0.0007697376618627671,0.9999929702659609,0.11762654496815123,-0.0023329098386972447,0.23656269273589953,-0.011196223573384744,0.015973295014263218,-0.70672088789094,0.7072235043059045,0.17999999999999997,0.0,0.2,0.0,0.10546769711988684,-0.07363283185497836,0.46823318069312136,0.1009287031263308,0.9696293821400186,-0.2222400516553119,-0.015544054048004107,0,nan,nan,nan,nan,nan,nan,nan,nan
19.947666883468628,1789121632.3819618,r18_z20_w0,0,0.0,-1.2709380307605356,1.2485804488902446,0.02235758187029102,0.0,0.0,-1.2762720584869385,1.2593982219696045,0.023009711876511574,0.0015339808305725455,0.17952508459081454,-0.00027538825437436733,0.19719631816588393,0.0007697376618627671,0.003588095110887145,-0.0007697376618627671,0.9999929702659609,0.11762654496815123,-0.0023329098386972447,0.23656269273589953,-0.011196223573384744,0.015973295014263218,-0.70672088789094,0.7072235043059045,0.17999999999999997,0.0,0.2,0.0,0.10546769711988684,-0.07363283185497836,0.46823318069312136,0.1009287031263308,0.9696293821400186,-0.2222400516553119,-0.015544054048004107,0,nan,nan,nan,nan,nan,nan,nan,nan
19.948094367980957,1789121632.3819618,r18_z20_w0,0,0.0,-1.2709380307605356,1.2485804488902446,0.02235758187029102,0.0,0.0,-1.2762720584869385,1.2593982219696045,0.023009711876511574,0.0015339808305725455,0.17952508459081454,-0.00027538825437436733,0.19719631816588393,0.0007697376618627671,0.003588095110887145,-0.0007697376618627671,0.9999929702659609,0.11762654496815123,-0.0023329098386972447,0.23656269273589953,-0.011196223573384744,0.015973295014263218,-0.70672088789094,0.7072235043059045,0.17999999999999997,0.0,0.2,0.0,0.10546769711988684,-0.07363283185497836,0.46823318069312136,0.1009287031263308,0.9696293821400186,-0.2222400516553119,-0.015544054048004107,0,nan,nan,nan,nan,nan,nan,nan,nan
19.948626279830933,1789121632.3819618,r18_z20_w0,0,0.0,-1.2709380307605356,1.2485804488902446,0.02235758187029102,0.0,0.0,-1.2762720584869385,1.2593982219696045,0.023009711876511574,0.0015339808305725455,0.17952508459081454,-0.00027538825437436733,0.19719631816588393,0.0007697376618627671,0.003588095110887145,-0.0007697376618627671,0.9999929702659609,0.11762654496815123,-0.0023329098386972447,0.23656269273589953,-0.011196223573384744,0.015973295014263218,-0.70672088789094,0.7072235043059045,0.17999999999999997,0.0,0.2,0.0,0.10546769711988684,-0.07363283185497836,0.46823318069312136,0.1009287031263308,0.9696293821400186,-0.2222400516553119,-0.015544054048004107,0,nan,nan,nan,nan,nan,nan,nan,nan
19.94915223121643,1789121632.3819618,r18_z20_w0,0,0.0,-1.2709380307605356,1.2485804488902446,0.02235758187029102,0.0,0.0,-1.2762720584869385,1.2593982219696045,0.023009711876511574,0.0015339808305725455,0.17952508459081454,-0.00027538825437436733,0.19719631816588393,0.0007697376618627671,0.003588095110887145,-0.0007697376618627671,0.9999929702659609,0.11762654496815123,-0.0023329098386972447,0.23656269273589953,-0.011196223573384744,0.015973295014263218,-0.70672088789094,0.7072235043059045,0.17999999999999997,0.0,0.2,0.0,0.10546769711988684,-0.07363283185497836,0.46823318069312136,0.1009287031263308,0.9696293821400186,-0.2222400516553119,-0.015544054048004107,0,nan,nan,nan,nan,nan,nan,nan,nan
19.949965476989746,1789121632.3819618,r18_z20_w0,0,0.0,-1.2709380307605356,1.2485804488902446,0.02235758187029102,0.0,0.0,-1.2762720584869385,1.2593982219696045,0.023009711876511574,0.0015339808305725455,0.17952508459081454,-0.00027538825437436733,0.19719631816588393,0.0007697376618627671,0.003588095110887145,-0.0007697376618627671,0.9999929702659609,0.11762654496815123,-0.0023329098386972447,0.23656269273589953,-0.011196223573384744,0.015973295014263218,-0.70672088789094,0.7072235043059045,0.17999999999999997,0.0,0.2,0.0,0.10546769711988684,-0.07363283185497836,0.46823318069312136,0.1009287031263308,0.9696293821400186,-0.2222400516553119,-0.015544054048004107,0,nan,nan,nan,nan,nan,nan,nan,nan
19.95039463043213,1789121632.3819618,r18_z20_w0,0,0.0,-1.2709380307605356,1.2485804488902446,0.02235758187029102,0.0,0.0,-1.2762720584869385,1.2593982219696045,0.023009711876511574,0.0015339808305725455,0.17952508459081454,-0.00027538825437436733,0.19719631816588393,0.0007697376618627671,0.003588095110887145,-0.0007697376618627671,0.9999929702659609,0.11762654496815123,-0.0023329098386972447,0.23656269273589953,-0.011196223573384744,0.015973295014263218,-0.70672088789094,0.7072235043059045,0.17999999999999997,0.0,0.2,0.0,0.10546769711988684,-0.07363283185497836,0.46823318069312136,0.1009287031263308,0.9696293821400186,-0.2222400516553119,-0.015544054048004107,0,nan,nan,nan,nan,nan,nan,nan,nan
19.950905084609985,1789121632.3819618,r18_z20_w0,0,0.0,-1.2709380307605356,1.2485804488902446,0.02235758187029102,0.0,0.0,-1.2762720584869385,1.2593982219696045,0.023009711876511574,0.0015339808305725455,0.17952508459081454,-0.00027538825437436733,0.19719631816588393,0.0007697376618627671,0.003588095110887145,-0.0007697376618627671,0.9999929702659609,0.11762654496815123,-0.0023329098386972447,0.23656269273589953,-0.011196223573384744,0.015973295014263218,-0.70672088789094,0.7072235043059045,0.17999999999999997,0.0,0.2,0.0,0.10546769711988684,-0.07363283185497836,0.46823318069312136,0.1009287031263308,0.9696293821400186,-0.2222400516553119,-0.015544054048004107,0,nan,nan,nan,nan,nan,nan,nan,nan
19.951324224472046,1789121632.3819618,r18_z20_w0,0,0.0,-1.2709380307605356,1.2485804488902446,0.02235758187029102,0.0,0.0,-1.2762720584869385,1.2593982219696045,0.023009711876511574,0.0015339808305725455,0.17952508459081454,-0.00027538825437436733,0.19719631816588393,0.0007697376618627671,0.003588095110887145,-0.0007697376618627671,0.9999929702659609,0.11762654496815123,-0.0023329098386972447,0.23656269273589953,-0.011196223573384744,0.015973295014263218,-0.70672088789094,0.7072235043059045,0.17999999999999997,0.0,0.2,0.0,0.10546769711988684,-0.07363283185497836,0.46823318069312136,0.1009287031263308,0.9696293821400186,-0.2222400516553119,-0.015544054048004107,0,nan,nan,nan,nan,nan,nan,nan,nan
19.95180630683899,1789121632.415318,r18_z20_w0,0,0.0,-1.2709380307605356,1.2485804488902446,0.02235758187029102,0.0,-0.0015339808305725455,-1.2762720584869385,1.2593982219696045,0.023009711876511574,0.0015339808305725455,0.17952563762161713,-0.0002753891027136826,0.19725104557165893,0.0007695876905353105,0.003391878028392308,-0.0007695876905353105,0.9999936552963792,0.11752557424904808,-0.00228533829180258,0.23641418355820476,-0.011041355886446592,0.01649747623456915,-0.7068863502421022,0.7070485199613099,0.17999999999999997,0.0,0.2,0.0,0.10550682782043862,-0.07366080603862532,0.4684126224590883,0.10081518930773511,0.9697029589325644,-0.22193513304280765,-0.01603950633735126,0,nan,nan,nan,nan,nan,nan,nan,nan
19.959317922592163,1789121632.415318,r18_z20_w0,0,0.0,-1.2709380307605356,1.2485804488902446,0.02235758187029102,0.0,-0.0015339808305725455,-1.2762720584869385,1.2593982219696045,0.023009711876511574,0.0015339808305725455,0.17952563762161713,-0.0002753891027136826,0.19725104557165893,0.0007695876905353105,0.003391878028392308,-0.0007695876905353105,0.9999936552963792,0.11752557424904808,-0.00228533829180258,0.23641418355820476,-0.011041355886446592,0.01649747623456915,-0.7068863502421022,0.7070485199613099,0.17999999999999997,0.0,0.2,0.0,0.10550682782043862,-0.07366080603862532,0.4684126224590883,0.10081518930773511,0.9697029589325644,-0.22193513304280765,-0.01603950633735126,0,nan,nan,nan,nan,nan,nan,nan,nan
19.969325304031372,1789121632.415318,r18_z20_w0,0,0.0,-1.2709380307605356,1.2485804488902446,0.02235758187029102,0.0,-0.0015339808305725455,-1.2762720584869385,1.2593982219696045,0.023009711876511574,0.0015339808305725455,0.17952563762161713,-0.0002753891027136826,0.19725104557165893,0.0007695876905353105,0.003391878028392308,-0.0007695876905353105,0.9999936552963792,0.11752557424904808,-0.00228533829180258,0.23641418355820476,-0.011041355886446592,0.01649747623456915,-0.7068863502421022,0.7070485199613099,0.17999999999999997,0.0,0.2,0.0,0.10550682782043862,-0.07366080603862532,0.4684126224590883,0.10081518930773511,0.9697029589325644,-0.22193513304280765,-0.01603950633735126,0,nan,nan,nan,nan,nan,nan,nan,nan
19.97958493232727,1789121632.415318,r18_z20_w0,0,0.0,-1.2709380307605356,1.2485804488902446,0.02235758187029102,0.0,-0.0015339808305725455,-1.2762720584869385,1.2593982219696045,0.023009711876511574,0.0015339808305725455,0.17952563762161713,-0.0002753891027136826,0.19725104557165893,0.0007695876905353105,0.003391878028392308,-0.0007695876905353105,0.9999936552963792,0.11752557424904808,-0.00228533829180258,0.23641418355820476,-0.011041355886446592,0.01649747623456915,-0.7068863502421022,0.7070485199613099,0.17999999999999997,0.0,0.2,0.0,0.10550682782043862,-0.07366080603862532,0.4684126224590883,0.10081518930773511,0.9697029589325644,-0.22193513304280765,-0.01603950633735126,0,nan,nan,nan,nan,nan,nan,nan,nan
19.98368000984192,1789121632.415318,r18_z20_w0,0,0.0,-1.2709380307605356,1.2485804488902446,0.02235758187029102,0.0,-0.0015339808305725455,-1.2762720584869385,1.2593982219696045,0.023009711876511574,0.0015339808305725455,0.17952563762161713,-0.0002753891027136826,0.19725104557165893,0.0007695876905353105,0.003391878028392308,-0.0007695876905353105,0.9999936552963792,0.11752557424904808,-0.00228533829180258,0.23641418355820476,-0.011041355886446592,0.01649747623456915,-0.7068863502421022,0.7070485199613099,0.17999999999999997,0.0,0.2,0.0,0.10550682782043862,-0.07366080603862532,0.4684126224590883,0.10081518930773511,0.9697029589325644,-0.22193513304280765,-0.01603950633735126,0,nan,nan,nan,nan,nan,nan,nan,nan
19.984434604644775,1789121632.4486747,r18_z20_w0,0,0.0,-1.2709380307605356,1.2485804488902446,0.02235758187029102,0.0,0.0,-1.2762720584869385,1.260932207107544,0.023009711876511574,0.0015339808305725455,0.17952516853156422,-0.0002753883831379692,0.19764951115642085,0.0007689353782179777,0.002538865168533692,-0.0007689353782179778,0.9999961858129381,0.1176332883368108,-0.0023367431214832146,0.2365679190080739,-0.011224665288968268,0.015968710307796227,-0.7066954224302299,0.7072486034602086,0.17999999999999997,0.0,0.2,0.0,0.10546479541755478,-0.0736286619043458,0.4682253275005263,0.10095779901306734,0.9696299758163679,-0.2222265404396608,-0.01551120694874543,0,nan,nan,nan,nan,nan,nan,nan,nan
19.989379405975342,1789121632.4486747,r18_z20_w0,0,0.0,-1.2709380307605356,1.2485804488902446,0.02235758187029102,0.0,0.0,-1.2762720584869385,1.260932207107544,0.023009711876511574,0.0015339808305725455,0.17952516853156422,-0.0002753883831379692,0.19764951115642085,0.0007689353782179777,0.002538865168533692,-0.0007689353782179778,0.9999961858129381,0.1176332883368108,-0.0023367431214832146,0.2365679190080739,-0.011224665288968268,0.015968710307796227,-0.7066954224302299,0.7072486034602086,0.17999999999999997,0.0,0.2,0.0,0.10546479541755478,-0.0736286619043458,0.4682253275005263,0.10095779901306734,0.9696299758163679,-0.2222265404396608,-0.01551120694874543,0,nan,nan,nan,nan,nan,nan,nan,nan
19.99932074546814,1789121632.4486747,r18_z20_w0,0,0.0,-1.2709380307605356,1.2485804488902446,0.02235758187029102,0.0,0.0,-1.2762720584869385,1.260932207107544,0.023009711876511574,0.0015339808305725455,0.17952516853156422,-0.0002753883831379692,0.19764951115642085,0.0007689353782179777,0.002538865168533692,-0.0007689353782179778,0.9999961858129381,0.1176332883368108,-0.0023367431214832146,0.2365679190080739,-0.011224665288968268,0.015968710307796227,-0.7066954224302299,0.7072486034602086,0.17999999999999997,0.0,0.2,0.0,0.10546479541755478,-0.0736286619043458,0.4682253275005263,0.10095779901306734,0.9696299758163679,-0.2222265404396608,-0.01551120694874543,0,nan,nan,nan,nan,nan,nan,nan,nan
20.009313821792603,1789121632.4486747,r18_z20_w0,0,0.0,-1.2709380307605356,1.2485804488902446,0.02235758187029102,0.0,0.0,-1.2762720584869385,1.260932207107544,0.023009711876511574,0.0015339808305725455,0.17952516853156422,-0.0002753883831379692,0.19764951115642085,0.0007689353782179777,0.002538865168533692,-0.0007689353782179778,0.9999961858129381,0.1176332883368108,-0.0023367431214832146,0.2365679190080739,-0.011224665288968268,0.015968710307796227,-0.7066954224302299,0.7072486034602086,0.17999999999999997,0.0,0.2,0.0,0.10546479541755478,-0.0736286619043458,0.4682253275005263,0.10095779901306734,0.9696299758163679,-0.2222265404396608,-0.01551120694874543,0,nan,nan,nan,nan,nan,nan,nan,nan
20.010369539260864,1789121632.4486747,r18_z20_w0,0,0.0,-1.2709380307605356,1.2485804488902446,0.02235758187029102,0.0,0.0,-1.2762720584869385,1.260932207107544,0.023009711876511574,0.0015339808305725455,0.17952516853156422,-0.0002753883831379692,0.19764951115642085,0.0007689353782179777,0.002538865168533692,-0.0007689353782179778,0.9999961858129381,0.1176332883368108,-0.0023367431214832146,0.2365679190080739,-0.011224665288968268,0.015968710307796227,-0.7066954224302299,0.7072486034602086,0.17999999999999997,0.0,0.2,0.0,0.10546479541755478,-0.0736286619043458,0.4682253275005263,0.10095779901306734,0.9696299758163679,-0.2222265404396608,-0.01551120694874543,0,nan,nan,nan,nan,nan,nan,nan,nan
20.01648259162903,1789121632.4486747,r18_z20_w0,0,0.0,-1.2709380307605356,1.2485804488902446,0.02235758187029102,0.0,0.0,-1.2762720584869385,1.260932207107544,0.023009711876511574,0.0015339808305725455,0.17952516853156422,-0.0002753883831379692,0.19764951115642085,0.0007689353782179777,0.002538865168533692,-0.0007689353782179778,0.9999961858129381,0.1176332883368108,-0.0023367431214832146,0.2365679190080739,-0.011224665288968268,0.015968710307796227,-0.7066954224302299,0.7072486034602086,0.17999999999999997,0.0,0.2,0.0,0.10546479541755478,-0.0736286619043458,0.4682253275005263,0.10095779901306734,0.9696299758163679,-0.2222265404396608,-0.01551120694874543,0,nan,nan,nan,nan,nan,nan,nan,nan
20.017091751098633,1789121632.482031,r18_z20_w0,0,0.0,-1.2709380307605356,1.2485804488902446,0.02235758187029102,0.0,-0.0015339808305725455,-1.2762720584869385,1.260932207107544,0.023009711876511574,0.0015339808305725455,0.17952544577602308,-0.00027538880842598804,0.1974737591910744,0.0007692231636423763,0.0029151051693195097,-0.0007692231636423763,0.9999951593649345,0.11752409345779585,-0.0022782976635714047,0.23640887444237135,-0.011054554541245619,0.016475070359760896,-0.7067038406065489,0.707231256770011,0.17999999999999997,0.0,0.2,0.0,0.10551385307046328,-0.07366102972673337,0.4684181492778185,0.1010583376948616,0.9696762018155044,-0.22194765059092011,-0.015953570515064,0,nan,nan,nan,nan,nan,nan,nan,nan
20.019372701644897,1789121632.482031,r18_z20_w0,0,0.0,-1.2709380307605356,1.2485804488902446,0.02235758187029102,0.0,-0.0015339808305725455,-1.2762720584869385,1.260932207107544,0.023009711876511574,0.0015339808305725455,0.17952544577602308,-0.00027538880842598804,0.1974737591910744,0.0007692231636423763,0.0029151051693195097,-0.0007692231636423763,0.9999951593649345,0.11752409345779585,-0.0022782976635714047,0.23640887444237135,-0.011054554541245619,0.016475070359760896,-0.7067038406065489,0.707231256770011,0.17999999999999997,0.0,0.2,0.0,0.10551385307046328,-0.07366102972673337,0.4684181492778185,0.1010583376948616,0.9696762018155044,-0.22194765059092011,-0.015953570515064,0,nan,nan,nan,nan,nan,nan,nan,nan
20.02929162979126,1789121632.482031,r18_z20_w0,0,0.0,-1.2709380307605356,1.2485804488902446,0.02235758187029102,0.0,-0.0015339808305725455,-1.2762720584869385,1.260932207107544,0.023009711876511574,0.0015339808305725455,0.17952544577602308,-0.00027538880842598804,0.1974737591910744,0.0007692231636423763,0.0029151051693195097,-0.0007692231636423763,0.9999951593649345,0.11752409345779585,-0.0022782976635714047,0.23640887444237135,-0.011054554541245619,0.016475070359760896,-0.7067038406065489,0.707231256770011,0.17999999999999997,0.0,0.2,0.0,0.10551385307046328,-0.07366102972673337,0.4684181492778185,0.1010583376948616,0.9696762018155044,-0.22194765059092011,-0.015953570515064,0,nan,nan,nan,nan,nan,nan,nan,nan
20.039321899414062,1789121632.482031,r18_z20_w0,0,0.0,-1.2709380307605356,1.2485804488902446,0.02235758187029102,0.0,-0.0015339808305725455,-1.2762720584869385,1.260932207107544,0.023009711876511574,0.0015339808305725455,0.17952544577602308,-0.00027538880842598804,0.1974737591910744,0.0007692231636423763,0.0029151051693195097,-0.0007692231636423763,0.9999951593649345,0.11752409345779585,-0.0022782976635714047,0.23640887444237135,-0.011054554541245619,0.016475070359760896,-0.7067038406065489,0.707231256770011,0.17999999999999997,0.0,0.2,0.0,0.10551385307046328,-0.07366102972673337,0.4684181492778185,0.1010583376948616,0.9696762018155044,-0.22194765059092011,-0.015953570515064,0,nan,nan,nan,nan,nan,nan,nan,nan
20.049397945404053,1789121632.482031,r18_z20_w0,0,0.0,-1.2709380307605356,1.2485804488902446,0.02235758187029102,0.0,-0.0015339808305725455,-1.2762720584869385,1.260932207107544,0.023009711876511574,0.0015339808305725455,0.17952544577602308,-0.00027538880842598804,0.1974737591910744,0.0007692231636423763,0.0029151051693195097,-0.0007692231636423763,0.9999951593649345,0.11752409345779585,-0.0022782976635714047,0.23640887444237135,-0.011054554541245619,0.016475070359760896,-0.7067038406065489,0.707231256770011,0.17999999999999997,0.0,0.2,0.0,0.10551385307046328,-0.07366102972673337,0.4684181492778185,0.1010583376948616,0.9696762018155044,-0.22194765059092011,-0.015953570515064,0,nan,nan,nan,nan,nan,nan,nan,nan
20.05030846595764,1789121632.482031,r18_z20_w0,0,0.0,-1.2709380307605356,1.2485804488902446,0.02235758187029102,0.0,-0.0015339808305725455,-1.2762720584869385,1.260932207107544,0.023009711876511574,0.0015339808305725455,0.17952544577602308,-0.00027538880842598804,0.1974737591910744,0.0007692231636423763,0.0029151051693195097,-0.0007692231636423763,0.9999951593649345,0.11752409345779585,-0.0022782976635714047,0.23640887444237135,-0.011054554541245619,0.016475070359760896,-0.7067038406065489,0.707231256770011,0.17999999999999997,0.0,0.2,0.0,0.10551385307046328,-0.07366102972673337,0.4684181492778185,0.1010583376948616,0.9696762018155044,-0.22194765059092011,-0.015953570515064,0,nan,nan,nan,nan,nan,nan,nan,nan
20.050934314727783,1789121632.5153873,r18_z20_w0,0,0.0,-1.2709380307605356,1.2485804488902446,0.02235758187029102,0.0,-0.0015339808305725455,-1.2762720584869385,1.260932207107544,0.023009711876511574,0.0015339808305725455,0.17952566313605486,-0.00027538914185237166,0.19707513764004023,0.0007698754849860969,0.003768451999215523,-0.0007698754849860969,0.9999923066469085,0.11764836553164482,-0.0023436377148369214,0.23659108581257254,-0.011445231124911718,0.015688448564506352,-0.7065947353220879,0.7073519345285236,0.17999999999999997,0.0,0.2,0.0,0.10545908211150902,-0.07362498488932463,0.4681976617139513,0.10101122902791594,0.9696123027438482,-0.2223050393270766,-0.015138806684435806,0,nan,nan,nan,nan,nan,nan,nan,nan
20.05931258201599,1789121632.5153873,r18_z20_w0,0,0.0,-1.2709380307605356,1.2485804488902446,0.02235758187029102,0.0,-0.0015339808305725455,-1.2762720584869385,1.260932207107544,0.023009711876511574,0.0015339808305725455,0.17952566313605486,-0.00027538914185237166,0.19707513764004023,0.0007698754849860969,0.003768451999215523,-0.0007698754849860969,0.9999923066469085,0.11764836553164482,-0.0023436377148369214,0.23659108581257254,-0.011445231124911718,0.015688448564506352,-0.7065947353220879,0.7073519345285236,0.17999999999999997,0.0,0.2,0.0,0.10545908211150902,-0.07362498488932463,0.4681976617139513,0.10101122902791594,0.9696123027438482,-0.2223050393270766,-0.015138806684435806,0,nan,nan,nan,nan,nan,nan,nan,nan
20.06928014755249,1789121632.5153873,r18_z20_w0,0,0.0,-1.2709380307605356,1.2485804488902446,0.02235758187029102,0.0,-0.0015339808305725455,-1.2762720584869385,1.260932207107544,0.023009711876511574,0.0015339808305725455,0.17952566313605486,-0.00027538914185237166,0.19707513764004023,0.0007698754849860969,0.003768451999215523,-0.0007698754849860969,0.9999923066469085,0.11764836553164482,-0.0023436377148369214,0.23659108581257254,-0.011445231124911718,0.015688448564506352,-0.7065947353220879,0.7073519345285236,0.17999999999999997,0.0,0.2,0.0,0.10545908211150902,-0.07362498488932463,0.4681976617139513,0.10101122902791594,0.9696123027438482,-0.2223050393270766,-0.015138806684435806,0,nan,nan,nan,nan,nan,nan,nan,nan
20.07006072998047,1789121632.5153873,r18_z20_w0,0,0.0,-1.2709380307605356,1.2485804488902446,0.02235758187029102,0.0,-0.0015339808305725455,-1.2762720584869385,1.260932207107544,0.023009711876511574,0.0015339808305725455,0.17952566313605486,-0.00027538914185237166,0.19707513764004023,0.0007698754849860969,0.003768451999215523,-0.0007698754849860969,0.9999923066469085,0.11764836553164482,-0.0023436377148369214,0.23659108581257254,-0.011445231124911718,0.015688448564506352,-0.7065947353220879,0.7073519345285236,0.17999999999999997,0.0,0.2,0.0,0.10545908211150902,-0.07362498488932463,0.4681976617139513,0.10101122902791594,0.9696123027438482,-0.2223050393270766,-0.015138806684435806,0,nan,nan,nan,nan,nan,nan,nan,nan
20.0794780254364,1789121632.5153873,r18_z20_w0,0,0.0,-1.2709380307605356,1.2485804488902446,0.02235758187029102,0.0,-0.0015339808305725455,-1.2762720584869385,1.260932207107544,0.023009711876511574,0.0015339808305725455,0.17952566313605486,-0.00027538914185237166,0.19707513764004023,0.0007698754849860969,0.003768451999215523,-0.0007698754849860969,0.9999923066469085,0.11764836553164482,-0.0023436377148369214,0.23659108581257254,-0.011445231124911718,0.015688448564506352,-0.7065947353220879,0.7073519345285236,0.17999999999999997,0.0,0.2,0.0,0.10545908211150902,-0.07362498488932463,0.4681976617139513,0.10101122902791594,0.9696123027438482,-0.2223050393270766,-0.015138806684435806,0,nan,nan,nan,nan,nan,nan,nan,nan
20.08370804786682,1789121632.5153873,r18_z20_w0,0,0.0,-1.2709380307605356,1.2485804488902446,0.02235758187029102,0.0,-0.0015339808305725455,-1.2762720584869385,1.260932207107544,0.023009711876511574,0.0015339808305725455,0.17952566313605486,-0.00027538914185237166,0.19707513764004023,0.0007698754849860969,0.003768451999215523,-0.0007698754849860969,0.9999923066469085,0.11764836553164482,-0.0023436377148369214,0.23659108581257254,-0.011445231124911718,0.015688448564506352,-0.7065947353220879,0.7073519345285236,0.17999999999999997,0.0,0.2,0.0,0.10545908211150902,-0.07362498488932463,0.4681976617139513,0.10101122902791594,0.9696123027438482,-0.2223050393270766,-0.015138806684435806,0,nan,nan,nan,nan,nan,nan,nan,nan
20.084564924240112,1789121632.5487437,r18_z20_w0,0,0.0,-1.2709380307605356,1.2485804488902446,0.02235758187029102,0.0,-0.0015339808305725455,-1.2762720584869385,1.260932207107544,0.023009711876511574,0.0015339808305725455,0.17952470694550376,-0.00027538767507324544,0.19728720648655956,0.0007696250957584154,0.003440814058503633,-0.0007696250957584154,0.9999934880553166,0.11761410515544984,-0.0023303488971484487,0.23654239184429604,-0.011193513468570305,0.016089365416821908,-0.7067851828812086,0.7071566607451911,0.17999999999999997,0.0,0.2,0.0,0.10546943630689394,-0.07363469420512773,0.4682569912042884,0.10086041612827473,0.9696550018768119,-0.22215256073423612,-0.015639486977924597,0,nan,nan,nan,nan,nan,nan,nan,nan
20.089295864105225,1789121632.5487437,r18_z20_w0,0,0.0,-1.2709380307605356,1.2485804488902446,0.02235758187029102,0.0,-0.0015339808305725455,-1.2762720584869385,1.260932207107544,0.023009711876511574,0.0015339808305725455,0.17952470694550376,-0.00027538767507324544,0.19728720648655956,0.0007696250957584154,0.003440814058503633,-0.0007696250957584154,0.9999934880553166,0.11761410515544984,-0.0023303488971484487,0.23654239184429604,-0.011193513468570305,0.016089365416821908,-0.7067851828812086,0.7071566607451911,0.17999999999999997,0.0,0.2,0.0,0.10546943630689394,-0.07363469420512773,0.4682569912042884,0.10086041612827473,0.9696550018768119,-0.22215256073423612,-0.015639486977924597,0,nan,nan,nan,nan,nan,nan,nan,nan
20.099281549453735,1789121632.5487437,r18_z20_w0,0,0.0,-1.2709380307605356,1.2485804488902446,0.02235758187029102,0.0,-0.0015339808305725455,-1.2762720584869385,1.260932207107544,0.023009711876511574,0.0015339808305725455,0.17952470694550376,-0.00027538767507324544,0.19728720648655956,0.0007696250957584154,0.003440814058503633,-0.0007696250957584154,0.9999934880553166,0.11761410515544984,-0.0023303488971484487,0.23654239184429604,-0.011193513468570305,0.016089365416821908,-0.7067851828812086,0.7071566607451911,0.17999999999999997,0.0,0.2,0.0,0.10546943630689394,-0.07363469420512773,0.4682569912042884,0.10086041612827473,0.9696550018768119,-0.22215256073423612,-0.015639486977924597,0,nan,nan,nan,nan,nan,nan,nan,nan
20.109342098236084,1789121632.5487437,r18_z20_w0,0,0.0,-1.2709380307605356,1.2485804488902446,0.02235758187029102,0.0,-0.0015339808305725455,-1.2762720584869385,1.260932207107544,0.023009711876511574,0.0015339808305725455,0.17952470694550376,-0.00027538767507324544,0.19728720648655956,0.0007696250957584154,0.003440814058503633,-0.0007696250957584154,0.9999934880553166,0.11761410515544984,-0.0023303488971484487,0.23654239184429604,-0.011193513468570305,0.016089365416821908,-0.7067851828812086,0.7071566607451911,0.17999999999999997,0.0,0.2,0.0,0.10546943630689394,-0.07363469420512773,0.4682569912042884,0.10086041612827473,0.9696550018768119,-0.22215256073423612,-0.015639486977924597,0,nan,nan,nan,nan,nan,nan,nan,nan
20.116162300109863,1789121632.5487437,r18_z20_w0,0,0.0,-1.2709380307605356,1.2485804488902446,0.02235758187029102,0.0,-0.0015339808305725455,-1.2762720584869385,1.260932207107544,0.023009711876511574,0.0015339808305725455,0.17952470694550376,-0.00027538767507324544,0.19728720648655956,0.0007696250957584154,0.003440814058503633,-0.0007696250957584154,0.9999934880553166,0.11761410515544984,-0.0023303488971484487,0.23654239184429604,-0.011193513468570305,0.016089365416821908,-0.7067851828812086,0.7071566607451911,0.17999999999999997,0.0,0.2,0.0,0.10546943630689394,-0.07363469420512773,0.4682569912042884,0.10086041612827473,0.9696550018768119,-0.22215256073423612,-0.015639486977924597,0,nan,nan,nan,nan,nan,nan,nan,nan
20.117598295211792,1789121632.5821002,r18_z20_w0,0,0.0,-1.2709380307605356,1.2485804488902446,0.02235758187029102,0.0,-0.0015339808305725455,-1.2762720584869385,1.2593982219696045,0.023009711876511574,0.0015339808305725455,0.17952362930445884,-0.00027538602199124365,0.19751767786995367,0.0007693395791213238,0.0030673427906969877,-0.0007693395791213236,0.9999947038066894,0.11758415172937814,-0.002308917623512652,0.2364953325183164,-0.011200728815253396,0.01626806494173442,-0.7067329180474488,0.7072046919281552,0.17999999999999997,0.0,0.2,0.0,0.1054884425924301,-0.07364305964746695,0.468313025728194,0.10095969513465979,0.9696750260456459,-0.22201388961004004,-0.015726304140309108,0,nan,nan,nan,nan,nan,nan,nan,nan
20.179879426956177,1789121632.5821002,r18_z20_w0,0,0.0,-1.2709380307605356,1.2485804488902446,0.02235758187029102,0.0,-0.0015339808305725455,-1.2762720584869385,1.2593982219696045,0.023009711876511574,0.0015339808305725455,0.17952382477589993,-0.00027538632184092237,0.19747847192901122,0.000769388156566154,0.003130874848938894,-0.000769388156566154,0.9999945068381173,0.11758415172937814,-0.002308917623512652,0.2364953325183164,-0.011200728815253396,0.01626806494173442,-0.7067329180474488,0.7072046919281552,0.17999999999999997,0.0,0.2,0.0,0.1054884425924301,-0.07364305964746695,0.468313025728194,0.10095969513465979,0.9696750260456459,-0.22201388961004004,-0.015726304140309108,0,nan,nan,nan,nan,nan,nan,nan,nan
20.180660486221313,1789121632.5821002,r18_z20_w0,0,0.0,-1.2709380307605356,1.2485804488902446,0.02235758187029102,0.0,-0.0015339808305725455,-1.2762720584869385,1.2593982219696045,0.023009711876511574,0.0015339808305725455,0.17952382477589993,-0.00027538632184092237,0.19747847192901122,0.000769388156566154,0.003130874848938894,-0.000769388156566154,0.9999945068381173,0.11758415172937814,-0.002308917623512652,0.2364953325183164,-0.011200728815253396,0.01626806494173442,-0.7067329180474488,0.7072046919281552,0.17999999999999997,0.0,0.2,0.0,0.1054884425924301,-0.07364305964746695,0.468313025728194,0.10095969513465979,0.9696750260456459,-0.22201388961004004,-0.015726304140309108,0,nan,nan,nan,nan,nan,nan,nan,nan
20.181209087371826,1789121632.6154563,r18_z20_w0,0,0.0,-1.2709380307605356,1.2485804488902446,0.02235758187029102,0.0,-0.0015339808305725455,-1.2762720584869385,1.2593982219696045,0.02147573232650757,0.0015339808305725455,0.1795252170177495,-0.00027538845751490633,0.19716282189444043,0.0007697791430890673,0.0036423744754633673,-0.0007697791430890673,0.9999927739680533,0.1176111341043079,-0.0023291378195590406,0.2365378467771156,-0.011138402240766246,0.01618525518135293,-0.7066285437744869,0.7073118651863444,0.17999999999999997,0.0,0.2,0.0,0.10547041606905994,-0.07363539871682331,0.46826242215437647,0.10109932384815305,0.969637507511722,-0.22211700693664543,-0.015686490155792585,0,nan,nan,nan,nan,nan,nan,nan,nan
20.181777954101562,1789121632.6154563,r18_z20_w0,0,0.0,-1.2709380307605356,1.2485804488902446,0.02235758187029102,0.0,-0.0015339808305725455,-1.2762720584869385,1.2593982219696045,0.02147573232650757,0.0015339808305725455,0.1795252170177495,-0.00027538845751490633,0.19716282189444043,0.0007697791430890673,0.0036423744754633673,-0.0007697791430890673,0.9999927739680533,0.1176111341043079,-0.0023291378195590406,0.2365378467771156,-0.011138402240766246,0.01618525518135293,-0.7066285437744869,0.7073118651863444,0.17999999999999997,0.0,0.2,0.0,0.10547041606905994,-0.07363539871682331,0.46826242215437647,0.10109932384815305,0.969637507511722,-0.22211700693664543,-0.015686490155792585,0,nan,nan,nan,nan,nan,nan,nan,nan
20.18220853805542,1789121632.6154563,r18_z20_w0,0,0.0,-1.2709380307605356,1.2485804488902446,0.02235758187029102,0.0,-0.0015339808305725455,-1.2762720584869385,1.2593982219696045,0.02147573232650757,0.0015339808305725455,0.1795252170177495,-0.00027538845751490633,0.19716282189444043,0.0007697791430890673,0.0036423744754633673,-0.0007697791430890673,0.9999927739680533,0.1176111341043079,-0.0023291378195590406,0.2365378467771156,-0.011138402240766246,0.01618525518135293,-0.7066285437744869,0.7073118651863444,0.17999999999999997,0.0,0.2,0.0,0.10547041606905994,-0.07363539871682331,0.46826242215437647,0.10109932384815305,0.969637507511722,-0.22211700693664543,-0.015686490155792585,0,nan,nan,nan,nan,nan,nan,nan,nan
20.182968616485596,1789121632.6154563,r18_z20_w0,0,0.0,-1.2709380307605356,1.2485804488902446,0.02235758187029102,0.0,-0.0015339808305725455,-1.2762720584869385,1.2593982219696045,0.02147573232650757,0.0015339808305725455,0.1795252170177495,-0.00027538845751490633,0.19716282189444043,0.0007697791430890673,0.0036423744754633673,-0.0007697791430890673,0.9999927739680533,0.1176111341043079,-0.0023291378195590406,0.2365378467771156,-0.011138402240766246,0.01618525518135293,-0.7066285437744869,0.7073118651863444,0.17999999999999997,0.0,0.2,0.0,0.10547041606905994,-0.07363539871682331,0.46826242215437647,0.10109932384815305,0.969637507511722,-0.22211700693664543,-0.015686490155792585,0,nan,nan,nan,nan,nan,nan,nan,nan
20.183393001556396,1789121632.6154563,r18_z20_w0,0,0.0,-1.2709380307605356,1.2485804488902446,0.02235758187029102,0.0,-0.0015339808305725455,-1.2762720584869385,1.2593982219696045,0.02147573232650757,0.0015339808305725455,0.1795252170177495,-0.00027538845751490633,0.19716282189444043,0.0007697791430890673,0.0036423744754633673,-0.0007697791430890673,0.9999927739680533,0.1176111341043079,-0.0023291378195590406,0.2365378467771156,-0.011138402240766246,0.01618525518135293,-0.7066285437744869,0.7073118651863444,0.17999999999999997,0.0,0.2,0.0,0.10547041606905994,-0.07363539871682331,0.46826242215437647,0.10109932384815305,0.969637507511722,-0.22211700693664543,-0.015686490155792585,0,nan,nan,nan,nan,nan,nan,nan,nan
20.183968782424927,1789121632.6154563,r18_z20_w0,0,0.0,-1.2709380307605356,1.2485804488902446,0.02235758187029102,0.0,-0.0015339808305725455,-1.2762720584869385,1.2593982219696045,0.02147573232650757,0.0015339808305725455,0.1795252170177495,-0.00027538845751490633,0.19716282189444043,0.0007697791430890673,0.0036423744754633673,-0.0007697791430890673,0.9999927739680533,0.1176111341043079,-0.0023291378195590406,0.2365378467771156,-0.011138402240766246,0.01618525518135293,-0.7066285437744869,0.7073118651863444,0.17999999999999997,0.0,0.2,0.0,0.10547041606905994,-0.07363539871682331,0.46826242215437647,0.10109932384815305,0.969637507511722,-0.22211700693664543,-0.015686490155792585,0,nan,nan,nan,nan,nan,nan,nan,nan
20.18440079689026,1789121632.6154563,r18_z20_w0,0,0.0,-1.2709380307605356,1.2485804488902446,0.02235758187029102,0.0,-0.0015339808305725455,-1.2762720584869385,1.2593982219696045,0.02147573232650757,0.0015339808305725455,0.1795252170177495,-0.00027538845751490633,0.19716282189444043,0.0007697791430890673,0.0036423744754633673,-0.0007697791430890673,0.9999927739680533,0.1176111341043079,-0.0023291378195590406,0.2365378467771156,-0.011138402240766246,0.01618525518135293,-0.7066285437744869,0.7073118651863444,0.17999999999999997,0.0,0.2,0.0,0.10547041606905994,-0.07363539871682331,0.46826242215437647,0.10109932384815305,0.969637507511722,-0.22211700693664543,-0.015686490155792585,0,nan,nan,nan,nan,nan,nan,nan,nan
20.184894561767578,1789121632.6488128,r18_z20_w0,0,0.0,-1.2709380307605356,1.2485804488902446,0.02235758187029102,0.0,-0.0015339808305725455,-1.2762720584869385,1.2593982219696045,0.02147573232650757,0.0015339808305725455,0.17952490027585827,-0.0002753879716385359,0.19724148285477083,0.0007696817270429416,0.0035149074895674272,-0.0007696817270429416,0.9999932302797944,0.1175411725546463,-0.0022920668530214683,0.23643305940684556,-0.011043045627845742,0.016530402904750777,-0.7068068135789325,0.7071272340968521,0.17999999999999997,0.0,0.2,0.0,0.10550169799869025,-0.07365472635434284,0.4683885060600334,0.1009288209964035,0.9696968492404023,-0.22191076581571065,-0.016031396713858056,0,nan,nan,nan,nan,nan,nan,nan,nan
20.185422897338867,1789121632.6488128,r18_z20_w0,0,0.0,-1.2709380307605356,1.2485804488902446,0.02235758187029102,0.0,-0.0015339808305725455,-1.2762720584869385,1.2593982219696045,0.02147573232650757,0.0015339808305725455,0.17952490027585827,-0.0002753879716385359,0.19724148285477083,0.0007696817270429416,0.0035149074895674272,-0.0007696817270429416,0.9999932302797944,0.1175411725546463,-0.0022920668530214683,0.23643305940684556,-0.011043045627845742,0.016530402904750777,-0.7068068135789325,0.7071272340968521,0.17999999999999997,0.0,0.2,0.0,0.10550169799869025,-0.07365472635434284,0.4683885060600334,0.1009288209964035,0.9696968492404023,-0.22191076581571065,-0.016031396713858056,0,nan,nan,nan,nan,nan,nan,nan,nan
20.189321756362915,1789121632.6488128,r18_z20_w0,0,0.0,-1.2709380307605356,1.2485804488902446,0.02235758187029102,0.0,-0.0015339808305725455,-1.2762720584869385,1.2593982219696045,0.02147573232650757,0.0015339808305725455,0.17952490027585827,-0.0002753879716385359,0.19724148285477083,0.0007696817270429416,0.0035149074895674272,-0.0007696817270429416,0.9999932302797944,0.1175411725546463,-0.0022920668530214683,0.23643305940684556,-0.011043045627845742,0.016530402904750777,-0.7068068135789325,0.7071272340968521,0.17999999999999997,0.0,0.2,0.0,0.10550169799869025,-0.07365472635434284,0.4683885060600334,0.1009288209964035,0.9696968492404023,-0.22191076581571065,-0.016031396713858056,0,nan,nan,nan,nan,nan,nan,nan,nan
20.19928789138794,1789121632.6488128,r18_z20_w0,0,0.0,-1.2709380307605356,1.2485804488902446,0.02235758187029102,0.0,-0.0015339808305725455,-1.2762720584869385,1.2593982219696045,0.02147573232650757,0.0015339808305725455,0.17952490027585827,-0.0002753879716385359,0.19724148285477083,0.0007696817270429416,0.0035149074895674272,-0.0007696817270429416,0.9999932302797944,0.1175411725546463,-0.0022920668530214683,0.23643305940684556,-0.011043045627845742,0.016530402904750777,-0.7068068135789325,0.7071272340968521,0.17999999999999997,0.0,0.2,0.0,0.10550169799869025,-0.07365472635434284,0.4683885060600334,0.1009288209964035,0.9696968492404023,-0.22191076581571065,-0.016031396713858056,0,nan,nan,nan,nan,nan,nan,nan,nan
20.209373235702515,1789121632.6488128,r18_z20_w0,0,0.0,-1.2709380307605356,1.2485804488902446,0.02235758187029102,0.0,-0.0015339808305725455,-1.2762720584869385,1.2593982219696045,0.02147573232650757,0.0015339808305725455,0.17952490027585827,-0.0002753879716385359,0.19724148285477083,0.0007696817270429416,0.0035149074895674272,-0.0007696817270429416,0.9999932302797944,0.1175411725546463,-0.0022920668530214683,0.23643305940684556,-0.011043045627845742,0.016530402904750777,-0.7068068135789325,0.7071272340968521,0.17999999999999997,0.0,0.2,0.0,0.10550169799869025,-0.07365472635434284,0.4683885060600334,0.1009288209964035,0.9696968492404023,-0.22191076581571065,-0.016031396713858056,0,nan,nan,nan,nan,nan,nan,nan,nan
20.217148780822754,1789121632.6488128,r18_z20_w0,0,0.0,-1.2709380307605356,1.2485804488902446,0.02235758187029102,0.0,-0.0015339808305725455,-1.2762720584869385,1.2593982219696045,0.02147573232650757,0.0015339808305725455,0.17952490027585827,-0.0002753879716385359,0.19724148285477083,0.0007696817270429416,0.0035149074895674272,-0.0007696817270429416,0.9999932302797944,0.1175411725546463,-0.0022920668530214683,0.23643305940684556,-0.011043045627845742,0.016530402904750777,-0.7068068135789325,0.7071272340968521,0.17999999999999997,0.0,0.2,0.0,0.10550169799869025,-0.07365472635434284,0.4683885060600334,0.1009288209964035,0.9696968492404023,-0.22191076581571065,-0.016031396713858056,0,nan,nan,nan,nan,nan,nan,nan,nan
20.217915058135986,1789121632.6821692,r18_z20_w0,0,0.0,-1.2709380307605356,1.2485804488902446,0.02235758187029102,0.0,-0.0015339808305725455,-1.2762720584869385,1.2593982219696045,0.023009711876511574,0.0015339808305725455,0.17952362930445884,-0.00027538602199124365,0.19751767786995367,0.0007693395791213238,0.0030673427906969877,-0.0007693395791213236,0.9999947038066894,0.11758598977643386,-0.0023121144419438744,0.23649577030004304,-0.011358442837785294,0.016074402727342584,-0.7066726331110151,0.707266844242825,0.17999999999999997,0.0,0.2,0.0,0.10548561776992638,-0.07364103818745364,0.46831171279440353,0.10098311322446944,0.9696651037589373,-0.22206470660780497,-0.015468143872257948,0,nan,nan,nan,nan,nan,nan,nan,nan
20.280317544937134,1789121632.6821692,r18_z20_w0,0,0.0,-1.2709380307605356,1.2485804488902446,0.02235758187029102,0.0,-0.0015339808305725455,-1.2762720584869385,1.2593982219696045,0.023009711876511574,0.0015339808305725455,0.17952362930445884,-0.00027538602199124365,0.19751767786995367,0.0007693395791213238,0.0030673427906969877,-0.0007693395791213236,0.9999947038066894,0.11758598977643386,-0.0023121144419438744,0.23649577030004304,-0.011358442837785294,0.016074402727342584,-0.7066726331110151,0.707266844242825,0.17999999999999997,0.0,0.2,0.0,0.10548561776992638,-0.07364103818745364,0.46831171279440353,0.10098311322446944,0.9696651037589373,-0.22206470660780497,-0.015468143872257948,0,nan,nan,nan,nan,nan,nan,nan,nan
20.281031131744385,1789121632.6821692,r18_z20_w0,0,0.0,-1.2709380307605356,1.2485804488902446,0.02235758187029102,0.0,-0.0015339808305725455,-1.2762720584869385,1.2593982219696045,0.023009711876511574,0.0015339808305725455,0.17952362930445884,-0.00027538602199124365,0.19751767786995367,0.0007693395791213238,0.0030673427906969877,-0.0007693395791213236,0.9999947038066894,0.11758598977643386,-0.0023121144419438744,0.23649577030004304,-0.011358442837785294,0.016074402727342584,-0.7066726331110151,0.707266844242825,0.17999999999999997,0.0,0.2,0.0,0.10548561776992638,-0.07364103818745364,0.46831171279440353,0.10098311322446944,0.9696651037589373,-0.22206470660780497,-0.015468143872257948,0,nan,nan,nan,nan,nan,nan,nan,nan
20.281615257263184,1789121632.7155254,r18_z20_w0,0,0.0,-1.2709380307605356,1.2485804488902446,0.02235758187029102,0.0,-0.0015339808305725455,-1.2762720584869385,1.2593982219696045,0.023009711876511574,0.0015339808305725455,0.17952362930445884,-0.00027538602199124365,0.19751767786995367,0.0007693395791213238,0.0030673427906969877,-0.0007693395791213236,0.9999947038066894,0.1176208899975727,-0.0023333826965617477,0.23655289956332126,-0.01127322275629304,0.015946321028792253,-0.7066550541535805,0.7072886707233008,0.17999999999999997,0.0,0.2,0.0,0.10546692646928764,-0.0736330913908879,0.46824446994707003,0.10100084463608885,0.9696292892167822,-0.22221443295885182,-0.015447221773846834,0,nan,nan,nan,nan,nan,nan,nan,nan
20.282262325286865,1789121632.7155254,r18_z20_w0,0,0.0,-1.2709380307605356,1.2485804488902446,0.02235758187029102,0.0,-0.0015339808305725455,-1.2762720584869385,1.2593982219696045,0.023009711876511574,0.0015339808305725455,0.17952362930445884,-0.00027538602199124365,0.19751767786995367,0.0007693395791213238,0.0030673427906969877,-0.0007693395791213236,0.9999947038066894,0.1176208899975727,-0.0023333826965617477,0.23655289956332126,-0.01127322275629304,0.015946321028792253,-0.7066550541535805,0.7072886707233008,0.17999999999999997,0.0,0.2,0.0,0.10546692646928764,-0.0736330913908879,0.46824446994707003,0.10100084463608885,0.9696292892167822,-0.22221443295885182,-0.015447221773846834,0,nan,nan,nan,nan,nan,nan,nan,nan
20.282724618911743,1789121632.7155254,r18_z20_w0,0,0.0,-1.2709380307605356,1.2485804488902446,0.02235758187029102,0.0,-0.0015339808305725455,-1.2762720584869385,1.2593982219696045,0.023009711876511574,0.0015339808305725455,0.17952362930445884,-0.00027538602199124365,0.19751767786995367,0.0007693395791213238,0.0030673427906969877,-0.0007693395791213236,0.9999947038066894,0.1176208899975727,-0.0023333826965617477,0.23655289956332126,-0.01127322275629304,0.015946321028792253,-0.7066550541535805,0.7072886707233008,0.17999999999999997,0.0,0.2,0.0,0.10546692646928764,-0.0736330913908879,0.46824446994707003,0.10100084463608885,0.9696292892167822,-0.22221443295885182,-0.015447221773846834,0,nan,nan,nan,nan,nan,nan,nan,nan
20.283533334732056,1789121632.7155254,r18_z20_w0,0,0.0,-1.2709380307605356,1.2485804488902446,0.02235758187029102,0.0,-0.0015339808305725455,-1.2762720584869385,1.2593982219696045,0.023009711876511574,0.0015339808305725455,0.17952362930445884,-0.00027538602199124365,0.19751767786995367,0.0007693395791213238,0.0030673427906969877,-0.0007693395791213236,0.9999947038066894,0.1176208899975727,-0.0023333826965617477,0.23655289956332126,-0.01127322275629304,0.015946321028792253,-0.7066550541535805,0.7072886707233008,0.17999999999999997,0.0,0.2,0.0,0.10546692646928764,-0.0736330913908879,0.46824446994707003,0.10100084463608885,0.9696292892167822,-0.22221443295885182,-0.015447221773846834,0,nan,nan,nan,nan,nan,nan,nan,nan
20.283933401107788,1789121632.7155254,r18_z20_w0,0,0.0,-1.2709380307605356,1.2485804488902446,0.02235758187029102,0.0,-0.0015339808305725455,-1.2762720584869385,1.2593982219696045,0.023009711876511574,0.0015339808305725455,0.17952362930445884,-0.00027538602199124365,0.19751767786995367,0.0007693395791213238,0.0030673427906969877,-0.0007693395791213236,0.9999947038066894,0.1176208899975727,-0.0023333826965617477,0.23655289956332126,-0.01127322275629304,0.015946321028792253,-0.7066550541535805,0.7072886707233008,0.17999999999999997,0.0,0.2,0.0,0.10546692646928764,-0.0736330913908879,0.46824446994707003,0.10100084463608885,0.9696292892167822,-0.22221443295885182,-0.015447221773846834,0,nan,nan,nan,nan,nan,nan,nan,nan
20.284435033798218,1789121632.7488818,r18_z20_w0,0,0.0,-1.2709380307605356,1.2485804488902446,0.02235758187029102,0.0,-0.0015339808305725455,-1.2762720584869385,1.2593982219696045,0.023009711876511574,0.0015339808305725455,0.17952362930445884,-0.00027538602199124365,0.19751767786995367,0.0007693395791213238,0.0030673427906969877,-0.0007693395791213236,0.9999947038066894,0.11757279870333798,-0.002304574947397664,0.23647888054041644,-0.01103010209329449,0.01615738032953239,-0.7067871712355764,0.7071556904144308,0.17999999999999997,0.0,0.2,0.0,0.10549183792282049,-0.07364611871812077,0.468332963918463,0.10089696921476704,0.9696372998155856,-0.22220153174245838,-0.015804673388580357,0,nan,nan,nan,nan,nan,nan,nan,nan
20.28494882583618,1789121632.7488818,r18_z20_w0,0,0.0,-1.2709380307605356,1.2485804488902446,0.02235758187029102,0.0,-0.0015339808305725455,-1.2762720584869385,1.2593982219696045,0.023009711876511574,0.0015339808305725455,0.17952362930445884,-0.00027538602199124365,0.19751767786995367,0.0007693395791213238,0.0030673427906969877,-0.0007693395791213236,0.9999947038066894,0.11757279870333798,-0.002304574947397664,0.23647888054041644,-0.01103010209329449,0.01615738032953239,-0.7067871712355764,0.7071556904144308,0.17999999999999997,0.0,0.2,0.0,0.10549183792282049,-0.07364611871812077,0.468332963918463,0.10089696921476704,0.9696372998155856,-0.22220153174245838,-0.015804673388580357,0,nan,nan,nan,nan,nan,nan,nan,nan
20.28537368774414,1789121632.7488818,r18_z20_w0,0,0.0,-1.2709380307605356,1.2485804488902446,0.02235758187029102,0.0,-0.0015339808305725455,-1.2762720584869385,1.2593982219696045,0.023009711876511574,0.0015339808305725455,0.17952362930445884,-0.00027538602199124365,0.19751767786995367,0.0007693395791213238,0.0030673427906969877,-0.0007693395791213236,0.9999947038066894,0.11757279870333798,-0.002304574947397664,0.23647888054041644,-0.01103010209329449,0.01615738032953239,-0.7067871712355764,0.7071556904144308,0.17999999999999997,0.0,0.2,0.0,0.10549183792282049,-0.07364611871812077,0.468332963918463,0.10089696921476704,0.9696372998155856,-0.22220153174245838,-0.015804673388580357,0,nan,nan,nan,nan,nan,nan,nan,nan
20.285876750946045,1789121632.7488818,r18_z20_w0,0,0.0,-1.2709380307605356,1.2485804488902446,0.02235758187029102,0.0,-0.0015339808305725455,-1.2762720584869385,1.2593982219696045,0.023009711876511574,0.0015339808305725455,0.17952362930445884,-0.00027538602199124365,0.19751767786995367,0.0007693395791213238,0.0030673427906969877,-0.0007693395791213236,0.9999947038066894,0.11757279870333798,-0.002304574947397664,0.23647888054041644,-0.01103010209329449,0.01615738032953239,-0.7067871712355764,0.7071556904144308,0.17999999999999997,0.0,0.2,0.0,0.10549183792282049,-0.07364611871812077,0.468332963918463,0.10089696921476704,0.9696372998155856,-0.22220153174245838,-0.015804673388580357,0,nan,nan,nan,nan,nan,nan,nan,nan
20.289390563964844,1789121632.7488818,r18_z20_w0,0,0.0,-1.2709380307605356,1.2485804488902446,0.02235758187029102,0.0,-0.0015339808305725455,-1.2762720584869385,1.2593982219696045,0.023009711876511574,0.0015339808305725455,0.17952362930445884,-0.00027538602199124365,0.19751767786995367,0.0007693395791213238,0.0030673427906969877,-0.0007693395791213236,0.9999947038066894,0.11757279870333798,-0.002304574947397664,0.23647888054041644,-0.01103010209329449,0.01615738032953239,-0.7067871712355764,0.7071556904144308,0.17999999999999997,0.0,0.2,0.0,0.10549183792282049,-0.07364611871812077,0.468332963918463,0.10089696921476704,0.9696372998155856,-0.22220153174245838,-0.015804673388580357,0,nan,nan,nan,nan,nan,nan,nan,nan
20.299310445785522,1789121632.7488818,r18_z20_w0,0,0.0,-1.2709380307605356,1.2485804488902446,0.02235758187029102,0.0,-0.0015339808305725455,-1.2762720584869385,1.2593982219696045,0.023009711876511574,0.0015339808305725455,0.17952362930445884,-0.00027538602199124365,0.19751767786995367,0.0007693395791213238,0.0030673427906969877,-0.0007693395791213236,0.9999947038066894,0.11757279870333798,-0.002304574947397664,0.23647888054041644,-0.01103010209329449,0.01615738032953239,-0.7067871712355764,0.7071556904144308,0.17999999999999997,0.0,0.2,0.0,0.10549183792282049,-0.07364611871812077,0.468332963918463,0.10089696921476704,0.9696372998155856,-0.22220153174245838,-0.015804673388580357,0,nan,nan,nan,nan,nan,nan,nan,nan
20.309361696243286,1789121632.7488818,r18_z20_w0,0,0.0,-1.2709380307605356,1.2485804488902446,0.02235758187029102,0.0,-0.0015339808305725455,-1.2762720584869385,1.2593982219696045,0.023009711876511574,0.0015339808305725455,0.17952362930445884,-0.00027538602199124365,0.19751767786995367,0.0007693395791213238,0.0030673427906969877,-0.0007693395791213236,0.9999947038066894,0.11757279870333798,-0.002304574947397664,0.23647888054041644,-0.01103010209329449,0.01615738032953239,-0.7067871712355764,0.7071556904144308,0.17999999999999997,0.0,0.2,0.0,0.10549183792282049,-0.07364611871812077,0.468332963918463,0.10089696921476704,0.9696372998155856,-0.22220153174245838,-0.015804673388580357,0,nan,nan,nan,nan,nan,nan,nan,nan
20.316468238830566,1789121632.7488818,r18_z20_w0,0,0.0,-1.2709380307605356,1.2485804488902446,0.02235758187029102,0.0,-0.0015339808305725455,-1.2762720584869385,1.2593982219696045,0.023009711876511574,0.0015339808305725455,0.17952362930445884,-0.00027538602199124365,0.19751767786995367,0.0007693395791213238,0.0030673427906969877,-0.0007693395791213236,0.9999947038066894,0.11757279870333798,-0.002304574947397664,0.23647888054041644,-0.01103010209329449,0.01615738032953239,-0.7067871712355764,0.7071556904144308,0.17999999999999997,0.0,0.2,0.0,0.10549183792282049,-0.07364611871812077,0.468332963918463,0.10089696921476704,0.9696372998155856,-0.22220153174245838,-0.015804673388580357,0,nan,nan,nan,nan,nan,nan,nan,nan
20.317248344421387,1789121632.782238,r18_z20_w0,0,0.0,-1.2709380307605356,1.2485804488902446,0.02235758187029102,0.0,-0.0015339808305725455,-1.2762720584869385,1.2593982219696045,0.023009711876511574,0.0015339808305725455,0.17952362930445884,-0.00027538602199124365,0.19751767786995367,0.0007693395791213238,0.0030673427906969877,-0.0007693395791213236,0.9999947038066894,0.11758666711778737,-0.002313026206780422,0.23650130173746664,-0.011213041089531464,0.01609378265621161,-0.7067063976862137,0.707234985940822,0.17999999999999997,0.0,0.2,0.0,0.10548443186671827,-0.0736428311399988,0.4683064911221475,0.10096528370134526,0.9696478682036503,-0.22213878899059747,-0.015600692324840237,0,nan,nan,nan,nan,nan,nan,nan,nan
20.31939721107483,1789121632.782238,r18_z20_w0,0,0.0,-1.2709380307605356,1.2485804488902446,0.02235758187029102,0.0,-0.0015339808305725455,-1.2762720584869385,1.2593982219696045,0.023009711876511574,0.0015339808305725455,0.17952362930445884,-0.00027538602199124365,0.19751767786995367,0.0007693395791213238,0.0030673427906969877,-0.0007693395791213236,0.9999947038066894,0.11758666711778737,-0.002313026206780422,0.23650130173746664,-0.011213041089531464,0.01609378265621161,-0.7067063976862137,0.707234985940822,0.17999999999999997,0.0,0.2,0.0,0.10548443186671827,-0.0736428311399988,0.4683064911221475,0.10096528370134526,0.9696478682036503,-0.22213878899059747,-0.015600692324840237,0,nan,nan,nan,nan,nan,nan,nan,nan
20.32936453819275,1789121632.782238,r18_z20_w0,0,0.0,-1.2709380307605356,1.2485804488902446,0.02235758187029102,0.0,-0.0015339808305725455,-1.2762720584869385,1.2593982219696045,0.023009711876511574,0.0015339808305725455,0.17952362930445884,-0.00027538602199124365,0.19751767786995367,0.0007693395791213238,0.0030673427906969877,-0.0007693395791213236,0.9999947038066894,0.11758666711778737,-0.002313026206780422,0.23650130173746664,-0.011213041089531464,0.01609378265621161,-0.7067063976862137,0.707234985940822,0.17999999999999997,0.0,0.2,0.0,0.10548443186671827,-0.0736428311399988,0.4683064911221475,0.10096528370134526,0.9696478682036503,-0.22213878899059747,-0.015600692324840237,0,nan,nan,nan,nan,nan,nan,nan,nan
20.339279890060425,1789121632.782238,r18_z20_w0,0,0.0,-1.2709380307605356,1.2485804488902446,0.02235758187029102,0.0,-0.0015339808305725455,-1.2762720584869385,1.2593982219696045,0.023009711876511574,0.0015339808305725455,0.17952362930445884,-0.00027538602199124365,0.19751767786995367,0.0007693395791213238,0.0030673427906969877,-0.0007693395791213236,0.9999947038066894,0.11758666711778737,-0.002313026206780422,0.23650130173746664,-0.011213041089531464,0.01609378265621161,-0.7067063976862137,0.707234985940822,0.17999999999999997,0.0,0.2,0.0,0.10548443186671827,-0.0736428311399988,0.4683064911221475,0.10096528370134526,0.9696478682036503,-0.22213878899059747,-0.015600692324840237,0,nan,nan,nan,nan,nan,nan,nan,nan
20.340498447418213,1789121632.782238,r18_z20_w0,0,0.0,-1.2709380307605356,1.2485804488902446,0.02235758187029102,0.0,-0.0015339808305725455,-1.2762720584869385,1.2593982219696045,0.023009711876511574,0.0015339808305725455,0.17952362930445884,-0.00027538602199124365,0.19751767786995367,0.0007693395791213238,0.0030673427906969877,-0.0007693395791213236,0.9999947038066894,0.11758666711778737,-0.002313026206780422,0.23650130173746664,-0.011213041089531464,0.01609378265621161,-0.7067063976862137,0.707234985940822,0.17999999999999997,0.0,0.2,0.0,0.10548443186671827,-0.0736428311399988,0.4683064911221475,0.10096528370134526,0.9696478682036503,-0.22213878899059747,-0.015600692324840237,0,nan,nan,nan,nan,nan,nan,nan,nan
20.34947395324707,1789121632.782238,r18_z20_w0,0,0.0,-1.2709380307605356,1.2485804488902446,0.02235758187029102,0.0,-0.0015339808305725455,-1.2762720584869385,1.2593982219696045,0.023009711876511574,0.0015339808305725455,0.17952362930445884,-0.00027538602199124365,0.19751767786995367,0.0007693395791213238,0.0030673427906969877,-0.0007693395791213236,0.9999947038066894,0.11758666711778737,-0.002313026206780422,0.23650130173746664,-0.011213041089531464,0.01609378265621161,-0.7067063976862137,0.707234985940822,0.17999999999999997,0.0,0.2,0.0,0.10548443186671827,-0.0736428311399988,0.4683064911221475,0.10096528370134526,0.9696478682036503,-0.22213878899059747,-0.015600692324840237,0,nan,nan,nan,nan,nan,nan,nan,nan
20.350489854812622,1789121632.782238,r18_z20_w0,0,0.0,-1.2709380307605356,1.2485804488902446,0.02235758187029102,0.0,-0.0015339808305725455,-1.2762720584869385,1.2593982219696045,0.023009711876511574,0.0015339808305725455,0.17952362930445884,-0.00027538602199124365,0.19751767786995367,0.0007693395791213238,0.0030673427906969877,-0.0007693395791213236,0.9999947038066894,0.11758666711778737,-0.002313026206780422,0.23650130173746664,-0.011213041089531464,0.01609378265621161,-0.7067063976862137,0.707234985940822,0.17999999999999997,0.0,0.2,0.0,0.10548443186671827,-0.0736428311399988,0.4683064911221475,0.10096528370134526,0.9696478682036503,-0.22213878899059747,-0.015600692324840237,0,nan,nan,nan,nan,nan,nan,nan,nan
20.351223468780518,1789121632.8155942,r18_z20_w0,0,0.0,-1.2709380307605356,1.2485804488902446,0.02235758187029102,0.0,-0.0015339808305725455,-1.2762720584869385,1.2593982219696045,0.02147573232650757,0.0015339808305725455,0.17952362930445886,-0.0002753860219912437,0.19751767786995367,0.0007693395791213238,0.0030673427906969877,-0.0007693395791213236,0.9999947038066894,0.11756705143719287,-0.002303300291241067,0.23646952581820257,-0.011254885852360987,0.01623445926251652,-0.7068415318716762,0.7070960463036166,0.17999999999999997,0.0,0.2,0.0,0.10549272922957754,-0.07364700863550716,0.4683439448229553,0.10079664534023873,0.9696946834563319,-0.22200383831408482,-0.01570200428264169,0,nan,nan,nan,nan,nan,nan,nan,nan
20.35930037498474,1789121632.8155942,r18_z20_w0,0,0.0,-1.2709380307605356,1.2485804488902446,0.02235758187029102,0.0,-0.0015339808305725455,-1.2762720584869385,1.2593982219696045,0.02147573232650757,0.0015339808305725455,0.17952362930445886,-0.0002753860219912437,0.19751767786995367,0.0007693395791213238,0.0030673427906969877,-0.0007693395791213236,0.9999947038066894,0.11756705143719287,-0.002303300291241067,0.23646952581820257,-0.011254885852360987,0.01623445926251652,-0.7068415318716762,0.7070960463036166,0.17999999999999997,0.0,0.2,0.0,0.10549272922957754,-0.07364700863550716,0.4683439448229553,0.10079664534023873,0.9696946834563319,-0.22200383831408482,-0.01570200428264169,0,nan,nan,nan,nan,nan,nan,nan,nan
20.36928939819336,1789121632.8155942,r18_z20_w0,0,0.0,-1.2709380307605356,1.2485804488902446,0.02235758187029102,0.0,-0.0015339808305725455,-1.2762720584869385,1.2593982219696045,0.02147573232650757,0.0015339808305725455,0.17952362930445886,-0.0002753860219912437,0.19751767786995367,0.0007693395791213238,0.0030673427906969877,-0.0007693395791213236,0.9999947038066894,0.11756705143719287,-0.002303300291241067,0.23646952581820257,-0.011254885852360987,0.01623445926251652,-0.7068415318716762,0.7070960463036166,0.17999999999999997,0.0,0.2,0.0,0.10549272922957754,-0.07364700863550716,0.4683439448229553,0.10079664534023873,0.9696946834563319,-0.22200383831408482,-0.01570200428264169,0,nan,nan,nan,nan,nan,nan,nan,nan
20.379602193832397,1789121632.8155942,r18_z20_w0,0,0.0,-1.2709380307605356,1.2485804488902446,0.02235758187029102,0.0,-0.0015339808305725455,-1.2762720584869385,1.2593982219696045,0.02147573232650757,0.0015339808305725455,0.17952362930445886,-0.0002753860219912437,0.19751767786995367,0.0007693395791213238,0.0030673427906969877,-0.0007693395791213236,0.9999947038066894,0.11756705143719287,-0.002303300291241067,0.23646952581820257,-0.011254885852360987,0.01623445926251652,-0.7068415318716762,0.7070960463036166,0.17999999999999997,0.0,0.2,0.0,0.10549272922957754,-0.07364700863550716,0.4683439448229553,0.10079664534023873,0.9696946834563319,-0.22200383831408482,-0.01570200428264169,0,nan,nan,nan,nan,nan,nan,nan,nan
20.383404970169067,1789121632.8155942,r18_z20_w0,0,0.0,-1.2709380307605356,1.2485804488902446,0.02235758187029102,0.0,-0.0015339808305725455,-1.2762720584869385,1.2593982219696045,0.02147573232650757,0.0015339808305725455,0.17952362930445886,-0.0002753860219912437,0.19751767786995367,0.0007693395791213238,0.0030673427906969877,-0.0007693395791213236,0.9999947038066894,0.11756705143719287,-0.002303300291241067,0.23646952581820257,-0.011254885852360987,0.01623445926251652,-0.7068415318716762,0.7070960463036166,0.17999999999999997,0.0,0.2,0.0,0.10549272922957754,-0.07364700863550716,0.4683439448229553,0.10079664534023873,0.9696946834563319,-0.22200383831408482,-0.01570200428264169,0,nan,nan,nan,nan,nan,nan,nan,nan
20.38422441482544,1789121632.8489506,r18_z20_w0,0,0.0,-1.2709380307605356,1.2485804488902446,0.02235758187029102,0.0,-0.0015339808305725455,-1.2762720584869385,1.2593982219696045,0.023009711876511574,0.0015339808305725455,0.17952362930445884,-0.00027538602199124365,0.19751767786995367,0.0007693395791213238,0.0030673427906969877,-0.0007693395791213236,0.9999947038066894,0.11757424546004935,-0.002307807185602445,0.23648023710691923,-0.011444952726923942,0.016177865221495415,-0.7065788060640888,0.7073568268950265,0.17999999999999997,0.0,0.2,0.0,0.10548883648247087,-0.07364485338092833,0.46833102200726834,0.10111311061441874,0.9696817696202926,-0.22193505002836986,-0.015434963454416518,0,nan,nan,nan,nan,nan,nan,nan,nan
20.44637441635132,1789121632.8489506,r18_z20_w0,0,0.0,-1.2709380307605356,1.2485804488902446,0.02235758187029102,0.0,-0.0015339808305725455,-1.2762720584869385,1.2593982219696045,0.023009711876511574,0.0015339808305725455,0.17952362930445884,-0.00027538602199124365,0.19751767786995367,0.0007693395791213238,0.0030673427906969877,-0.0007693395791213236,0.9999947038066894,0.11757424546004935,-0.002307807185602445,0.23648023710691923,-0.011444952726923942,0.016177865221495415,-0.7065788060640888,0.7073568268950265,0.17999999999999997,0.0,0.2,0.0,0.10548883648247087,-0.07364485338092833,0.46833102200726834,0.10111311061441874,0.9696817696202926,-0.22193505002836986,-0.015434963454416518,0,nan,nan,nan,nan,nan,nan,nan,nan
20.447041988372803,1789121632.8489506,r18_z20_w0,0,0.0,-1.2709380307605356,1.2485804488902446,0.02235758187029102,0.0,-0.0015339808305725455,-1.2762720584869385,1.2593982219696045,0.023009711876511574,0.0015339808305725455,0.17952362930445884,-0.00027538602199124365,0.19751767786995367,0.0007693395791213238,0.0030673427906969877,-0.0007693395791213236,0.9999947038066894,0.11757424546004935,-0.002307807185602445,0.23648023710691923,-0.011444952726923942,0.016177865221495415,-0.7065788060640888,0.7073568268950265,0.17999999999999997,0.0,0.2,0.0,0.10548883648247087,-0.07364485338092833,0.46833102200726834,0.10111311061441874,0.9696817696202926,-0.22193505002836986,-0.015434963454416518,0,nan,nan,nan,nan,nan,nan,nan,nan
20.44757890701294,1789121632.8823068,r18_z20_w0,0,0.0,-1.2709380307605356,1.2485804488902446,0.02235758187029102,0.0,-0.0015339808305725455,-1.2762720584869385,1.2593982219696045,0.023009711876511574,0.0015339808305725455,0.17952362930445884,-0.00027538602199124365,0.19751767786995367,0.0007693395791213238,0.0030673427906969877,-0.0007693395791213236,0.9999947038066894,0.11759527830692235,-0.0023126166118959124,0.23651348703235936,-0.011204029808564374,0.016205070288454807,-0.7067421464520417,0.7071968635686641,0.17999999999999997,0.0,0.2,0.0,0.10548550732593515,-0.07364111210580107,0.4682917029489402,0.10093624354817812,0.9696676721139985,-0.22205936475431945,-0.015688177724323658,0,nan,nan,nan,nan,nan,nan,nan,nan
20.448153257369995,1789121632.8823068,r18_z20_w0,0,0.0,-1.2709380307605356,1.2485804488902446,0.02235758187029102,0.0,-0.0015339808305725455,-1.2762720584869385,1.2593982219696045,0.023009711876511574,0.0015339808305725455,0.17952362930445884,-0.00027538602199124365,0.19751767786995367,0.0007693395791213238,0.0030673427906969877,-0.0007693395791213236,0.9999947038066894,0.11759527830692235,-0.0023126166118959124,0.23651348703235936,-0.011204029808564374,0.016205070288454807,-0.7067421464520417,0.7071968635686641,0.17999999999999997,0.0,0.2,0.0,0.10548550732593515,-0.07364111210580107,0.4682917029489402,0.10093624354817812,0.9696676721139985,-0.22205936475431945,-0.015688177724323658,0,nan,nan,nan,nan,nan,nan,nan,nan
20.448596954345703,1789121632.8823068,r18_z20_w0,0,0.0,-1.2709380307605356,1.2485804488902446,0.02235758187029102,0.0,-0.0015339808305725455,-1.2762720584869385,1.2593982219696045,0.023009711876511574,0.0015339808305725455,0.17952362930445884,-0.00027538602199124365,0.19751767786995367,0.0007693395791213238,0.0030673427906969877,-0.0007693395791213236,0.9999947038066894,0.11759527830692235,-0.0023126166118959124,0.23651348703235936,-0.011204029808564374,0.016205070288454807,-0.7067421464520417,0.7071968635686641,0.17999999999999997,0.0,0.2,0.0,0.10548550732593515,-0.07364111210580107,0.4682917029489402,0.10093624354817812,0.9696676721139985,-0.22205936475431945,-0.015688177724323658,0,nan,nan,nan,nan,nan,nan,nan,nan
20.449147701263428,1789121632.8823068,r18_z20_w0,0,0.0,-1.2709380307605356,1.2485804488902446,0.02235758187029102,0.0,-0.0015339808305725455,-1.2762720584869385,1.2593982219696045,0.023009711876511574,0.0015339808305725455,0.17952362930445884,-0.00027538602199124365,0.19751767786995367,0.0007693395791213238,0.0030673427906969877,-0.0007693395791213236,0.9999947038066894,0.11759527830692235,-0.0023126166118959124,0.23651348703235936,-0.011204029808564374,0.016205070288454807,-0.7067421464520417,0.7071968635686641,0.17999999999999997,0.0,0.2,0.0,0.10548550732593515,-0.07364111210580107,0.4682917029489402,0.10093624354817812,0.9696676721139985,-0.22205936475431945,-0.015688177724323658,0,nan,nan,nan,nan,nan,nan,nan,nan
20.450029850006104,1789121632.8823068,r18_z20_w0,0,0.0,-1.2709380307605356,1.2485804488902446,0.02235758187029102,0.0,-0.0015339808305725455,-1.2762720584869385,1.2593982219696045,0.023009711876511574,0.0015339808305725455,0.17952362930445884,-0.00027538602199124365,0.19751767786995367,0.0007693395791213238,0.0030673427906969877,-0.0007693395791213236,0.9999947038066894,0.11759527830692235,-0.0023126166118959124,0.23651348703235936,-0.011204029808564374,0.016205070288454807,-0.7067421464520417,0.7071968635686641,0.17999999999999997,0.0,0.2,0.0,0.10548550732593515,-0.07364111210580107,0.4682917029489402,0.10093624354817812,0.9696676721139985,-0.22205936475431945,-0.015688177724323658,0,nan,nan,nan,nan,nan,nan,nan,nan
20.450464248657227,1789121632.8823068,r18_z20_w0,0,0.0,-1.2709380307605356,1.2485804488902446,0.02235758187029102,0.0,-0.0015339808305725455,-1.2762720584869385,1.2593982219696045,0.023009711876511574,0.0015339808305725455,0.17952362930445884,-0.00027538602199124365,0.19751767786995367,0.0007693395791213238,0.0030673427906969877,-0.0007693395791213236,0.9999947038066894,0.11759527830692235,-0.0023126166118959124,0.23651348703235936,-0.011204029808564374,0.016205070288454807,-0.7067421464520417,0.7071968635686641,0.17999999999999997,0.0,0.2,0.0,0.10548550732593515,-0.07364111210580107,0.4682917029489402,0.10093624354817812,0.9696676721139985,-0.22205936475431945,-0.015688177724323658,0,nan,nan,nan,nan,nan,nan,nan,nan
20.451006174087524,1789121632.8823068,r18_z20_w0,0,0.0,-1.2709380307605356,1.2485804488902446,0.02235758187029102,0.0,-0.0015339808305725455,-1.2762720584869385,1.2593982219696045,0.023009711876511574,0.0015339808305725455,0.17952362930445884,-0.00027538602199124365,0.19751767786995367,0.0007693395791213238,0.0030673427906969877,-0.0007693395791213236,0.9999947038066894,0.11759527830692235,-0.0023126166118959124,0.23651348703235936,-0.011204029808564374,0.016205070288454807,-0.7067421464520417,0.7071968635686641,0.17999999999999997,0.0,0.2,0.0,0.10548550732593515,-0.07364111210580107,0.4682917029489402,0.10093624354817812,0.9696676721139985,-0.22205936475431945,-0.015688177724323658,0,nan,nan,nan,nan,nan,nan,nan,nan
20.451419830322266,1789121632.8823068,r18_z20_w0,0,0.0,-1.2709380307605356,1.2485804488902446,0.02235758187029102,0.0,-0.0015339808305725455,-1.2762720584869385,1.2593982219696045,0.023009711876511574,0.0015339808305725455,0.17952362930445884,-0.00027538602199124365,0.19751767786995367,0.0007693395791213238,0.0030673427906969877,-0.0007693395791213236,0.9999947038066894,0.11759527830692235,-0.0023126166118959124,0.23651348703235936,-0.011204029808564374,0.016205070288454807,-0.7067421464520417,0.7071968635686641,0.17999999999999997,0.0,0.2,0.0,0.10548550732593515,-0.07364111210580107,0.4682917029489402,0.10093624354817812,0.9696676721139985,-0.22205936475431945,-0.015688177724323658,0,nan,nan,nan,nan,nan,nan,nan,nan
20.45191192626953,1789121632.9156632,r18_z20_w0,0,0.0,-1.2709380307605356,1.2485804488902446,0.02235758187029102,0.0,-0.0015339808305725455,-1.2762720584869385,1.2593982219696045,0.023009711876511574,0.0015339808305725455,0.17948231732712808,-0.0002753226501602385,0.19745932430807575,0.0007693395791213239,0.003067342790697265,-0.0007693395791213237,0.9999947038066894,0.11754837496794723,-0.002292517958313506,0.23644737242549757,-0.010939396272512334,0.016395011353192178,-0.7067849394972928,0.7071538605648207,0.17999999999999997,0.0,0.2,0.0,0.105501508411418,-0.07365503759465657,0.4683724808317228,0.10095443194294301,0.9696562377628835,-0.22207745576648985,-0.016018329466296173,0,nan,nan,nan,nan,nan,nan,nan,nan
20.452449560165405,1789121632.9156632,r18_z20_w0,0,0.0,-1.2709380307605356,1.2485804488902446,0.02235758187029102,0.0,-0.0015339808305725455,-1.2762720584869385,1.2593982219696045,0.023009711876511574,0.0015339808305725455,0.17948231732712808,-0.0002753226501602385,0.19745932430807575,0.0007693395791213239,0.003067342790697265,-0.0007693395791213237,0.9999947038066894,0.11754837496794723,-0.002292517958313506,0.23644737242549757,-0.010939396272512334,0.016395011353192178,-0.7067849394972928,0.7071538605648207,0.17999999999999997,0.0,0.2,0.0,0.105501508411418,-0.07365503759465657,0.4683724808317228,0.10095443194294301,0.9696562377628835,-0.22207745576648985,-0.016018329466296173,0,nan,nan,nan,nan,nan,nan,nan,nan
20.45931911468506,1789121632.9156632,r18_z20_w0,0,0.0,-1.2709380307605356,1.2485804488902446,0.02235758187029102,0.0,-0.0015339808305725455,-1.2762720584869385,1.2593982219696045,0.023009711876511574,0.0015339808305725455,0.17948231732712808,-0.0002753226501602385,0.19745932430807575,0.0007693395791213239,0.003067342790697265,-0.0007693395791213237,0.9999947038066894,0.11754837496794723,-0.002292517958313506,0.23644737242549757,-0.010939396272512334,0.016395011353192178,-0.7067849394972928,0.7071538605648207,0.17999999999999997,0.0,0.2,0.0,0.105501508411418,-0.07365503759465657,0.4683724808317228,0.10095443194294301,0.9696562377628835,-0.22207745576648985,-0.016018329466296173,0,nan,nan,nan,nan,nan,nan,nan,nan
20.469305753707886,1789121632.9156632,r18_z20_w0,0,0.0,-1.2709380307605356,1.2485804488902446,0.02235758187029102,0.0,-0.0015339808305725455,-1.2762720584869385,1.2593982219696045,0.023009711876511574,0.0015339808305725455,0.17948231732712808,-0.0002753226501602385,0.19745932430807575,0.0007693395791213239,0.003067342790697265,-0.0007693395791213237,0.9999947038066894,0.11754837496794723,-0.002292517958313506,0.23644737242549757,-0.010939396272512334,0.016395011353192178,-0.7067849394972928,0.7071538605648207,0.17999999999999997,0.0,0.2,0.0,0.105501508411418,-0.07365503759465657,0.4683724808317228,0.10095443194294301,0.9696562377628835,-0.22207745576648985,-0.016018329466296173,0,nan,nan,nan,nan,nan,nan,nan,nan
20.479467153549194,1789121632.9156632,r18_z20_w0,0,0.0,-1.2709380307605356,1.2485804488902446,0.02235758187029102,0.0,-0.0015339808305725455,-1.2762720584869385,1.2593982219696045,0.023009711876511574,0.0015339808305725455,0.17948231732712808,-0.0002753226501602385,0.19745932430807575,0.0007693395791213239,0.003067342790697265,-0.0007693395791213237,0.9999947038066894,0.11754837496794723,-0.002292517958313506,0.23644737242549757,-0.010939396272512334,0.016395011353192178,-0.7067849394972928,0.7071538605648207,0.17999999999999997,0.0,0.2,0.0,0.105501508411418,-0.07365503759465657,0.4683724808317228,0.10095443194294301,0.9696562377628835,-0.22207745576648985,-0.016018329466296173,0,nan,nan,nan,nan,nan,nan,nan,nan
20.48436713218689,1789121632.9156632,r18_z20_w0,0,0.0,-1.2709380307605356,1.2485804488902446,0.02235758187029102,0.0,-0.0015339808305725455,-1.2762720584869385,1.2593982219696045,0.023009711876511574,0.0015339808305725455,0.17948231732712808,-0.0002753226501602385,0.19745932430807575,0.0007693395791213239,0.003067342790697265,-0.0007693395791213237,0.9999947038066894,0.11754837496794723,-0.002292517958313506,0.23644737242549757,-0.010939396272512334,0.016395011353192178,-0.7067849394972928,0.7071538605648207,0.17999999999999997,0.0,0.2,0.0,0.105501508411418,-0.07365503759465657,0.4683724808317228,0.10095443194294301,0.9696562377628835,-0.22207745576648985,-0.016018329466296173,0,nan,nan,nan,nan,nan,nan,nan,nan
20.48509931564331,1789121632.9490194,r18_z20_w0,0,0.0,-1.2709380307605356,1.2485804488902446,0.02235758187029102,0.0,-0.0015339808305725455,-1.2762720584869385,1.2593982219696045,0.02147573232650757,0.0015339808305725455,0.17940446579355573,-0.00027520322730643665,0.19734920597182287,0.0007693395791213233,0.003067342790697041,-0.0007693395791213234,0.9999947038066894,0.11753624776076105,-0.0022851424428106115,0.23642546682836907,-0.01131358639707811,0.016417552094410547,-0.7067095230636062,0.7072228197373678,0.17999999999999997,0.0,0.2,0.0,0.10550814402412127,-0.073656845487198,0.4683976606398483,0.10099656169555887,0.9697128759496939,-0.22183177131135695,-0.01572571079202704,0,nan,nan,nan,nan,nan,nan,nan,nan
20.48928737640381,1789121632.9490194,r18_z20_w0,0,0.0,-1.2709380307605356,1.2485804488902446,0.02235758187029102,0.0,-0.0015339808305725455,-1.2762720584869385,1.2593982219696045,0.02147573232650757,0.0015339808305725455,0.17940446579355573,-0.00027520322730643665,0.19734920597182287,0.0007693395791213233,0.003067342790697041,-0.0007693395791213234,0.9999947038066894,0.11753624776076105,-0.0022851424428106115,0.23642546682836907,-0.01131358639707811,0.016417552094410547,-0.7067095230636062,0.7072228197373678,0.17999999999999997,0.0,0.2,0.0,0.10550814402412127,-0.073656845487198,0.4683976606398483,0.10099656169555887,0.9697128759496939,-0.22183177131135695,-0.01572571079202704,0,nan,nan,nan,nan,nan,nan,nan,nan
20.49924349784851,1789121632.9490194,r18_z20_w0,0,0.0,-1.2709380307605356,1.2485804488902446,0.02235758187029102,0.0,-0.0015339808305725455,-1.2762720584869385,1.2593982219696045,0.02147573232650757,0.0015339808305725455,0.17940446579355573,-0.00027520322730643665,0.19734920597182287,0.0007693395791213233,0.003067342790697041,-0.0007693395791213234,0.9999947038066894,0.11753624776076105,-0.0022851424428106115,0.23642546682836907,-0.01131358639707811,0.016417552094410547,-0.7067095230636062,0.7072228197373678,0.17999999999999997,0.0,0.2,0.0,0.10550814402412127,-0.073656845487198,0.4683976606398483,0.10099656169555887,0.9697128759496939,-0.22183177131135695,-0.01572571079202704,0,nan,nan,nan,nan,nan,nan,nan,nan
20.509403228759766,1789121632.9490194,r18_z20_w0,0,0.0,-1.2709380307605356,1.2485804488902446,0.02235758187029102,0.0,-0.0015339808305725455,-1.2762720584869385,1.2593982219696045,0.02147573232650757,0.0015339808305725455,0.17940446579355573,-0.00027520322730643665,0.19734920597182287,0.0007693395791213233,0.003067342790697041,-0.0007693395791213234,0.9999947038066894,0.11753624776076105,-0.0022851424428106115,0.23642546682836907,-0.01131358639707811,0.016417552094410547,-0.7067095230636062,0.7072228197373678,0.17999999999999997,0.0,0.2,0.0,0.10550814402412127,-0.073656845487198,0.4683976606398483,0.10099656169555887,0.9697128759496939,-0.22183177131135695,-0.01572571079202704,0,nan,nan,nan,nan,nan,nan,nan,nan
20.51107096672058,1789121632.9490194,r18_z20_w0,0,0.0,-1.2709380307605356,1.2485804488902446,0.02235758187029102,0.0,-0.0015339808305725455,-1.2762720584869385,1.2593982219696045,0.02147573232650757,0.0015339808305725455,0.17940446579355573,-0.00027520322730643665,0.19734920597182287,0.0007693395791213233,0.003067342790697041,-0.0007693395791213234,0.9999947038066894,0.11753624776076105,-0.0022851424428106115,0.23642546682836907,-0.01131358639707811,0.016417552094410547,-0.7067095230636062,0.7072228197373678,0.17999999999999997,0.0,0.2,0.0,0.10550814402412127,-0.073656845487198,0.4683976606398483,0.10099656169555887,0.9697128759496939,-0.22183177131135695,-0.01572571079202704,0,nan,nan,nan,nan,nan,nan,nan,nan
20.518146514892578,1789121632.9490194,r18_z20_w0,0,0.0,-1.2709380307605356,1.2485804488902446,0.02235758187029102,0.0,-0.0015339808305725455,-1.2762720584869385,1.2593982219696045,0.02147573232650757,0.0015339808305725455,0.17940446579355573,-0.00027520322730643665,0.19734920597182287,0.0007693395791213233,0.003067342790697041,-0.0007693395791213234,0.9999947038066894,0.11753624776076105,-0.0022851424428106115,0.23642546682836907,-0.01131358639707811,0.016417552094410547,-0.7067095230636062,0.7072228197373678,0.17999999999999997,0.0,0.2,0.0,0.10550814402412127,-0.073656845487198,0.4683976606398483,0.10099656169555887,0.9697128759496939,-0.22183177131135695,-0.01572571079202704,0,nan,nan,nan,nan,nan,nan,nan,nan
20.518862009048462,1789121632.9823756,r18_z20_w0,0,0.0,-1.2709380307605356,1.2485804488902446,0.02235758187029102,0.0,-0.0015339808305725455,-1.2762720584869385,1.2593982219696045,0.023009711876511574,0.0015339808305725455,0.17944108547382137,-0.0002752594012380468,0.1974991439978162,0.0007691010198847397,0.0027554016079487467,-0.0007691010198847397,0.9999956123549849,0.11758063372149996,-0.0023095077951635623,0.23649019678390149,-0.01120478520300669,0.016191553078997396,-0.7067258332778663,0.7072134635137755,0.17999999999999997,0.0,0.2,0.0,0.10548760084440637,-0.07364360488382793,0.46831919781273357,0.10095616563479795,0.9696635197366197,-0.22206946092636604,-0.015673724387737033,0,nan,nan,nan,nan,nan,nan,nan,nan
20.519636392593384,1789121632.9823756,r18_z20_w0,0,0.0,-1.2709380307605356,1.2485804488902446,0.02235758187029102,0.0,-0.0015339808305725455,-1.2762720584869385,1.2593982219696045,0.023009711876511574,0.0015339808305725455,0.17944108547382137,-0.0002752594012380468,0.1974991439978162,0.0007691010198847397,0.0027554016079487467,-0.0007691010198847397,0.9999956123549849,0.11758063372149996,-0.0023095077951635623,0.23649019678390149,-0.01120478520300669,0.016191553078997396,-0.7067258332778663,0.7072134635137755,0.17999999999999997,0.0,0.2,0.0,0.10548760084440637,-0.07364360488382793,0.46831919781273357,0.10095616563479795,0.9696635197366197,-0.22206946092636604,-0.015673724387737033,0,nan,nan,nan,nan,nan,nan,nan,nan
20.529258251190186,1789121632.9823756,r18_z20_w0,0,0.0,-1.2709380307605356,1.2485804488902446,0.02235758187029102,0.0,-0.0015339808305725455,-1.2762720584869385,1.2593982219696045,0.023009711876511574,0.0015339808305725455,0.17944108547382137,-0.0002752594012380468,0.1974991439978162,0.0007691010198847397,0.0027554016079487467,-0.0007691010198847397,0.9999956123549849,0.11758063372149996,-0.0023095077951635623,0.23649019678390149,-0.01120478520300669,0.016191553078997396,-0.7067258332778663,0.7072134635137755,0.17999999999999997,0.0,0.2,0.0,0.10548760084440637,-0.07364360488382793,0.46831919781273357,0.10095616563479795,0.9696635197366197,-0.22206946092636604,-0.015673724387737033,0,nan,nan,nan,nan,nan,nan,nan,nan
20.53921604156494,1789121632.9823756,r18_z20_w0,0,0.0,-1.2709380307605356,1.2485804488902446,0.02235758187029102,0.0,-0.0015339808305725455,-1.2762720584869385,1.2593982219696045,0.023009711876511574,0.0015339808305725455,0.17944108547382137,-0.0002752594012380468,0.1974991439978162,0.0007691010198847397,0.0027554016079487467,-0.0007691010198847397,0.9999956123549849,0.11758063372149996,-0.0023095077951635623,0.23649019678390149,-0.01120478520300669,0.016191553078997396,-0.7067258332778663,0.7072134635137755,0.17999999999999997,0.0,0.2,0.0,0.10548760084440637,-0.07364360488382793,0.46831919781273357,0.10095616563479795,0.9696635197366197,-0.22206946092636604,-0.015673724387737033,0,nan,nan,nan,nan,nan,nan,nan,nan
20.549277782440186,1789121632.9823756,r18_z20_w0,0,0.0,-1.2709380307605356,1.2485804488902446,0.02235758187029102,0.0,-0.0015339808305725455,-1.2762720584869385,1.2593982219696045,0.023009711876511574,0.0015339808305725455,0.17944108547382137,-0.0002752594012380468,0.1974991439978162,0.0007691010198847397,0.0027554016079487467,-0.0007691010198847397,0.9999956123549849,0.11758063372149996,-0.0023095077951635623,0.23649019678390149,-0.01120478520300669,0.016191553078997396,-0.7067258332778663,0.7072134635137755,0.17999999999999997,0.0,0.2,0.0,0.10548760084440637,-0.07364360488382793,0.46831919781273357,0.10095616563479795,0.9696635197366197,-0.22206946092636604,-0.015673724387737033,0,nan,nan,nan,nan,nan,nan,nan,nan
20.55978012084961,1789121632.9823756,r18_z20_w0,0,0.0,-1.2709380307605356,1.2485804488902446,0.02235758187029102,0.0,-0.0015339808305725455,-1.2762720584869385,1.2593982219696045,0.023009711876511574,0.0015339808305725455,0.17944108547382137,-0.0002752594012380468,0.1974991439978162,0.0007691010198847397,0.0027554016079487467,-0.0007691010198847397,0.9999956123549849,0.11758063372149996,-0.0023095077951635623,0.23649019678390149,-0.01120478520300669,0.016191553078997396,-0.7067258332778663,0.7072134635137755,0.17999999999999997,0.0,0.2,0.0,0.10548760084440637,-0.07364360488382793,0.46831919781273357,0.10095616563479795,0.9696635197366197,-0.22206946092636604,-0.015673724387737033,0,nan,nan,nan,nan,nan,nan,nan,nan
20.560477018356323,1789121632.9823756,r18_z20_w0,0,0.0,-1.2709380307605356,1.2485804488902446,0.02235758187029102,0.0,-0.0015339808305725455,-1.2762720584869385,1.2593982219696045,0.023009711876511574,0.0015339808305725455,0.17944108547382137,-0.0002752594012380468,0.1974991439978162,0.0007691010198847397,0.0027554016079487467,-0.0007691010198847397,0.9999956123549849,0.11758063372149996,-0.0023095077951635623,0.23649019678390149,-0.01120478520300669,0.016191553078997396,-0.7067258332778663,0.7072134635137755,0.17999999999999997,0.0,0.2,0.0,0.10548760084440637,-0.07364360488382793,0.46831919781273357,0.10095616563479795,0.9696635197366197,-0.22206946092636604,-0.015673724387737033,0,nan,nan,nan,nan,nan,nan,nan,nan
20.561259746551514,1789121632.9823756,r18_z20_w0,0,0.0,-1.2709380307605356,1.2485804488902446,0.02235758187029102,0.0,-0.0015339808305725455,-1.2762720584869385,1.2593982219696045,0.023009711876511574,0.0015339808305725455,0.17944108547382137,-0.0002752594012380468,0.1974991439978162,0.0007691010198847397,0.0027554016079487467,-0.0007691010198847397,0.9999956123549849,0.11758063372149996,-0.0023095077951635623,0.23649019678390149,-0.01120478520300669,0.016191553078997396,-0.7067258332778663,0.7072134635137755,0.17999999999999997,0.0,0.2,0.0,0.10548760084440637,-0.07364360488382793,0.46831919781273357,0.10095616563479795,0.9696635197366197,-0.22206946092636604,-0.015673724387737033,0,nan,nan,nan,nan,nan,nan,nan,nan
20.56176471710205,1789121633.015732,r18_z20_w0,0,0.0,-1.2709380307605356,1.2485804488902446,0.02235758187029102,0.0,-0.0015339808305725455,-1.2762720584869385,1.2593982219696045,0.02147573232650757,0.0015339808305725455,0.1795196488411115,-0.00027537991603198276,0.19774442071032558,0.0007687748431520605,0.0023290492223183934,-0.0007687748431520603,0.9999966967446448,0.11755370639718399,-0.0023008353511908275,0.23644972514274476,-0.01124762199479876,0.01604466778290984,-0.7066599843126969,0.7072819283753664,0.17999999999999997,0.0,0.2,0.0,0.10549416887895102,-0.07364986534742252,0.4683677355643811,0.10101462124115973,0.9696400269472261,-0.22215563171208924,-0.015528674634054067,0,nan,nan,nan,nan,nan,nan,nan,nan
20.56928300857544,1789121633.015732,r18_z20_w0,0,0.0,-1.2709380307605356,1.2485804488902446,0.02235758187029102,0.0,-0.0015339808305725455,-1.2762720584869385,1.2593982219696045,0.02147573232650757,0.0015339808305725455,0.1795196488411115,-0.00027537991603198276,0.19774442071032558,0.0007687748431520605,0.0023290492223183934,-0.0007687748431520603,0.9999966967446448,0.11755370639718399,-0.0023008353511908275,0.23644972514274476,-0.01124762199479876,0.01604466778290984,-0.7066599843126969,0.7072819283753664,0.17999999999999997,0.0,0.2,0.0,0.10549416887895102,-0.07364986534742252,0.4683677355643811,0.10101462124115973,0.9696400269472261,-0.22215563171208924,-0.015528674634054067,0,nan,nan,nan,nan,nan,nan,nan,nan
20.57946538925171,1789121633.015732,r18_z20_w0,0,0.0,-1.2709380307605356,1.2485804488902446,0.02235758187029102,0.0,-0.0015339808305725455,-1.2762720584869385,1.2593982219696045,0.02147573232650757,0.0015339808305725455,0.1795196488411115,-0.00027537991603198276,0.19774442071032558,0.0007687748431520605,0.0023290492223183934,-0.0007687748431520603,0.9999966967446448,0.11755370639718399,-0.0023008353511908275,0.23644972514274476,-0.01124762199479876,0.01604466778290984,-0.7066599843126969,0.7072819283753664,0.17999999999999997,0.0,0.2,0.0,0.10549416887895102,-0.07364986534742252,0.4683677355643811,0.10101462124115973,0.9696400269472261,-0.22215563171208924,-0.015528674634054067,0,nan,nan,nan,nan,nan,nan,nan,nan
20.58384346961975,1789121633.015732,r18_z20_w0,0,0.0,-1.2709380307605356,1.2485804488902446,0.02235758187029102,0.0,-0.0015339808305725455,-1.2762720584869385,1.2593982219696045,0.02147573232650757,0.0015339808305725455,0.1795196488411115,-0.00027537991603198276,0.19774442071032558,0.0007687748431520605,0.0023290492223183934,-0.0007687748431520603,0.9999966967446448,0.11755370639718399,-0.0023008353511908275,0.23644972514274476,-0.01124762199479876,0.01604466778290984,-0.7066599843126969,0.7072819283753664,0.17999999999999997,0.0,0.2,0.0,0.10549416887895102,-0.07364986534742252,0.4683677355643811,0.10101462124115973,0.9696400269472261,-0.22215563171208924,-0.015528674634054067,0,nan,nan,nan,nan,nan,nan,nan,nan
20.584794521331787,1789121633.0490885,r18_z20_w0,0,0.0,-1.2709380307605356,1.2485804488902446,0.02235758187029102,0.0,-0.0015339808305725455,-1.2762720584869385,1.2593982219696045,0.023009711876511574,0.0015339808305725455,0.17952416652984393,-0.0002753868460853325,0.1976095712304968,0.0007691179925572696,0.0027775919303235567,-0.0007691179925572696,0.9999955509391508,0.11755114880294071,-0.002295402547137504,0.236451109776818,-0.011234347027700393,0.016433385581673073,-0.7067400359926145,0.7071932231083268,0.17999999999999997,0.0,0.2,0.0,0.10549891347985696,-0.07365379666199928,0.4683678215158416,0.10097117079830038,0.9697059585029131,-0.2218679076821244,-0.015805323543767687,0,nan,nan,nan,nan,nan,nan,nan,nan
20.589235544204712,1789121633.0490885,r18_z20_w0,0,0.0,-1.2709380307605356,1.2485804488902446,0.02235758187029102,0.0,-0.0015339808305725455,-1.2762720584869385,1.2593982219696045,0.023009711876511574,0.0015339808305725455,0.17952416652984393,-0.0002753868460853325,0.1976095712304968,0.0007691179925572696,0.0027775919303235567,-0.0007691179925572696,0.9999955509391508,0.11755114880294071,-0.002295402547137504,0.236451109776818,-0.011234347027700393,0.016433385581673073,-0.7067400359926145,0.7071932231083268,0.17999999999999997,0.0,0.2,0.0,0.10549891347985696,-0.07365379666199928,0.4683678215158416,0.10097117079830038,0.9697059585029131,-0.2218679076821244,-0.015805323543767687,0,nan,nan,nan,nan,nan,nan,nan,nan
20.59924602508545,1789121633.0490885,r18_z20_w0,0,0.0,-1.2709380307605356,1.2485804488902446,0.02235758187029102,0.0,-0.0015339808305725455,-1.2762720584869385,1.2593982219696045,0.023009711876511574,0.0015339808305725455,0.17952416652984393,-0.0002753868460853325,0.1976095712304968,0.0007691179925572696,0.0027775919303235567,-0.0007691179925572696,0.9999955509391508,0.11755114880294071,-0.002295402547137504,0.236451109776818,-0.011234347027700393,0.016433385581673073,-0.7067400359926145,0.7071932231083268,0.17999999999999997,0.0,0.2,0.0,0.10549891347985696,-0.07365379666199928,0.4683678215158416,0.10097117079830038,0.9697059585029131,-0.2218679076821244,-0.015805323543767687,0,nan,nan,nan,nan,nan,nan,nan,nan
20.60933208465576,1789121633.0490885,r18_z20_w0,0,0.0,-1.2709380307605356,1.2485804488902446,0.02235758187029102,0.0,-0.0015339808305725455,-1.2762720584869385,1.2593982219696045,0.023009711876511574,0.0015339808305725455,0.17952416652984393,-0.0002753868460853325,0.1976095712304968,0.0007691179925572696,0.0027775919303235567,-0.0007691179925572696,0.9999955509391508,0.11755114880294071,-0.002295402547137504,0.236451109776818,-0.011234347027700393,0.016433385581673073,-0.7067400359926145,0.7071932231083268,0.17999999999999997,0.0,0.2,0.0,0.10549891347985696,-0.07365379666199928,0.4683678215158416,0.10097117079830038,0.9697059585029131,-0.2218679076821244,-0.015805323543767687,0,nan,nan,nan,nan,nan,nan,nan,nan
20.61698269844055,1789121633.0490885,r18_z20_w0,0,0.0,-1.2709380307605356,1.2485804488902446,0.02235758187029102,0.0,-0.0015339808305725455,-1.2762720584869385,1.2593982219696045,0.023009711876511574,0.0015339808305725455,0.17952416652984393,-0.0002753868460853325,0.1976095712304968,0.0007691179925572696,0.0027775919303235567,-0.0007691179925572696,0.9999955509391508,0.11755114880294071,-0.002295402547137504,0.236451109776818,-0.011234347027700393,0.016433385581673073,-0.7067400359926145,0.7071932231083268,0.17999999999999997,0.0,0.2,0.0,0.10549891347985696,-0.07365379666199928,0.4683678215158416,0.10097117079830038,0.9697059585029131,-0.2218679076821244,-0.015805323543767687,0,nan,nan,nan,nan,nan,nan,nan,nan
20.61773371696472,1789121633.0824447,r18_z20_w0,0,0.0,-1.2709380307605356,1.2485804488902446,0.02235758187029102,0.0,-0.0015339808305725455,-1.2762720584869385,1.2593982219696045,0.023009711876511574,0.0015339808305725455,0.17952362930445884,-0.00027538602199124365,0.19751767786995367,0.0007693395791213238,0.0030673427906969877,-0.0007693395791213236,0.9999947038066894,0.11756123999439483,-0.0023008286160093316,0.23645966752190328,-0.01098669564886986,0.016426764521621187,-0.7068422842211748,0.7070950708094792,0.17999999999999997,0.0,0.2,0.0,0.10549481952769861,-0.0736479591918491,0.4683554250297556,0.10087321071426548,0.9696770612331546,-0.22202317345614905,-0.01602194516558461,0,nan,nan,nan,nan,nan,nan,nan,nan
20.680092573165894,1789121633.0824447,r18_z20_w0,0,0.0,-1.2709380307605356,1.2485804488902446,0.02235758187029102,0.0,-0.0015339808305725455,-1.2762720584869385,1.2593982219696045,0.023009711876511574,0.0015339808305725455,0.17952418494295083,-0.00027538687433070763,0.19740344726039663,0.0007694811058460284,0.0032524499419702554,-0.0007694811058460285,0.9999941186662202,0.11756123999439483,-0.0023008286160093316,0.23645966752190328,-0.01098669564886986,0.016426764521621187,-0.7068422842211748,0.7070950708094792,0.17999999999999997,0.0,0.2,0.0,0.10549481952769861,-0.0736479591918491,0.4683554250297556,0.10087321071426548,0.9696770612331546,-0.22202317345614905,-0.01602194516558461,0,nan,nan,nan,nan,nan,nan,nan,nan
20.68083095550537,1789121633.0824447,r18_z20_w0,0,0.0,-1.2709380307605356,1.2485804488902446,0.02235758187029102,0.0,-0.0015339808305725455,-1.2762720584869385,1.2593982219696045,0.023009711876511574,0.0015339808305725455,0.17952418494295083,-0.00027538687433070763,0.19740344726039663,0.0007694811058460284,0.0032524499419702554,-0.0007694811058460285,0.9999941186662202,0.11756123999439483,-0.0023008286160093316,0.23645966752190328,-0.01098669564886986,0.016426764521621187,-0.7068422842211748,0.7070950708094792,0.17999999999999997,0.0,0.2,0.0,0.10549481952769861,-0.0736479591918491,0.4683554250297556,0.10087321071426548,0.9696770612331546,-0.22202317345614905,-0.01602194516558461,0,nan,nan,nan,nan,nan,nan,nan,nan
20.681389808654785,1789121633.1158009,r18_z20_w0,0,0.0,-1.2709380307605356,1.2485804488902446,0.02235758187029102,0.0,-0.0015339808305725455,-1.2762720584869385,1.2593982219696045,0.023009711876511574,0.0015339808305725455,0.17952530490431945,-0.00027538859233132564,0.19714006707844475,0.0007698073209716127,0.003679247722993871,-0.0007698073209716127,0.9999926389376924,0.11751180835361497,-0.002279082005183175,0.23639336510024833,-0.010981513689357323,0.01646050809189102,-0.7068399326516509,0.7070967173162784,0.17999999999999997,0.0,0.2,0.0,0.10551198113880103,-0.07366430986710473,0.46843758674731906,0.10088281629127832,0.9696807760277296,-0.2220008599205757,-0.016045814841421226,0,nan,nan,nan,nan,nan,nan,nan,nan
20.681978464126587,1789121633.1158009,r18_z20_w0,0,0.0,-1.2709380307605356,1.2485804488902446,0.02235758187029102,0.0,-0.0015339808305725455,-1.2762720584869385,1.2593982219696045,0.023009711876511574,0.0015339808305725455,0.17952530490431945,-0.00027538859233132564,0.19714006707844475,0.0007698073209716127,0.003679247722993871,-0.0007698073209716127,0.9999926389376924,0.11751180835361497,-0.002279082005183175,0.23639336510024833,-0.010981513689357323,0.01646050809189102,-0.7068399326516509,0.7070967173162784,0.17999999999999997,0.0,0.2,0.0,0.10551198113880103,-0.07366430986710473,0.46843758674731906,0.10088281629127832,0.9696807760277296,-0.2220008599205757,-0.016045814841421226,0,nan,nan,nan,nan,nan,nan,nan,nan
20.68241572380066,1789121633.1158009,r18_z20_w0,0,0.0,-1.2709380307605356,1.2485804488902446,0.02235758187029102,0.0,-0.0015339808305725455,-1.2762720584869385,1.2593982219696045,0.023009711876511574,0.0015339808305725455,0.17952530490431945,-0.00027538859233132564,0.19714006707844475,0.0007698073209716127,0.003679247722993871,-0.0007698073209716127,0.9999926389376924,0.11751180835361497,-0.002279082005183175,0.23639336510024833,-0.010981513689357323,0.01646050809189102,-0.7068399326516509,0.7070967173162784,0.17999999999999997,0.0,0.2,0.0,0.10551198113880103,-0.07366430986710473,0.46843758674731906,0.10088281629127832,0.9696807760277296,-0.2220008599205757,-0.016045814841421226,0,nan,nan,nan,nan,nan,nan,nan,nan
20.683172464370728,1789121633.1158009,r18_z20_w0,0,0.0,-1.2709380307605356,1.2485804488902446,0.02235758187029102,0.0,-0.0015339808305725455,-1.2762720584869385,1.2593982219696045,0.023009711876511574,0.0015339808305725455,0.17952530490431945,-0.00027538859233132564,0.19714006707844475,0.0007698073209716127,0.003679247722993871,-0.0007698073209716127,0.9999926389376924,0.11751180835361497,-0.002279082005183175,0.23639336510024833,-0.010981513689357323,0.01646050809189102,-0.7068399326516509,0.7070967173162784,0.17999999999999997,0.0,0.2,0.0,0.10551198113880103,-0.07366430986710473,0.46843758674731906,0.10088281629127832,0.9696807760277296,-0.2220008599205757,-0.016045814841421226,0,nan,nan,nan,nan,nan,nan,nan,nan
20.683601140975952,1789121633.1158009,r18_z20_w0,0,0.0,-1.2709380307605356,1.2485804488902446,0.02235758187029102,0.0,-0.0015339808305725455,-1.2762720584869385,1.2593982219696045,0.023009711876511574,0.0015339808305725455,0.17952530490431945,-0.00027538859233132564,0.19714006707844475,0.0007698073209716127,0.003679247722993871,-0.0007698073209716127,0.9999926389376924,0.11751180835361497,-0.002279082005183175,0.23639336510024833,-0.010981513689357323,0.01646050809189102,-0.7068399326516509,0.7070967173162784,0.17999999999999997,0.0,0.2,0.0,0.10551198113880103,-0.07366430986710473,0.46843758674731906,0.10088281629127832,0.9696807760277296,-0.2220008599205757,-0.016045814841421226,0,nan,nan,nan,nan,nan,nan,nan,nan
20.68414568901062,1789121633.1158009,r18_z20_w0,0,0.0,-1.2709380307605356,1.2485804488902446,0.02235758187029102,0.0,-0.0015339808305725455,-1.2762720584869385,1.2593982219696045,0.023009711876511574,0.0015339808305725455,0.17952530490431945,-0.00027538859233132564,0.19714006707844475,0.0007698073209716127,0.003679247722993871,-0.0007698073209716127,0.9999926389376924,0.11751180835361497,-0.002279082005183175,0.23639336510024833,-0.010981513689357323,0.01646050809189102,-0.7068399326516509,0.7070967173162784,0.17999999999999997,0.0,0.2,0.0,0.10551198113880103,-0.07366430986710473,0.46843758674731906,0.10088281629127832,0.9696807760277296,-0.2220008599205757,-0.016045814841421226,0,nan,nan,nan,nan,nan,nan,nan,nan
20.684566497802734,1789121633.1158009,r18_z20_w0,0,0.0,-1.2709380307605356,1.2485804488902446,0.02235758187029102,0.0,-0.0015339808305725455,-1.2762720584869385,1.2593982219696045,0.023009711876511574,0.0015339808305725455,0.17952530490431945,-0.00027538859233132564,0.19714006707844475,0.0007698073209716127,0.003679247722993871,-0.0007698073209716127,0.9999926389376924,0.11751180835361497,-0.002279082005183175,0.23639336510024833,-0.010981513689357323,0.01646050809189102,-0.7068399326516509,0.7070967173162784,0.17999999999999997,0.0,0.2,0.0,0.10551198113880103,-0.07366430986710473,0.46843758674731906,0.10088281629127832,0.9696807760277296,-0.2220008599205757,-0.016045814841421226,0,nan,nan,nan,nan,nan,nan,nan,nan
20.68506646156311,1789121633.149157,r18_z20_w0,0,0.0,-1.2709380307605356,1.2485804488902446,0.02235758187029102,0.0,-0.0015339808305725455,-1.2762720584869385,1.2593982219696045,0.023009711876511574,0.0015339808305725455,0.17952557560083834,-0.00027538900757492226,0.19734851305464626,0.0007694281819162739,0.0031832250845474238,-0.0007694281819162737,0.9999943415032941,0.1175109665514209,-0.0022756542066592056,0.23639432332140714,-0.011237117246661831,0.016451362425638917,-0.7067587378779437,0.7071740707233978,0.17999999999999997,0.0,0.2,0.0,0.10551511130338243,-0.07366616262860565,0.46843720469240413,0.10094810456335022,0.9697116990933965,-0.22185221767173421,-0.01582069342976252,0,nan,nan,nan,nan,nan,nan,nan,nan
20.685601711273193,1789121633.149157,r18_z20_w0,0,0.0,-1.2709380307605356,1.2485804488902446,0.02235758187029102,0.0,-0.0015339808305725455,-1.2762720584869385,1.2593982219696045,0.023009711876511574,0.0015339808305725455,0.17952557560083834,-0.00027538900757492226,0.19734851305464626,0.0007694281819162739,0.0031832250845474238,-0.0007694281819162737,0.9999943415032941,0.1175109665514209,-0.0022756542066592056,0.23639432332140714,-0.011237117246661831,0.016451362425638917,-0.7067587378779437,0.7071740707233978,0.17999999999999997,0.0,0.2,0.0,0.10551511130338243,-0.07366616262860565,0.46843720469240413,0.10094810456335022,0.9697116990933965,-0.22185221767173421,-0.01582069342976252,0,nan,nan,nan,nan,nan,nan,nan,nan
20.68928050994873,1789121633.149157,r18_z20_w0,0,0.0,-1.2709380307605356,1.2485804488902446,0.02235758187029102,0.0,-0.0015339808305725455,-1.2762720584869385,1.2593982219696045,0.023009711876511574,0.0015339808305725455,0.17952557560083834,-0.00027538900757492226,0.19734851305464626,0.0007694281819162739,0.0031832250845474238,-0.0007694281819162737,0.9999943415032941,0.1175109665514209,-0.0022756542066592056,0.23639432332140714,-0.011237117246661831,0.016451362425638917,-0.7067587378779437,0.7071740707233978,0.17999999999999997,0.0,0.2,0.0,0.10551511130338243,-0.07366616262860565,0.46843720469240413,0.10094810456335022,0.9697116990933965,-0.22185221767173421,-0.01582069342976252,0,nan,nan,nan,nan,nan,nan,nan,nan
20.699296951293945,1789121633.149157,r18_z20_w0,0,0.0,-1.2709380307605356,1.2485804488902446,0.02235758187029102,0.0,-0.0015339808305725455,-1.2762720584869385,1.2593982219696045,0.023009711876511574,0.0015339808305725455,0.17952557560083834,-0.00027538900757492226,0.19734851305464626,0.0007694281819162739,0.0031832250845474238,-0.0007694281819162737,0.9999943415032941,0.1175109665514209,-0.0022756542066592056,0.23639432332140714,-0.011237117246661831,0.016451362425638917,-0.7067587378779437,0.7071740707233978,0.17999999999999997,0.0,0.2,0.0,0.10551511130338243,-0.07366616262860565,0.46843720469240413,0.10094810456335022,0.9697116990933965,-0.22185221767173421,-0.01582069342976252,0,nan,nan,nan,nan,nan,nan,nan,nan
20.709278106689453,1789121633.149157,r18_z20_w0,0,0.0,-1.2709380307605356,1.2485804488902446,0.02235758187029102,0.0,-0.0015339808305725455,-1.2762720584869385,1.2593982219696045,0.023009711876511574,0.0015339808305725455,0.17952557560083834,-0.00027538900757492226,0.19734851305464626,0.0007694281819162739,0.0031832250845474238,-0.0007694281819162737,0.9999943415032941,0.1175109665514209,-0.0022756542066592056,0.23639432332140714,-0.011237117246661831,0.016451362425638917,-0.7067587378779437,0.7071740707233978,0.17999999999999997,0.0,0.2,0.0,0.10551511130338243,-0.07366616262860565,0.46843720469240413,0.10094810456335022,0.9697116990933965,-0.22185221767173421,-0.01582069342976252,0,nan,nan,nan,nan,nan,nan,nan,nan
20.716588258743286,1789121633.149157,r18_z20_w0,0,0.0,-1.2709380307605356,1.2485804488902446,0.02235758187029102,0.0,-0.0015339808305725455,-1.2762720584869385,1.2593982219696045,0.023009711876511574,0.0015339808305725455,0.17952557560083834,-0.00027538900757492226,0.19734851305464626,0.0007694281819162739,0.0031832250845474238,-0.0007694281819162737,0.9999943415032941,0.1175109665514209,-0.0022756542066592056,0.23639432332140714,-0.011237117246661831,0.016451362425638917,-0.7067587378779437,0.7071740707233978,0.17999999999999997,0.0,0.2,0.0,0.10551511130338243,-0.07366616262860565,0.46843720469240413,0.10094810456335022,0.9697116990933965,-0.22185221767173421,-0.01582069342976252,0,nan,nan,nan,nan,nan,nan,nan,nan
20.717425107955933,1789121633.1825132,r18_z20_w0,0,0.0,-1.2709380307605356,1.2485804488902446,0.02235758187029102,0.0,-0.0015339808305725455,-1.2762720584869385,1.2593982219696045,0.02147573232650757,0.0015339808305725455,0.17952493528227184,-0.0002753880253377453,0.19776092514741056,0.0007687528868648454,0.0023003562480342758,-0.0007687528868648454,0.9999967631943265,0.11754334504091879,-0.002289816185429505,0.23643952536821566,-0.0110422403366574,0.016616306551545612,-0.7068120818052233,0.7071199674023488,0.17999999999999997,0.0,0.2,0.0,0.10550381691738583,-0.0736562894617257,0.4683818231911491,0.10093577043989183,0.9697100030389801,-0.22184611346497907,-0.016086708561114018,0,nan,nan,nan,nan,nan,nan,nan,nan
20.77974534034729,1789121633.1825132,r18_z20_w0,0,0.0,-1.2709380307605356,1.2485804488902446,0.02235758187029102,0.0,-0.0015339808305725455,-1.2762720584869385,1.2593982219696045,0.02147573232650757,0.0015339808305725455,0.17952493528227184,-0.0002753880253377453,0.19776092514741056,0.0007687528868648454,0.0023003562480342758,-0.0007687528868648454,0.9999967631943265,0.11754334504091879,-0.002289816185429505,0.23643952536821566,-0.0110422403366574,0.016616306551545612,-0.7068120818052233,0.7071199674023488,0.17999999999999997,0.0,0.2,0.0,0.10550381691738583,-0.0736562894617257,0.4683818231911491,0.10093577043989183,0.9697100030389801,-0.22184611346497907,-0.016086708561114018,0,nan,nan,nan,nan,nan,nan,nan,nan
20.78048539161682,1789121633.1825132,r18_z20_w0,0,0.0,-1.2709380307605356,1.2485804488902446,0.02235758187029102,0.0,-0.0015339808305725455,-1.2762720584869385,1.2593982219696045,0.02147573232650757,0.0015339808305725455,0.17952493528227184,-0.0002753880253377453,0.19776092514741056,0.0007687528868648454,0.0023003562480342758,-0.0007687528868648454,0.9999967631943265,0.11754334504091879,-0.002289816185429505,0.23643952536821566,-0.0110422403366574,0.016616306551545612,-0.7068120818052233,0.7071199674023488,0.17999999999999997,0.0,0.2,0.0,0.10550381691738583,-0.0736562894617257,0.4683818231911491,0.10093577043989183,0.9697100030389801,-0.22184611346497907,-0.016086708561114018,0,nan,nan,nan,nan,nan,nan,nan,nan
20.781023025512695,1789121633.2158694,r18_z20_w0,0,0.0,-1.2709380307605356,1.2485804488902446,0.02235758187029102,0.0,-0.0015339808305725455,-1.2762720584869385,1.2593982219696045,0.02147573232650757,0.0015339808305725455,0.17952493528227184,-0.0002753880253377453,0.19776092514741056,0.0007687528868648454,0.0023003562480342758,-0.0007687528868648454,0.9999967631943265,0.11755358678044092,-0.0022982371883453756,0.23645769325046734,-0.011017641957632393,0.016434752237992168,-0.7068612281849999,0.7070754659676453,0.17999999999999997,0.0,0.2,0.0,0.10549609018353423,-0.07365417278254628,0.4683608066329795,0.10084333111976532,0.9696861939450807,-0.221997712760569,-0.01601010212486227,0,nan,nan,nan,nan,nan,nan,nan,nan
20.781614542007446,1789121633.2158694,r18_z20_w0,0,0.0,-1.2709380307605356,1.2485804488902446,0.02235758187029102,0.0,-0.0015339808305725455,-1.2762720584869385,1.2593982219696045,0.02147573232650757,0.0015339808305725455,0.17952493528227184,-0.0002753880253377453,0.19776092514741056,0.0007687528868648454,0.0023003562480342758,-0.0007687528868648454,0.9999967631943265,0.11755358678044092,-0.0022982371883453756,0.23645769325046734,-0.011017641957632393,0.016434752237992168,-0.7068612281849999,0.7070754659676453,0.17999999999999997,0.0,0.2,0.0,0.10549609018353423,-0.07365417278254628,0.4683608066329795,0.10084333111976532,0.9696861939450807,-0.221997712760569,-0.01601010212486227,0,nan,nan,nan,nan,nan,nan,nan,nan
20.78204870223999,1789121633.2158694,r18_z20_w0,0,0.0,-1.2709380307605356,1.2485804488902446,0.02235758187029102,0.0,-0.0015339808305725455,-1.2762720584869385,1.2593982219696045,0.02147573232650757,0.0015339808305725455,0.17952493528227184,-0.0002753880253377453,0.19776092514741056,0.0007687528868648454,0.0023003562480342758,-0.0007687528868648454,0.9999967631943265,0.11755358678044092,-0.0022982371883453756,0.23645769325046734,-0.011017641957632393,0.016434752237992168,-0.7068612281849999,0.7070754659676453,0.17999999999999997,0.0,0.2,0.0,0.10549609018353423,-0.07365417278254628,0.4683608066329795,0.10084333111976532,0.9696861939450807,-0.221997712760569,-0.01601010212486227,0,nan,nan,nan,nan,nan,nan,nan,nan
20.782808542251587,1789121633.2158694,r18_z20_w0,0,0.0,-1.2709380307605356,1.2485804488902446,0.02235758187029102,0.0,-0.0015339808305725455,-1.2762720584869385,1.2593982219696045,0.02147573232650757,0.0015339808305725455,0.17952493528227184,-0.0002753880253377453,0.19776092514741056,0.0007687528868648454,0.0023003562480342758,-0.0007687528868648454,0.9999967631943265,0.11755358678044092,-0.0022982371883453756,0.23645769325046734,-0.011017641957632393,0.016434752237992168,-0.7068612281849999,0.7070754659676453,0.17999999999999997,0.0,0.2,0.0,0.10549609018353423,-0.07365417278254628,0.4683608066329795,0.10084333111976532,0.9696861939450807,-0.221997712760569,-0.01601010212486227,0,nan,nan,nan,nan,nan,nan,nan,nan
20.78323221206665,1789121633.2158694,r18_z20_w0,0,0.0,-1.2709380307605356,1.2485804488902446,0.02235758187029102,0.0,-0.0015339808305725455,-1.2762720584869385,1.2593982219696045,0.02147573232650757,0.0015339808305725455,0.17952493528227184,-0.0002753880253377453,0.19776092514741056,0.0007687528868648454,0.0023003562480342758,-0.0007687528868648454,0.9999967631943265,0.11755358678044092,-0.0022982371883453756,0.23645769325046734,-0.011017641957632393,0.016434752237992168,-0.7068612281849999,0.7070754659676453,0.17999999999999997,0.0,0.2,0.0,0.10549609018353423,-0.07365417278254628,0.4683608066329795,0.10084333111976532,0.9696861939450807,-0.221997712760569,-0.01601010212486227,0,nan,nan,nan,nan,nan,nan,nan,nan
20.783804655075073,1789121633.2158694,r18_z20_w0,0,0.0,-1.2709380307605356,1.2485804488902446,0.02235758187029102,0.0,-0.0015339808305725455,-1.2762720584869385,1.2593982219696045,0.02147573232650757,0.0015339808305725455,0.17952493528227184,-0.0002753880253377453,0.19776092514741056,0.0007687528868648454,0.0023003562480342758,-0.0007687528868648454,0.9999967631943265,0.11755358678044092,-0.0022982371883453756,0.23645769325046734,-0.011017641957632393,0.016434752237992168,-0.7068612281849999,0.7070754659676453,0.17999999999999997,0.0,0.2,0.0,0.10549609018353423,-0.07365417278254628,0.4683608066329795,0.10084333111976532,0.9696861939450807,-0.221997712760569,-0.01601010212486227,0,nan,nan,nan,nan,nan,nan,nan,nan
20.784218549728394,1789121633.2158694,r18_z20_w0,0,0.0,-1.2709380307605356,1.2485804488902446,0.02235758187029102,0.0,-0.0015339808305725455,-1.2762720584869385,1.2593982219696045,0.02147573232650757,0.0015339808305725455,0.17952493528227184,-0.0002753880253377453,0.19776092514741056,0.0007687528868648454,0.0023003562480342758,-0.0007687528868648454,0.9999967631943265,0.11755358678044092,-0.0022982371883453756,0.23645769325046734,-0.011017641957632393,0.016434752237992168,-0.7068612281849999,0.7070754659676453,0.17999999999999997,0.0,0.2,0.0,0.10549609018353423,-0.07365417278254628,0.4683608066329795,0.10084333111976532,0.9696861939450807,-0.221997712760569,-0.01601010212486227,0,nan,nan,nan,nan,nan,nan,nan,nan
20.784703969955444,1789121633.2492256,r18_z20_w0,0,0.0,-1.2709380307605356,1.2485804488902446,0.02235758187029102,0.0,-0.0015339808305725455,-1.2762720584869385,1.2593982219696045,0.02147573232650757,0.0015339808305725455,0.1795249352822719,-0.00027538802533774536,0.19776092514741056,0.0007687528868648454,0.0023003562480342758,-0.0007687528868648454,0.9999967631943265,0.11756123746473551,-0.002299758541193575,0.23646123974947464,-0.011090997777929039,0.01633080544225257,-0.7068357566346686,0.7071021904255373,0.17999999999999997,0.0,0.2,0.0,0.10549574868335067,-0.07364890183963327,0.4683540593610638,0.10084850154251529,0.9696799503766504,-0.22203180975484488,-0.015882349673594084,0,nan,nan,nan,nan,nan,nan,nan,nan
20.785232543945312,1789121633.2492256,r18_z20_w0,0,0.0,-1.2709380307605356,1.2485804488902446,0.02235758187029102,0.0,-0.0015339808305725455,-1.2762720584869385,1.2593982219696045,0.02147573232650757,0.0015339808305725455,0.1795249352822719,-0.00027538802533774536,0.19776092514741056,0.0007687528868648454,0.0023003562480342758,-0.0007687528868648454,0.9999967631943265,0.11756123746473551,-0.002299758541193575,0.23646123974947464,-0.011090997777929039,0.01633080544225257,-0.7068357566346686,0.7071021904255373,0.17999999999999997,0.0,0.2,0.0,0.10549574868335067,-0.07364890183963327,0.4683540593610638,0.10084850154251529,0.9696799503766504,-0.22203180975484488,-0.015882349673594084,0,nan,nan,nan,nan,nan,nan,nan,nan
20.78930950164795,1789121633.2492256,r18_z20_w0,0,0.0,-1.2709380307605356,1.2485804488902446,0.02235758187029102,0.0,-0.0015339808305725455,-1.2762720584869385,1.2593982219696045,0.02147573232650757,0.0015339808305725455,0.1795249352822719,-0.00027538802533774536,0.19776092514741056,0.0007687528868648454,0.0023003562480342758,-0.0007687528868648454,0.9999967631943265,0.11756123746473551,-0.002299758541193575,0.23646123974947464,-0.011090997777929039,0.01633080544225257,-0.7068357566346686,0.7071021904255373,0.17999999999999997,0.0,0.2,0.0,0.10549574868335067,-0.07364890183963327,0.4683540593610638,0.10084850154251529,0.9696799503766504,-0.22203180975484488,-0.015882349673594084,0,nan,nan,nan,nan,nan,nan,nan,nan
20.799240350723267,1789121633.2492256,r18_z20_w0,0,0.0,-1.2709380307605356,1.2485804488902446,0.02235758187029102,0.0,-0.0015339808305725455,-1.2762720584869385,1.2593982219696045,0.02147573232650757,0.0015339808305725455,0.1795249352822719,-0.00027538802533774536,0.19776092514741056,0.0007687528868648454,0.0023003562480342758,-0.0007687528868648454,0.9999967631943265,0.11756123746473551,-0.002299758541193575,0.23646123974947464,-0.011090997777929039,0.01633080544225257,-0.7068357566346686,0.7071021904255373,0.17999999999999997,0.0,0.2,0.0,0.10549574868335067,-0.07364890183963327,0.4683540593610638,0.10084850154251529,0.9696799503766504,-0.22203180975484488,-0.015882349673594084,0,nan,nan,nan,nan,nan,nan,nan,nan
23.319905042648315,1789121635.750963,r18_z20_w20,0,0.3490658503988659,-1.2709380307605356,1.2485804488902446,0.02235758187029102,0.0,0.34821364283561707,-1.2762720584869385,1.260932207107544,0.023009711876511574,0.0015339808305725455,0.16875042983129337,0.061257322361044114,0.19730593253221035,0.0001644976734240188,0.0034923527400343127,0.17322489617058268,0.9848760895460634,0.11036250292838384,0.039451377131244414,0.23592753281764794,-0.017183420343602162,0.011664745004325166,-0.5744332901469573,0.818287882691795,0.1691446717414635,0.061563625798620354,0.2,0.0,0.14510982242923995,-0.08792951614737696,0.47305013944992286,0.2637950533580262,0.9384096139540815,-0.22065755803813833,0.033313786080742196,0,nan,nan,nan,nan,nan,nan,nan,nan
23.32102108001709,1789121635.750963,r18_z20_w20,0,0.3490658503988659,-1.2709380307605356,1.2485804488902446,0.02235758187029102,0.0,0.34821364283561707,-1.2762720584869385,1.260932207107544,0.023009711876511574,0.0015339808305725455,0.16875042983129337,0.061257322361044114,0.19730593253221035,0.0001644976734240188,0.0034923527400343127,0.17322489617058268,0.9848760895460634,0.11036250292838384,0.039451377131244414,0.23592753281764794,-0.017183420343602162,0.011664745004325166,-0.5744332901469573,0.818287882691795,0.1691446717414635,0.061563625798620354,0.2,0.0,0.14510982242923995,-0.08792951614737696,0.47305013944992286,0.2637950533580262,0.9384096139540815,-0.22065755803813833,0.033313786080742196,0,nan,nan,nan,nan,nan,nan,nan,nan
23.321807146072388,1789121635.78432,r18_z20_w20,0,0.3490658503988659,-1.2709380307605356,1.2485804488902446,0.02235758187029102,0.0,0.34821364283561707,-1.2762720584869385,1.2593982219696045,0.02147573232650757,0.0015339808305725455,0.1687494931296882,0.061256982333275076,0.1975176778699537,0.0002239378118306514,0.0031544138980285795,0.1732253479209931,0.9848771387145034,0.11037423509622413,0.03944026626597044,0.23594927843300245,-0.01706895141511467,0.011549385846984388,-0.5746567550602534,0.8181349989138504,0.1691446717414635,0.061563625798620354,0.2,0.0,0.14509946589396241,-0.08792723213173963,0.4730252097021077,0.2635406722087743,0.9384450887887815,-0.22082272335939523,0.03323333068025934,0,nan,nan,nan,nan,nan,nan,nan,nan
23.329183340072632,1789121635.78432,r18_z20_w20,0,0.3490658503988659,-1.2709380307605356,1.2485804488902446,0.02235758187029102,0.0,0.34821364283561707,-1.2762720584869385,1.2593982219696045,0.02147573232650757,0.0015339808305725455,0.1687494931296882,0.061256982333275076,0.1975176778699537,0.0002239378118306514,0.0031544138980285795,0.1732253479209931,0.9848771387145034,0.11037423509622413,0.03944026626597044,0.23594927843300245,-0.01706895141511467,0.011549385846984388,-0.5746567550602534,0.8181349989138504,0.1691446717414635,0.061563625798620354,0.2,0.0,0.14509946589396241,-0.08792723213173963,0.4730252097021077,0.2635406722087743,0.9384450887887815,-0.22082272335939523,0.03323333068025934,0,nan,nan,nan,nan,nan,nan,nan,nan
23.339179515838623,1789121635.78432,r18_z20_w20,0,0.3490658503988659,-1.2709380307605356,1.2485804488902446,0.02235758187029102,0.0,0.34821364283561707,-1.2762720584869385,1.2593982219696045,0.02147573232650757,0.0015339808305725455,0.1687494931296882,0.061256982333275076,0.1975176778699537,0.0002239378118306514,0.0031544138980285795,0.1732253479209931,0.9848771387145034,0.11037423509622413,0.03944026626597044,0.23594927843300245,-0.01706895141511467,0.011549385846984388,-0.5746567550602534,0.8181349989138504,0.1691446717414635,0.061563625798620354,0.2,0.0,0.14509946589396241,-0.08792723213173963,0.4730252097021077,0.2635406722087743,0.9384450887887815,-0.22082272335939523,0.03323333068025934,0,nan,nan,nan,nan,nan,nan,nan,nan
23.349254846572876,1789121635.78432,r18_z20_w20,0,0.3490658503988659,-1.2709380307605356,1.2485804488902446,0.02235758187029102,0.0,0.34821364283561707,-1.2762720584869385,1.2593982219696045,0.02147573232650757,0.0015339808305725455,0.1687494931296882,0.061256982333275076,0.1975176778699537,0.0002239378118306514,0.0031544138980285795,0.1732253479209931,0.9848771387145034,0.11037423509622413,0.03944026626597044,0.23594927843300245,-0.01706895141511467,0.011549385846984388,-0.5746567550602534,0.8181349989138504,0.1691446717414635,0.061563625798620354,0.2,0.0,0.14509946589396241,-0.08792723213173963,0.4730252097021077,0.2635406722087743,0.9384450887887815,-0.22082272335939523,0.03323333068025934,0,nan,nan,nan,nan,nan,nan,nan,nan
23.354487895965576,1789121635.78432,r18_z20_w20,0,0.3490658503988659,-1.2709380307605356,1.2485804488902446,0.02235758187029102,0.0,0.34821364283561707,-1.2762720584869385,1.2593982219696045,0.02147573232650757,0.0015339808305725455,0.1687494931296882,0.061256982333275076,0.1975176778699537,0.0002239378118306514,0.0031544138980285795,0.1732253479209931,0.9848771387145034,0.11037423509622413,0.03944026626597044,0.23594927843300245,-0.01706895141511467,0.011549385846984388,-0.5746567550602534,0.8181349989138504,0.1691446717414635,0.061563625798620354,0.2,0.0,0.14509946589396241,-0.08792723213173963,0.4730252097021077,0.2635406722087743,0.9384450887887815,-0.22082272335939523,0.03323333068025934,0,nan,nan,nan,nan,nan,nan,nan,nan
23.35527467727661,1789121635.8176773,r18_z20_w20,0,0.3490658503988659,-1.2709380307605356,1.2485804488902446,0.02235758187029102,0.0,0.34821364283561707,-1.2762720584869385,1.2593982219696045,0.023009711876511574,0.0015339808305725455,0.1687494931296882,0.061256982333275076,0.1975176778699537,0.0002239378118306514,0.0031544138980285795,0.1732253479209931,0.9848771387145034,0.11032669979737786,0.03947010544395815,0.23587718503962546,-0.017194332544849124,0.011929071982701567,-0.5744319177513789,0.8182848061881889,0.1691446717414635,0.061563625798620354,0.2,0.0,0.14512534538494332,-0.08794087544795381,0.4731117634450495,0.2638395711608103,0.9384510734470061,-0.22045108687949708,0.03315994163882518,0,nan,nan,nan,nan,nan,nan,nan,nan
23.35917329788208,1789121635.8176773,r18_z20_w20,0,0.3490658503988659,-1.2709380307605356,1.2485804488902446,0.02235758187029102,0.0,0.34821364283561707,-1.2762720584869385,1.2593982219696045,0.023009711876511574,0.0015339808305725455,0.1687494931296882,0.061256982333275076,0.1975176778699537,0.0002239378118306514,0.0031544138980285795,0.1732253479209931,0.9848771387145034,0.11032669979737786,0.03947010544395815,0.23587718503962546,-0.017194332544849124,0.011929071982701567,-0.5744319177513789,0.8182848061881889,0.1691446717414635,0.061563625798620354,0.2,0.0,0.14512534538494332,-0.08794087544795381,0.4731117634450495,0.2638395711608103,0.9384510734470061,-0.22045108687949708,0.03315994163882518,0,nan,nan,nan,nan,nan,nan,nan,nan
23.3691246509552,1789121635.8176773,r18_z20_w20,0,0.3490658503988659,-1.2709380307605356,1.2485804488902446,0.02235758187029102,0.0,0.34821364283561707,-1.2762720584869385,1.2593982219696045,0.023009711876511574,0.0015339808305725455,0.1687494931296882,0.061256982333275076,0.1975176778699537,0.0002239378118306514,0.0031544138980285795,0.1732253479209931,0.9848771387145034,0.11032669979737786,0.03947010544395815,0.23587718503962546,-0.017194332544849124,0.011929071982701567,-0.5744319177513789,0.8182848061881889,0.1691446717414635,0.061563625798620354,0.2,0.0,0.14512534538494332,-0.08794087544795381,0.4731117634450495,0.2638395711608103,0.9384510734470061,-0.22045108687949708,0.03315994163882518,0,nan,nan,nan,nan,nan,nan,nan,nan
23.37941575050354,1789121635.8176773,r18_z20_w20,0,0.3490658503988659,-1.2709380307605356,1.2485804488902446,0.02235758187029102,0.0,0.34821364283561707,-1.2762720584869385,1.2593982219696045,0.023009711876511574,0.0015339808305725455,0.1687494931296882,0.061256982333275076,0.1975176778699537,0.0002239378118306514,0.0031544138980285795,0.1732253479209931,0.9848771387145034,0.11032669979737786,0.03947010544395815,0.23587718503962546,-0.017194332544849124,0.011929071982701567,-0.5744319177513789,0.8182848061881889,0.1691446717414635,0.061563625798620354,0.2,0.0,0.14512534538494332,-0.08794087544795381,0.4731117634450495,0.2638395711608103,0.9384510734470061,-0.22045108687949708,0.03315994163882518,0,nan,nan,nan,nan,nan,nan,nan,nan
23.380874395370483,1789121635.8176773,r18_z20_w20,0,0.3490658503988659,-1.2709380307605356,1.2485804488902446,0.02235758187029102,0.0,0.34821364283561707,-1.2762720584869385,1.2593982219696045,0.023009711876511574,0.0015339808305725455,0.1687494931296882,0.061256982333275076,0.1975176778699537,0.0002239378118306514,0.0031544138980285795,0.1732253479209931,0.9848771387145034,0.11032669979737786,0.03947010544395815,0.23587718503962546,-0.017194332544849124,0.011929071982701567,-0.5744319177513789,0.8182848061881889,0.1691446717414635,0.061563625798620354,0.2,0.0,0.14512534538494332,-0.08794087544795381,0.4731117634450495,0.2638395711608103,0.9384510734470061,-0.22045108687949708,0.03315994163882518,0,nan,nan,nan,nan,nan,nan,nan,nan
23.385746955871582,1789121635.8176773,r18_z20_w20,0,0.3490658503988659,-1.2709380307605356,1.2485804488902446,0.02235758187029102,0.0,0.34821364283561707,-1.2762720584869385,1.2593982219696045,0.023009711876511574,0.0015339808305725455,0.1687494931296882,0.061256982333275076,0.1975176778699537,0.0002239378118306514,0.0031544138980285795,0.1732253479209931,0.9848771387145034,0.11032669979737786,0.03947010544395815,0.23587718503962546,-0.017194332544849124,0.011929071982701567,-0.5744319177513789,0.8182848061881889,0.1691446717414635,0.061563625798620354,0.2,0.0,0.14512534538494332,-0.08794087544795381,0.4731117634450495,0.2638395711608103,0.9384510734470061,-0.22045108687949708,0.03315994163882518,0,nan,nan,nan,nan,nan,nan,nan,nan
23.38636612892151,1789121635.8510346,r18_z20_w20,0,0.3490658503988659,-1.2709380307605356,1.2485804488902446,0.02235758187029102,0.0,0.34821364283561707,-1.2762720584869385,1.260932207107544,0.023009711876511574,0.0015339808305725455,0.1687494931296882,0.061256982333275076,0.1975176778699537,0.0002239378118306514,0.0031544138980285795,0.1732253479209931,0.9848771387145034,0.11030950492306629,0.039478063205998754,0.2358597260649889,-0.017178931195369094,0.011847235441878212,-0.5744680049335652,0.8182609844316292,0.1691446717414635,0.061563625798620354,0.2,0.0,0.14513127675153872,-0.0879492346125914,0.4731354013115251,0.26378723263874015,0.9384477501560748,-0.22052361747405383,0.03318810419342571,0,nan,nan,nan,nan,nan,nan,nan,nan
23.38927125930786,1789121635.8510346,r18_z20_w20,0,0.3490658503988659,-1.2709380307605356,1.2485804488902446,0.02235758187029102,0.0,0.34821364283561707,-1.2762720584869385,1.260932207107544,0.023009711876511574,0.0015339808305725455,0.1687494931296882,0.061256982333275076,0.1975176778699537,0.0002239378118306514,0.0031544138980285795,0.1732253479209931,0.9848771387145034,0.11030950492306629,0.039478063205998754,0.2358597260649889,-0.017178931195369094,0.011847235441878212,-0.5744680049335652,0.8182609844316292,0.1691446717414635,0.061563625798620354,0.2,0.0,0.14513127675153872,-0.0879492346125914,0.4731354013115251,0.26378723263874015,0.9384477501560748,-0.22052361747405383,0.03318810419342571,0,nan,nan,nan,nan,nan,nan,nan,nan
23.399275541305542,1789121635.8510346,r18_z20_w20,0,0.3490658503988659,-1.2709380307605356,1.2485804488902446,0.02235758187029102,0.0,0.34821364283561707,-1.2762720584869385,1.260932207107544,0.023009711876511574,0.0015339808305725455,0.1687494931296882,0.061256982333275076,0.1975176778699537,0.0002239378118306514,0.0031544138980285795,0.1732253479209931,0.9848771387145034,0.11030950492306629,0.039478063205998754,0.2358597260649889,-0.017178931195369094,0.011847235441878212,-0.5744680049335652,0.8182609844316292,0.1691446717414635,0.061563625798620354,0.2,0.0,0.14513127675153872,-0.0879492346125914,0.4731354013115251,0.26378723263874015,0.9384477501560748,-0.22052361747405383,0.03318810419342571,0,nan,nan,nan,nan,nan,nan,nan,nan
23.409318923950195,1789121635.8510346,r18_z20_w20,0,0.3490658503988659,-1.2709380307605356,1.2485804488902446,0.02235758187029102,0.0,0.34821364283561707,-1.2762720584869385,1.260932207107544,0.023009711876511574,0.0015339808305725455,0.1687494931296882,0.061256982333275076,0.1975176778699537,0.0002239378118306514,0.0031544138980285795,0.1732253479209931,0.9848771387145034,0.11030950492306629,0.039478063205998754,0.2358597260649889,-0.017178931195369094,0.011847235441878212,-0.5744680049335652,0.8182609844316292,0.1691446717414635,0.061563625798620354,0.2,0.0,0.14513127675153872,-0.0879492346125914,0.4731354013115251,0.26378723263874015,0.9384477501560748,-0.22052361747405383,0.03318810419342571,0,nan,nan,nan,nan,nan,nan,nan,nan
23.41912579536438,1789121635.8510346,r18_z20_w20,0,0.3490658503988659,-1.2709380307605356,1.2485804488902446,0.02235758187029102,0.0,0.34821364283561707,-1.2762720584869385,1.260932207107544,0.023009711876511574,0.0015339808305725455,0.1687494931296882,0.061256982333275076,0.1975176778699537,0.0002239378118306514,0.0031544138980285795,0.1732253479209931,0.9848771387145034,0.11030950492306629,0.039478063205998754,0.2358597260649889,-0.017178931195369094,0.011847235441878212,-0.5744680049335652,0.8182609844316292,0.1691446717414635,0.061563625798620354,0.2,0.0,0.14513127675153872,-0.0879492346125914,0.4731354013115251,0.26378723263874015,0.9384477501560748,-0.22052361747405383,0.03318810419342571,0,nan,nan,nan,nan,nan,nan,nan,nan
23.41999840736389,1789121635.8843918,r18_z20_w20,0,0.3490658503988659,-1.2709380307605356,1.2485804488902446,0.02235758187029102,0.0,0.34821364283561707,-1.2762720584869385,1.2593982219696045,0.023009711876511574,0.0015339808305725455,0.1687494931296882,0.061256982333275076,0.1975176778699537,0.0002239378118306514,0.0031544138980285795,0.1732253479209931,0.9848771387145034,0.11032891618333907,0.039467444258248,0.2358893026427203,-0.017334744899954305,0.011904077222345249,-0.5743995651216515,0.8183049182015196,0.1691446717414635,0.061563625798620354,0.2,0.0,0.14512223275723918,-0.08794403829924238,0.4730999677466226,0.2638474786377884,0.9384603792857701,-0.22038239117840805,0.0332900313273734,0,nan,nan,nan,nan,nan,nan,nan,nan
23.420767545700073,1789121635.8843918,r18_z20_w20,0,0.3490658503988659,-1.2709380307605356,1.2485804488902446,0.02235758187029102,0.0,0.34821364283561707,-1.2762720584869385,1.2593982219696045,0.023009711876511574,0.0015339808305725455,0.1687494931296882,0.061256982333275076,0.1975176778699537,0.0002239378118306514,0.0031544138980285795,0.1732253479209931,0.9848771387145034,0.11032891618333907,0.039467444258248,0.2358893026427203,-0.017334744899954305,0.011904077222345249,-0.5743995651216515,0.8183049182015196,0.1691446717414635,0.061563625798620354,0.2,0.0,0.14512223275723918,-0.08794403829924238,0.4730999677466226,0.2638474786377884,0.9384603792857701,-0.22038239117840805,0.0332900313273734,0,nan,nan,nan,nan,nan,nan,nan,nan
23.429150819778442,1789121635.8843918,r18_z20_w20,0,0.3490658503988659,-1.2709380307605356,1.2485804488902446,0.02235758187029102,0.0,0.34821364283561707,-1.2762720584869385,1.2593982219696045,0.023009711876511574,0.0015339808305725455,0.1687494931296882,0.061256982333275076,0.1975176778699537,0.0002239378118306514,0.0031544138980285795,0.1732253479209931,0.9848771387145034,0.11032891618333907,0.039467444258248,0.2358893026427203,-0.017334744899954305,0.011904077222345249,-0.5743995651216515,0.8183049182015196,0.1691446717414635,0.061563625798620354,0.2,0.0,0.14512223275723918,-0.08794403829924238,0.4730999677466226,0.2638474786377884,0.9384603792857701,-0.22038239117840805,0.0332900313273734,0,nan,nan,nan,nan,nan,nan,nan,nan
23.439262628555298,1789121635.8843918,r18_z20_w20,0,0.3490658503988659,-1.2709380307605356,1.2485804488902446,0.02235758187029102,0.0,0.34821364283561707,-1.2762720584869385,1.2593982219696045,0.023009711876511574,0.0015339808305725455,0.1687494931296882,0.061256982333275076,0.1975176778699537,0.0002239378118306514,0.0031544138980285795,0.1732253479209931,0.9848771387145034,0.11032891618333907,0.039467444258248,0.2358893026427203,-0.017334744899954305,0.011904077222345249,-0.5743995651216515,0.8183049182015196,0.1691446717414635,0.061563625798620354,0.2,0.0,0.14512223275723918,-0.08794403829924238,0.4730999677466226,0.2638474786377884,0.9384603792857701,-0.22038239117840805,0.0332900313273734,0,nan,nan,nan,nan,nan,nan,nan,nan
23.44016408920288,1789121635.8843918,r18_z20_w20,0,0.3490658503988659,-1.2709380307605356,1.2485804488902446,0.02235758187029102,0.0,0.34821364283561707,-1.2762720584869385,1.2593982219696045,0.023009711876511574,0.0015339808305725455,0.1687494931296882,0.061256982333275076,0.1975176778699537,0.0002239378118306514,0.0031544138980285795,0.1732253479209931,0.9848771387145034,0.11032891618333907,0.039467444258248,0.2358893026427203,-0.017334744899954305,0.011904077222345249,-0.5743995651216515,0.8183049182015196,0.1691446717414635,0.061563625798620354,0.2,0.0,0.14512223275723918,-0.08794403829924238,0.4730999677466226,0.2638474786377884,0.9384603792857701,-0.22038239117840805,0.0332900313273734,0,nan,nan,nan,nan,nan,nan,nan,nan
23.449349641799927,1789121635.8843918,r18_z20_w20,0,0.3490658503988659,-1.2709380307605356,1.2485804488902446,0.02235758187029102,0.0,0.34821364283561707,-1.2762720584869385,1.2593982219696045,0.023009711876511574,0.0015339808305725455,0.1687494931296882,0.061256982333275076,0.1975176778699537,0.0002239378118306514,0.0031544138980285795,0.1732253479209931,0.9848771387145034,0.11032891618333907,0.039467444258248,0.2358893026427203,-0.017334744899954305,0.011904077222345249,-0.5743995651216515,0.8183049182015196,0.1691446717414635,0.061563625798620354,0.2,0.0,0.14512223275723918,-0.08794403829924238,0.4730999677466226,0.2638474786377884,0.9384603792857701,-0.22038239117840805,0.0332900313273734,0,nan,nan,nan,nan,nan,nan,nan,nan
23.459263801574707,1789121635.8843918,r18_z20_w20,0,0.3490658503988659,-1.2709380307605356,1.2485804488902446,0.02235758187029102,0.0,0.34821364283561707,-1.2762720584869385,1.2593982219696045,0.023009711876511574,0.0015339808305725455,0.1687494931296882,0.061256982333275076,0.1975176778699537,0.0002239378118306514,0.0031544138980285795,0.1732253479209931,0.9848771387145034,0.11032891618333907,0.039467444258248,0.2358893026427203,-0.017334744899954305,0.011904077222345249,-0.5743995651216515,0.8183049182015196,0.1691446717414635,0.061563625798620354,0.2,0.0,0.14512223275723918,-0.08794403829924238,0.4730999677466226,0.2638474786377884,0.9384603792857701,-0.22038239117840805,0.0332900313273734,0,nan,nan,nan,nan,nan,nan,nan,nan
23.46450114250183,1789121635.8843918,r18_z20_w20,0,0.3490658503988659,-1.2709380307605356,1.2485804488902446,0.02235758187029102,0.0,0.34821364283561707,-1.2762720584869385,1.2593982219696045,0.023009711876511574,0.0015339808305725455,0.1687494931296882,0.061256982333275076,0.1975176778699537,0.0002239378118306514,0.0031544138980285795,0.1732253479209931,0.9848771387145034,0.11032891618333907,0.039467444258248,0.2358893026427203,-0.017334744899954305,0.011904077222345249,-0.5743995651216515,0.8183049182015196,0.1691446717414635,0.061563625798620354,0.2,0.0,0.14512223275723918,-0.08794403829924238,0.4730999677466226,0.2638474786377884,0.9384603792857701,-0.22038239117840805,0.0332900313273734,0,nan,nan,nan,nan,nan,nan,nan,nan
23.465099811553955,1789121635.917749,r18_z20_w20,0,0.3490658503988659,-1.2709380307605356,1.2485804488902446,0.02235758187029102,0.0,0.34821364283561707,-1.2762720584869385,1.2593982219696045,0.023009711876511574,0.0015339808305725455,0.1687494931296882,0.061256982333275076,0.1975176778699537,0.0002239378118306514,0.0031544138980285795,0.1732253479209931,0.9848771387145034,0.11035485518914284,0.039448881659470636,0.23592453834950083,-0.017307346835867748,0.01165248382623899,-0.5744182794184323,0.8182959829035886,0.1691446717414635,0.061563625798620354,0.2,0.0,0.14510618713027915,-0.08793424060934076,0.4730563157105208,0.2637882455001602,0.9384236884017052,-0.22058997976593095,0.0334186087285627,0,nan,nan,nan,nan,nan,nan,nan,nan
23.469192266464233,1789121635.917749,r18_z20_w20,0,0.3490658503988659,-1.2709380307605356,1.2485804488902446,0.02235758187029102,0.0,0.34821364283561707,-1.2762720584869385,1.2593982219696045,0.023009711876511574,0.0015339808305725455,0.1687494931296882,0.061256982333275076,0.1975176778699537,0.0002239378118306514,0.0031544138980285795,0.1732253479209931,0.9848771387145034,0.11035485518914284,0.039448881659470636,0.23592453834950083,-0.017307346835867748,0.01165248382623899,-0.5744182794184323,0.8182959829035886,0.1691446717414635,0.061563625798620354,0.2,0.0,0.14510618713027915,-0.08793424060934076,0.4730563157105208,0.2637882455001602,0.9384236884017052,-0.22058997976593095,0.0334186087285627,0,nan,nan,nan,nan,nan,nan,nan,nan
23.47946071624756,1789121635.917749,r18_z20_w20,0,0.3490658503988659,-1.2709380307605356,1.2485804488902446,0.02235758187029102,0.0,0.34821364283561707,-1.2762720584869385,1.2593982219696045,0.023009711876511574,0.0015339808305725455,0.1687494931296882,0.061256982333275076,0.1975176778699537,0.0002239378118306514,0.0031544138980285795,0.1732253479209931,0.9848771387145034,0.11035485518914284,0.039448881659470636,0.23592453834950083,-0.017307346835867748,0.01165248382623899,-0.5744182794184323,0.8182959829035886,0.1691446717414635,0.061563625798620354,0.2,0.0,0.14510618713027915,-0.08793424060934076,0.4730563157105208,0.2637882455001602,0.9384236884017052,-0.22058997976593095,0.0334186087285627,0,nan,nan,nan,nan,nan,nan,nan,nan
23.485236883163452,1789121635.917749,r18_z20_w20,0,0.3490658503988659,-1.2709380307605356,1.2485804488902446,0.02235758187029102,0.0,0.34821364283561707,-1.2762720584869385,1.2593982219696045,0.023009711876511574,0.0015339808305725455,0.1687494931296882,0.061256982333275076,0.1975176778699537,0.0002239378118306514,0.0031544138980285795,0.1732253479209931,0.9848771387145034,0.11035485518914284,0.039448881659470636,0.23592453834950083,-0.017307346835867748,0.01165248382623899,-0.5744182794184323,0.8182959829035886,0.1691446717414635,0.061563625798620354,0.2,0.0,0.14510618713027915,-0.08793424060934076,0.4730563157105208,0.2637882455001602,0.9384236884017052,-0.22058997976593095,0.0334186087285627,0,nan,nan,nan,nan,nan,nan,nan,nan
23.486100435256958,1789121635.9511063,r18_z20_w20,0,0.3490658503988659,-1.2709380307605356,1.2485804488902446,0.02235758187029102,0.0,0.34821364283561707,-1.2762720584869385,1.2593982219696045,0.023009711876511574,0.0015339808305725455,0.1687494931296882,0.061256982333275076,0.1975176778699537,0.0002239378118306514,0.0031544138980285795,0.1732253479209931,0.9848771387145034,0.11019772808282052,0.03954741691691013,0.23569661651846385,-0.017424140230542763,0.012362392401057918,-0.5745031049588096,0.8182235348509818,0.1691446717414635,0.061563625798620354,0.2,0.0,0.1451908511045127,-0.08798412277425353,0.47333324578590763,0.26379126217428756,0.9385781879858172,-0.21998450474827147,0.033045010340658335,0,nan,nan,nan,nan,nan,nan,nan,nan
23.54835295677185,1789121635.9511063,r18_z20_w20,0,0.3490658503988659,-1.2709380307605356,1.2485804488902446,0.02235758187029102,0.0,0.34821364283561707,-1.2762720584869385,1.2593982219696045,0.023009711876511574,0.0015339808305725455,0.1687494931296882,0.061256982333275076,0.1975176778699537,0.0002239378118306514,0.0031544138980285795,0.1732253479209931,0.9848771387145034,0.11019772808282052,0.03954741691691013,0.23569661651846385,-0.017424140230542763,0.012362392401057918,-0.5745031049588096,0.8182235348509818,0.1691446717414635,0.061563625798620354,0.2,0.0,0.1451908511045127,-0.08798412277425353,0.47333324578590763,0.26379126217428756,0.9385781879858172,-0.21998450474827147,0.033045010340658335,0,nan,nan,nan,nan,nan,nan,nan,nan
23.549113512039185,1789121635.9511063,r18_z20_w20,0,0.3490658503988659,-1.2709380307605356,1.2485804488902446,0.02235758187029102,0.0,0.34821364283561707,-1.2762720584869385,1.2593982219696045,0.023009711876511574,0.0015339808305725455,0.1687494931296882,0.061256982333275076,0.1975176778699537,0.0002239378118306514,0.0031544138980285795,0.1732253479209931,0.9848771387145034,0.11019772808282052,0.03954741691691013,0.23569661651846385,-0.017424140230542763,0.012362392401057918,-0.5745031049588096,0.8182235348509818,0.1691446717414635,0.061563625798620354,0.2,0.0,0.1451908511045127,-0.08798412277425353,0.47333324578590763,0.26379126217428756,0.9385781879858172,-0.21998450474827147,0.033045010340658335,0,nan,nan,nan,nan,nan,nan,nan,nan
23.549754858016968,1789121635.9844635,r18_z20_w20,0,0.3490658503988659,-1.2709380307605356,1.2485804488902446,0.02235758187029102,0.0,0.34821364283561707,-1.2762720584869385,1.2593982219696045,0.023009711876511574,0.0015339808305725455,0.1687494931296882,0.061256982333275076,0.1975176778699537,0.0002239378118306514,0.0031544138980285795,0.1732253479209931,0.9848771387145034,0.11020843615361536,0.03954537440473843,0.2357080358408814,-0.017522751226939998,0.012031540057328064,-0.5743627518326128,0.8183248893566395,0.1691446717414635,0.061563625798620354,0.2,0.0,0.14518997031424444,-0.08797974987371063,0.4733181018924208,0.263877913391151,0.9384992954389864,-0.220169031286985,0.033363407305143554,0,nan,nan,nan,nan,nan,nan,nan,nan
23.550405025482178,1789121635.9844635,r18_z20_w20,0,0.3490658503988659,-1.2709380307605356,1.2485804488902446,0.02235758187029102,0.0,0.34821364283561707,-1.2762720584869385,1.2593982219696045,0.023009711876511574,0.0015339808305725455,0.1687494931296882,0.061256982333275076,0.1975176778699537,0.0002239378118306514,0.0031544138980285795,0.1732253479209931,0.9848771387145034,0.11020843615361536,0.03954537440473843,0.2357080358408814,-0.017522751226939998,0.012031540057328064,-0.5743627518326128,0.8183248893566395,0.1691446717414635,0.061563625798620354,0.2,0.0,0.14518997031424444,-0.08797974987371063,0.4733181018924208,0.263877913391151,0.9384992954389864,-0.220169031286985,0.033363407305143554,0,nan,nan,nan,nan,nan,nan,nan,nan
23.550865411758423,1789121635.9844635,r18_z20_w20,0,0.3490658503988659,-1.2709380307605356,1.2485804488902446,0.02235758187029102,0.0,0.34821364283561707,-1.2762720584869385,1.2593982219696045,0.023009711876511574,0.0015339808305725455,0.1687494931296882,0.061256982333275076,0.1975176778699537,0.0002239378118306514,0.0031544138980285795,0.1732253479209931,0.9848771387145034,0.11020843615361536,0.03954537440473843,0.2357080358408814,-0.017522751226939998,0.012031540057328064,-0.5743627518326128,0.8183248893566395,0.1691446717414635,0.061563625798620354,0.2,0.0,0.14518997031424444,-0.08797974987371063,0.4733181018924208,0.263877913391151,0.9384992954389864,-0.220169031286985,0.033363407305143554,0,nan,nan,nan,nan,nan,nan,nan,nan
23.551644325256348,1789121635.9844635,r18_z20_w20,0,0.3490658503988659,-1.2709380307605356,1.2485804488902446,0.02235758187029102,0.0,0.34821364283561707,-1.2762720584869385,1.2593982219696045,0.023009711876511574,0.0015339808305725455,0.1687494931296882,0.061256982333275076,0.1975176778699537,0.0002239378118306514,0.0031544138980285795,0.1732253479209931,0.9848771387145034,0.11020843615361536,0.03954537440473843,0.2357080358408814,-0.017522751226939998,0.012031540057328064,-0.5743627518326128,0.8183248893566395,0.1691446717414635,0.061563625798620354,0.2,0.0,0.14518997031424444,-0.08797974987371063,0.4733181018924208,0.263877913391151,0.9384992954389864,-0.220169031286985,0.033363407305143554,0,nan,nan,nan,nan,nan,nan,nan,nan
23.552053689956665,1789121635.9844635,r18_z20_w20,0,0.3490658503988659,-1.2709380307605356,1.2485804488902446,0.02235758187029102,0.0,0.34821364283561707,-1.2762720584869385,1.2593982219696045,0.023009711876511574,0.0015339808305725455,0.1687494931296882,0.061256982333275076,0.1975176778699537,0.0002239378118306514,0.0031544138980285795,0.1732253479209931,0.9848771387145034,0.11020843615361536,0.03954537440473843,0.2357080358408814,-0.017522751226939998,0.012031540057328064,-0.5743627518326128,0.8183248893566395,0.1691446717414635,0.061563625798620354,0.2,0.0,0.14518997031424444,-0.08797974987371063,0.4733181018924208,0.263877913391151,0.9384992954389864,-0.220169031286985,0.033363407305143554,0,nan,nan,nan,nan,nan,nan,nan,nan
23.552621126174927,1789121635.9844635,r18_z20_w20,0,0.3490658503988659,-1.2709380307605356,1.2485804488902446,0.02235758187029102,0.0,0.34821364283561707,-1.2762720584869385,1.2593982219696045,0.023009711876511574,0.0015339808305725455,0.1687494931296882,0.061256982333275076,0.1975176778699537,0.0002239378118306514,0.0031544138980285795,0.1732253479209931,0.9848771387145034,0.11020843615361536,0.03954537440473843,0.2357080358408814,-0.017522751226939998,0.012031540057328064,-0.5743627518326128,0.8183248893566395,0.1691446717414635,0.061563625798620354,0.2,0.0,0.14518997031424444,-0.08797974987371063,0.4733181018924208,0.263877913391151,0.9384992954389864,-0.220169031286985,0.033363407305143554,0,nan,nan,nan,nan,nan,nan,nan,nan
23.5532124042511,1789121635.9844635,r18_z20_w20,0,0.3490658503988659,-1.2709380307605356,1.2485804488902446,0.02235758187029102,0.0,0.34821364283561707,-1.2762720584869385,1.2593982219696045,0.023009711876511574,0.0015339808305725455,0.1687494931296882,0.061256982333275076,0.1975176778699537,0.0002239378118306514,0.0031544138980285795,0.1732253479209931,0.9848771387145034,0.11020843615361536,0.03954537440473843,0.2357080358408814,-0.017522751226939998,0.012031540057328064,-0.5743627518326128,0.8183248893566395,0.1691446717414635,0.061563625798620354,0.2,0.0,0.14518997031424444,-0.08797974987371063,0.4733181018924208,0.263877913391151,0.9384992954389864,-0.220169031286985,0.033363407305143554,0,nan,nan,nan,nan,nan,nan,nan,nan
23.55913782119751,1789121635.9844635,r18_z20_w20,0,0.3490658503988659,-1.2709380307605356,1.2485804488902446,0.02235758187029102,0.0,0.34821364283561707,-1.2762720584869385,1.2593982219696045,0.023009711876511574,0.0015339808305725455,0.1687494931296882,0.061256982333275076,0.1975176778699537,0.0002239378118306514,0.0031544138980285795,0.1732253479209931,0.9848771387145034,0.11020843615361536,0.03954537440473843,0.2357080358408814,-0.017522751226939998,0.012031540057328064,-0.5743627518326128,0.8183248893566395,0.1691446717414635,0.061563625798620354,0.2,0.0,0.14518997031424444,-0.08797974987371063,0.4733181018924208,0.263877913391151,0.9384992954389864,-0.220169031286985,0.033363407305143554,0,nan,nan,nan,nan,nan,nan,nan,nan
23.561978101730347,1789121635.9844635,r18_z20_w20,0,0.3490658503988659,-1.2709380307605356,1.2485804488902446,0.02235758187029102,0.0,0.34821364283561707,-1.2762720584869385,1.2593982219696045,0.023009711876511574,0.0015339808305725455,0.1687494931296882,0.061256982333275076,0.1975176778699537,0.0002239378118306514,0.0031544138980285795,0.1732253479209931,0.9848771387145034,0.11020843615361536,0.03954537440473843,0.2357080358408814,-0.017522751226939998,0.012031540057328064,-0.5743627518326128,0.8183248893566395,0.1691446717414635,0.061563625798620354,0.2,0.0,0.14518997031424444,-0.08797974987371063,0.4733181018924208,0.263877913391151,0.9384992954389864,-0.220169031286985,0.033363407305143554,0,nan,nan,nan,nan,nan,nan,nan,nan
23.56259274482727,1789121636.0178206,r18_z20_w20,0,0.3490658503988659,-1.2709380307605356,1.2485804488902446,0.02235758187029102,0.0,0.34821364283561707,-1.2762720584869385,1.2593982219696045,0.023009711876511574,0.0015339808305725455,0.16875020358175447,0.06125724023123295,0.19736001322970595,0.00017967893223348237,0.0034060418024511314,0.17322501348879168,0.9848763685339035,0.11021824462576496,0.039542218449022865,0.23571576744458483,-0.017568332737964484,0.012305771154142808,-0.5742738135185987,0.8183822510220489,0.1691446717414635,0.061563625798620354,0.2,0.0,0.14518811065263226,-0.0879742261290796,0.47330661390816964,0.2640177686983214,0.9385196753685449,-0.21993074831799403,0.033255115425567916,0,nan,nan,nan,nan,nan,nan,nan,nan
23.569207906723022,1789121636.0178206,r18_z20_w20,0,0.3490658503988659,-1.2709380307605356,1.2485804488902446,0.02235758187029102,0.0,0.34821364283561707,-1.2762720584869385,1.2593982219696045,0.023009711876511574,0.0015339808305725455,0.16875020358175447,0.06125724023123295,0.19736001322970595,0.00017967893223348237,0.0034060418024511314,0.17322501348879168,0.9848763685339035,0.11021824462576496,0.039542218449022865,0.23571576744458483,-0.017568332737964484,0.012305771154142808,-0.5742738135185987,0.8183822510220489,0.1691446717414635,0.061563625798620354,0.2,0.0,0.14518811065263226,-0.0879742261290796,0.47330661390816964,0.2640177686983214,0.9385196753685449,-0.21993074831799403,0.033255115425567916,0,nan,nan,nan,nan,nan,nan,nan,nan
23.579389333724976,1789121636.0178206,r18_z20_w20,0,0.3490658503988659,-1.2709380307605356,1.2485804488902446,0.02235758187029102,0.0,0.34821364283561707,-1.2762720584869385,1.2593982219696045,0.023009711876511574,0.0015339808305725455,0.16875020358175447,0.06125724023123295,0.19736001322970595,0.00017967893223348237,0.0034060418024511314,0.17322501348879168,0.9848763685339035,0.11021824462576496,0.039542218449022865,0.23571576744458483,-0.017568332737964484,0.012305771154142808,-0.5742738135185987,0.8183822510220489,0.1691446717414635,0.061563625798620354,0.2,0.0,0.14518811065263226,-0.0879742261290796,0.47330661390816964,0.2640177686983214,0.9385196753685449,-0.21993074831799403,0.033255115425567916,0,nan,nan,nan,nan,nan,nan,nan,nan
23.586081504821777,1789121636.0178206,r18_z20_w20,0,0.3490658503988659,-1.2709380307605356,1.2485804488902446,0.02235758187029102,0.0,0.34821364283561707,-1.2762720584869385,1.2593982219696045,0.023009711876511574,0.0015339808305725455,0.16875020358175447,0.06125724023123295,0.19736001322970595,0.00017967893223348237,0.0034060418024511314,0.17322501348879168,0.9848763685339035,0.11021824462576496,0.039542218449022865,0.23571576744458483,-0.017568332737964484,0.012305771154142808,-0.5742738135185987,0.8183822510220489,0.1691446717414635,0.061563625798620354,0.2,0.0,0.14518811065263226,-0.0879742261290796,0.47330661390816964,0.2640177686983214,0.9385196753685449,-0.21993074831799403,0.033255115425567916,0,nan,nan,nan,nan,nan,nan,nan,nan
23.58696722984314,1789121636.0511777,r18_z20_w20,0,0.3490658503988659,-1.2709380307605356,1.2485804488902446,0.02235758187029102,0.0,0.34821364283561707,-1.2762720584869385,1.2593982219696045,0.023009711876511574,0.0015339808305725455,0.16875122124889563,0.06125760964993122,0.19709669909591226,0.00010576281985205305,0.0038262812687573393,0.17322442974711727,0.9848749389260874,0.11031202565905385,0.03947771316400239,0.23585825517526393,-0.01722159663024306,0.01171363938581635,-0.5743891146331541,0.8183173909020788,0.1691446717414635,0.061563625798620354,0.2,0.0,0.14513151185745168,-0.08794630673082426,0.47313551261951425,0.2638470208139619,0.9384091575178919,-0.2205956172745994,0.033325310702159605,0,nan,nan,nan,nan,nan,nan,nan,nan
23.589297771453857,1789121636.0511777,r18_z20_w20,0,0.3490658503988659,-1.2709380307605356,1.2485804488902446,0.02235758187029102,0.0,0.34821364283561707,-1.2762720584869385,1.2593982219696045,0.023009711876511574,0.0015339808305725455,0.16875122124889563,0.06125760964993122,0.19709669909591226,0.00010576281985205305,0.0038262812687573393,0.17322442974711727,0.9848749389260874,0.11031202565905385,0.03947771316400239,0.23585825517526393,-0.01722159663024306,0.01171363938581635,-0.5743891146331541,0.8183173909020788,0.1691446717414635,0.061563625798620354,0.2,0.0,0.14513151185745168,-0.08794630673082426,0.47313551261951425,0.2638470208139619,0.9384091575178919,-0.2205956172745994,0.033325310702159605,0,nan,nan,nan,nan,nan,nan,nan,nan
23.599201679229736,1789121636.0511777,r18_z20_w20,0,0.3490658503988659,-1.2709380307605356,1.2485804488902446,0.02235758187029102,0.0,0.34821364283561707,-1.2762720584869385,1.2593982219696045,0.023009711876511574,0.0015339808305725455,0.16875122124889563,0.06125760964993122,0.19709669909591226,0.00010576281985205305,0.0038262812687573393,0.17322442974711727,0.9848749389260874,0.11031202565905385,0.03947771316400239,0.23585825517526393,-0.01722159663024306,0.01171363938581635,-0.5743891146331541,0.8183173909020788,0.1691446717414635,0.061563625798620354,0.2,0.0,0.14513151185745168,-0.08794630673082426,0.47313551261951425,0.2638470208139619,0.9384091575178919,-0.2205956172745994,0.033325310702159605,0,nan,nan,nan,nan,nan,nan,nan,nan
23.600154638290405,1789121636.0511777,r18_z20_w20,0,0.3490658503988659,-1.2709380307605356,1.2485804488902446,0.02235758187029102,0.0,0.34821364283561707,-1.2762720584869385,1.2593982219696045,0.023009711876511574,0.0015339808305725455,0.16875122124889563,0.06125760964993122,0.19709669909591226,0.00010576281985205305,0.0038262812687573393,0.17322442974711727,0.9848749389260874,0.11031202565905385,0.03947771316400239,0.23585825517526393,-0.01722159663024306,0.01171363938581635,-0.5743891146331541,0.8183173909020788,0.1691446717414635,0.061563625798620354,0.2,0.0,0.14513151185745168,-0.08794630673082426,0.47313551261951425,0.2638470208139619,0.9384091575178919,-0.2205956172745994,0.033325310702159605,0,nan,nan,nan,nan,nan,nan,nan,nan
23.609194040298462,1789121636.0511777,r18_z20_w20,0,0.3490658503988659,-1.2709380307605356,1.2485804488902446,0.02235758187029102,0.0,0.34821364283561707,-1.2762720584869385,1.2593982219696045,0.023009711876511574,0.0015339808305725455,0.16875122124889563,0.06125760964993122,0.19709669909591226,0.00010576281985205305,0.0038262812687573393,0.17322442974711727,0.9848749389260874,0.11031202565905385,0.03947771316400239,0.23585825517526393,-0.01722159663024306,0.01171363938581635,-0.5743891146331541,0.8183173909020788,0.1691446717414635,0.061563625798620354,0.2,0.0,0.14513151185745168,-0.08794630673082426,0.47313551261951425,0.2638470208139619,0.9384091575178919,-0.2205956172745994,0.033325310702159605,0,nan,nan,nan,nan,nan,nan,nan,nan
23.619107246398926,1789121636.0511777,r18_z20_w20,0,0.3490658503988659,-1.2709380307605356,1.2485804488902446,0.02235758187029102,0.0,0.34821364283561707,-1.2762720584869385,1.2593982219696045,0.023009711876511574,0.0015339808305725455,0.16875122124889563,0.06125760964993122,0.19709669909591226,0.00010576281985205305,0.0038262812687573393,0.17322442974711727,0.9848749389260874,0.11031202565905385,0.03947771316400239,0.23585825517526393,-0.01722159663024306,0.01171363938581635,-0.5743891146331541,0.8183173909020788,0.1691446717414635,0.061563625798620354,0.2,0.0,0.14513151185745168,-0.08794630673082426,0.47313551261951425,0.2638470208139619,0.9384091575178919,-0.2205956172745994,0.033325310702159605,0,nan,nan,nan,nan,nan,nan,nan,nan
23.619969129562378,1789121636.0845351,r18_z20_w20,0,0.3490658503988659,-1.2709380307605356,1.2485804488902446,0.02235758187029102,0.0,0.34821364283561707,-1.2762720584869385,1.2593982219696045,0.023009711876511574,0.0015339808305725455,0.16875046489922835,0.061257335090894934,0.19729735449998215,0.00016208969273103093,0.0035060429765599913,0.17322487743986892,0.9848760445992787,0.11037186488731549,0.03944054123202917,0.23594117518133834,-0.017153761772853455,0.011625671148599658,-0.5746061164249807,0.8181677109214139,0.1691446717414635,0.061563625798620354,0.2,0.0,0.1450999086664534,-0.08792558483414462,0.47303348294495984,0.2635964746035737,0.9384545450862117,-0.22071115318999546,0.033264879995895114,0,nan,nan,nan,nan,nan,nan,nan,nan
23.620765209197998,1789121636.0845351,r18_z20_w20,0,0.3490658503988659,-1.2709380307605356,1.2485804488902446,0.02235758187029102,0.0,0.34821364283561707,-1.2762720584869385,1.2593982219696045,0.023009711876511574,0.0015339808305725455,0.16875046489922835,0.061257335090894934,0.19729735449998215,0.00016208969273103093,0.0035060429765599913,0.17322487743986892,0.9848760445992787,0.11037186488731549,0.03944054123202917,0.23594117518133834,-0.017153761772853455,0.011625671148599658,-0.5746061164249807,0.8181677109214139,0.1691446717414635,0.061563625798620354,0.2,0.0,0.1450999086664534,-0.08792558483414462,0.47303348294495984,0.2635964746035737,0.9384545450862117,-0.22071115318999546,0.033264879995895114,0,nan,nan,nan,nan,nan,nan,nan,nan
23.629140377044678,1789121636.0845351,r18_z20_w20,0,0.3490658503988659,-1.2709380307605356,1.2485804488902446,0.02235758187029102,0.0,0.34821364283561707,-1.2762720584869385,1.2593982219696045,0.023009711876511574,0.0015339808305725455,0.16875046489922835,0.061257335090894934,0.19729735449998215,0.00016208969273103093,0.0035060429765599913,0.17322487743986892,0.9848760445992787,0.11037186488731549,0.03944054123202917,0.23594117518133834,-0.017153761772853455,0.011625671148599658,-0.5746061164249807,0.8181677109214139,0.1691446717414635,0.061563625798620354,0.2,0.0,0.1450999086664534,-0.08792558483414462,0.47303348294495984,0.2635964746035737,0.9384545450862117,-0.22071115318999546,0.033264879995895114,0,nan,nan,nan,nan,nan,nan,nan,nan
23.639143705368042,1789121636.0845351,r18_z20_w20,0,0.3490658503988659,-1.2709380307605356,1.2485804488902446,0.02235758187029102,0.0,0.34821364283561707,-1.2762720584869385,1.2593982219696045,0.023009711876511574,0.0015339808305725455,0.16875046489922835,0.061257335090894934,0.19729735449998215,0.00016208969273103093,0.0035060429765599913,0.17322487743986892,0.9848760445992787,0.11037186488731549,0.03944054123202917,0.23594117518133834,-0.017153761772853455,0.011625671148599658,-0.5746061164249807,0.8181677109214139,0.1691446717414635,0.061563625798620354,0.2,0.0,0.1450999086664534,-0.08792558483414462,0.47303348294495984,0.2635964746035737,0.9384545450862117,-0.22071115318999546,0.033264879995895114,0,nan,nan,nan,nan,nan,nan,nan,nan
23.64926266670227,1789121636.0845351,r18_z20_w20,0,0.3490658503988659,-1.2709380307605356,1.2485804488902446,0.02235758187029102,0.0,0.34821364283561707,-1.2762720584869385,1.2593982219696045,0.023009711876511574,0.0015339808305725455,0.16875046489922835,0.061257335090894934,0.19729735449998215,0.00016208969273103093,0.0035060429765599913,0.17322487743986892,0.9848760445992787,0.11037186488731549,0.03944054123202917,0.23594117518133834,-0.017153761772853455,0.011625671148599658,-0.5746061164249807,0.8181677109214139,0.1691446717414635,0.061563625798620354,0.2,0.0,0.1450999086664534,-0.08792558483414462,0.47303348294495984,0.2635964746035737,0.9384545450862117,-0.22071115318999546,0.033264879995895114,0,nan,nan,nan,nan,nan,nan,nan,nan
23.652415990829468,1789121636.0845351,r18_z20_w20,0,0.3490658503988659,-1.2709380307605356,1.2485804488902446,0.02235758187029102,0.0,0.34821364283561707,-1.2762720584869385,1.2593982219696045,0.023009711876511574,0.0015339808305725455,0.16875046489922835,0.061257335090894934,0.19729735449998215,0.00016208969273103093,0.0035060429765599913,0.17322487743986892,0.9848760445992787,0.11037186488731549,0.03944054123202917,0.23594117518133834,-0.017153761772853455,0.011625671148599658,-0.5746061164249807,0.8181677109214139,0.1691446717414635,0.061563625798620354,0.2,0.0,0.1450999086664534,-0.08792558483414462,0.47303348294495984,0.2635964746035737,0.9384545450862117,-0.22071115318999546,0.033264879995895114,0,nan,nan,nan,nan,nan,nan,nan,nan
23.653141736984253,1789121636.1178923,r18_z20_w20,0,0.3490658503988659,-1.2709380307605356,1.2485804488902446,0.02235758187029102,0.0,0.34821364283561707,-1.2762720584869385,1.2593982219696045,0.023009711876511574,0.0015339808305725455,0.1687494931296882,0.061256982333275076,0.1975176778699537,0.0002239378118306514,0.0031544138980285795,0.1732253479209931,0.9848771387145034,0.11033482297936842,0.03946625847598109,0.2358905271721209,-0.01714997423468777,0.011728320007926325,-0.5744311451989121,0.818289181352783,0.1691446717414635,0.061563625798620354,0.2,0.0,0.14512207250730885,-0.08793926620456537,0.4730960951217346,0.2638141932373441,0.938412951862816,-0.2206300570019282,0.033250280750263414,0,nan,nan,nan,nan,nan,nan,nan,nan
23.715489387512207,1789121636.1178923,r18_z20_w20,0,0.3490658503988659,-1.2709380307605356,1.2485804488902446,0.02235758187029102,0.0,0.34821364283561707,-1.2762720584869385,1.2593982219696045,0.023009711876511574,0.0015339808305725455,0.1687494931296882,0.061256982333275076,0.1975176778699537,0.0002239378118306514,0.0031544138980285795,0.1732253479209931,0.9848771387145034,0.11033482297936842,0.03946625847598109,0.2358905271721209,-0.01714997423468777,0.011728320007926325,-0.5744311451989121,0.818289181352783,0.1691446717414635,0.061563625798620354,0.2,0.0,0.14512207250730885,-0.08793926620456537,0.4730960951217346,0.2638141932373441,0.938412951862816,-0.2206300570019282,0.033250280750263414,0,nan,nan,nan,nan,nan,nan,nan,nan
23.716261863708496,1789121636.1178923,r18_z20_w20,0,0.3490658503988659,-1.2709380307605356,1.2485804488902446,0.02235758187029102,0.0,0.34821364283561707,-1.2762720584869385,1.2593982219696045,0.023009711876511574,0.0015339808305725455,0.1687494931296882,0.061256982333275076,0.1975176778699537,0.0002239378118306514,0.0031544138980285795,0.1732253479209931,0.9848771387145034,0.11033482297936842,0.03946625847598109,0.2358905271721209,-0.01714997423468777,0.011728320007926325,-0.5744311451989121,0.818289181352783,0.1691446717414635,0.061563625798620354,0.2,0.0,0.14512207250730885,-0.08793926620456537,0.4730960951217346,0.2638141932373441,0.938412951862816,-0.2206300570019282,0.033250280750263414,0,nan,nan,nan,nan,nan,nan,nan,nan
23.716830253601074,1789121636.1512494,r18_z20_w20,0,0.3490658503988659,-1.2709380307605356,1.2485804488902446,0.02235758187029102,0.0,0.34821364283561707,-1.2762720584869385,1.2593982219696045,0.023009711876511574,0.0015339808305725455,0.1687494931296882,0.061256982333275076,0.1975176778699537,0.0002239378118306514,0.0031544138980285795,0.1732253479209931,0.9848771387145034,0.1102537422922763,0.03951665108450314,0.2357710146797647,-0.01732332063906862,0.011877974437699678,-0.5744823268390171,0.8182474396140338,0.1691446717414635,0.061563625798620354,0.2,0.0,0.14516546004328534,-0.08796403679867836,0.4732406657550989,0.2637506554133012,0.9384812534771768,-0.22041193295786113,0.03327323925830824,0,nan,nan,nan,nan,nan,nan,nan,nan
23.717430353164673,1789121636.1512494,r18_z20_w20,0,0.3490658503988659,-1.2709380307605356,1.2485804488902446,0.02235758187029102,0.0,0.34821364283561707,-1.2762720584869385,1.2593982219696045,0.023009711876511574,0.0015339808305725455,0.1687494931296882,0.061256982333275076,0.1975176778699537,0.0002239378118306514,0.0031544138980285795,0.1732253479209931,0.9848771387145034,0.1102537422922763,0.03951665108450314,0.2357710146797647,-0.01732332063906862,0.011877974437699678,-0.5744823268390171,0.8182474396140338,0.1691446717414635,0.061563625798620354,0.2,0.0,0.14516546004328534,-0.08796403679867836,0.4732406657550989,0.2637506554133012,0.9384812534771768,-0.22041193295786113,0.03327323925830824,0,nan,nan,nan,nan,nan,nan,nan,nan
23.71787738800049,1789121636.1512494,r18_z20_w20,0,0.3490658503988659,-1.2709380307605356,1.2485804488902446,0.02235758187029102,0.0,0.34821364283561707,-1.2762720584869385,1.2593982219696045,0.023009711876511574,0.0015339808305725455,0.1687494931296882,0.061256982333275076,0.1975176778699537,0.0002239378118306514,0.0031544138980285795,0.1732253479209931,0.9848771387145034,0.1102537422922763,0.03951665108450314,0.2357710146797647,-0.01732332063906862,0.011877974437699678,-0.5744823268390171,0.8182474396140338,0.1691446717414635,0.061563625798620354,0.2,0.0,0.14516546004328534,-0.08796403679867836,0.4732406657550989,0.2637506554133012,0.9384812534771768,-0.22041193295786113,0.03327323925830824,0,nan,nan,nan,nan,nan,nan,nan,nan
23.718650817871094,1789121636.1512494,r18_z20_w20,0,0.3490658503988659,-1.2709380307605356,1.2485804488902446,0.02235758187029102,0.0,0.34821364283561707,-1.2762720584869385,1.2593982219696045,0.023009711876511574,0.0015339808305725455,0.1687494931296882,0.061256982333275076,0.1975176778699537,0.0002239378118306514,0.0031544138980285795,0.1732253479209931,0.9848771387145034,0.1102537422922763,0.03951665108450314,0.2357710146797647,-0.01732332063906862,0.011877974437699678,-0.5744823268390171,0.8182474396140338,0.1691446717414635,0.061563625798620354,0.2,0.0,0.14516546004328534,-0.08796403679867836,0.4732406657550989,0.2637506554133012,0.9384812534771768,-0.22041193295786113,0.03327323925830824,0,nan,nan,nan,nan,nan,nan,nan,nan
23.719107151031494,1789121636.1512494,r18_z20_w20,0,0.3490658503988659,-1.2709380307605356,1.2485804488902446,0.02235758187029102,0.0,0.34821364283561707,-1.2762720584869385,1.2593982219696045,0.023009711876511574,0.0015339808305725455,0.1687494931296882,0.061256982333275076,0.1975176778699537,0.0002239378118306514,0.0031544138980285795,0.1732253479209931,0.9848771387145034,0.1102537422922763,0.03951665108450314,0.2357710146797647,-0.01732332063906862,0.011877974437699678,-0.5744823268390171,0.8182474396140338,0.1691446717414635,0.061563625798620354,0.2,0.0,0.14516546004328534,-0.08796403679867836,0.4732406657550989,0.2637506554133012,0.9384812534771768,-0.22041193295786113,0.03327323925830824,0,nan,nan,nan,nan,nan,nan,nan,nan
23.719781160354614,1789121636.1512494,r18_z20_w20,0,0.3490658503988659,-1.2709380307605356,1.2485804488902446,0.02235758187029102,0.0,0.34821364283561707,-1.2762720584869385,1.2593982219696045,0.023009711876511574,0.0015339808305725455,0.1687494931296882,0.061256982333275076,0.1975176778699537,0.0002239378118306514,0.0031544138980285795,0.1732253479209931,0.9848771387145034,0.1102537422922763,0.03951665108450314,0.2357710146797647,-0.01732332063906862,0.011877974437699678,-0.5744823268390171,0.8182474396140338,0.1691446717414635,0.061563625798620354,0.2,0.0,0.14516546004328534,-0.08796403679867836,0.4732406657550989,0.2637506554133012,0.9384812534771768,-0.22041193295786113,0.03327323925830824,0,nan,nan,nan,nan,nan,nan,nan,nan
23.7202205657959,1789121636.1512494,r18_z20_w20,0,0.3490658503988659,-1.2709380307605356,1.2485804488902446,0.02235758187029102,0.0,0.34821364283561707,-1.2762720584869385,1.2593982219696045,0.023009711876511574,0.0015339808305725455,0.1687494931296882,0.061256982333275076,0.1975176778699537,0.0002239378118306514,0.0031544138980285795,0.1732253479209931,0.9848771387145034,0.1102537422922763,0.03951665108450314,0.2357710146797647,-0.01732332063906862,0.011877974437699678,-0.5744823268390171,0.8182474396140338,0.1691446717414635,0.061563625798620354,0.2,0.0,0.14516546004328534,-0.08796403679867836,0.4732406657550989,0.2637506554133012,0.9384812534771768,-0.22041193295786113,0.03327323925830824,0,nan,nan,nan,nan,nan,nan,nan,nan
23.72073245048523,1789121636.1846068,r18_z20_w20,0,0.3490658503988659,-1.2709380307605356,1.2485804488902446,0.02235758187029102,0.0,0.34821364283561707,-1.2762720584869385,1.2593982219696045,0.023009711876511574,0.0015339808305725455,0.1687494931296882,0.061256982333275076,0.1975176778699537,0.0002239378118306514,0.0031544138980285795,0.1732253479209931,0.9848771387145034,0.11031226991351101,0.03948356251656607,0.2358550543860783,-0.017267608443710246,0.011652999818624363,-0.5744490703340871,0.8182751999701354,0.1691446717414635,0.061563625798620354,0.2,0.0,0.14513753010564853,-0.0879457786990241,0.4731383448462219,0.2637602166019044,0.9384270533995566,-0.22061510389672687,0.03337947750608032,0,nan,nan,nan,nan,nan,nan,nan,nan
23.72127914428711,1789121636.1846068,r18_z20_w20,0,0.3490658503988659,-1.2709380307605356,1.2485804488902446,0.02235758187029102,0.0,0.34821364283561707,-1.2762720584869385,1.2593982219696045,0.023009711876511574,0.0015339808305725455,0.1687494931296882,0.061256982333275076,0.1975176778699537,0.0002239378118306514,0.0031544138980285795,0.1732253479209931,0.9848771387145034,0.11031226991351101,0.03948356251656607,0.2358550543860783,-0.017267608443710246,0.011652999818624363,-0.5744490703340871,0.8182751999701354,0.1691446717414635,0.061563625798620354,0.2,0.0,0.14513753010564853,-0.0879457786990241,0.4731383448462219,0.2637602166019044,0.9384270533995566,-0.22061510389672687,0.03337947750608032,0,nan,nan,nan,nan,nan,nan,nan,nan
23.721813917160034,1789121636.1846068,r18_z20_w20,0,0.3490658503988659,-1.2709380307605356,1.2485804488902446,0.02235758187029102,0.0,0.34821364283561707,-1.2762720584869385,1.2593982219696045,0.023009711876511574,0.0015339808305725455,0.1687494931296882,0.061256982333275076,0.1975176778699537,0.0002239378118306514,0.0031544138980285795,0.1732253479209931,0.9848771387145034,0.11031226991351101,0.03948356251656607,0.2358550543860783,-0.017267608443710246,0.011652999818624363,-0.5744490703340871,0.8182751999701354,0.1691446717414635,0.061563625798620354,0.2,0.0,0.14513753010564853,-0.0879457786990241,0.4731383448462219,0.2637602166019044,0.9384270533995566,-0.22061510389672687,0.03337947750608032,0,nan,nan,nan,nan,nan,nan,nan,nan
23.7292218208313,1789121636.1846068,r18_z20_w20,0,0.3490658503988659,-1.2709380307605356,1.2485804488902446,0.02235758187029102,0.0,0.34821364283561707,-1.2762720584869385,1.2593982219696045,0.023009711876511574,0.0015339808305725455,0.1687494931296882,0.061256982333275076,0.1975176778699537,0.0002239378118306514,0.0031544138980285795,0.1732253479209931,0.9848771387145034,0.11031226991351101,0.03948356251656607,0.2358550543860783,-0.017267608443710246,0.011652999818624363,-0.5744490703340871,0.8182751999701354,0.1691446717414635,0.061563625798620354,0.2,0.0,0.14513753010564853,-0.0879457786990241,0.4731383448462219,0.2637602166019044,0.9384270533995566,-0.22061510389672687,0.03337947750608032,0,nan,nan,nan,nan,nan,nan,nan,nan
23.739210605621338,1789121636.1846068,r18_z20_w20,0,0.3490658503988659,-1.2709380307605356,1.2485804488902446,0.02235758187029102,0.0,0.34821364283561707,-1.2762720584869385,1.2593982219696045,0.023009711876511574,0.0015339808305725455,0.1687494931296882,0.061256982333275076,0.1975176778699537,0.0002239378118306514,0.0031544138980285795,0.1732253479209931,0.9848771387145034,0.11031226991351101,0.03948356251656607,0.2358550543860783,-0.017267608443710246,0.011652999818624363,-0.5744490703340871,0.8182751999701354,0.1691446717414635,0.061563625798620354,0.2,0.0,0.14513753010564853,-0.0879457786990241,0.4731383448462219,0.2637602166019044,0.9384270533995566,-0.22061510389672687,0.03337947750608032,0,nan,nan,nan,nan,nan,nan,nan,nan
23.749255895614624,1789121636.1846068,r18_z20_w20,0,0.3490658503988659,-1.2709380307605356,1.2485804488902446,0.02235758187029102,0.0,0.34821364283561707,-1.2762720584869385,1.2593982219696045,0.023009711876511574,0.0015339808305725455,0.1687494931296882,0.061256982333275076,0.1975176778699537,0.0002239378118306514,0.0031544138980285795,0.1732253479209931,0.9848771387145034,0.11031226991351101,0.03948356251656607,0.2358550543860783,-0.017267608443710246,0.011652999818624363,-0.5744490703340871,0.8182751999701354,0.1691446717414635,0.061563625798620354,0.2,0.0,0.14513753010564853,-0.0879457786990241,0.4731383448462219,0.2637602166019044,0.9384270533995566,-0.22061510389672687,0.03337947750608032,0,nan,nan,nan,nan,nan,nan,nan,nan
23.759191274642944,1789121636.1846068,r18_z20_w20,0,0.3490658503988659,-1.2709380307605356,1.2485804488902446,0.02235758187029102,0.0,0.34821364283561707,-1.2762720584869385,1.2593982219696045,0.023009711876511574,0.0015339808305725455,0.1687494931296882,0.061256982333275076,0.1975176778699537,0.0002239378118306514,0.0031544138980285795,0.1732253479209931,0.9848771387145034,0.11031226991351101,0.03948356251656607,0.2358550543860783,-0.017267608443710246,0.011652999818624363,-0.5744490703340871,0.8182751999701354,0.1691446717414635,0.061563625798620354,0.2,0.0,0.14513753010564853,-0.0879457786990241,0.4731383448462219,0.2637602166019044,0.9384270533995566,-0.22061510389672687,0.03337947750608032,0,nan,nan,nan,nan,nan,nan,nan,nan
23.762438535690308,1789121636.1846068,r18_z20_w20,0,0.3490658503988659,-1.2709380307605356,1.2485804488902446,0.02235758187029102,0.0,0.34821364283561707,-1.2762720584869385,1.2593982219696045,0.023009711876511574,0.0015339808305725455,0.1687494931296882,0.061256982333275076,0.1975176778699537,0.0002239378118306514,0.0031544138980285795,0.1732253479209931,0.9848771387145034,0.11031226991351101,0.03948356251656607,0.2358550543860783,-0.017267608443710246,0.011652999818624363,-0.5744490703340871,0.8182751999701354,0.1691446717414635,0.061563625798620354,0.2,0.0,0.14513753010564853,-0.0879457786990241,0.4731383448462219,0.2637602166019044,0.9384270533995566,-0.22061510389672687,0.03337947750608032,0,nan,nan,nan,nan,nan,nan,nan,nan
23.763340711593628,1789121636.217964,r18_z20_w20,0,0.3490658503988659,-1.2709380307605356,1.2485804488902446,0.02235758187029102,0.0,0.34821364283561707,-1.2762720584869385,1.2593982219696045,0.023009711876511574,0.0015339808305725455,0.1687494931296882,0.061256982333275076,0.1975176778699537,0.0002239378118306514,0.0031544138980285795,0.1732253479209931,0.9848771387145034,0.1104342454817186,0.039403286958517664,0.23603178071512554,-0.01718928716395719,0.011305233430372714,-0.5744530616340598,0.8182789256012494,0.1691446717414635,0.061563625798620354,0.2,0.0,0.14506811470576772,-0.08790620741845766,0.47292347275438174,0.2637103271074325,0.9383624012792748,-0.22092620126708126,0.033533279529166474,0,nan,nan,nan,nan,nan,nan,nan,nan
23.82562518119812,1789121636.217964,r18_z20_w20,0,0.3490658503988659,-1.2709380307605356,1.2485804488902446,0.02235758187029102,0.0,0.34821364283561707,-1.2762720584869385,1.2593982219696045,0.023009711876511574,0.0015339808305725455,0.1687494931296882,0.061256982333275076,0.1975176778699537,0.0002239378118306514,0.0031544138980285795,0.1732253479209931,0.9848771387145034,0.1104342454817186,0.039403286958517664,0.23603178071512554,-0.01718928716395719,0.011305233430372714,-0.5744530616340598,0.8182789256012494,0.1691446717414635,0.061563625798620354,0.2,0.0,0.14506811470576772,-0.08790620741845766,0.47292347275438174,0.2637103271074325,0.9383624012792748,-0.22092620126708126,0.033533279529166474,0,nan,nan,nan,nan,nan,nan,nan,nan
23.826427459716797,1789121636.217964,r18_z20_w20,0,0.3490658503988659,-1.2709380307605356,1.2485804488902446,0.02235758187029102,0.0,0.34821364283561707,-1.2762720584869385,1.2593982219696045,0.023009711876511574,0.0015339808305725455,0.1687494931296882,0.061256982333275076,0.1975176778699537,0.0002239378118306514,0.0031544138980285795,0.1732253479209931,0.9848771387145034,0.1104342454817186,0.039403286958517664,0.23603178071512554,-0.01718928716395719,0.011305233430372714,-0.5744530616340598,0.8182789256012494,0.1691446717414635,0.061563625798620354,0.2,0.0,0.14506811470576772,-0.08790620741845766,0.47292347275438174,0.2637103271074325,0.9383624012792748,-0.22092620126708126,0.033533279529166474,0,nan,nan,nan,nan,nan,nan,nan,nan
23.82706356048584,1789121636.251321,r18_z20_w20,0,0.3490658503988659,-1.2709380307605356,1.2485804488902446,0.02235758187029102,0.0,0.34821364283561707,-1.2762720584869385,1.2593982219696045,0.023009711876511574,0.0015339808305725455,0.1687494931296882,0.061256982333275076,0.1975176778699537,0.0002239378118306514,0.0031544138980285795,0.1732253479209931,0.9848771387145034,0.11035787725292051,0.039451066445183675,0.23592399673053654,-0.01755706402788005,0.011695596529448453,-0.5742827744553943,0.8183851522897737,0.1691446717414635,0.061563625798620354,0.2,0.0,0.14510892845441217,-0.08793181408838043,0.4730554231595602,0.2639060611875458,0.9384282745088863,-0.22039901650808844,0.0336190123742034,0,nan,nan,nan,nan,nan,nan,nan,nan
23.82768440246582,1789121636.251321,r18_z20_w20,0,0.3490658503988659,-1.2709380307605356,1.2485804488902446,0.02235758187029102,0.0,0.34821364283561707,-1.2762720584869385,1.2593982219696045,0.023009711876511574,0.0015339808305725455,0.1687494931296882,0.061256982333275076,0.1975176778699537,0.0002239378118306514,0.0031544138980285795,0.1732253479209931,0.9848771387145034,0.11035787725292051,0.039451066445183675,0.23592399673053654,-0.01755706402788005,0.011695596529448453,-0.5742827744553943,0.8183851522897737,0.1691446717414635,0.061563625798620354,0.2,0.0,0.14510892845441217,-0.08793181408838043,0.4730554231595602,0.2639060611875458,0.9384282745088863,-0.22039901650808844,0.0336190123742034,0,nan,nan,nan,nan,nan,nan,nan,nan
23.828192234039307,1789121636.251321,r18_z20_w20,0,0.3490658503988659,-1.2709380307605356,1.2485804488902446,0.02235758187029102,0.0,0.34821364283561707,-1.2762720584869385,1.2593982219696045,0.023009711876511574,0.0015339808305725455,0.1687494931296882,0.061256982333275076,0.1975176778699537,0.0002239378118306514,0.0031544138980285795,0.1732253479209931,0.9848771387145034,0.11035787725292051,0.039451066445183675,0.23592399673053654,-0.01755706402788005,0.011695596529448453,-0.5742827744553943,0.8183851522897737,0.1691446717414635,0.061563625798620354,0.2,0.0,0.14510892845441217,-0.08793181408838043,0.4730554231595602,0.2639060611875458,0.9384282745088863,-0.22039901650808844,0.0336190123742034,0,nan,nan,nan,nan,nan,nan,nan,nan
23.828760862350464,1789121636.2846785,r18_z20_w20,0,0.3490658503988659,-1.2709380307605356,1.2485804488902446,0.02235758187029102,0.0,0.34821364283561707,-1.2762720584869385,1.2593982219696045,0.023009711876511574,0.0015339808305725455,0.1687494931296882,0.061256982333275076,0.1975176778699537,0.0002239378118306514,0.0031544138980285795,0.1732253479209931,0.9848771387145034,0.1102738637344452,0.03950639359293853,0.23580100051528624,-0.01748293030014142,0.011958889378045769,-0.5743487000627373,0.8183366684007309,0.1691446717414635,0.061563625798620354,0.2,0.0,0.14515687081486273,-0.08795848828288709,0.47320454542802814,0.2638886498049372,0.9384770786900791,-0.2202479816575553,0.03338232845736626,0,nan,nan,nan,nan,nan,nan,nan,nan
23.89083504676819,1789121636.2846785,r18_z20_w20,0,0.3490658503988659,-1.2709380307605356,1.2485804488902446,0.02235758187029102,0.0,0.34821364283561707,-1.2762720584869385,1.2593982219696045,0.023009711876511574,0.0015339808305725455,0.1687494931296882,0.061256982333275076,0.1975176778699537,0.0002239378118306514,0.0031544138980285795,0.1732253479209931,0.9848771387145034,0.1102738637344452,0.03950639359293853,0.23580100051528624,-0.01748293030014142,0.011958889378045769,-0.5743487000627373,0.8183366684007309,0.1691446717414635,0.061563625798620354,0.2,0.0,0.14515687081486273,-0.08795848828288709,0.47320454542802814,0.2638886498049372,0.9384770786900791,-0.2202479816575553,0.03338232845736626,0,nan,nan,nan,nan,nan,nan,nan,nan
23.952594995498657,1789121636.2846785,r18_z20_w20,0,0.3490658503988659,-1.2709380307605356,1.2485804488902446,0.02235758187029102,0.0,0.34821364283561707,-1.2762720584869385,1.2593982219696045,0.023009711876511574,0.0015339808305725455,0.1687494931296882,0.061256982333275076,0.1975176778699537,0.0002239378118306514,0.0031544138980285795,0.1732253479209931,0.9848771387145034,0.1102738637344452,0.03950639359293853,0.23580100051528624,-0.01748293030014142,0.011958889378045769,-0.5743487000627373,0.8183366684007309,0.1691446717414635,0.061563625798620354,0.2,0.0,0.14515687081486273,-0.08795848828288709,0.47320454542802814,0.2638886498049372,0.9384770786900791,-0.2202479816575553,0.03338232845736626,0,nan,nan,nan,nan,nan,nan,nan,nan
24.014750719070435,1789121636.3180356,r18_z20_w20,0,0.3490658503988659,-1.2709380307605356,1.2485804488902446,0.02235758187029102,0.0,0.34821364283561707,-1.2762720584869385,1.260932207107544,0.023009711876511574,0.0015339808305725455,0.1687494931296882,0.061256982333275076,0.1975176778699537,0.0002239378118306514,0.0031544138980285795,0.1732253479209931,0.9848771387145034,0.11019594329076843,0.039556429448834585,0.2356915814386782,-0.017168362030952025,0.012172127221480002,-0.5744642890665455,0.8182590465441533,0.1691446717414635,0.061563625798620354,0.2,0.0,0.14519973137725822,-0.08798512830717506,0.4733387132261053,0.2638484281638733,0.9384939783506504,-0.2202845264091159,0.032981615784158515,0,nan,nan,nan,nan,nan,nan,nan,nan
24.07703137397766,1789121636.3180356,r18_z20_w20,0,0.3490658503988659,-1.2709380307605356,1.2485804488902446,0.02235758187029102,0.0,0.34821364283561707,-1.2762720584869385,1.260932207107544,0.023009711876511574,0.0015339808305725455,0.16875050766548405,0.061257350615277976,0.19771322904331684,0.00033075108280559984,0.0025471402283998735,0.1732261084575588,0.9848787326514001,0.11019594329076843,0.039556429448834585,0.2356915814386782,-0.017168362030952025,0.012172127221480002,-0.5744642890665455,0.8182590465441533,0.1691446717414635,0.061563625798620354,0.2,0.0,0.14519973137725822,-0.08798512830717506,0.4733387132261053,0.2638484281638733,0.9384939783506504,-0.2202845264091159,0.032981615784158515,0,nan,nan,nan,nan,nan,nan,nan,nan
24.077815294265747,1789121636.3180356,r18_z20_w20,0,0.3490658503988659,-1.2709380307605356,1.2485804488902446,0.02235758187029102,0.0,0.34821364283561707,-1.2762720584869385,1.260932207107544,0.023009711876511574,0.0015339808305725455,0.16875050766548405,0.061257350615277976,0.19771322904331684,0.00033075108280559984,0.0025471402283998735,0.1732261084575588,0.9848787326514001,0.11019594329076843,0.039556429448834585,0.2356915814386782,-0.017168362030952025,0.012172127221480002,-0.5744642890665455,0.8182590465441533,0.1691446717414635,0.061563625798620354,0.2,0.0,0.14519973137725822,-0.08798512830717506,0.4733387132261053,0.2638484281638733,0.9384939783506504,-0.2202845264091159,0.032981615784158515,0,nan,nan,nan,nan,nan,nan,nan,nan
24.07851767539978,1789121636.38475,r18_z20_w20,0,0.3490658503988659,-1.2709380307605356,1.2485804488902446,0.02235758187029102,0.0,0.34821364283561707,-1.2762720584869385,1.260932207107544,0.023009711876511574,0.0015339808305725455,0.16875072072905684,0.061257427958511856,0.1977609251474106,0.0003568033585600402,0.002399022974515592,0.17322628396555542,0.9848790646184007,0.11040316718983578,0.03942250070241016,0.23598903576822527,-0.017354830771835618,0.011628279510963534,-0.5744241087760995,0.8182912294661844,0.1691446717414635,0.061563625798620354,0.2,0.0,0.14508441387732446,-0.0879170996757419,0.4729761781089868,0.2637691083366446,0.938429861320663,-0.22057921154343096,0.03346736177010095,0,nan,nan,nan,nan,nan,nan,nan,nan
24.14055895805359,1789121636.38475,r18_z20_w20,0,0.3490658503988659,-1.2709380307605356,1.2485804488902446,0.02235758187029102,0.0,0.34821364283561707,-1.2762720584869385,1.260932207107544,0.023009711876511574,0.0015339808305725455,0.16875072072905684,0.061257427958511856,0.1977609251474106,0.0003568033585600402,0.002399022974515592,0.17322628396555542,0.9848790646184007,0.11040316718983578,0.03942250070241016,0.23598903576822527,-0.017354830771835618,0.011628279510963534,-0.5744241087760995,0.8182912294661844,0.1691446717414635,0.061563625798620354,0.2,0.0,0.14508441387732446,-0.0879170996757419,0.4729761781089868,0.2637691083366446,0.938429861320663,-0.22057921154343096,0.03346736177010095,0,nan,nan,nan,nan,nan,nan,nan,nan
24.202285766601562,1789121636.38475,r18_z20_w20,0,0.3490658503988659,-1.2709380307605356,1.2485804488902446,0.02235758187029102,0.0,0.34821364283561707,-1.2762720584869385,1.260932207107544,0.023009711876511574,0.0015339808305725455,0.16875072072905684,0.061257427958511856,0.1977609251474106,0.0003568033585600402,0.002399022974515592,0.17322628396555542,0.9848790646184007,0.11040316718983578,0.03942250070241016,0.23598903576822527,-0.017354830771835618,0.011628279510963534,-0.5744241087760995,0.8182912294661844,0.1691446717414635,0.061563625798620354,0.2,0.0,0.14508441387732446,-0.0879170996757419,0.4729761781089868,0.2637691083366446,0.938429861320663,-0.22057921154343096,0.03346736177010095,0,nan,nan,nan,nan,nan,nan,nan,nan
24.26449418067932,1789121636.5848904,r18_z20_w20,0,0.3490658503988659,-1.2709380307605356,1.2485804488902446,0.02235758187029102,0.0,0.34821364283561707,-1.2762720584869385,1.2593982219696045,0.023009711876511574,0.0015339808305725455,0.16875072072905684,0.061257427958511856,0.1977609251474106,0.0003568033585600402,0.002399022974515592,0.17322628396555542,0.9848790646184007,0.11026689932641393,0.0395072630616822,0.23579188884271274,-0.017389334978552894,0.012096710486739937,-0.574445630687254,0.8182685977163775,0.1691446717414635,0.061563625798620354,0.2,0.0,0.1451571213079143,-0.08796046148975112,0.4732158735011261,0.263817969311271,0.9385135920555606,-0.22020476610939244,0.03319905989864495,0,nan,nan,nan,nan,nan,nan,nan,nan
24.326678037643433,1789121636.5848904,r18_z20_w20,0,0.3490658503988659,-1.2709380307605356,1.2485804488902446,0.02235758187029102,0.0,0.34821364283561707,-1.2762720584869385,1.2593982219696045,0.023009711876511574,0.0015339808305725455,0.16875139835217112,0.06125767393938192,0.19704436409435455,9.10716493653149e-05,0.003909805717589207,0.17322430996861934,0.984874633423514,0.11026689932641393,0.0395072630616822,0.23579188884271274,-0.017389334978552894,0.012096710486739937,-0.574445630687254,0.8182685977163775,0.1691446717414635,0.061563625798620354,0.2,0.0,0.1451571213079143,-0.08796046148975112,0.4732158735011261,0.263817969311271,0.9385135920555606,-0.22020476610939244,0.03319905989864495,0,nan,nan,nan,nan,nan,nan,nan,nan
24.389101028442383,1789121636.5848904,r18_z20_w20,0,0.3490658503988659,-1.2709380307605356,1.2485804488902446,0.02235758187029102,0.0,0.34821364283561707,-1.2762720584869385,1.2593982219696045,0.023009711876511574,0.0015339808305725455,0.16875139835217112,0.06125767393938192,0.19704436409435455,9.10716493653149e-05,0.003909805717589207,0.17322430996861934,0.984874633423514,0.11026689932641393,0.0395072630616822,0.23579188884271274,-0.017389334978552894,0.012096710486739937,-0.574445630687254,0.8182685977163775,0.1691446717414635,0.061563625798620354,0.2,0.0,0.1451571213079143,-0.08796046148975112,0.4732158735011261,0.263817969311271,0.9385135920555606,-0.22020476610939244,0.03319905989864495,0,nan,nan,nan,nan,nan,nan,nan,nan
24.451144456863403,1789121636.7516742,r18_z20_w20,0,0.3490658503988659,-1.2709380307605356,1.2485804488902446,0.02235758187029102,0.0,0.34821364283561707,-1.2762720584869385,1.2593982219696045,0.023009711876511574,0.0015339808305725455,0.16875139835217112,0.06125767393938192,0.19704436409435455,9.10716493653149e-05,0.003909805717589207,0.17322430996861934,0.984874633423514,0.11030765377710838,0.03948151025942018,0.23585094625306074,-0.017469804878516862,0.011937702610125306,-0.5743530685197689,0.8183341920363737,0.1691446717414635,0.061563625798620354,0.2,0.0,0.14513497476376838,-0.08794745711446361,0.4731440937923043,0.26388238981828455,0.9384730820547279,-0.22027222203198446,0.03338422986356076,0,nan,nan,nan,nan,nan,nan,nan,nan
24.513144731521606,1789121636.7516742,r18_z20_w20,0,0.3490658503988659,-1.2709380307605356,1.2485804488902446,0.02235758187029102,0.0,0.34821364283561707,-1.2762720584869385,1.2593982219696045,0.023009711876511574,0.0015339808305725455,0.16875139835217112,0.06125767393938192,0.19704436409435455,9.10716493653149e-05,0.003909805717589207,0.17322430996861934,0.984874633423514,0.11030765377710838,0.03948151025942018,0.23585094625306074,-0.017469804878516862,0.011937702610125306,-0.5743530685197689,0.8183341920363737,0.1691446717414635,0.061563625798620354,0.2,0.0,0.14513497476376838,-0.08794745711446361,0.4731440937923043,0.26388238981828455,0.9384730820547279,-0.22027222203198446,0.03338422986356076,0,nan,nan,nan,nan,nan,nan,nan,nan
24.574923753738403,1789121636.7516742,r18_z20_w20,0,0.3490658503988659,-1.2709380307605356,1.2485804488902446,0.02235758187029102,0.0,0.34821364283561707,-1.2762720584869385,1.2593982219696045,0.023009711876511574,0.0015339808305725455,0.16875139835217112,0.06125767393938192,0.19704436409435455,9.10716493653149e-05,0.003909805717589207,0.17322430996861934,0.984874633423514,0.11030765377710838,0.03948151025942018,0.23585094625306074,-0.017469804878516862,0.011937702610125306,-0.5743530685197689,0.8183341920363737,0.1691446717414635,0.061563625798620354,0.2,0.0,0.14513497476376838,-0.08794745711446361,0.4731440937923043,0.26388238981828455,0.9384730820547279,-0.22027222203198446,0.03338422986356076,0,nan,nan,nan,nan,nan,nan,nan,nan
24.636874198913574,1789121636.9518142,r18_z20_w20,0,0.3490658503988659,-1.2709380307605356,1.2485804488902446,0.02235758187029102,0.0,0.34821364283561707,-1.2762720584869385,1.2593982219696045,0.02147573232650757,0.0015339808305725455,0.16875139835217112,0.06125767393938192,0.19704436409435455,9.10716493653149e-05,0.003909805717589207,0.17322430996861934,0.984874633423514,0.11030720533944255,0.039482170743824124,0.23585079506592205,-0.017067942049396528,0.011626593919994883,-0.574584976238074,0.8181843391006149,0.1691446717414635,0.061563625798620354,0.2,0.0,0.1451355502591997,-0.08794790599158561,0.47314445087475526,0.26363587014430506,0.9384334544255138,-0.22076260727324828,0.033206186444241725,0,nan,nan,nan,nan,nan,nan,nan,nan
24.699236631393433,1789121636.9518142,r18_z20_w20,0,0.3490658503988659,-1.2709380307605356,1.2485804488902446,0.02235758187029102,0.0,0.34821364283561707,-1.2762720584869385,1.2593982219696045,0.02147573232650757,0.0015339808305725455,0.16875139835217112,0.06125767393938192,0.19704436409435455,9.10716493653149e-05,0.003909805717589207,0.17322430996861934,0.984874633423514,0.11030720533944255,0.039482170743824124,0.23585079506592205,-0.017067942049396528,0.011626593919994883,-0.574584976238074,0.8181843391006149,0.1691446717414635,0.061563625798620354,0.2,0.0,0.1451355502591997,-0.08794790599158561,0.47314445087475526,0.26363587014430506,0.9384334544255138,-0.22076260727324828,0.033206186444241725,0,nan,nan,nan,nan,nan,nan,nan,nan
24.761030912399292,1789121636.9518142,r18_z20_w20,0,0.3490658503988659,-1.2709380307605356,1.2485804488902446,0.02235758187029102,0.0,0.34821364283561707,-1.2762720584869385,1.2593982219696045,0.02147573232650757,0.0015339808305725455,0.16875139835217112,0.06125767393938192,0.19704436409435455,9.10716493653149e-05,0.003909805717589207,0.17322430996861934,0.984874633423514,0.11030720533944255,0.039482170743824124,0.23585079506592205,-0.017067942049396528,0.011626593919994883,-0.574584976238074,0.8181843391006149,0.1691446717414635,0.061563625798620354,0.2,0.0,0.1451355502591997,-0.08794790599158561,0.47314445087475526,0.26363587014430506,0.9384334544255138,-0.22076260727324828,0.033206186444241725,0,nan,nan,nan,nan,nan,nan,nan,nan
24.82286763191223,1789121637.1185977,r18_z20_w20,0,0.3490658503988659,-1.2709380307605356,1.2485804488902446,0.02235758187029102,0.0,0.34821364283561707,-1.2762720584869385,1.2593982219696045,0.02147573232650757,0.0015339808305725455,0.16875139835217112,0.06125767393938192,0.19704436409435455,9.10716493653149e-05,0.003909805717589207,0.17322430996861934,0.984874633423514,0.11032659290288366,0.03946981443237896,0.23587789274195675,-0.017287502366678115,0.011645416468287102,-0.5744503056816144,0.8182740206309267,0.1691446717414635,0.061563625798620354,0.2,0.0,0.14512498697242693,-0.08794123735031367,0.47311118247696793,0.2637540111370978,0.9384296383532132,-0.22060862007025023,0.03339868590302589,0,nan,nan,nan,nan,nan,nan,nan,nan
24.885392904281616,1789121637.1185977,r18_z20_w20,0,0.3490658503988659,-1.2709380307605356,1.2485804488902446,0.02235758187029102,0.0,0.34821364283561707,-1.2762720584869385,1.2593982219696045,0.02147573232650757,0.0015339808305725455,0.1687494931296882,0.061256982333275076,0.1975176778699537,0.0002239378118306514,0.0031544138980285795,0.1732253479209931,0.9848771387145034,0.11032659290288366,0.03946981443237896,0.23587789274195675,-0.017287502366678115,0.011645416468287102,-0.5744503056816144,0.8182740206309267,0.1691446717414635,0.061563625798620354,0.2,0.0,0.14512498697242693,-0.08794123735031367,0.47311118247696793,0.2637540111370978,0.9384296383532132,-0.22060862007025023,0.03339868590302589,0,nan,nan,nan,nan,nan,nan,nan,nan
24.947566270828247,1789121637.1185977,r18_z20_w20,0,0.3490658503988659,-1.2709380307605356,1.2485804488902446,0.02235758187029102,0.0,0.34821364283561707,-1.2762720584869385,1.2593982219696045,0.02147573232650757,0.0015339808305725455,0.1687494931296882,0.061256982333275076,0.1975176778699537,0.0002239378118306514,0.0031544138980285795,0.1732253479209931,0.9848771387145034,0.11032659290288366,0.03946981443237896,0.23587789274195675,-0.017287502366678115,0.011645416468287102,-0.5744503056816144,0.8182740206309267,0.1691446717414635,0.061563625798620354,0.2,0.0,0.14512498697242693,-0.08794123735031367,0.47311118247696793,0.2637540111370978,0.9384296383532132,-0.22060862007025023,0.03339868590302589,0,nan,nan,nan,nan,nan,nan,nan,nan
25.009562015533447,1789121637.3187375,r18_z20_w20,0,0.3490658503988659,-1.2709380307605356,1.2485804488902446,0.02235758187029102,0.0,0.34821364283561707,-1.2762720584869385,1.2593982219696045,0.023009711876511574,0.0015339808305725455,0.1687494931296882,0.061256982333275076,0.1975176778699537,0.0002239378118306514,0.0031544138980285795,0.1732253479209931,0.9848771387145034,0.11025771230877379,0.03951468985456749,0.2357791516487116,-0.01739715438883273,0.012176685595169632,-0.5744158708132381,0.8182881367250517,0.1691446717414635,0.061563625798620354,0.2,0.0,0.1451636588754462,-0.08796398208523129,0.47323157892295853,0.2638640899911821,0.9385173893326387,-0.22013851998338985,0.03316449838149282,0,nan,nan,nan,nan,nan,nan,nan,nan
25.071533918380737,1789121637.3187375,r18_z20_w20,0,0.3490658503988659,-1.2709380307605356,1.2485804488902446,0.02235758187029102,0.0,0.34821364283561707,-1.2762720584869385,1.2593982219696045,0.023009711876511574,0.0015339808305725455,0.1687494931296882,0.061256982333275076,0.1975176778699537,0.0002239378118306514,0.0031544138980285795,0.1732253479209931,0.9848771387145034,0.11025771230877379,0.03951468985456749,0.2357791516487116,-0.01739715438883273,0.012176685595169632,-0.5744158708132381,0.8182881367250517,0.1691446717414635,0.061563625798620354,0.2,0.0,0.1451636588754462,-0.08796398208523129,0.47323157892295853,0.2638640899911821,0.9385173893326387,-0.22013851998338985,0.03316449838149282,0,nan,nan,nan,nan,nan,nan,nan,nan
25.133228063583374,1789121637.3187375,r18_z20_w20,0,0.3490658503988659,-1.2709380307605356,1.2485804488902446,0.02235758187029102,0.0,0.34821364283561707,-1.2762720584869385,1.2593982219696045,0.023009711876511574,0.0015339808305725455,0.1687494931296882,0.061256982333275076,0.1975176778699537,0.0002239378118306514,0.0031544138980285795,0.1732253479209931,0.9848771387145034,0.11025771230877379,0.03951468985456749,0.2357791516487116,-0.01739715438883273,0.012176685595169632,-0.5744158708132381,0.8182881367250517,0.1691446717414635,0.061563625798620354,0.2,0.0,0.1451636588754462,-0.08796398208523129,0.47323157892295853,0.2638640899911821,0.9385173893326387,-0.22013851998338985,0.03316449838149282,0,nan,nan,nan,nan,nan,nan,nan,nan
25.19517183303833,1789121637.518879,r18_z20_w20,0,0.3490658503988659,-1.2709380307605356,1.2485804488902446,0.02235758187029102,0.0,0.34821364283561707,-1.2762720584869385,1.2593982219696045,0.023009711876511574,0.0015339808305725455,0.1687494931296882,0.061256982333275076,0.1975176778699537,0.0002239378118306514,0.0031544138980285795,0.1732253479209931,0.9848771387145034,0.11033277065914254,0.03946290536295327,0.23589422154081924,-0.01721609844291631,0.011631673954967036,-0.574557806016763,0.8182002430093829,0.1691446717414635,0.061563625798620354,0.2,0.0,0.14511812783155095,-0.08794208134111897,0.4730937248296184,0.26364162670967956,0.9384503096463175,-0.2206665984638205,0.03332208446379044,0,nan,nan,nan,nan,nan,nan,nan,nan
25.257236003875732,1789121637.518879,r18_z20_w20,0,0.3490658503988659,-1.2709380307605356,1.2485804488902446,0.02235758187029102,0.0,0.34821364283561707,-1.2762720584869385,1.2593982219696045,0.023009711876511574,0.0015339808305725455,0.1687494931296882,0.061256982333275076,0.1975176778699537,0.0002239378118306514,0.0031544138980285795,0.1732253479209931,0.9848771387145034,0.11033277065914254,0.03946290536295327,0.23589422154081924,-0.01721609844291631,0.011631673954967036,-0.574557806016763,0.8182002430093829,0.1691446717414635,0.061563625798620354,0.2,0.0,0.14511812783155095,-0.08794208134111897,0.4730937248296184,0.26364162670967956,0.9384503096463175,-0.2206665984638205,0.03332208446379044,0,nan,nan,nan,nan,nan,nan,nan,nan
25.319305419921875,1789121637.518879,r18_z20_w20,0,0.3490658503988659,-1.2709380307605356,1.2485804488902446,0.02235758187029102,0.0,0.34821364283561707,-1.2762720584869385,1.2593982219696045,0.023009711876511574,0.0015339808305725455,0.1687494931296882,0.061256982333275076,0.1975176778699537,0.0002239378118306514,0.0031544138980285795,0.1732253479209931,0.9848771387145034,0.11033277065914254,0.03946290536295327,0.23589422154081924,-0.01721609844291631,0.011631673954967036,-0.574557806016763,0.8182002430093829,0.1691446717414635,0.061563625798620354,0.2,0.0,0.14511812783155095,-0.08794208134111897,0.4730937248296184,0.26364162670967956,0.9384503096463175,-0.2206665984638205,0.03332208446379044,0,nan,nan,nan,nan,nan,nan,nan,nan
25.381468772888184,1789121637.6856642,r18_z20_w20,0,0.3490658503988659,-1.2709380307605356,1.2485804488902446,0.02235758187029102,0.0,0.34821364283561707,-1.2762720584869385,1.2593982219696045,0.023009711876511574,0.0015339808305725455,0.1687494931296882,0.061256982333275076,0.1975176778699537,0.0002239378118306514,0.0031544138980285795,0.1732253479209931,0.9848771387145034,0.11031543474991545,0.03947918615730625,0.23585904229956006,-0.017476033652075715,0.011756579728558932,-0.5744381516774448,0.8182769586015963,0.1691446717414635,0.061563625798620354,0.2,0.0,0.1451335270478961,-0.08794401905877876,0.4731332505986216,0.26375349720079144,0.9384741734138287,-0.22040809032048914,0.03347524863027065,0,nan,nan,nan,nan,nan,nan,nan,nan
25.443665504455566,1789121637.6856642,r18_z20_w20,0,0.3490658503988659,-1.2709380307605356,1.2485804488902446,0.02235758187029102,0.0,0.34821364283561707,-1.2762720584869385,1.2593982219696045,0.023009711876511574,0.0015339808305725455,0.1687494931296882,0.061256982333275076,0.1975176778699537,0.0002239378118306514,0.0031544138980285795,0.1732253479209931,0.9848771387145034,0.11031543474991545,0.03947918615730625,0.23585904229956006,-0.017476033652075715,0.011756579728558932,-0.5744381516774448,0.8182769586015963,0.1691446717414635,0.061563625798620354,0.2,0.0,0.1451335270478961,-0.08794401905877876,0.4731332505986216,0.26375349720079144,0.9384741734138287,-0.22040809032048914,0.03347524863027065,0,nan,nan,nan,nan,nan,nan,nan,nan
25.50541853904724,1789121637.6856642,r18_z20_w20,0,0.3490658503988659,-1.2709380307605356,1.2485804488902446,0.02235758187029102,0.0,0.34821364283561707,-1.2762720584869385,1.2593982219696045,0.023009711876511574,0.0015339808305725455,0.1687494931296882,0.061256982333275076,0.1975176778699537,0.0002239378118306514,0.0031544138980285795,0.1732253479209931,0.9848771387145034,0.11031543474991545,0.03947918615730625,0.23585904229956006,-0.017476033652075715,0.011756579728558932,-0.5744381516774448,0.8182769586015963,0.1691446717414635,0.061563625798620354,0.2,0.0,0.1451335270478961,-0.08794401905877876,0.4731332505986216,0.26375349720079144,0.9384741734138287,-0.22040809032048914,0.03347524863027065,0,nan,nan,nan,nan,nan,nan,nan,nan
25.56727933883667,1789121637.885806,r18_z20_w20,0,0.3490658503988659,-1.2709380307605356,1.2485804488902446,0.02235758187029102,0.0,0.34821364283561707,-1.2762720584869385,1.2593982219696045,0.023009711876511574,0.0015339808305725455,0.1687494931296882,0.061256982333275076,0.1975176778699537,0.0002239378118306514,0.0031544138980285795,0.1732253479209931,0.9848771387145034,0.11034644294164297,0.039461473482900244,0.23590309432764572,-0.01714081808535337,0.011537862395750293,-0.5744021628586773,0.8183124252936499,0.1691446717414635,0.061563625798620354,0.2,0.0,0.14511858683639964,-0.0879340909026162,0.47307945422548237,0.26381650328905687,0.9383731517464202,-0.22077860904831517,0.03336894455202768,0,nan,nan,nan,nan,nan,nan,nan,nan
25.62937021255493,1789121637.885806,r18_z20_w20,0,0.3490658503988659,-1.2709380307605356,1.2485804488902446,0.02235758187029102,0.0,0.34821364283561707,-1.2762720584869385,1.2593982219696045,0.023009711876511574,0.0015339808305725455,0.1687494931296882,0.061256982333275076,0.1975176778699537,0.0002239378118306514,0.0031544138980285795,0.1732253479209931,0.9848771387145034,0.11034644294164297,0.039461473482900244,0.23590309432764572,-0.01714081808535337,0.011537862395750293,-0.5744021628586773,0.8183124252936499,0.1691446717414635,0.061563625798620354,0.2,0.0,0.14511858683639964,-0.0879340909026162,0.47307945422548237,0.26381650328905687,0.9383731517464202,-0.22077860904831517,0.03336894455202768,0,nan,nan,nan,nan,nan,nan,nan,nan
25.691274642944336,1789121637.885806,r18_z20_w20,0,0.3490658503988659,-1.2709380307605356,1.2485804488902446,0.02235758187029102,0.0,0.34821364283561707,-1.2762720584869385,1.2593982219696045,0.023009711876511574,0.0015339808305725455,0.1687494931296882,0.061256982333275076,0.1975176778699537,0.0002239378118306514,0.0031544138980285795,0.1732253479209931,0.9848771387145034,0.11034644294164297,0.039461473482900244,0.23590309432764572,-0.01714081808535337,0.011537862395750293,-0.5744021628586773,0.8183124252936499,0.1691446717414635,0.061563625798620354,0.2,0.0,0.14511858683639964,-0.0879340909026162,0.47307945422548237,0.26381650328905687,0.9383731517464202,-0.22077860904831517,0.03336894455202768,0,nan,nan,nan,nan,nan,nan,nan,nan
25.753621339797974,1789121638.052591,r18_z20_w20,0,0.3490658503988659,-1.2709380307605356,1.2485804488902446,0.02235758187029102,0.0,0.34821364283561707,-1.2762720584869385,1.2593982219696045,0.023009711876511574,0.0015339808305725455,0.1687494931296882,0.061256982333275076,0.1975176778699537,0.0002239378118306514,0.0031544138980285795,0.1732253479209931,0.9848771387145034,0.1103951862895759,0.039427852309531886,0.23597458167985796,-0.01733049647002755,0.011577395027201967,-0.5746428904873183,0.8181388428799029,0.1691446717414635,0.061563625798620354,0.2,0.0,0.14508927136758373,-0.0879183709082882,0.4729927926777283,0.263515154341784,0.9384887386947088,-0.2206399932864829,0.033416225669293434,0,nan,nan,nan,nan,nan,nan,nan,nan
25.81593132019043,1789121638.052591,r18_z20_w20,0,0.3490658503988659,-1.2709380307605356,1.2485804488902446,0.02235758187029102,0.0,0.34821364283561707,-1.2762720584869385,1.2593982219696045,0.023009711876511574,0.0015339808305725455,0.1687494931296882,0.061256982333275076,0.1975176778699537,0.0002239378118306514,0.0031544138980285795,0.1732253479209931,0.9848771387145034,0.1103951862895759,0.039427852309531886,0.23597458167985796,-0.01733049647002755,0.011577395027201967,-0.5746428904873183,0.8181388428799029,0.1691446717414635,0.061563625798620354,0.2,0.0,0.14508927136758373,-0.0879183709082882,0.4729927926777283,0.263515154341784,0.9384887386947088,-0.2206399932864829,0.033416225669293434,0,nan,nan,nan,nan,nan,nan,nan,nan
28.389108180999756,1789121640.8212607,r18_z20_w40,0,0.6981317007977318,-1.2709380307605356,1.2485804488902446,0.02235758187029102,0.0,0.699495255947113,-1.2762720584869385,1.2593982219696045,0.023009711876511574,0.0015339808305725455,0.13736576424006394,0.11558311351944558,0.19751767786995367,-0.0003307070354505716,0.0031450132019352245,0.3426568011348213,0.9394553295185822,0.0890802687734103,0.07692242452608161,0.2350637513185178,-0.030342655662242576,0.004552308952270206,-0.4202713410347669,0.9068795948941648,0.13788799976141602,0.11570176974357704,0.2,0.0,0.17794661423503022,-0.11337202166963016,0.48454722684738133,0.42147536657834006,0.877808784234386,-0.20922719151053437,0.08963389995541263,0,nan,nan,nan,nan,nan,nan,nan,nan
28.39904546737671,1789121640.8212607,r18_z20_w40,0,0.6981317007977318,-1.2709380307605356,1.2485804488902446,0.02235758187029102,0.0,0.699495255947113,-1.2762720584869385,1.2593982219696045,0.023009711876511574,0.0015339808305725455,0.13736576424006394,0.11558311351944558,0.19751767786995367,-0.0003307070354505716,0.0031450132019352245,0.3426568011348213,0.9394553295185822,0.0890802687734103,0.07692242452608161,0.2350637513185178,-0.030342655662242576,0.004552308952270206,-0.4202713410347669,0.9068795948941648,0.13788799976141602,0.11570176974357704,0.2,0.0,0.17794661423503022,-0.11337202166963016,0.48454722684738133,0.42147536657834006,0.877808784234386,-0.20922719151053437,0.08963389995541263,0,nan,nan,nan,nan,nan,nan,nan,nan
28.400713443756104,1789121640.8212607,r18_z20_w40,0,0.6981317007977318,-1.2709380307605356,1.2485804488902446,0.02235758187029102,0.0,0.699495255947113,-1.2762720584869385,1.2593982219696045,0.023009711876511574,0.0015339808305725455,0.13736576424006394,0.11558311351944558,0.19751767786995367,-0.0003307070354505716,0.0031450132019352245,0.3426568011348213,0.9394553295185822,0.0890802687734103,0.07692242452608161,0.2350637513185178,-0.030342655662242576,0.004552308952270206,-0.4202713410347669,0.9068795948941648,0.13788799976141602,0.11570176974357704,0.2,0.0,0.17794661423503022,-0.11337202166963016,0.48454722684738133,0.42147536657834006,0.877808784234386,-0.20922719151053437,0.08963389995541263,0,nan,nan,nan,nan,nan,nan,nan,nan
28.401708126068115,1789121640.8546188,r18_z20_w40,0,0.6981317007977318,-1.2709380307605356,1.2485804488902446,0.02235758187029102,0.0,0.699495255947113,-1.2762720584869385,1.2593982219696045,0.023009711876511574,0.0015339808305725455,0.13736576424006394,0.11558311351944558,0.19751767786995367,-0.0003307070354505716,0.0031450132019352245,0.3426568011348213,0.9394553295185822,0.08901557388843295,0.0769679718250603,0.23497928120756123,-0.03026922184884092,0.004573331711893516,-0.4204672955185828,0.9067911072816096,0.13788799976141602,0.11570176974357704,0.2,0.0,0.1779856412306031,-0.113397887731938,0.4846530711890758,0.4213043624771426,0.8778922592838094,-0.20927177073109018,0.08951615062306541,0,nan,nan,nan,nan,nan,nan,nan,nan
28.402671575546265,1789121640.8546188,r18_z20_w40,0,0.6981317007977318,-1.2709380307605356,1.2485804488902446,0.02235758187029102,0.0,0.699495255947113,-1.2762720584869385,1.2593982219696045,0.023009711876511574,0.0015339808305725455,0.13736576424006394,0.11558311351944558,0.19751767786995367,-0.0003307070354505716,0.0031450132019352245,0.3426568011348213,0.9394553295185822,0.08901557388843295,0.0769679718250603,0.23497928120756123,-0.03026922184884092,0.004573331711893516,-0.4204672955185828,0.9067911072816096,0.13788799976141602,0.11570176974357704,0.2,0.0,0.1779856412306031,-0.113397887731938,0.4846530711890758,0.4213043624771426,0.8778922592838094,-0.20927177073109018,0.08951615062306541,0,nan,nan,nan,nan,nan,nan,nan,nan
28.408849716186523,1789121640.8546188,r18_z20_w40,0,0.6981317007977318,-1.2709380307605356,1.2485804488902446,0.02235758187029102,0.0,0.699495255947113,-1.2762720584869385,1.2593982219696045,0.023009711876511574,0.0015339808305725455,0.13736576424006394,0.11558311351944558,0.19751767786995367,-0.0003307070354505716,0.0031450132019352245,0.3426568011348213,0.9394553295185822,0.08901557388843295,0.0769679718250603,0.23497928120756123,-0.03026922184884092,0.004573331711893516,-0.4204672955185828,0.9067911072816096,0.13788799976141602,0.11570176974357704,0.2,0.0,0.1779856412306031,-0.113397887731938,0.4846530711890758,0.4213043624771426,0.8778922592838094,-0.20927177073109018,0.08951615062306541,0,nan,nan,nan,nan,nan,nan,nan,nan
28.419016361236572,1789121640.8546188,r18_z20_w40,0,0.6981317007977318,-1.2709380307605356,1.2485804488902446,0.02235758187029102,0.0,0.699495255947113,-1.2762720584869385,1.2593982219696045,0.023009711876511574,0.0015339808305725455,0.13736576424006394,0.11558311351944558,0.19751767786995367,-0.0003307070354505716,0.0031450132019352245,0.3426568011348213,0.9394553295185822,0.08901557388843295,0.0769679718250603,0.23497928120756123,-0.03026922184884092,0.004573331711893516,-0.4204672955185828,0.9067911072816096,0.13788799976141602,0.11570176974357704,0.2,0.0,0.1779856412306031,-0.113397887731938,0.4846530711890758,0.4213043624771426,0.8778922592838094,-0.20927177073109018,0.08951615062306541,0,nan,nan,nan,nan,nan,nan,nan,nan
28.422645092010498,1789121640.8546188,r18_z20_w40,0,0.6981317007977318,-1.2709380307605356,1.2485804488902446,0.02235758187029102,0.0,0.699495255947113,-1.2762720584869385,1.2593982219696045,0.023009711876511574,0.0015339808305725455,0.13736576424006394,0.11558311351944558,0.19751767786995367,-0.0003307070354505716,0.0031450132019352245,0.3426568011348213,0.9394553295185822,0.08901557388843295,0.0769679718250603,0.23497928120756123,-0.03026922184884092,0.004573331711893516,-0.4204672955185828,0.9067911072816096,0.13788799976141602,0.11570176974357704,0.2,0.0,0.1779856412306031,-0.113397887731938,0.4846530711890758,0.4213043624771426,0.8778922592838094,-0.20927177073109018,0.08951615062306541,0,nan,nan,nan,nan,nan,nan,nan,nan
28.42340898513794,1789121640.8879774,r18_z20_w40,0,0.6981317007977318,-1.2709380307605356,1.2485804488902446,0.02235758187029102,0.0,0.699495255947113,-1.2762720584869385,1.2593982219696045,0.023009711876511574,0.0015339808305725455,0.13736576424006394,0.11558311351944558,0.19751767786995367,-0.0003307070354505716,0.0031450132019352245,0.3426568011348213,0.9394553295185822,0.08900581956257492,0.07698110338634648,0.2349543886965959,-0.030294095758584702,0.004564882899863712,-0.4204526583214826,0.9067971061470581,0.13788799976141602,0.11570176974357704,0.2,0.0,0.17799858178897152,-0.1133974091207328,0.48467989533411987,0.42131232311970995,0.8778880486033852,-0.2092616400892719,0.08954365691639814,0,nan,nan,nan,nan,nan,nan,nan,nan
28.428909063339233,1789121640.8879774,r18_z20_w40,0,0.6981317007977318,-1.2709380307605356,1.2485804488902446,0.02235758187029102,0.0,0.699495255947113,-1.2762720584869385,1.2593982219696045,0.023009711876511574,0.0015339808305725455,0.13736576424006394,0.11558311351944558,0.19751767786995367,-0.0003307070354505716,0.0031450132019352245,0.3426568011348213,0.9394553295185822,0.08900581956257492,0.07698110338634648,0.2349543886965959,-0.030294095758584702,0.004564882899863712,-0.4204526583214826,0.9067971061470581,0.13788799976141602,0.11570176974357704,0.2,0.0,0.17799858178897152,-0.1133974091207328,0.48467989533411987,0.42131232311970995,0.8778880486033852,-0.2092616400892719,0.08954365691639814,0,nan,nan,nan,nan,nan,nan,nan,nan
28.43889594078064,1789121640.8879774,r18_z20_w40,0,0.6981317007977318,-1.2709380307605356,1.2485804488902446,0.02235758187029102,0.0,0.699495255947113,-1.2762720584869385,1.2593982219696045,0.023009711876511574,0.0015339808305725455,0.13736576424006394,0.11558311351944558,0.19751767786995367,-0.0003307070354505716,0.0031450132019352245,0.3426568011348213,0.9394553295185822,0.08900581956257492,0.07698110338634648,0.2349543886965959,-0.030294095758584702,0.004564882899863712,-0.4204526583214826,0.9067971061470581,0.13788799976141602,0.11570176974357704,0.2,0.0,0.17799858178897152,-0.1133974091207328,0.48467989533411987,0.42131232311970995,0.8778880486033852,-0.2092616400892719,0.08954365691639814,0,nan,nan,nan,nan,nan,nan,nan,nan
28.448946952819824,1789121640.8879774,r18_z20_w40,0,0.6981317007977318,-1.2709380307605356,1.2485804488902446,0.02235758187029102,0.0,0.699495255947113,-1.2762720584869385,1.2593982219696045,0.023009711876511574,0.0015339808305725455,0.13736576424006394,0.11558311351944558,0.19751767786995367,-0.0003307070354505716,0.0031450132019352245,0.3426568011348213,0.9394553295185822,0.08900581956257492,0.07698110338634648,0.2349543886965959,-0.030294095758584702,0.004564882899863712,-0.4204526583214826,0.9067971061470581,0.13788799976141602,0.11570176974357704,0.2,0.0,0.17799858178897152,-0.1133974091207328,0.48467989533411987,0.42131232311970995,0.8778880486033852,-0.2092616400892719,0.08954365691639814,0,nan,nan,nan,nan,nan,nan,nan,nan
28.455787420272827,1789121640.8879774,r18_z20_w40,0,0.6981317007977318,-1.2709380307605356,1.2485804488902446,0.02235758187029102,0.0,0.699495255947113,-1.2762720584869385,1.2593982219696045,0.023009711876511574,0.0015339808305725455,0.13736576424006394,0.11558311351944558,0.19751767786995367,-0.0003307070354505716,0.0031450132019352245,0.3426568011348213,0.9394553295185822,0.08900581956257492,0.07698110338634648,0.2349543886965959,-0.030294095758584702,0.004564882899863712,-0.4204526583214826,0.9067971061470581,0.13788799976141602,0.11570176974357704,0.2,0.0,0.17799858178897152,-0.1133974091207328,0.48467989533411987,0.42131232311970995,0.8778880486033852,-0.2092616400892719,0.08954365691639814,0,nan,nan,nan,nan,nan,nan,nan,nan
28.456465005874634,1789121640.9213357,r18_z20_w40,0,0.6981317007977318,-1.2709380307605356,1.2485804488902446,0.02235758187029102,0.0,0.699495255947113,-1.2762720584869385,1.2593982219696045,0.023009711876511574,0.0015339808305725455,0.13736576424006394,0.11558311351944558,0.19751767786995367,-0.0003307070354505716,0.0031450132019352245,0.3426568011348213,0.9394553295185822,0.08910349738497636,0.07691486218977442,0.23508683976379896,-0.030372686901563008,0.0044393217448879365,-0.42042669905593033,0.90680713662485,0.13788799976141602,0.11570176974357704,0.2,0.0,0.17794176247744045,-0.11336113370002135,0.48451579841761944,0.4213004789795224,0.8778686962890273,-0.20930571223845076,0.08968599284048343,0,nan,nan,nan,nan,nan,nan,nan,nan
28.518797874450684,1789121640.9213357,r18_z20_w40,0,0.6981317007977318,-1.2709380307605356,1.2485804488902446,0.02235758187029102,0.0,0.699495255947113,-1.2762720584869385,1.2593982219696045,0.023009711876511574,0.0015339808305725455,0.13736576424006394,0.11558311351944558,0.19751767786995367,-0.0003307070354505716,0.0031450132019352245,0.3426568011348213,0.9394553295185822,0.08910349738497636,0.07691486218977442,0.23508683976379896,-0.030372686901563008,0.0044393217448879365,-0.42042669905593033,0.90680713662485,0.13788799976141602,0.11570176974357704,0.2,0.0,0.17794176247744045,-0.11336113370002135,0.48451579841761944,0.4213004789795224,0.8778686962890273,-0.20930571223845076,0.08968599284048343,0,nan,nan,nan,nan,nan,nan,nan,nan
28.51966643333435,1789121640.9213357,r18_z20_w40,0,0.6981317007977318,-1.2709380307605356,1.2485804488902446,0.02235758187029102,0.0,0.699495255947113,-1.2762720584869385,1.2593982219696045,0.023009711876511574,0.0015339808305725455,0.13736576424006394,0.11558311351944558,0.19751767786995367,-0.0003307070354505716,0.0031450132019352245,0.3426568011348213,0.9394553295185822,0.08910349738497636,0.07691486218977442,0.23508683976379896,-0.030372686901563008,0.0044393217448879365,-0.42042669905593033,0.90680713662485,0.13788799976141602,0.11570176974357704,0.2,0.0,0.17794176247744045,-0.11336113370002135,0.48451579841761944,0.4213004789795224,0.8778686962890273,-0.20930571223845076,0.08968599284048343,0,nan,nan,nan,nan,nan,nan,nan,nan
28.520299434661865,1789121640.954694,r18_z20_w40,0,0.6981317007977318,-1.2709380307605356,1.2485804488902446,0.02235758187029102,0.0,0.699495255947113,-1.2762720584869385,1.2593982219696045,0.023009711876511574,0.0015339808305725455,0.13736576424006394,0.11558311351944558,0.19751767786995367,-0.0003307070354505716,0.0031450132019352245,0.3426568011348213,0.9394553295185822,0.08898786702404399,0.0769859870933354,0.23493732061317296,-0.0302655596220084,0.00485829522823631,-0.42027943394576633,0.9068768330211487,0.13788799976141602,0.11570176974357704,0.2,0.0,0.17800133135990104,-0.11340599193039494,0.4847034800525494,0.4215359705036225,0.877848349480578,-0.20904480642316445,0.08938663095393931,0,nan,nan,nan,nan,nan,nan,nan,nan
28.520946979522705,1789121640.954694,r18_z20_w40,0,0.6981317007977318,-1.2709380307605356,1.2485804488902446,0.02235758187029102,0.0,0.699495255947113,-1.2762720584869385,1.2593982219696045,0.023009711876511574,0.0015339808305725455,0.13736576424006394,0.11558311351944558,0.19751767786995367,-0.0003307070354505716,0.0031450132019352245,0.3426568011348213,0.9394553295185822,0.08898786702404399,0.0769859870933354,0.23493732061317296,-0.0302655596220084,0.00485829522823631,-0.42027943394576633,0.9068768330211487,0.13788799976141602,0.11570176974357704,0.2,0.0,0.17800133135990104,-0.11340599193039494,0.4847034800525494,0.4215359705036225,0.877848349480578,-0.20904480642316445,0.08938663095393931,0,nan,nan,nan,nan,nan,nan,nan,nan
28.521420001983643,1789121640.954694,r18_z20_w40,0,0.6981317007977318,-1.2709380307605356,1.2485804488902446,0.02235758187029102,0.0,0.699495255947113,-1.2762720584869385,1.2593982219696045,0.023009711876511574,0.0015339808305725455,0.13736576424006394,0.11558311351944558,0.19751767786995367,-0.0003307070354505716,0.0031450132019352245,0.3426568011348213,0.9394553295185822,0.08898786702404399,0.0769859870933354,0.23493732061317296,-0.0302655596220084,0.00485829522823631,-0.42027943394576633,0.9068768330211487,0.13788799976141602,0.11570176974357704,0.2,0.0,0.17800133135990104,-0.11340599193039494,0.4847034800525494,0.4215359705036225,0.877848349480578,-0.20904480642316445,0.08938663095393931,0,nan,nan,nan,nan,nan,nan,nan,nan
28.522245168685913,1789121640.954694,r18_z20_w40,0,0.6981317007977318,-1.2709380307605356,1.2485804488902446,0.02235758187029102,0.0,0.699495255947113,-1.2762720584869385,1.2593982219696045,0.023009711876511574,0.0015339808305725455,0.13736576424006394,0.11558311351944558,0.19751767786995367,-0.0003307070354505716,0.0031450132019352245,0.3426568011348213,0.9394553295185822,0.08898786702404399,0.0769859870933354,0.23493732061317296,-0.0302655596220084,0.00485829522823631,-0.42027943394576633,0.9068768330211487,0.13788799976141602,0.11570176974357704,0.2,0.0,0.17800133135990104,-0.11340599193039494,0.4847034800525494,0.4215359705036225,0.877848349480578,-0.20904480642316445,0.08938663095393931,0,nan,nan,nan,nan,nan,nan,nan,nan
28.522728204727173,1789121640.954694,r18_z20_w40,0,0.6981317007977318,-1.2709380307605356,1.2485804488902446,0.02235758187029102,0.0,0.699495255947113,-1.2762720584869385,1.2593982219696045,0.023009711876511574,0.0015339808305725455,0.13736576424006394,0.11558311351944558,0.19751767786995367,-0.0003307070354505716,0.0031450132019352245,0.3426568011348213,0.9394553295185822,0.08898786702404399,0.0769859870933354,0.23493732061317296,-0.0302655596220084,0.00485829522823631,-0.42027943394576633,0.9068768330211487,0.13788799976141602,0.11570176974357704,0.2,0.0,0.17800133135990104,-0.11340599193039494,0.4847034800525494,0.4215359705036225,0.877848349480578,-0.20904480642316445,0.08938663095393931,0,nan,nan,nan,nan,nan,nan,nan,nan
28.52332830429077,1789121640.954694,r18_z20_w40,0,0.6981317007977318,-1.2709380307605356,1.2485804488902446,0.02235758187029102,0.0,0.699495255947113,-1.2762720584869385,1.2593982219696045,0.023009711876511574,0.0015339808305725455,0.13736576424006394,0.11558311351944558,0.19751767786995367,-0.0003307070354505716,0.0031450132019352245,0.3426568011348213,0.9394553295185822,0.08898786702404399,0.0769859870933354,0.23493732061317296,-0.0302655596220084,0.00485829522823631,-0.42027943394576633,0.9068768330211487,0.13788799976141602,0.11570176974357704,0.2,0.0,0.17800133135990104,-0.11340599193039494,0.4847034800525494,0.4215359705036225,0.877848349480578,-0.20904480642316445,0.08938663095393931,0,nan,nan,nan,nan,nan,nan,nan,nan
28.523771286010742,1789121640.954694,r18_z20_w40,0,0.6981317007977318,-1.2709380307605356,1.2485804488902446,0.02235758187029102,0.0,0.699495255947113,-1.2762720584869385,1.2593982219696045,0.023009711876511574,0.0015339808305725455,0.13736576424006394,0.11558311351944558,0.19751767786995367,-0.0003307070354505716,0.0031450132019352245,0.3426568011348213,0.9394553295185822,0.08898786702404399,0.0769859870933354,0.23493732061317296,-0.0302655596220084,0.00485829522823631,-0.42027943394576633,0.9068768330211487,0.13788799976141602,0.11570176974357704,0.2,0.0,0.17800133135990104,-0.11340599193039494,0.4847034800525494,0.4215359705036225,0.877848349480578,-0.20904480642316445,0.08938663095393931,0,nan,nan,nan,nan,nan,nan,nan,nan
28.5243022441864,1789121640.9880526,r18_z20_w40,0,0.6981317007977318,-1.2709380307605356,1.2485804488902446,0.02235758187029102,0.0,0.699495255947113,-1.2762720584869385,1.2593982219696045,0.023009711876511574,0.0015339808305725455,0.1373661376998036,0.1155834277581478,0.19760076957181405,-0.0002409299617729451,0.0028988767079940014,0.3426572535881684,0.9394559835511183,0.08915450420077237,0.07687304042963747,0.23516878751634063,-0.03059286106733683,0.004894659216670959,-0.42025687978966325,0.9068761073886135,0.13788799976141602,0.11570176974357704,0.2,0.0,0.17790404091953557,-0.11334666667475549,0.48441866974896586,0.42150329170761547,0.8778958772074339,-0.20881331197159797,0.08961475662683567,0,nan,nan,nan,nan,nan,nan,nan,nan
28.52485752105713,1789121640.9880526,r18_z20_w40,0,0.6981317007977318,-1.2709380307605356,1.2485804488902446,0.02235758187029102,0.0,0.699495255947113,-1.2762720584869385,1.2593982219696045,0.023009711876511574,0.0015339808305725455,0.1373661376998036,0.1155834277581478,0.19760076957181405,-0.0002409299617729451,0.0028988767079940014,0.3426572535881684,0.9394559835511183,0.08915450420077237,0.07687304042963747,0.23516878751634063,-0.03059286106733683,0.004894659216670959,-0.42025687978966325,0.9068761073886135,0.13788799976141602,0.11570176974357704,0.2,0.0,0.17790404091953557,-0.11334666667475549,0.48441866974896586,0.42150329170761547,0.8778958772074339,-0.20881331197159797,0.08961475662683567,0,nan,nan,nan,nan,nan,nan,nan,nan
28.529003620147705,1789121640.9880526,r18_z20_w40,0,0.6981317007977318,-1.2709380307605356,1.2485804488902446,0.02235758187029102,0.0,0.699495255947113,-1.2762720584869385,1.2593982219696045,0.023009711876511574,0.0015339808305725455,0.1373661376998036,0.1155834277581478,0.19760076957181405,-0.0002409299617729451,0.0028988767079940014,0.3426572535881684,0.9394559835511183,0.08915450420077237,0.07687304042963747,0.23516878751634063,-0.03059286106733683,0.004894659216670959,-0.42025687978966325,0.9068761073886135,0.13788799976141602,0.11570176974357704,0.2,0.0,0.17790404091953557,-0.11334666667475549,0.48441866974896586,0.42150329170761547,0.8778958772074339,-0.20881331197159797,0.08961475662683567,0,nan,nan,nan,nan,nan,nan,nan,nan
28.5389986038208,1789121640.9880526,r18_z20_w40,0,0.6981317007977318,-1.2709380307605356,1.2485804488902446,0.02235758187029102,0.0,0.699495255947113,-1.2762720584869385,1.2593982219696045,0.023009711876511574,0.0015339808305725455,0.1373661376998036,0.1155834277581478,0.19760076957181405,-0.0002409299617729451,0.0028988767079940014,0.3426572535881684,0.9394559835511183,0.08915450420077237,0.07687304042963747,0.23516878751634063,-0.03059286106733683,0.004894659216670959,-0.42025687978966325,0.9068761073886135,0.13788799976141602,0.11570176974357704,0.2,0.0,0.17790404091953557,-0.11334666667475549,0.48441866974896586,0.42150329170761547,0.8778958772074339,-0.20881331197159797,0.08961475662683567,0,nan,nan,nan,nan,nan,nan,nan,nan
28.54894495010376,1789121640.9880526,r18_z20_w40,0,0.6981317007977318,-1.2709380307605356,1.2485804488902446,0.02235758187029102,0.0,0.699495255947113,-1.2762720584869385,1.2593982219696045,0.023009711876511574,0.0015339808305725455,0.1373661376998036,0.1155834277581478,0.19760076957181405,-0.0002409299617729451,0.0028988767079940014,0.3426572535881684,0.9394559835511183,0.08915450420077237,0.07687304042963747,0.23516878751634063,-0.03059286106733683,0.004894659216670959,-0.42025687978966325,0.9068761073886135,0.13788799976141602,0.11570176974357704,0.2,0.0,0.17790404091953557,-0.11334666667475549,0.48441866974896586,0.42150329170761547,0.8778958772074339,-0.20881331197159797,0.08961475662683567,0,nan,nan,nan,nan,nan,nan,nan,nan
28.556045293807983,1789121640.9880526,r18_z20_w40,0,0.6981317007977318,-1.2709380307605356,1.2485804488902446,0.02235758187029102,0.0,0.699495255947113,-1.2762720584869385,1.2593982219696045,0.023009711876511574,0.0015339808305725455,0.1373661376998036,0.1155834277581478,0.19760076957181405,-0.0002409299617729451,0.0028988767079940014,0.3426572535881684,0.9394559835511183,0.08915450420077237,0.07687304042963747,0.23516878751634063,-0.03059286106733683,0.004894659216670959,-0.42025687978966325,0.9068761073886135,0.13788799976141602,0.11570176974357704,0.2,0.0,0.17790404091953557,-0.11334666667475549,0.48441866974896586,0.42150329170761547,0.8778958772074339,-0.20881331197159797,0.08961475662683567,0,nan,nan,nan,nan,nan,nan,nan,nan
28.556832551956177,1789121641.021411,r18_z20_w40,0,0.6981317007977318,-1.2709380307605356,1.2485804488902446,0.02235758187029102,0.0,0.699495255947113,-1.2762720584869385,1.2593982219696045,0.023009711876511574,0.0015339808305725455,0.13736667431847227,0.11558387928300076,0.19773601434878238,-9.480421455057031e-05,0.0024982520594024724,0.3426579397251185,0.9394569101838284,0.08908975239436773,0.07692017830282849,0.23507496319885446,-0.030785294279613448,0.004394133692314754,-0.4201852447692601,0.9069053519102248,0.13788799976141602,0.11570176974357704,0.2,0.0,0.17794532272635807,-0.11336857001276641,0.48453283556820625,0.4214478836602361,0.8778143060786134,-0.20906615104644524,0.09008368269922933,0,nan,nan,nan,nan,nan,nan,nan,nan
28.558842182159424,1789121641.021411,r18_z20_w40,0,0.6981317007977318,-1.2709380307605356,1.2485804488902446,0.02235758187029102,0.0,0.699495255947113,-1.2762720584869385,1.2593982219696045,0.023009711876511574,0.0015339808305725455,0.13736667431847227,0.11558387928300076,0.19773601434878238,-9.480421455057031e-05,0.0024982520594024724,0.3426579397251185,0.9394569101838284,0.08908975239436773,0.07692017830282849,0.23507496319885446,-0.030785294279613448,0.004394133692314754,-0.4201852447692601,0.9069053519102248,0.13788799976141602,0.11570176974357704,0.2,0.0,0.17794532272635807,-0.11336857001276641,0.48453283556820625,0.4214478836602361,0.8778143060786134,-0.20906615104644524,0.09008368269922933,0,nan,nan,nan,nan,nan,nan,nan,nan
28.56884479522705,1789121641.021411,r18_z20_w40,0,0.6981317007977318,-1.2709380307605356,1.2485804488902446,0.02235758187029102,0.0,0.699495255947113,-1.2762720584869385,1.2593982219696045,0.023009711876511574,0.0015339808305725455,0.13736667431847227,0.11558387928300076,0.19773601434878238,-9.480421455057031e-05,0.0024982520594024724,0.3426579397251185,0.9394569101838284,0.08908975239436773,0.07692017830282849,0.23507496319885446,-0.030785294279613448,0.004394133692314754,-0.4201852447692601,0.9069053519102248,0.13788799976141602,0.11570176974357704,0.2,0.0,0.17794532272635807,-0.11336857001276641,0.48453283556820625,0.4214478836602361,0.8778143060786134,-0.20906615104644524,0.09008368269922933,0,nan,nan,nan,nan,nan,nan,nan,nan
28.579022645950317,1789121641.021411,r18_z20_w40,0,0.6981317007977318,-1.2709380307605356,1.2485804488902446,0.02235758187029102,0.0,0.699495255947113,-1.2762720584869385,1.2593982219696045,0.023009711876511574,0.0015339808305725455,0.13736667431847227,0.11558387928300076,0.19773601434878238,-9.480421455057031e-05,0.0024982520594024724,0.3426579397251185,0.9394569101838284,0.08908975239436773,0.07692017830282849,0.23507496319885446,-0.030785294279613448,0.004394133692314754,-0.4201852447692601,0.9069053519102248,0.13788799976141602,0.11570176974357704,0.2,0.0,0.17794532272635807,-0.11336857001276641,0.48453283556820625,0.4214478836602361,0.8778143060786134,-0.20906615104644524,0.09008368269922933,0,nan,nan,nan,nan,nan,nan,nan,nan
28.58027720451355,1789121641.021411,r18_z20_w40,0,0.6981317007977318,-1.2709380307605356,1.2485804488902446,0.02235758187029102,0.0,0.699495255947113,-1.2762720584869385,1.2593982219696045,0.023009711876511574,0.0015339808305725455,0.13736667431847227,0.11558387928300076,0.19773601434878238,-9.480421455057031e-05,0.0024982520594024724,0.3426579397251185,0.9394569101838284,0.08908975239436773,0.07692017830282849,0.23507496319885446,-0.030785294279613448,0.004394133692314754,-0.4201852447692601,0.9069053519102248,0.13788799976141602,0.11570176974357704,0.2,0.0,0.17794532272635807,-0.11336857001276641,0.48453283556820625,0.4214478836602361,0.8778143060786134,-0.20906615104644524,0.09008368269922933,0,nan,nan,nan,nan,nan,nan,nan,nan
28.589184284210205,1789121641.021411,r18_z20_w40,0,0.6981317007977318,-1.2709380307605356,1.2485804488902446,0.02235758187029102,0.0,0.699495255947113,-1.2762720584869385,1.2593982219696045,0.023009711876511574,0.0015339808305725455,0.13736667431847227,0.11558387928300076,0.19773601434878238,-9.480421455057031e-05,0.0024982520594024724,0.3426579397251185,0.9394569101838284,0.08908975239436773,0.07692017830282849,0.23507496319885446,-0.030785294279613448,0.004394133692314754,-0.4201852447692601,0.9069053519102248,0.13788799976141602,0.11570176974357704,0.2,0.0,0.17794532272635807,-0.11336857001276641,0.48453283556820625,0.4214478836602361,0.8778143060786134,-0.20906615104644524,0.09008368269922933,0,nan,nan,nan,nan,nan,nan,nan,nan
28.590862035751343,1789121641.021411,r18_z20_w40,0,0.6981317007977318,-1.2709380307605356,1.2485804488902446,0.02235758187029102,0.0,0.699495255947113,-1.2762720584869385,1.2593982219696045,0.023009711876511574,0.0015339808305725455,0.13736667431847227,0.11558387928300076,0.19773601434878238,-9.480421455057031e-05,0.0024982520594024724,0.3426579397251185,0.9394569101838284,0.08908975239436773,0.07692017830282849,0.23507496319885446,-0.030785294279613448,0.004394133692314754,-0.4201852447692601,0.9069053519102248,0.13788799976141602,0.11570176974357704,0.2,0.0,0.17794532272635807,-0.11336857001276641,0.48453283556820625,0.4214478836602361,0.8778143060786134,-0.20906615104644524,0.09008368269922933,0,nan,nan,nan,nan,nan,nan,nan,nan
28.59169101715088,1789121641.0547693,r18_z20_w40,0,0.6981317007977318,-1.2709380307605356,1.2485804488902446,0.02235758187029102,0.0,0.699495255947113,-1.2762720584869385,1.2593982219696045,0.023009711876511574,0.0015339808305725455,0.13736634580136559,0.11558360286019448,0.19765062893198254,-0.00018705914938383598,0.002751182213553951,0.3426575137916346,0.9394563450461326,0.08908653195369026,0.0769257788256342,0.23506567169550568,-0.030915683321086282,0.0046714530464165875,-0.420193228826505,0.9068958311182062,0.13788799976141602,0.11570176974357704,0.2,0.0,0.17795091571481222,-0.11336816719737858,0.48454266538754587,0.4214650011752876,0.8778825301946905,-0.20877709388650212,0.0900091163804521,0,nan,nan,nan,nan,nan,nan,nan,nan
28.598931312561035,1789121641.0547693,r18_z20_w40,0,0.6981317007977318,-1.2709380307605356,1.2485804488902446,0.02235758187029102,0.0,0.699495255947113,-1.2762720584869385,1.2593982219696045,0.023009711876511574,0.0015339808305725455,0.13736634580136559,0.11558360286019448,0.19765062893198254,-0.00018705914938383598,0.002751182213553951,0.3426575137916346,0.9394563450461326,0.08908653195369026,0.0769257788256342,0.23506567169550568,-0.030915683321086282,0.0046714530464165875,-0.420193228826505,0.9068958311182062,0.13788799976141602,0.11570176974357704,0.2,0.0,0.17795091571481222,-0.11336816719737858,0.48454266538754587,0.4214650011752876,0.8778825301946905,-0.20877709388650212,0.0900091163804521,0,nan,nan,nan,nan,nan,nan,nan,nan
28.608875513076782,1789121641.0547693,r18_z20_w40,0,0.6981317007977318,-1.2709380307605356,1.2485804488902446,0.02235758187029102,0.0,0.699495255947113,-1.2762720584869385,1.2593982219696045,0.023009711876511574,0.0015339808305725455,0.13736634580136559,0.11558360286019448,0.19765062893198254,-0.00018705914938383598,0.002751182213553951,0.3426575137916346,0.9394563450461326,0.08908653195369026,0.0769257788256342,0.23506567169550568,-0.030915683321086282,0.0046714530464165875,-0.420193228826505,0.9068958311182062,0.13788799976141602,0.11570176974357704,0.2,0.0,0.17795091571481222,-0.11336816719737858,0.48454266538754587,0.4214650011752876,0.8778825301946905,-0.20877709388650212,0.0900091163804521,0,nan,nan,nan,nan,nan,nan,nan,nan
28.618903875350952,1789121641.0547693,r18_z20_w40,0,0.6981317007977318,-1.2709380307605356,1.2485804488902446,0.02235758187029102,0.0,0.699495255947113,-1.2762720584869385,1.2593982219696045,0.023009711876511574,0.0015339808305725455,0.13736634580136559,0.11558360286019448,0.19765062893198254,-0.00018705914938383598,0.002751182213553951,0.3426575137916346,0.9394563450461326,0.08908653195369026,0.0769257788256342,0.23506567169550568,-0.030915683321086282,0.0046714530464165875,-0.420193228826505,0.9068958311182062,0.13788799976141602,0.11570176974357704,0.2,0.0,0.17795091571481222,-0.11336816719737858,0.48454266538754587,0.4214650011752876,0.8778825301946905,-0.20877709388650212,0.0900091163804521,0,nan,nan,nan,nan,nan,nan,nan,nan
28.62897825241089,1789121641.0547693,r18_z20_w40,0,0.6981317007977318,-1.2709380307605356,1.2485804488902446,0.02235758187029102,0.0,0.699495255947113,-1.2762720584869385,1.2593982219696045,0.023009711876511574,0.0015339808305725455,0.13736634580136559,0.11558360286019448,0.19765062893198254,-0.00018705914938383598,0.002751182213553951,0.3426575137916346,0.9394563450461326,0.08908653195369026,0.0769257788256342,0.23506567169550568,-0.030915683321086282,0.0046714530464165875,-0.420193228826505,0.9068958311182062,0.13788799976141602,0.11570176974357704,0.2,0.0,0.17795091571481222,-0.11336816719737858,0.48454266538754587,0.4214650011752876,0.8778825301946905,-0.20877709388650212,0.0900091163804521,0,nan,nan,nan,nan,nan,nan,nan,nan
28.632241249084473,1789121641.0547693,r18_z20_w40,0,0.6981317007977318,-1.2709380307605356,1.2485804488902446,0.02235758187029102,0.0,0.699495255947113,-1.2762720584869385,1.2593982219696045,0.023009711876511574,0.0015339808305725455,0.13736634580136559,0.11558360286019448,0.19765062893198254,-0.00018705914938383598,0.002751182213553951,0.3426575137916346,0.9394563450461326,0.08908653195369026,0.0769257788256342,0.23506567169550568,-0.030915683321086282,0.0046714530464165875,-0.420193228826505,0.9068958311182062,0.13788799976141602,0.11570176974357704,0.2,0.0,0.17795091571481222,-0.11336816719737858,0.48454266538754587,0.4214650011752876,0.8778825301946905,-0.20877709388650212,0.0900091163804521,0,nan,nan,nan,nan,nan,nan,nan,nan
28.63288927078247,1789121641.0881276,r18_z20_w40,0,0.6981317007977318,-1.2709380307605356,1.2485804488902446,0.02235758187029102,0.0,0.699495255947113,-1.2762720584869385,1.2593982219696045,0.023009711876511574,0.0015339808305725455,0.13736576424006394,0.11558311351944558,0.19751767786995367,-0.0003307070354505716,0.0031450132019352245,0.3426568011348213,0.9394553295185822,0.08899573126768329,0.07698326431428804,0.2349473779011489,-0.030558291371460312,0.004788603406564959,-0.42035204109049595,0.9068337342958331,0.13788799976141602,0.11570176974357704,0.2,0.0,0.17799936023174645,-0.11340331011661312,0.484690857397368,0.42139952233579403,0.8779183271334223,-0.2089219381595581,0.08962966704206549,0,nan,nan,nan,nan,nan,nan,nan,nan
28.695262908935547,1789121641.0881276,r18_z20_w40,0,0.6981317007977318,-1.2709380307605356,1.2485804488902446,0.02235758187029102,0.0,0.699495255947113,-1.2762720584869385,1.2593982219696045,0.023009711876511574,0.0015339808305725455,0.13736576424006394,0.11558311351944558,0.19751767786995367,-0.0003307070354505716,0.0031450132019352245,0.3426568011348213,0.9394553295185822,0.08899573126768329,0.07698326431428804,0.2349473779011489,-0.030558291371460312,0.004788603406564959,-0.42035204109049595,0.9068337342958331,0.13788799976141602,0.11570176974357704,0.2,0.0,0.17799936023174645,-0.11340331011661312,0.484690857397368,0.42139952233579403,0.8779183271334223,-0.2089219381595581,0.08962966704206549,0,nan,nan,nan,nan,nan,nan,nan,nan
28.696035385131836,1789121641.0881276,r18_z20_w40,0,0.6981317007977318,-1.2709380307605356,1.2485804488902446,0.02235758187029102,0.0,0.699495255947113,-1.2762720584869385,1.2593982219696045,0.023009711876511574,0.0015339808305725455,0.13736576424006394,0.11558311351944558,0.19751767786995367,-0.0003307070354505716,0.0031450132019352245,0.3426568011348213,0.9394553295185822,0.08899573126768329,0.07698326431428804,0.2349473779011489,-0.030558291371460312,0.004788603406564959,-0.42035204109049595,0.9068337342958331,0.13788799976141602,0.11570176974357704,0.2,0.0,0.17799936023174645,-0.11340331011661312,0.484690857397368,0.42139952233579403,0.8779183271334223,-0.2089219381595581,0.08962966704206549,0,nan,nan,nan,nan,nan,nan,nan,nan
28.696646690368652,1789121641.1214862,r18_z20_w40,0,0.6981317007977318,-1.2709380307605356,1.2485804488902446,0.02235758187029102,0.0,0.699495255947113,-1.2762720584869385,1.2593982219696045,0.023009711876511574,0.0015339808305725455,0.13736576424006394,0.11558311351944558,0.19751767786995367,-0.0003307070354505716,0.0031450132019352245,0.3426568011348213,0.9394553295185822,0.08908934856027523,0.07691713082126511,0.23507157867048994,-0.029847543027719983,0.004303677129675935,-0.42066591155600835,0.9067142843217617,0.13788799976141602,0.11570176974357704,0.2,0.0,0.17794251782932424,-0.1133667462968959,0.4845359519557233,0.42114387511444207,0.8778753441938087,-0.20975092584879498,0.08931553960966818,0,nan,nan,nan,nan,nan,nan,nan,nan
28.697293519973755,1789121641.1214862,r18_z20_w40,0,0.6981317007977318,-1.2709380307605356,1.2485804488902446,0.02235758187029102,0.0,0.699495255947113,-1.2762720584869385,1.2593982219696045,0.023009711876511574,0.0015339808305725455,0.13736576424006394,0.11558311351944558,0.19751767786995367,-0.0003307070354505716,0.0031450132019352245,0.3426568011348213,0.9394553295185822,0.08908934856027523,0.07691713082126511,0.23507157867048994,-0.029847543027719983,0.004303677129675935,-0.42066591155600835,0.9067142843217617,0.13788799976141602,0.11570176974357704,0.2,0.0,0.17794251782932424,-0.1133667462968959,0.4845359519557233,0.42114387511444207,0.8778753441938087,-0.20975092584879498,0.08931553960966818,0,nan,nan,nan,nan,nan,nan,nan,nan
28.697770595550537,1789121641.1214862,r18_z20_w40,0,0.6981317007977318,-1.2709380307605356,1.2485804488902446,0.02235758187029102,0.0,0.699495255947113,-1.2762720584869385,1.2593982219696045,0.023009711876511574,0.0015339808305725455,0.13736576424006394,0.11558311351944558,0.19751767786995367,-0.0003307070354505716,0.0031450132019352245,0.3426568011348213,0.9394553295185822,0.08908934856027523,0.07691713082126511,0.23507157867048994,-0.029847543027719983,0.004303677129675935,-0.42066591155600835,0.9067142843217617,0.13788799976141602,0.11570176974357704,0.2,0.0,0.17794251782932424,-0.1133667462968959,0.4845359519557233,0.42114387511444207,0.8778753441938087,-0.20975092584879498,0.08931553960966818,0,nan,nan,nan,nan,nan,nan,nan,nan
28.698351860046387,1789121641.1548445,r18_z20_w40,0,0.6981317007977318,-1.2709380307605356,1.2485804488902446,0.02235758187029102,0.0,0.699495255947113,-1.2762720584869385,1.260932207107544,0.02147573232650757,0.0015339808305725455,0.13736576424006394,0.11558311351944558,0.19751767786995367,-0.0003307070354505716,0.0031450132019352245,0.3426568011348213,0.9394553295185822,0.08911243134173541,0.07690430653556715,0.23510423852079243,-0.030310856621160006,0.004410579558276101,-0.4202913447107129,0.9068720881800876,0.13788799976141602,0.11570176974357704,0.2,0.0,0.17793176013140494,-0.11335936607814827,0.48449603019183324,0.4214369701566437,0.8777907688715195,-0.20935522117785502,0.08969190395295387,0,nan,nan,nan,nan,nan,nan,nan,nan
28.760586977005005,1789121641.1548445,r18_z20_w40,0,0.6981317007977318,-1.2709380307605356,1.2485804488902446,0.02235758187029102,0.0,0.699495255947113,-1.2762720584869385,1.260932207107544,0.02147573232650757,0.0015339808305725455,0.13736576424006394,0.11558311351944558,0.19751767786995367,-0.0003307070354505716,0.0031450132019352245,0.3426568011348213,0.9394553295185822,0.08911243134173541,0.07690430653556715,0.23510423852079243,-0.030310856621160006,0.004410579558276101,-0.4202913447107129,0.9068720881800876,0.13788799976141602,0.11570176974357704,0.2,0.0,0.17793176013140494,-0.11335936607814827,0.48449603019183324,0.4214369701566437,0.8777907688715195,-0.20935522117785502,0.08969190395295387,0,nan,nan,nan,nan,nan,nan,nan,nan
28.76138138771057,1789121641.1548445,r18_z20_w40,0,0.6981317007977318,-1.2709380307605356,1.2485804488902446,0.02235758187029102,0.0,0.699495255947113,-1.2762720584869385,1.260932207107544,0.02147573232650757,0.0015339808305725455,0.13736576424006394,0.11558311351944558,0.19751767786995367,-0.0003307070354505716,0.0031450132019352245,0.3426568011348213,0.9394553295185822,0.08911243134173541,0.07690430653556715,0.23510423852079243,-0.030310856621160006,0.004410579558276101,-0.4202913447107129,0.9068720881800876,0.13788799976141602,0.11570176974357704,0.2,0.0,0.17793176013140494,-0.11335936607814827,0.48449603019183324,0.4214369701566437,0.8777907688715195,-0.20935522117785502,0.08969190395295387,0,nan,nan,nan,nan,nan,nan,nan,nan
28.76198935508728,1789121641.1882029,r18_z20_w40,0,0.6981317007977318,-1.2709380307605356,1.2485804488902446,0.02235758187029102,0.0,0.699495255947113,-1.2762720584869385,1.2593982219696045,0.023009711876511574,0.0015339808305725455,0.13736576424006394,0.11558311351944558,0.19751767786995367,-0.0003307070354505716,0.0031450132019352245,0.3426568011348213,0.9394553295185822,0.08913201780348756,0.07688851460336218,0.23513853031830823,-0.0307126113734719,0.00490001669302418,-0.42027886756122956,0.9068618410874286,0.13788799976141602,0.11570176974357704,0.2,0.0,0.1779173238280552,-0.11335517080681903,0.4844562440783303,0.421460846593681,0.877926188211536,-0.20873692050648093,0.08969537813271936,0,nan,nan,nan,nan,nan,nan,nan,nan
28.762619972229004,1789121641.1882029,r18_z20_w40,0,0.6981317007977318,-1.2709380307605356,1.2485804488902446,0.02235758187029102,0.0,0.699495255947113,-1.2762720584869385,1.2593982219696045,0.023009711876511574,0.0015339808305725455,0.13736576424006394,0.11558311351944558,0.19751767786995367,-0.0003307070354505716,0.0031450132019352245,0.3426568011348213,0.9394553295185822,0.08913201780348756,0.07688851460336218,0.23513853031830823,-0.0307126113734719,0.00490001669302418,-0.42027886756122956,0.9068618410874286,0.13788799976141602,0.11570176974357704,0.2,0.0,0.1779173238280552,-0.11335517080681903,0.4844562440783303,0.421460846593681,0.877926188211536,-0.20873692050648093,0.08969537813271936,0,nan,nan,nan,nan,nan,nan,nan,nan
28.763097524642944,1789121641.1882029,r18_z20_w40,0,0.6981317007977318,-1.2709380307605356,1.2485804488902446,0.02235758187029102,0.0,0.699495255947113,-1.2762720584869385,1.2593982219696045,0.023009711876511574,0.0015339808305725455,0.13736576424006394,0.11558311351944558,0.19751767786995367,-0.0003307070354505716,0.0031450132019352245,0.3426568011348213,0.9394553295185822,0.08913201780348756,0.07688851460336218,0.23513853031830823,-0.0307126113734719,0.00490001669302418,-0.42027886756122956,0.9068618410874286,0.13788799976141602,0.11570176974357704,0.2,0.0,0.1779173238280552,-0.11335517080681903,0.4844562440783303,0.421460846593681,0.877926188211536,-0.20873692050648093,0.08969537813271936,0,nan,nan,nan,nan,nan,nan,nan,nan
28.763628482818604,1789121641.2215612,r18_z20_w40,0,0.6981317007977318,-1.2709380307605356,1.2485804488902446,0.02235758187029102,0.0,0.699495255947113,-1.2762720584869385,1.2593982219696045,0.023009711876511574,0.0015339808305725455,0.13736576424006394,0.11558311351944558,0.19751767786995367,-0.0003307070354505716,0.0031450132019352245,0.3426568011348213,0.9394553295185822,0.08908572548522209,0.07692260572069473,0.2350615391048248,-0.03058730603173606,0.004500103378677718,-0.42014848881202865,0.9069285601017706,0.13788799976141602,0.11570176974357704,0.2,0.0,0.17794796968861504,-0.11336632015990064,0.4845466285522262,0.4215387621221972,0.8777820778990363,-0.2091058642436781,0.0898801050658053,0,nan,nan,nan,nan,nan,nan,nan,nan
28.825793743133545,1789121641.2215612,r18_z20_w40,0,0.6981317007977318,-1.2709380307605356,1.2485804488902446,0.02235758187029102,0.0,0.699495255947113,-1.2762720584869385,1.2593982219696045,0.023009711876511574,0.0015339808305725455,0.13736576424006394,0.11558311351944558,0.19751767786995367,-0.0003307070354505716,0.0031450132019352245,0.3426568011348213,0.9394553295185822,0.08908572548522209,0.07692260572069473,0.2350615391048248,-0.03058730603173606,0.004500103378677718,-0.42014848881202865,0.9069285601017706,0.13788799976141602,0.11570176974357704,0.2,0.0,0.17794796968861504,-0.11336632015990064,0.4845466285522262,0.4215387621221972,0.8777820778990363,-0.2091058642436781,0.0898801050658053,0,nan,nan,nan,nan,nan,nan,nan,nan
28.887778282165527,1789121641.2215612,r18_z20_w40,0,0.6981317007977318,-1.2709380307605356,1.2485804488902446,0.02235758187029102,0.0,0.699495255947113,-1.2762720584869385,1.2593982219696045,0.023009711876511574,0.0015339808305725455,0.13736576424006394,0.11558311351944558,0.19751767786995367,-0.0003307070354505716,0.0031450132019352245,0.3426568011348213,0.9394553295185822,0.08908572548522209,0.07692260572069473,0.2350615391048248,-0.03058730603173606,0.004500103378677718,-0.42014848881202865,0.9069285601017706,0.13788799976141602,0.11570176974357704,0.2,0.0,0.17794796968861504,-0.11336632015990064,0.4845466285522262,0.4215387621221972,0.8777820778990363,-0.2091058642436781,0.0898801050658053,0,nan,nan,nan,nan,nan,nan,nan,nan
28.949750185012817,1789121641.2549198,r18_z20_w40,0,0.6981317007977318,-1.2709380307605356,1.2485804488902446,0.02235758187029102,0.0,0.699495255947113,-1.2762720584869385,1.260932207107544,0.023009711876511574,0.0015339808305725455,0.13736576424006394,0.11558311351944558,0.19751767786995367,-0.0003307070354505716,0.0031450132019352245,0.3426568011348213,0.9394553295185822,0.08910612935514506,0.07690679907159684,0.235093378638205,-0.030702075851431705,0.004760857545237403,-0.42036031109691147,0.9068251902259635,0.13788799976141602,0.11570176974357704,0.2,0.0,0.1779338556998907,-0.11336028109496529,0.48450862527649363,0.42135994817057393,0.8779408434363375,-0.20885459035463358,0.08975204505626544,0,nan,nan,nan,nan,nan,nan,nan,nan
29.0120747089386,1789121641.2549198,r18_z20_w40,0,0.6981317007977318,-1.2709380307605356,1.2485804488902446,0.02235758187029102,0.0,0.699495255947113,-1.2762720584869385,1.260932207107544,0.023009711876511574,0.0015339808305725455,0.1373672585576335,0.11558437087697007,0.1970651973318688,0.00010687874901133572,0.004085095198307493,0.3426525066641783,0.9394533305337254,0.08910612935514506,0.07690679907159684,0.235093378638205,-0.030702075851431705,0.004760857545237403,-0.42036031109691147,0.9068251902259635,0.13788799976141602,0.11570176974357704,0.2,0.0,0.1779338556998907,-0.11336028109496529,0.48450862527649363,0.42135994817057393,0.8779408434363375,-0.20885459035463358,0.08975204505626544,0,nan,nan,nan,nan,nan,nan,nan,nan
29.012920379638672,1789121641.2549198,r18_z20_w40,0,0.6981317007977318,-1.2709380307605356,1.2485804488902446,0.02235758187029102,0.0,0.699495255947113,-1.2762720584869385,1.260932207107544,0.023009711876511574,0.0015339808305725455,0.1373672585576335,0.11558437087697007,0.1970651973318688,0.00010687874901133572,0.004085095198307493,0.3426525066641783,0.9394533305337254,0.08910612935514506,0.07690679907159684,0.235093378638205,-0.030702075851431705,0.004760857545237403,-0.42036031109691147,0.9068251902259635,0.13788799976141602,0.11570176974357704,0.2,0.0,0.1779338556998907,-0.11336028109496529,0.48450862527649363,0.42135994817057393,0.8779408434363375,-0.20885459035463358,0.08975204505626544,0,nan,nan,nan,nan,nan,nan,nan,nan
29.013521909713745,1789121641.3216367,r18_z20_w40,0,0.6981317007977318,-1.2709380307605356,1.2485804488902446,0.02235758187029102,0.0,0.699495255947113,-1.2762720584869385,1.2593982219696045,0.023009711876511574,0.0015339808305725455,0.13736731513267741,0.11558441848067805,0.19704436409435452,0.00012702606075938667,0.0041283784257851045,0.3426522757396268,0.9394532230432807,0.08895088629670078,0.07701331711004841,0.23488873822690276,-0.030855614594524166,0.00464141486759298,-0.4201431934798445,0.9069212122828417,0.13788799976141602,0.11570176974357704,0.2,0.0,0.1780249305969891,-0.11342089721823684,0.4847642719982929,0.4215189523477483,0.8778447267387,-0.20883304017764448,0.08999538809781256,0,nan,nan,nan,nan,nan,nan,nan,nan
29.07585597038269,1789121641.3216367,r18_z20_w40,0,0.6981317007977318,-1.2709380307605356,1.2485804488902446,0.02235758187029102,0.0,0.699495255947113,-1.2762720584869385,1.2593982219696045,0.023009711876511574,0.0015339808305725455,0.13736731513267741,0.11558441848067805,0.19704436409435452,0.00012702606075938667,0.0041283784257851045,0.3426522757396268,0.9394532230432807,0.08895088629670078,0.07701331711004841,0.23488873822690276,-0.030855614594524166,0.00464141486759298,-0.4201431934798445,0.9069212122828417,0.13788799976141602,0.11570176974357704,0.2,0.0,0.1780249305969891,-0.11342089721823684,0.4847642719982929,0.4215189523477483,0.8778447267387,-0.20883304017764448,0.08999538809781256,0,nan,nan,nan,nan,nan,nan,nan,nan
29.137794017791748,1789121641.3216367,r18_z20_w40,0,0.6981317007977318,-1.2709380307605356,1.2485804488902446,0.02235758187029102,0.0,0.699495255947113,-1.2762720584869385,1.2593982219696045,0.023009711876511574,0.0015339808305725455,0.13736731513267741,0.11558441848067805,0.19704436409435452,0.00012702606075938667,0.0041283784257851045,0.3426522757396268,0.9394532230432807,0.08895088629670078,0.07701331711004841,0.23488873822690276,-0.030855614594524166,0.00464141486759298,-0.4201431934798445,0.9069212122828417,0.13788799976141602,0.11570176974357704,0.2,0.0,0.1780249305969891,-0.11342089721823684,0.4847642719982929,0.4215189523477483,0.8778447267387,-0.20883304017764448,0.08999538809781256,0,nan,nan,nan,nan,nan,nan,nan,nan
29.19992995262146,1789121641.5217853,r18_z20_w40,0,0.6981317007977318,-1.2709380307605356,1.2485804488902446,0.02235758187029102,0.0,0.699495255947113,-1.2762720584869385,1.2593982219696045,0.023009711876511574,0.0015339808305725455,0.13736731513267741,0.11558441848067805,0.19704436409435452,0.00012702606075938667,0.0041283784257851045,0.3426522757396268,0.9394532230432807,0.08903564019182142,0.07695676626063835,0.23500092032456943,-0.030774829902981263,0.004675081548552541,-0.4201883296512398,0.9069028730144469,0.13788799976141602,0.11570176974357704,0.2,0.0,0.1779767436748917,-0.11338833593433385,0.48462432976852154,0.4214965543241444,0.8778582925979108,-0.20886107506537116,0.08990285942333447,0,nan,nan,nan,nan,nan,nan,nan,nan
29.26193594932556,1789121641.5217853,r18_z20_w40,0,0.6981317007977318,-1.2709380307605356,1.2485804488902446,0.02235758187029102,0.0,0.699495255947113,-1.2762720584869385,1.2593982219696045,0.023009711876511574,0.0015339808305725455,0.13736731513267741,0.11558441848067805,0.19704436409435452,0.00012702606075938667,0.0041283784257851045,0.3426522757396268,0.9394532230432807,0.08903564019182142,0.07695676626063835,0.23500092032456943,-0.030774829902981263,0.004675081548552541,-0.4201883296512398,0.9069028730144469,0.13788799976141602,0.11570176974357704,0.2,0.0,0.1779767436748917,-0.11338833593433385,0.48462432976852154,0.4214965543241444,0.8778582925979108,-0.20886107506537116,0.08990285942333447,0,nan,nan,nan,nan,nan,nan,nan,nan
29.323831796646118,1789121641.5217853,r18_z20_w40,0,0.6981317007977318,-1.2709380307605356,1.2485804488902446,0.02235758187029102,0.0,0.699495255947113,-1.2762720584869385,1.2593982219696045,0.023009711876511574,0.0015339808305725455,0.13736731513267741,0.11558441848067805,0.19704436409435452,0.00012702606075938667,0.0041283784257851045,0.3426522757396268,0.9394532230432807,0.08903564019182142,0.07695676626063835,0.23500092032456943,-0.030774829902981263,0.004675081548552541,-0.4201883296512398,0.9069028730144469,0.13788799976141602,0.11570176974357704,0.2,0.0,0.1779767436748917,-0.11338833593433385,0.48462432976852154,0.4214965543241444,0.8778582925979108,-0.20886107506537116,0.08990285942333447,0,nan,nan,nan,nan,nan,nan,nan,nan
29.385857105255127,1789121641.688575,r18_z20_w40,0,0.6981317007977318,-1.2709380307605356,1.2485804488902446,0.02235758187029102,0.0,0.699495255947113,-1.2762720584869385,1.2593982219696045,0.023009711876511574,0.0015339808305725455,0.13736731513267741,0.11558441848067805,0.19704436409435452,0.00012702606075938667,0.0041283784257851045,0.3426522757396268,0.9394532230432807,0.08908784079451432,0.07692187431305242,0.23507183404011722,-0.030565082112869752,0.004382982570682013,-0.420287655244284,0.906865399091001,0.13788799976141602,0.11570176974357704,0.2,0.0,0.1779468668528232,-0.11336911097257289,0.4845365295274683,0.4213884231367787,0.8778253888296987,-0.20921856835396457,0.08989980104652495,0,nan,nan,nan,nan,nan,nan,nan,nan
29.4481840133667,1789121641.688575,r18_z20_w40,0,0.6981317007977318,-1.2709380307605356,1.2485804488902446,0.02235758187029102,0.0,0.699495255947113,-1.2762720584869385,1.2593982219696045,0.023009711876511574,0.0015339808305725455,0.13736576424006394,0.11558311351944558,0.19751767786995367,-0.0003307070354505716,0.0031450132019352245,0.3426568011348213,0.9394553295185822,0.08908784079451432,0.07692187431305242,0.23507183404011722,-0.030565082112869752,0.004382982570682013,-0.420287655244284,0.906865399091001,0.13788799976141602,0.11570176974357704,0.2,0.0,0.1779468668528232,-0.11336911097257289,0.4845365295274683,0.4213884231367787,0.8778253888296987,-0.20921856835396457,0.08989980104652495,0,nan,nan,nan,nan,nan,nan,nan,nan
29.51003670692444,1789121641.688575,r18_z20_w40,0,0.6981317007977318,-1.2709380307605356,1.2485804488902446,0.02235758187029102,0.0,0.699495255947113,-1.2762720584869385,1.2593982219696045,0.023009711876511574,0.0015339808305725455,0.13736576424006394,0.11558311351944558,0.19751767786995367,-0.0003307070354505716,0.0031450132019352245,0.3426568011348213,0.9394553295185822,0.08908784079451432,0.07692187431305242,0.23507183404011722,-0.030565082112869752,0.004382982570682013,-0.420287655244284,0.906865399091001,0.13788799976141602,0.11570176974357704,0.2,0.0,0.1779468668528232,-0.11336911097257289,0.4845365295274683,0.4213884231367787,0.8778253888296987,-0.20921856835396457,0.08989980104652495,0,nan,nan,nan,nan,nan,nan,nan,nan
29.572514295578003,1789121641.8887227,r18_z20_w40,0,0.6981317007977318,-1.2709380307605356,1.2485804488902446,0.02235758187029102,0.0,0.699495255947113,-1.2762720584869385,1.260932207107544,0.023009711876511574,0.0015339808305725455,0.13736576424006394,0.11558311351944558,0.19751767786995367,-0.0003307070354505716,0.0031450132019352245,0.3426568011348213,0.9394553295185822,0.0890915348156267,0.076918137269608,0.2350710341996649,-0.03077273843257468,0.0044875593150644905,-0.4200753273851323,0.906956239133415,0.13788799976141602,0.11570176974357704,0.2,0.0,0.1779439500362122,-0.11336480599360929,0.48453542936047456,0.421572375595194,0.8777754198940442,-0.20899505403803492,0.09004505401463166,0,nan,nan,nan,nan,nan,nan,nan,nan
29.634674787521362,1789121641.8887227,r18_z20_w40,0,0.6981317007977318,-1.2709380307605356,1.2485804488902446,0.02235758187029102,0.0,0.699495255947113,-1.2762720584869385,1.260932207107544,0.023009711876511574,0.0015339808305725455,0.13736576424006394,0.11558311351944558,0.19751767786995367,-0.0003307070354505716,0.0031450132019352245,0.3426568011348213,0.9394553295185822,0.0890915348156267,0.076918137269608,0.2350710341996649,-0.03077273843257468,0.0044875593150644905,-0.4200753273851323,0.906956239133415,0.13788799976141602,0.11570176974357704,0.2,0.0,0.1779439500362122,-0.11336480599360929,0.48453542936047456,0.421572375595194,0.8777754198940442,-0.20899505403803492,0.09004505401463166,0,nan,nan,nan,nan,nan,nan,nan,nan
29.6964852809906,1789121641.8887227,r18_z20_w40,0,0.6981317007977318,-1.2709380307605356,1.2485804488902446,0.02235758187029102,0.0,0.699495255947113,-1.2762720584869385,1.260932207107544,0.023009711876511574,0.0015339808305725455,0.13736576424006394,0.11558311351944558,0.19751767786995367,-0.0003307070354505716,0.0031450132019352245,0.3426568011348213,0.9394553295185822,0.0890915348156267,0.076918137269608,0.2350710341996649,-0.03077273843257468,0.0044875593150644905,-0.4200753273851323,0.906956239133415,0.13788799976141602,0.11570176974357704,0.2,0.0,0.1779439500362122,-0.11336480599360929,0.48453542936047456,0.421572375595194,0.8777754198940442,-0.20899505403803492,0.09004505401463166,0,nan,nan,nan,nan,nan,nan,nan,nan
29.758471727371216,1789121642.0888708,r18_z20_w40,0,0.6981317007977318,-1.2709380307605356,1.2485804488902446,0.02235758187029102,0.0,0.699495255947113,-1.2762720584869385,1.2593982219696045,0.023009711876511574,0.0015339808305725455,0.13736576424006394,0.11558311351944558,0.19751767786995367,-0.0003307070354505716,0.0031450132019352245,0.3426568011348213,0.9394553295185822,0.08906714959454348,0.07693450417211384,0.2350384300614194,-0.030649583028249223,0.004949163443480513,-0.42020201985220795,0.9068993170983917,0.13788799976141602,0.11570176974357704,0.2,0.0,0.17795793327908957,-0.11337404214270803,0.4845759843454222,0.4215550957625632,0.8778877703612997,-0.2087329425161212,0.08963772975284262,0,nan,nan,nan,nan,nan,nan,nan,nan
29.82059669494629,1789121642.0888708,r18_z20_w40,0,0.6981317007977318,-1.2709380307605356,1.2485804488902446,0.02235758187029102,0.0,0.699495255947113,-1.2762720584869385,1.2593982219696045,0.023009711876511574,0.0015339808305725455,0.13736576424006394,0.11558311351944558,0.19751767786995367,-0.0003307070354505716,0.0031450132019352245,0.3426568011348213,0.9394553295185822,0.08906714959454348,0.07693450417211384,0.2350384300614194,-0.030649583028249223,0.004949163443480513,-0.42020201985220795,0.9068993170983917,0.13788799976141602,0.11570176974357704,0.2,0.0,0.17795793327908957,-0.11337404214270803,0.4845759843454222,0.4215550957625632,0.8778877703612997,-0.2087329425161212,0.08963772975284262,0,nan,nan,nan,nan,nan,nan,nan,nan
29.882375478744507,1789121642.0888708,r18_z20_w40,0,0.6981317007977318,-1.2709380307605356,1.2485804488902446,0.02235758187029102,0.0,0.699495255947113,-1.2762720584869385,1.2593982219696045,0.023009711876511574,0.0015339808305725455,0.13736576424006394,0.11558311351944558,0.19751767786995367,-0.0003307070354505716,0.0031450132019352245,0.3426568011348213,0.9394553295185822,0.08906714959454348,0.07693450417211384,0.2350384300614194,-0.030649583028249223,0.004949163443480513,-0.42020201985220795,0.9068993170983917,0.13788799976141602,0.11570176974357704,0.2,0.0,0.17795793327908957,-0.11337404214270803,0.4845759843454222,0.4215550957625632,0.8778877703612997,-0.2087329425161212,0.08963772975284262,0,nan,nan,nan,nan,nan,nan,nan,nan
29.94433283805847,1789121642.2556612,r18_z20_w40,0,0.6981317007977318,-1.2709380307605356,1.2485804488902446,0.02235758187029102,0.0,0.699495255947113,-1.2762720584869385,1.260932207107544,0.023009711876511574,0.0015339808305725455,0.13736576424006394,0.11558311351944558,0.19751767786995367,-0.0003307070354505716,0.0031450132019352245,0.3426568011348213,0.9394553295185822,0.08894892943456223,0.07701756782862196,0.23488539413552662,-0.030573600810056653,0.004796383219156987,-0.4204186969146947,0.9068022766436311,0.13788799976141602,0.11570176974357704,0.2,0.0,0.17802898564847588,-0.11342188622867101,0.48476822917920276,0.42133398155991625,0.8779532688990417,-0.20891171983800652,0.08961934460082405,0,nan,nan,nan,nan,nan,nan,nan,nan
30.00658869743347,1789121642.2556612,r18_z20_w40,0,0.6981317007977318,-1.2709380307605356,1.2485804488902446,0.02235758187029102,0.0,0.699495255947113,-1.2762720584869385,1.260932207107544,0.023009711876511574,0.0015339808305725455,0.13736576424006394,0.11558311351944558,0.19751767786995367,-0.0003307070354505716,0.0031450132019352245,0.3426568011348213,0.9394553295185822,0.08894892943456223,0.07701756782862196,0.23488539413552662,-0.030573600810056653,0.004796383219156987,-0.4204186969146947,0.9068022766436311,0.13788799976141602,0.11570176974357704,0.2,0.0,0.17802898564847588,-0.11342188622867101,0.48476822917920276,0.42133398155991625,0.8779532688990417,-0.20891171983800652,0.08961934460082405,0,nan,nan,nan,nan,nan,nan,nan,nan
30.06836462020874,1789121642.2556612,r18_z20_w40,0,0.6981317007977318,-1.2709380307605356,1.2485804488902446,0.02235758187029102,0.0,0.699495255947113,-1.2762720584869385,1.260932207107544,0.023009711876511574,0.0015339808305725455,0.13736576424006394,0.11558311351944558,0.19751767786995367,-0.0003307070354505716,0.0031450132019352245,0.3426568011348213,0.9394553295185822,0.08894892943456223,0.07701756782862196,0.23488539413552662,-0.030573600810056653,0.004796383219156987,-0.4204186969146947,0.9068022766436311,0.13788799976141602,0.11570176974357704,0.2,0.0,0.17802898564847588,-0.11342188622867101,0.48476822917920276,0.42133398155991625,0.8779532688990417,-0.20891171983800652,0.08961934460082405,0,nan,nan,nan,nan,nan,nan,nan,nan
30.13028120994568,1789121642.4558117,r18_z20_w40,0,0.6981317007977318,-1.2709380307605356,1.2485804488902446,0.02235758187029102,0.0,0.699495255947113,-1.2762720584869385,1.2593982219696045,0.023009711876511574,0.0015339808305725455,0.13736576424006394,0.11558311351944558,0.19751767786995367,-0.0003307070354505716,0.0031450132019352245,0.3426568011348213,0.9394553295185822,0.08904247575516827,0.07695157000424527,0.2350094808926338,-0.030719080915773984,0.004455056557119405,-0.4202356002565599,0.9068839676693883,0.13788799976141602,0.11570176974357704,0.2,0.0,0.17797227164253374,-0.11338535796251607,0.4846134604565471,0.42142258347079736,0.8778369421624039,-0.20906503150311007,0.08998400812568116,0,nan,nan,nan,nan,nan,nan,nan,nan
30.192376852035522,1789121642.4558117,r18_z20_w40,0,0.6981317007977318,-1.2709380307605356,1.2485804488902446,0.02235758187029102,0.0,0.699495255947113,-1.2762720584869385,1.2593982219696045,0.023009711876511574,0.0015339808305725455,0.13736576424006394,0.11558311351944558,0.19751767786995367,-0.0003307070354505716,0.0031450132019352245,0.3426568011348213,0.9394553295185822,0.08904247575516827,0.07695157000424527,0.2350094808926338,-0.030719080915773984,0.004455056557119405,-0.4202356002565599,0.9068839676693883,0.13788799976141602,0.11570176974357704,0.2,0.0,0.17797227164253374,-0.11338535796251607,0.4846134604565471,0.42142258347079736,0.8778369421624039,-0.20906503150311007,0.08998400812568116,0,nan,nan,nan,nan,nan,nan,nan,nan
30.254189491271973,1789121642.4558117,r18_z20_w40,0,0.6981317007977318,-1.2709380307605356,1.2485804488902446,0.02235758187029102,0.0,0.699495255947113,-1.2762720584869385,1.2593982219696045,0.023009711876511574,0.0015339808305725455,0.13736576424006394,0.11558311351944558,0.19751767786995367,-0.0003307070354505716,0.0031450132019352245,0.3426568011348213,0.9394553295185822,0.08904247575516827,0.07695157000424527,0.2350094808926338,-0.030719080915773984,0.004455056557119405,-0.4202356002565599,0.9068839676693883,0.13788799976141602,0.11570176974357704,0.2,0.0,0.17797227164253374,-0.11338535796251607,0.4846134604565471,0.42142258347079736,0.8778369421624039,-0.20906503150311007,0.08998400812568116,0,nan,nan,nan,nan,nan,nan,nan,nan
30.316171407699585,1789121642.6226082,r18_z20_w40,0,0.6981317007977318,-1.2709380307605356,1.2485804488902446,0.02235758187029102,0.0,0.699495255947113,-1.2762720584869385,1.260932207107544,0.023009711876511574,0.0015339808305725455,0.13736576424006394,0.11558311351944558,0.19751767786995367,-0.0003307070354505716,0.0031450132019352245,0.3426568011348213,0.9394553295185822,0.08906860745930872,0.07693539417483855,0.23503821727924712,-0.030565576951301018,0.0044764639217909664,-0.4203063651731118,0.9068562544148648,0.13788799976141602,0.11570176974357704,0.2,0.0,0.1779590914088966,-0.11337286138571605,0.4845755075865183,0.4213868900953281,0.8778489639037648,-0.2091492319400181,0.08983809997865458,0,nan,nan,nan,nan,nan,nan,nan,nan
30.37850522994995,1789121642.6226082,r18_z20_w40,0,0.6981317007977318,-1.2709380307605356,1.2485804488902446,0.02235758187029102,0.0,0.699495255947113,-1.2762720584869385,1.260932207107544,0.023009711876511574,0.0015339808305725455,0.13736731513267736,0.11558441848067799,0.19704436409435455,-0.0005935255236407256,0.0038655662259749705,0.34265534137924114,0.9394530441429636,0.08906860745930872,0.07693539417483855,0.23503821727924712,-0.030565576951301018,0.0044764639217909664,-0.4203063651731118,0.9068562544148648,0.13788799976141602,0.11570176974357704,0.2,0.0,0.1779590914088966,-0.11337286138571605,0.4845755075865183,0.4213868900953281,0.8778489639037648,-0.2091492319400181,0.08983809997865458,0,nan,nan,nan,nan,nan,nan,nan,nan
30.440295934677124,1789121642.6226082,r18_z20_w40,0,0.6981317007977318,-1.2709380307605356,1.2485804488902446,0.02235758187029102,0.0,0.699495255947113,-1.2762720584869385,1.260932207107544,0.023009711876511574,0.0015339808305725455,0.13736731513267736,0.11558441848067799,0.19704436409435455,-0.0005935255236407256,0.0038655662259749705,0.34265534137924114,0.9394530441429636,0.08906860745930872,0.07693539417483855,0.23503821727924712,-0.030565576951301018,0.0044764639217909664,-0.4203063651731118,0.9068562544148648,0.13788799976141602,0.11570176974357704,0.2,0.0,0.1779590914088966,-0.11337286138571605,0.4845755075865183,0.4213868900953281,0.8778489639037648,-0.2091492319400181,0.08983809997865458,0,nan,nan,nan,nan,nan,nan,nan,nan
30.502290725708008,1789121642.8227642,r18_z20_w40,0,0.6981317007977318,-1.2709380307605356,1.2485804488902446,0.02235758187029102,0.0,0.699495255947113,-1.2762720584869385,1.260932207107544,0.023009711876511574,0.0015339808305725455,0.13736731513267736,0.11558441848067799,0.19704436409435455,-0.0005935255236407256,0.0038655662259749705,0.34265534137924114,0.9394530441429636,0.08899255751554441,0.07698936281845578,0.23494473363885487,-0.030464859864579266,0.004600711576866253,-0.4202547493393478,0.9068829425147107,0.13788799976141602,0.11570176974357704,0.2,0.0,0.17800494742533415,-0.11340604191966037,0.4846948041807072,0.42147718209023394,0.8778281799313074,-0.20911388096928485,0.08969981204956819,0,nan,nan,nan,nan,nan,nan,nan,nan
30.564300537109375,1789121642.8227642,r18_z20_w40,0,0.6981317007977318,-1.2709380307605356,1.2485804488902446,0.02235758187029102,0.0,0.699495255947113,-1.2762720584869385,1.260932207107544,0.023009711876511574,0.0015339808305725455,0.13736731513267736,0.11558441848067799,0.19704436409435455,-0.0005935255236407256,0.0038655662259749705,0.34265534137924114,0.9394530441429636,0.08899255751554441,0.07698936281845578,0.23494473363885487,-0.030464859864579266,0.004600711576866253,-0.4202547493393478,0.9068829425147107,0.13788799976141602,0.11570176974357704,0.2,0.0,0.17800494742533415,-0.11340604191966037,0.4846948041807072,0.42147718209023394,0.8778281799313074,-0.20911388096928485,0.08969981204956819,0,nan,nan,nan,nan,nan,nan,nan,nan
30.626154899597168,1789121642.8227642,r18_z20_w40,0,0.6981317007977318,-1.2709380307605356,1.2485804488902446,0.02235758187029102,0.0,0.699495255947113,-1.2762720584869385,1.260932207107544,0.023009711876511574,0.0015339808305725455,0.13736731513267736,0.11558441848067799,0.19704436409435455,-0.0005935255236407256,0.0038655662259749705,0.34265534137924114,0.9394530441429636,0.08899255751554441,0.07698936281845578,0.23494473363885487,-0.030464859864579266,0.004600711576866253,-0.4202547493393478,0.9068829425147107,0.13788799976141602,0.11570176974357704,0.2,0.0,0.17800494742533415,-0.11340604191966037,0.4846948041807072,0.42147718209023394,0.8778281799313074,-0.20911388096928485,0.08969981204956819,0,nan,nan,nan,nan,nan,nan,nan,nan
30.688135147094727,1789121642.9895613,r18_z20_w40,0,0.6981317007977318,-1.2709380307605356,1.2485804488902446,0.02235758187029102,0.0,0.699495255947113,-1.2762720584869385,1.260932207107544,0.023009711876511574,0.0015339808305725455,0.13736731513267736,0.11558441848067799,0.19704436409435455,-0.0005935255236407256,0.0038655662259749705,0.34265534137924114,0.9394530441429636,0.08910972556210234,0.0769036574201992,0.2351081996624232,-0.031003939858437655,0.004819725112431367,-0.419888220683731,0.9070333004328703,0.13788799976141602,0.11570176974357704,0.2,0.0,0.1779303235925991,-0.11336340727919135,0.48449378557881734,0.4217678455443091,0.8777767695133175,-0.208587328646112,0.09006194366076667,0,nan,nan,nan,nan,nan,nan,nan,nan
30.75058937072754,1789121642.9895613,r18_z20_w40,0,0.6981317007977318,-1.2709380307605356,1.2485804488902446,0.02235758187029102,0.0,0.699495255947113,-1.2762720584869385,1.260932207107544,0.023009711876511574,0.0015339808305725455,0.13736576424006394,0.11558311351944558,0.19751767786995367,-0.0003307070354505716,0.0031450132019352245,0.3426568011348213,0.9394553295185822,0.08910972556210234,0.0769036574201992,0.2351081996624232,-0.031003939858437655,0.004819725112431367,-0.419888220683731,0.9070333004328703,0.13788799976141602,0.11570176974357704,0.2,0.0,0.1779303235925991,-0.11336340727919135,0.48449378557881734,0.4217678455443091,0.8777767695133175,-0.208587328646112,0.09006194366076667,0,nan,nan,nan,nan,nan,nan,nan,nan
30.812448978424072,1789121642.9895613,r18_z20_w40,0,0.6981317007977318,-1.2709380307605356,1.2485804488902446,0.02235758187029102,0.0,0.699495255947113,-1.2762720584869385,1.260932207107544,0.023009711876511574,0.0015339808305725455,0.13736576424006394,0.11558311351944558,0.19751767786995367,-0.0003307070354505716,0.0031450132019352245,0.3426568011348213,0.9394553295185822,0.08910972556210234,0.0769036574201992,0.2351081996624232,-0.031003939858437655,0.004819725112431367,-0.419888220683731,0.9070333004328703,0.13788799976141602,0.11570176974357704,0.2,0.0,0.1779303235925991,-0.11336340727919135,0.48449378557881734,0.4217678455443091,0.8777767695133175,-0.208587328646112,0.09006194366076667,0,nan,nan,nan,nan,nan,nan,nan,nan
30.874409914016724,1789121643.1897182,r18_z20_w40,0,0.6981317007977318,-1.2709380307605356,1.2485804488902446,0.02235758187029102,0.0,0.699495255947113,-1.2762720584869385,1.260932207107544,0.023009711876511574,0.0015339808305725455,0.13736576424006394,0.11558311351944558,0.19751767786995367,-0.0003307070354505716,0.0031450132019352245,0.3426568011348213,0.9394553295185822,0.08924782115376895,0.07680748764745948,0.23528913821278113,-0.030708342467466978,0.004318451228883405,-0.4199576946047299,0.9070137173296582,0.13788799976141602,0.11570176974357704,0.2,0.0,0.17784800282259805,-0.11330869634855328,0.4842673175203028,0.4216674489908762,0.8776832783785349,-0.20915330999776274,0.09013056214855045,0,nan,nan,nan,nan,nan,nan,nan,nan
