t,stamp,label,moving,cmd_waist,cmd_shoulder,cmd_elbow,cmd_wrist_angle,cmd_wrist_rotate,meas_waist,meas_shoulder,meas_elbow,meas_wrist_angle,meas_wrist_rotate,enc_x,enc_y,enc_z,enc_qx,enc_qy,enc_qz,enc_qw,cam_x,cam_y,cam_z,cam_qx,cam_qy,cam_qz,cam_qw,fk_x,fk_y,fk_z,fk_pitch,raw_x,raw_y,raw_z,raw_qx,raw_qy,raw_qz,raw_qw,rk_ok,rk_dt,rk_x,rk_y,rk_z,rk_qx,rk_qy,rk_qz,rk_qw
2.735161304473877,1789121543.1505299,watch,0,0.0076699042692780495,-1.2640001773834229,1.3545050621032715,-0.1426602154970169,0.0015339808305725455,0.0076699042692780495,-1.2640001773834229,1.3545050621032715,-0.1426602154970169,0.0015339808305725455,0.1799788352440362,0.0013804475063177912,0.1919697790093963,0.0008637936252648889,-0.02530483647677425,0.0038531241087030837,0.9996719824752816,0.115861184117247,-0.0019839123694352645,0.22768454656433357,0.00921232260841288,-0.0054101081778144934,-0.7029710341843165,0.7111382347613545,0.1798445575230384,0.0013794175888563632,0.19224576904976093,-0.052155330777168274,0.10615360111045949,-0.07111918985151183,0.4769090620434669,0.10558337959598435,0.9620857707499212,-0.2509390421478771,-0.01651413938194591,0,nan,nan,nan,nan,nan,nan,nan,nan
2.7750701904296875,1789121543.1838877,watch,0,0.0076699042692780495,-1.2624661922454834,1.3545050621032715,-0.1426602154970169,0.0015339808305725455,0.0076699042692780495,-1.2624661922454834,1.3545050621032715,-0.1426602154970169,0.0015339808305725455,0.17992408969902493,0.0013800276049944476,0.19208243118435026,0.0008649874515717592,-0.02561773050455534,0.0038533335297810016,0.9996640113064053,0.11593549668712722,-0.0020127383830693957,0.2278000289999066,0.009302845616252576,-0.00572959500654508,-0.7030618733011897,0.7110447462113219,0.17997883524403624,0.0013804475063177919,0.1919697790093963,-0.05062134563922882,0.1061303951278298,-0.07110269315836347,0.4767716617832216,0.10541419568537284,0.962029328057275,-0.25123269029195866,-0.01641811908650479,0,nan,nan,nan,nan,nan,nan,nan,nan
2.815035581588745,1789121543.2172456,watch,0,0.0076699042692780495,-1.2640001773834229,1.3545050621032715,-0.1426602154970169,0.0015339808305725455,0.0076699042692780495,-1.2640001773834229,1.3545050621032715,-0.1426602154970169,0.0015339808305725455,0.1798493651410107,0.001379454463549057,0.19223590617661673,0.0008666143446190939,-0.026044160198652595,0.0038536183355541665,0.9996529899544384,0.11585555782509582,-0.001977683418302928,0.22767984197648994,0.009517195709523082,-0.00520674649555691,-0.7029823640377884,0.7111245380582787,0.1798445575230384,0.0013794175888563632,0.19224576904976093,-0.052155330777168274,0.1061590175415519,-0.07112311293821617,0.4769159801217614,0.1056517737209365,0.9620634726617522,-0.2509719082908987,-0.016872419164273816,0,nan,nan,nan,nan,nan,nan,nan,nan
2.855207681655884,1789121543.2506034,watch,0,0.0076699042692780495,-1.2624661922454834,1.352971076965332,-0.1426602154970169,0.0015339808305725455,0.0076699042692780495,-1.2624661922454834,1.352971076965332,-0.1426602154970169,0.0015339808305725455,0.17991448481751013,0.0013799539350281007,0.19210217706647115,0.0008651967363617387,-0.02567258470194301,0.00385337020517034,0.9996626037655859,0.11588327004448562,-0.0019883189363869846,0.2277169889769643,0.009543640110748746,-0.005598114628498492,-0.7031474775918545,0.7109579486877231,0.1799873125032293,0.0013805125273592806,0.19244184955692611,-0.052155330777168274,0.10615092275648223,-0.07111424536069408,0.4768699711931037,0.1053588186060328,0.9620182441820044,-0.25127916098528424,-0.01670929254774173,0,nan,nan,nan,nan,nan,nan,nan,nan
2.8952062129974365,1789121543.2839615,watch,0,0.0076699042692780495,-1.2624661922454834,1.3545050621032715,-0.1426602154970169,0.0015339808305725455,0.0076699042692780495,-1.2624661922454834,1.3545050621032715,-0.1426602154970169,0.0015339808305725455,0.17996654229224374,0.0013803532187054495,0.19199509034810647,0.0008640618367735908,-0.02537513123442635,0.0038531711899644347,0.999670200207928,0.11588005955589231,-0.001989920388348221,0.22771716960025595,0.00933334506746191,-0.005670526624127114,-0.7030948674385089,0.711012194817559,0.17997883524403624,0.0013804475063177919,0.1919697790093963,-0.05062134563922882,0.10614874535443086,-0.07111678370268211,0.4768712827762783,0.10538505137787259,0.9620382096864157,-0.25120630148620426,-0.016488424517261555,0,nan,nan,nan,nan,nan,nan,nan,nan
2.9350898265838623,1789121543.3173194,watch,0,0.0076699042692780495,-1.2624661922454834,1.3545050621032715,-0.1426602154970169,0.0015339808305725455,0.0076699042692780495,-1.2624661922454834,1.3545050621032715,-0.1426602154970169,0.0015339808305725455,0.17987706618455812,0.0013796669320675669,0.19217905045713946,0.0008660115920165739,-0.025886166683896036,0.0038535128955432775,0.9996570946263023,0.11595911328592823,-0.002024539544852738,0.22783063233434653,0.00949268267255207,-0.005436838201208308,-0.703041079001481,0.7110650961778996,0.17997883524403624,0.0013804475063177919,0.1919697790093963,-0.05062134563922882,0.10612089416844828,-0.07109410379359955,0.4767333273362973,0.10552558194211978,0.9620388058432269,-0.25112882356074234,-0.016733247876975103,0,nan,nan,nan,nan,nan,nan,nan,nan
2.974950075149536,1789121543.384035,watch,0,0.0076699042692780495,-1.2624661922454834,1.3545050621032715,-0.1426602154970169,0.0015339808305725455,0.0076699042692780495,-1.2624661922454834,1.3545050621032715,-0.1426602154970169,0.0015339808305725455,0.17984455752303846,0.001379417588856363,0.19224576904976082,0.000866718912542752,-0.026071570054619624,0.0038536366182943434,0.9996522753027813,0.11589533584039197,-0.001993493451931172,0.22773775492138987,0.009481451411323187,-0.005270221137217785,-0.7029881274651594,0.7111188504682804,0.17997883524403624,0.0013804475063177919,0.1919697790093963,-0.05062134563922882,0.10614651840395495,-0.07111240118728875,0.476845871728522,0.10562676365168805,0.962060603569035,-0.2509977146078045,-0.01680860263417577,0,nan,nan,nan,nan,nan,nan,nan,nan
3.0149331092834473,1789121543.417393,watch,0,0.0076699042692780495,-1.2624661922454834,1.3545050621032715,-0.1426602154970169,0.0015339808305725455,0.0076699042692780495,-1.2624661922454834,1.3545050621032715,-0.1426602154970169,0.0015339808305725455,0.17984455752303846,0.001379417588856363,0.19224576904976082,0.000866718912542752,-0.026071570054619624,0.0038536366182943434,0.9996522753027813,0.11585139484649004,-0.00197602549515713,0.22767561073455372,0.00961287279102134,-0.005420081145573053,-0.7031003602610142,0.7110049921047751,0.17997883524403624,0.0013804475063177919,0.1919697790093963,-0.05062134563922882,0.10616019062098761,-0.07112508126737632,0.4769217013168557,0.10546634673291741,0.9620276238511921,-0.2511884383830793,-0.01685434889609479,0,nan,nan,nan,nan,nan,nan,nan,nan
3.0552172660827637,1789121543.450751,watch,0,0.0076699042692780495,-1.2640001773834229,1.3545050621032715,-0.1426602154970169,0.0015339808305725455,0.0076699042692780495,-1.2640001773834229,1.3545050621032715,-0.1426602154970169,0.0015339808305725455,0.17984837896564237,0.001379446899530065,0.19223792943654494,0.0008666357954035551,-0.02604978297094111,0.0038536220862535556,0.9996528434143431,0.1158110886376077,-0.001953588956829011,0.2276070396153269,0.009533410600168183,-0.004932599752419402,-0.7031178640349899,0.7109923015173123,0.1798445575230384,0.0013794175888563632,0.19224576904976093,-0.052155330777168274,0.10617988995333191,-0.07113263621979515,0.47700160654896084,0.10552138090040784,0.9621255918481734,-0.2507732784642569,-0.01709814293896556,0,nan,nan,nan,nan,nan,nan,nan,nan
3.0952272415161133,1789121543.4841087,watch,0,0.0076699042692780495,-1.2624661922454834,1.3545050621032715,-0.1426602154970169,0.0015339808305725455,0.0076699042692780495,-1.2624661922454834,1.3545050621032715,-0.1426602154970169,0.0015339808305725455,0.17993790939605117,0.001380133602826204,0.19205401074153952,0.0008646862409468449,-0.02553878332143548,0.003853280725602221,0.9996660317785211,0.11587906075319321,-0.001984622534308006,0.22771601623973786,0.009699368037768394,-0.00531512672362718,-0.7032119565922974,0.7108942367140225,0.17997883524403624,0.0013804475063177919,0.1919697790093963,-0.05062134563922882,0.10615383827132227,-0.07111816716370963,0.47687287756086266,0.10534747473565882,0.9620450584161193,-0.25116026483698517,-0.01702164830328599,0,nan,nan,nan,nan,nan,nan,nan,nan
3.129453420639038,1789121543.5174665,watch,0,0.0076699042692780495,-1.2640001773834229,1.3545050621032715,-0.1426602154970169,0.0015339808305725455,0.0076699042692780495,-1.2640001773834229,1.3545050621032715,-0.1426602154970169,0.0015339808305725455,0.1799788352440362,0.0013804475063177912,0.1919697790093963,0.0008637936252648889,-0.02530483647677425,0.0038531241087030837,0.9996719824752816,0.11589619552017072,-0.0019963794234806043,0.22774264169997044,0.00931554578949645,-0.005465561429792071,-0.7031144200229971,0.7109946980116136,0.1798445575230384,0.0013794175888563632,0.19224576904976093,-0.052155330777168274,0.10614348069567035,-0.07111334544114246,0.47684109373741285,0.1053940749621419,0.9620783168678694,-0.2510410606838,-0.016606836734143624,0,nan,nan,nan,nan,nan,nan,nan,nan
3.1642518043518066,1789121543.5508244,watch,0,0.0076699042692780495,-1.2640001773834229,1.3545050621032715,-0.1426602154970169,0.0015339808305725455,0.0076699042692780495,-1.2640001773834229,1.3545050621032715,-0.1426602154970169,0.0015339808305725455,0.1799788352440362,0.0013804475063177912,0.1919697790093963,0.0008637936252648889,-0.02530483647677425,0.0038531241087030837,0.9996719824752816,0.11583133746817853,-0.0019613634403709834,0.22764143252435898,0.009605651126448731,-0.005181313185658085,-0.7031317267747299,0.7109758506889636,0.1798445575230384,0.0013794175888563632,0.19224576904976093,-0.052155330777168274,0.1061734240758982,-0.07112951105846015,0.4769615846084636,0.1054671733623037,0.9620730095977469,-0.25100401435705355,-0.01700542040478295,0,nan,nan,nan,nan,nan,nan,nan,nan
3.2050561904907227,1789121543.6175401,watch,0,0.0076699042692780495,-1.2624661922454834,1.3545050621032715,-0.1426602154970169,0.0015339808305725455,0.0076699042692780495,-1.2624661922454834,1.3545050621032715,-0.1426602154970169,0.0015339808305725455,0.1799788352440362,0.0013804475063177912,0.1919697790093963,0.0008637936252648889,-0.02530483647677425,0.0038531241087030837,0.9996719824752816,0.11579437393732867,-0.0019439068724384778,0.227585478958453,0.009566899599549813,-0.0049903288783818235,-0.7031963000313086,0.7109138728932045,0.17997883524403624,0.0013804475063177919,0.1919697790093963,-0.05062134563922882,0.10618790970723312,-0.07113902577166081,0.4770286776232417,0.10540925943542413,0.9621213248350371,-0.25083566151858006,-0.01711476653316454,0,nan,nan,nan,nan,nan,nan,nan,nan
3.240327835083008,1789121543.6175401,watch,0,0.0076699042692780495,-1.2624661922454834,1.3545050621032715,-0.1426602154970169,0.0015339808305725455,0.0076699042692780495,-1.2624661922454834,1.3545050621032715,-0.1426602154970169,0.0015339808305725455,0.1799788352440362,0.0013804475063177912,0.1919697790093963,0.0008637936252648889,-0.02530483647677425,0.0038531241087030837,0.9996719824752816,0.11579437393732867,-0.0019439068724384778,0.227585478958453,0.009566899599549813,-0.0049903288783818235,-0.7031963000313086,0.7109138728932045,0.17997883524403624,0.0013804475063177919,0.1919697790093963,-0.05062134563922882,0.10618790970723312,-0.07113902577166081,0.4770286776232417,0.10540925943542413,0.9621213248350371,-0.25083566151858006,-0.01711476653316454,0,nan,nan,nan,nan,nan,nan,nan,nan
3.275193929672241,1789121543.6842558,watch,0,0.0076699042692780495,-1.2624661922454834,1.3545050621032715,-0.1426602154970169,0.0015339808305725455,0.0076699042692780495,-1.2624661922454834,1.3545050621032715,-0.1426602154970169,0.0015339808305725455,0.1799788352440362,0.0013804475063177912,0.19196977900939632,0.0008637936252648889,-0.02530483647677425,0.0038531241087030837,0.9996719824752816,0.11593729554278936,-0.0020107500181345828,0.22780054335628486,0.009362145851550112,-0.005805341212440407,-0.7030801153287787,0.7110253157713393,0.17997883524403624,0.0013804475063177919,0.1919697790093963,-0.05062134563922882,0.10613263762515576,-0.0711017728750244,0.4767704054697217,0.1053842304550714,0.962008304911839,-0.2513254396056267,-0.01642280911053783,0,nan,nan,nan,nan,nan,nan,nan,nan
3.3149654865264893,1789121543.7176137,watch,0,0.0076699042692780495,-1.2624661922454834,1.3545050621032715,-0.1426602154970169,0.0015339808305725455,0.0076699042692780495,-1.2624661922454834,1.3545050621032715,-0.1426602154970169,0.0015339808305725455,0.1799788352440362,0.0013804475063177912,0.1919697790093963,0.0008637936252648889,-0.02530483647677425,0.0038531241087030837,0.9996719824752816,0.11585308478754036,-0.0019753525827594376,0.22767870196436063,0.0094756175841725,-0.005197446961268355,-0.7030652594832086,0.7110432055257205,0.17997883524403624,0.0013804475063177919,0.1919697790093963,-0.05062134563922882,0.10616092933898477,-0.07112518567439487,0.47691819306822386,0.10553480031397153,0.9620850978611772,-0.2509380612009948,-0.01687482849764345,0,nan,nan,nan,nan,nan,nan,nan,nan
3.3550000190734863,1789121543.7509713,watch,0,0.0076699042692780495,-1.2624661922454834,1.352971076965332,-0.1426602154970169,0.0015339808305725455,0.0076699042692780495,-1.2624661922454834,1.352971076965332,-0.1426602154970169,0.0015339808305725455,0.1799788352440362,0.0013804475063177912,0.1919697790093963,0.0008637936252648889,-0.02530483647677425,0.0038531241087030837,0.9996719824752816,0.11583039611802692,-0.0019610047538259345,0.22763442801466643,0.009512782748154008,-0.0052979783682999245,-0.7031300314026911,0.7109779162036229,0.1799873125032293,0.0013805125273592806,0.19244184955692611,-0.052155330777168274,0.10617413050507142,-0.07112715448178603,0.4769682197766138,0.10543379492384616,0.962071055918107,-0.25103510232096904,-0.016863441382928696,0,nan,nan,nan,nan,nan,nan,nan,nan
3.3952603340148926,1789121543.7843294,watch,0,0.0076699042692780495,-1.2624661922454834,1.3545050621032715,-0.1426602154970169,0.0015339808305725455,0.0076699042692780495,-1.2624661922454834,1.3545050621032715,-0.1426602154970169,0.0015339808305725455,0.1799788352440362,0.0013804475063177912,0.1919697790093963,0.0008637936252648889,-0.02530483647677425,0.0038531241087030837,0.9996719824752816,0.11588333204536588,-0.001987616545566784,0.22771759540407482,0.009121431173706774,-0.005517350584929494,-0.7029349915655911,0.7111742092965329,0.17997883524403624,0.0013804475063177919,0.1919697790093963,-0.05062134563922882,0.10615157660291659,-0.07111461218970247,0.4768694208549052,0.10559857741791918,0.9620798694717223,-0.25096486049393096,-0.01636777327089646,0,nan,nan,nan,nan,nan,nan,nan,nan
3.43161940574646,1789121543.817687,watch,0,0.0076699042692780495,-1.2624661922454834,1.3545050621032715,-0.1426602154970169,0.0015339808305725455,0.0076699042692780495,-1.2624661922454834,1.3545050621032715,-0.1426602154970169,0.0015339808305725455,0.1799788352440362,0.0013804475063177912,0.1919697790093963,0.0008637936252648889,-0.02530483647677425,0.0038531241087030837,0.9996719824752816,0.11586692287480094,-0.001982530562038204,0.22769574103292545,0.009535777790186196,-0.005340942424033294,-0.7031056981911303,0.7110013505241201,0.17997883524403624,0.0013804475063177919,0.1919697790093963,-0.05062134563922882,0.10615517195475632,-0.07111968723707145,0.47689651437783537,0.1054622636821078,0.9620560349643963,-0.25108185669231975,-0.01684629833426723,0,nan,nan,nan,nan,nan,nan,nan,nan
3.4650962352752686,1789121543.8844028,watch,0,0.0076699042692780495,-1.2624661922454834,1.3545050621032715,-0.1426602154970169,0.0015339808305725455,0.0076699042692780495,-1.2624661922454834,1.3545050621032715,-0.1426602154970169,0.0015339808305725455,0.1799788352440362,0.0013804475063177912,0.1919697790093963,0.0008637936252648889,-0.02530483647677425,0.0038531241087030837,0.9996719824752816,0.11582434594067076,-0.001963134523891269,0.22762854699295454,0.00934952902583626,-0.005430163977183663,-0.7029516978186967,0.7111554050697976,0.17997883524403624,0.0013804475063177919,0.1919697790093963,-0.05062134563922882,0.10617136757657603,-0.0711292359433571,0.4769762048080355,0.1056265335575537,0.9620537227374488,-0.2510381362812016,-0.016598918883218426,0,nan,nan,nan,nan,nan,nan,nan,nan
3.5051660537719727,1789121543.8844028,watch,0,0.0076699042692780495,-1.2624661922454834,1.3545050621032715,-0.1426602154970169,0.0015339808305725455,0.0076699042692780495,-1.2624661922454834,1.3545050621032715,-0.1426602154970169,0.0015339808305725455,0.1799788352440362,0.0013804475063177912,0.1919697790093963,0.0008637936252648889,-0.02530483647677425,0.0038531241087030837,0.9996719824752816,0.11582434594067076,-0.001963134523891269,0.22762854699295454,0.00934952902583626,-0.005430163977183663,-0.7029516978186967,0.7111554050697976,0.17997883524403624,0.0013804475063177919,0.1919697790093963,-0.05062134563922882,0.10617136757657603,-0.0711292359433571,0.4769762048080355,0.1056265335575537,0.9620537227374488,-0.2510381362812016,-0.016598918883218426,0,nan,nan,nan,nan,nan,nan,nan,nan
3.5449278354644775,1789121543.9511185,watch,0,0.0076699042692780495,-1.2624661922454834,1.3545050621032715,-0.1426602154970169,0.0015339808305725455,0.0076699042692780495,-1.2624661922454834,1.3545050621032715,-0.1426602154970169,0.0015339808305725455,0.1799788352440362,0.0013804475063177912,0.1919697790093963,0.0008637936252648889,-0.02530483647677425,0.0038531241087030837,0.9996719824752816,0.11580087833980002,-0.0019504321912520994,0.22759991152243098,0.00957387163216363,-0.005064207077081084,-0.7031158731751026,0.7109928014247855,0.17997883524403624,0.0013804475063177919,0.1919697790093963,-0.05062134563922882,0.10618163036939654,-0.07113878651300062,0.4770127497039885,0.10550569523257664,0.9620959772478604,-0.2508969074652925,-0.017047599869992124,0,nan,nan,nan,nan,nan,nan,nan,nan
3.5849709510803223,1789121543.984476,watch,0,0.0076699042692780495,-1.2624661922454834,1.3545050621032715,-0.1426602154970169,0.0015339808305725455,0.0076699042692780495,-1.2624661922454834,1.3545050621032715,-0.1426602154970169,0.0015339808305725455,0.179922619921534,0.0013800163317207346,0.19208545313545689,0.0008650194803985731,-0.0256261253208987,0.003853339143284364,0.9996637960933581,0.11582225846867195,-0.0019579784672166534,0.22762915768339964,0.009573464032896876,-0.005286920391240679,-0.7031459888791959,0.7109614023154038,0.17997883524403624,0.0013804475063177919,0.1919697790093963,-0.05062134563922882,0.10617598659423025,-0.07113234793248023,0.476976748501152,0.10542332489049108,0.9620637744050339,-0.25106350142688016,-0.01692143013604127,0,nan,nan,nan,nan,nan,nan,nan,nan
3.625199794769287,1789121544.017834,watch,0,0.0076699042692780495,-1.2640001773834229,1.3545050621032715,-0.1426602154970169,0.0015339808305725455,0.0076699042692780495,-1.2640001773834229,1.3545050621032715,-0.1426602154970169,0.0015339808305725455,0.17984791345816747,0.0013794433290622815,0.19223888446224446,0.0008666459207036,-0.026052437060539935,0.0038536238566356067,0.9996527742327465,0.11584449482345072,-0.00196691311672878,0.22765795408062434,0.009618291715936651,-0.005120422369342868,-0.7031173815162733,0.7109903076336034,0.1798445575230384,0.0013794175888563632,0.19224576904976093,-0.052155330777168274,0.10616917509859292,-0.07112468526610331,0.4769407151416077,0.10549986642136673,0.9620785443533445,-0.25096621711919254,-0.01704730315639135,0,nan,nan,nan,nan,nan,nan,nan,nan
3.6630356311798096,1789121544.0511916,watch,0,0.0076699042692780495,-1.2624661922454834,1.3545050621032715,-0.1426602154970169,0.0015339808305725455,0.0076699042692780495,-1.2624661922454834,1.3545050621032715,-0.1426602154970169,0.0015339808305725455,0.17993013402259758,0.0013800739652867113,0.19207000233411065,0.0008648557237233217,-0.025583204534378023,0.003853310439874175,0.9996648956870414,0.11587672612911654,-0.0019860452293013475,0.22771265092376664,0.009455766515007421,-0.005452911838674433,-0.7030584638077539,0.7110482759281359,0.17997883524403624,0.0013804475063177919,0.1919697790093963,-0.05062134563922882,0.10615226622774475,-0.07111834364402801,0.4768769145666711,0.10549344952667983,0.9620456875391896,-0.25111807720252227,-0.01670145192244975,0,nan,nan,nan,nan,nan,nan,nan,nan
3.704927682876587,1789121544.0845494,watch,0,0.0076699042692780495,-1.2624661922454834,1.3545050621032715,-0.1426602154970169,0.0015339808305725455,0.0076699042692780495,-1.2624661922454834,1.3545050621032715,-0.1426602154970169,0.0015339808305725455,0.1799788352440362,0.0013804475063177912,0.1919697790093963,0.0008637936252648889,-0.02530483647677425,0.0038531241087030837,0.9996719824752816,0.11585932315650915,-0.001978460690610695,0.22768505839820025,0.009390455625434418,-0.005226889521864867,-0.7030505949240732,0.7110586192051821,0.17997883524403624,0.0013804475063177919,0.1919697790093963,-0.05062134563922882,0.10615855920155695,-0.07112211925042672,0.4769095929911554,0.1055364023856461,0.9620941517996077,-0.25090852628115556,-0.01678756337015767,0,nan,nan,nan,nan,nan,nan,nan,nan
3.739689826965332,1789121544.1179073,watch,0,0.0076699042692780495,-1.2624661922454834,1.3545050621032715,-0.1426602154970169,0.0015339808305725455,0.0076699042692780495,-1.2624661922454834,1.3545050621032715,-0.1426602154970169,0.0015339808305725455,0.1799788352440362,0.0013804475063177912,0.1919697790093963,0.0008637936252648889,-0.02530483647677425,0.0038531241087030837,0.9996719824752816,0.11591210690336268,-0.0020010871076122094,0.2277600640215257,0.009415433254913227,-0.005505642934997626,-0.7030477372520526,0.7110590106715923,0.17997883524403624,0.0013804475063177919,0.1919697790093963,-0.05062134563922882,0.10614049873891798,-0.0711067248807237,0.4768181558254109,0.10549210319806251,0.9620430087371448,-0.2511333061992493,-0.01663514413119484,0,nan,nan,nan,nan,nan,nan,nan,nan
3.7750089168548584,1789121544.1846225,watch,0,0.0076699042692780495,-1.2624661922454834,1.3545050621032715,-0.1426602154970169,0.0015339808305725455,0.0076699042692780495,-1.2624661922454834,1.3545050621032715,-0.1426602154970169,0.0015339808305725455,0.1799788352440362,0.0013804475063177912,0.1919697790093963,0.0008637936252648889,-0.02530483647677425,0.0038531241087030837,0.9996719824752816,0.1158956795991688,-0.0019992010175138575,0.22773987480972313,0.009192967862221863,-0.005459688991096786,-0.7029883523335543,0.7111209866270011,0.17997883524403624,0.0013804475063177919,0.1919697790093963,-0.05062134563922882,0.10614082968096654,-0.07111194930467345,0.47684372169726974,0.10554773084415961,0.9620837928058984,-0.2509641864616428,-0.016475109939295823,0,nan,nan,nan,nan,nan,nan,nan,nan
3.8150181770324707,1789121544.2179804,watch,0,0.0076699042692780495,-1.2624661922454834,1.3545050621032715,-0.1426602154970169,0.0015339808305725455,0.0076699042692780495,-1.2624661922454834,1.3545050621032715,-0.1426602154970169,0.0015339808305725455,0.1799788352440362,0.0013804475063177912,0.1919697790093963,0.0008637936252648889,-0.02530483647677425,0.0038531241087030837,0.9996719824752816,0.11582995554801517,-0.0019626156060755517,0.22763827626675082,0.009506567229568271,-0.005250814627427687,-0.7030329530759253,0.7110743428183879,0.17997883524403624,0.0013804475063177919,0.1919697790093963,-0.05062134563922882,0.10617217978256963,-0.07112899519427326,0.4769649941836031,0.10557334669566729,0.9620656835317797,-0.2509976304523592,-0.016854629788483746,0,nan,nan,nan,nan,nan,nan,nan,nan
3.854945659637451,1789121544.2513382,watch,0,0.0076699042692780495,-1.2624661922454834,1.3545050621032715,-0.1426602154970169,0.0015339808305725455,0.0076699042692780495,-1.2624661922454834,1.3545050621032715,-0.1426602154970169,0.0015339808305725455,0.1799788352440362,0.0013804475063177912,0.1919697790093963,0.0008637936252648889,-0.02530483647677425,0.0038531241087030837,0.9996719824752816,0.11590144415039266,-0.001992696892416629,0.22774284425778257,0.009376953334092003,-0.005378891513435503,-0.7031673593967529,0.7109421952249386,0.17997883524403624,0.0013804475063177919,0.1919697790093963,-0.05062134563922882,0.10614804567092441,-0.07110963785507371,0.4768385315136944,0.10534764306705047,0.9620888469317403,-0.2510124075269793,-0.016724113647106572,0,nan,nan,nan,nan,nan,nan,nan,nan
3.895146369934082,1789121544.2846966,watch,0,0.0076699042692780495,-1.2624661922454834,1.3545050621032715,-0.1426602154970169,0.0015339808305725455,0.0076699042692780495,-1.2624661922454834,1.3545050621032715,-0.1426602154970169,0.0015339808305725455,0.1799788352440362,0.0013804475063177912,0.1919697790093963,0.0008637936252648889,-0.02530483647677425,0.0038531241087030837,0.9996719824752816,0.11580231076792191,-0.0019502943426499553,0.22759923470508503,0.009522377555873958,-0.00509650165254154,-0.7032207973682273,0.7108894851841484,0.17997883524403624,0.0013804475063177919,0.1919697790093963,-0.05062134563922882,0.10618208190703363,-0.07113726332522793,0.4770126793687,0.10534958073378914,0.9621158485448765,-0.25088786993983947,-0.017024586192835887,0,nan,nan,nan,nan,nan,nan,nan,nan
3.93039870262146,1789121544.318055,watch,0,0.0076699042692780495,-1.2624661922454834,1.3545050621032715,-0.1426602154970169,0.0015339808305725455,0.0076699042692780495,-1.2624661922454834,1.3545050621032715,-0.1426602154970169,0.0015339808305725455,0.1799788352440362,0.0013804475063177912,0.1919697790093963,0.0008637936252648889,-0.02530483647677425,0.0038531241087030837,0.9996719824752816,0.1159429028597021,-0.002014102868039852,0.22780649689329052,0.009280873020956976,-0.005420207734439846,-0.7030482462476553,0.7110609328265622,0.17997883524403624,0.0013804475063177919,0.1919697790093963,-0.05062134563922882,0.10612994125298308,-0.07109901646545026,0.476762451854714,0.10548708366834693,0.9620825799709475,-0.25098703522721877,-0.01658591702147886,0,nan,nan,nan,nan,nan,nan,nan,nan
3.965066432952881,1789121544.384772,watch,0,0.0076699042692780495,-1.2624661922454834,1.3545050621032715,-0.1426602154970169,0.0015339808305725455,0.0076699042692780495,-1.2624661922454834,1.3545050621032715,-0.1426602154970169,0.0015339808305725455,0.17997883524403624,0.0013804475063177914,0.1919697790093963,0.0008637936252648889,-0.02530483647677425,0.0038531241087030837,0.9996719824752816,0.11591399947021708,-0.002000311235969665,0.22776411546896502,0.009622631049287398,-0.005291209184224724,-0.7030431209581239,0.7110624291512798,0.17997883524403624,0.0013804475063177919,0.1919697790093963,-0.05062134563922882,0.10614130329949668,-0.0711071190512984,0.47681370663174344,0.10556947559826664,0.9620386011617718,-0.25109857481112435,-0.016921034969246636,0,nan,nan,nan,nan,nan,nan,nan,nan
4.0050623416900635,1789121544.384772,watch,0,0.0076699042692780495,-1.2624661922454834,1.3545050621032715,-0.1426602154970169,0.0015339808305725455,0.0076699042692780495,-1.2624661922454834,1.3545050621032715,-0.1426602154970169,0.0015339808305725455,0.17997883524403624,0.0013804475063177914,0.1919697790093963,0.0008637936252648889,-0.02530483647677425,0.0038531241087030837,0.9996719824752816,0.11591399947021708,-0.002000311235969665,0.22776411546896502,0.009622631049287398,-0.005291209184224724,-0.7030431209581239,0.7110624291512798,0.17997883524403624,0.0013804475063177919,0.1919697790093963,-0.05062134563922882,0.10614130329949668,-0.0711071190512984,0.47681370663174344,0.10556947559826664,0.9620386011617718,-0.25109857481112435,-0.016921034969246636,0,nan,nan,nan,nan,nan,nan,nan,nan
4.040219068527222,1789121544.4181304,watch,0,0.0076699042692780495,-1.2624661922454834,1.3545050621032715,-0.1426602154970169,0.0015339808305725455,0.0076699042692780495,-1.2624661922454834,1.3545050621032715,-0.1426602154970169,0.0015339808305725455,0.1799788352440362,0.0013804475063177912,0.1919697790093963,0.0008637936252648889,-0.02530483647677425,0.0038531241087030837,0.9996719824752816,0.1158836622087942,-0.001987754107093842,0.22772112790646898,0.009585898800745875,-0.005441791474459601,-0.7030894589534118,0.711015970396115,0.17997883524403624,0.0013804475063177919,0.1919697790093963,-0.05062134563922882,0.10615123601284182,-0.07111593417380316,0.47686614322456206,0.10547303712701907,0.9620275260850704,-0.25118850563966927,-0.016817019009073435,0,nan,nan,nan,nan,nan,nan,nan,nan
4.074981689453125,1789121544.484847,watch,0,0.0076699042692780495,-1.2640001773834229,1.3545050621032715,-0.1426602154970169,0.0015339808305725455,0.0076699042692780495,-1.2640001773834229,1.3545050621032715,-0.1426602154970169,0.0015339808305725455,0.17996404337710356,0.0013803340518897009,0.19200023453747633,0.0008641163488754544,-0.025389418270865136,0.0038531807566615545,0.9996698373667474,0.11591830029097805,-0.0020024381138577796,0.22776576159801054,0.009766943912445055,-0.005303440002470197,-0.7032874484403338,0.7108187147205934,0.1798445575230384,0.0013794175888563632,0.19224576904976093,-0.052155330777168274,0.10613989164432555,-0.07110374212005943,0.47681019465584823,0.10525735087236839,0.9620453332324184,-0.2511913037024596,-0.017105432976543006,0,nan,nan,nan,nan,nan,nan,nan,nan
4.1151206493377686,1789121544.5182056,watch,0,0.0076699042692780495,-1.2624661922454834,1.3545050621032715,-0.1426602154970169,0.0015339808305725455,0.0076699042692780495,-1.2624661922454834,1.3545050621032715,-0.1426602154970169,0.0015339808305725455,0.17987451655648895,0.0013796473762808805,0.19218428541451127,0.0008660670871373823,-0.025900712855233904,0.003853522607215616,0.9996567177611058,0.11583390441213759,-0.001965082611394303,0.22764253142250845,0.00934266201476829,-0.005396429018325307,-0.7031094284672009,0.7109998064844001,0.17997883524403624,0.0013804475063177919,0.1919697790093963,-0.05062134563922882,0.10617017250907491,-0.07112706188602866,0.4769593356355587,0.10541781425807953,0.9620838787113443,-0.25100573188378217,-0.016667852959252463,0,nan,nan,nan,nan,nan,nan,nan,nan
4.154932022094727,1789121544.551564,watch,0,0.0076699042692780495,-1.2624661922454834,1.3545050621032715,-0.1426602154970169,0.0015339808305725455,0.0076699042692780495,-1.2624661922454834,1.3545050621032715,-0.1426602154970169,0.0015339808305725455,0.17984455752303846,0.001379417588856363,0.19224576904976082,0.000866718912542752,-0.026071570054619624,0.0038536366182943434,0.9996522753027813,0.11599421074028432,-0.0020426846773850815,0.22788567162769258,0.009221967381298235,-0.005914219579474398,-0.7030053672544049,0.7111001553479536,0.17997883524403624,0.0013804475063177919,0.1919697790093963,-0.05062134563922882,0.10610545733701883,-0.07108564105184688,0.47666790190403757,0.10544418236114254,0.9620056941879443,-0.2513231280193076,-0.01622510643268936,0,nan,nan,nan,nan,nan,nan,nan,nan
4.194971084594727,1789121544.5849223,watch,0,0.0076699042692780495,-1.2640001773834229,1.3545050621032715,-0.1426602154970169,0.0015339808305725455,0.0076699042692780495,-1.2640001773834229,1.3545050621032715,-0.1426602154970169,0.0015339808305725455,0.17984455752303846,0.001379417588856363,0.19224576904976082,0.000866718912542752,-0.026071570054619624,0.0038536366182943434,0.9996522753027813,0.11579797767445404,-0.0019475771745174342,0.22759296136703316,0.009484324236697265,-0.005112138833866506,-0.7030772114057774,0.7110318898841265,0.1798445575230384,0.0013794175888563632,0.19224576904976093,-0.052155330777168274,0.10618441563813653,-0.07113864447898226,0.47702030561190495,0.1055357696764711,0.9620992824922833,-0.250879035144621,-0.016937581631768027,0,nan,nan,nan,nan,nan,nan,nan,nan
4.230575323104858,1789121544.6182806,watch,0,0.0076699042692780495,-1.2640001773834229,1.352971076965332,-0.1426602154970169,0.0015339808305725455,0.0076699042692780495,-1.2640001773834229,1.352971076965332,-0.1426602154970169,0.0015339808305725455,0.17984455752303846,0.001379417588856363,0.19224576904976082,0.000866718912542752,-0.026071570054619624,0.0038536366182943434,0.9996522753027813,0.11592954627093521,-0.002007283740128124,0.22778281172353315,0.009284015444132352,-0.005621766014072619,-0.703066472137988,0.7110413058040721,0.17985231064463741,0.0013794770557229144,0.1927178520462408,-0.05368931591510773,0.10613593849852059,-0.0711009522116982,0.4767897680068557,0.10542524603036633,0.9620513843335995,-0.25114009345092486,-0.016471334575626245,0,nan,nan,nan,nan,nan,nan,nan,nan
4.265061616897583,1789121544.6849976,watch,0,0.0076699042692780495,-1.2640001773834229,1.3545050621032715,-0.1426602154970169,0.0015339808305725455,0.0076699042692780495,-1.2640001773834229,1.3545050621032715,-0.1426602154970169,0.0015339808305725455,0.17994050718771615,0.0013801535280303036,0.19204866706389326,0.0008646296086069459,-0.025523940148094386,0.0038532707950068605,0.9996664109587442,0.1158858890422872,-0.0019878640352469223,0.2277224424231763,0.009485068373518634,-0.005181819763524571,-0.7031260299413519,0.7109830998278379,0.1798445575230384,0.0013794175888563632,0.19224576904976093,-0.052155330777168274,0.10615144143583759,-0.0711145968509142,0.4768639368259894,0.10545668259888828,0.9620948573694443,-0.25093097332771874,-0.016912130064238893,0,nan,nan,nan,nan,nan,nan,nan,nan
4.305049657821655,1789121544.6849976,watch,0,0.0076699042692780495,-1.2640001773834229,1.3545050621032715,-0.1426602154970169,0.0015339808305725455,0.0076699042692780495,-1.2640001773834229,1.3545050621032715,-0.1426602154970169,0.0015339808305725455,0.17994050718771615,0.0013801535280303036,0.19204866706389326,0.0008646296086069459,-0.025523940148094386,0.0038532707950068605,0.9996664109587442,0.1158858890422872,-0.0019878640352469223,0.2277224424231763,0.009485068373518634,-0.005181819763524571,-0.7031260299413519,0.7109830998278379,0.1798445575230384,0.0013794175888563632,0.19224576904976093,-0.052155330777168274,0.10615144143583759,-0.0711145968509142,0.4768639368259894,0.10545668259888828,0.9620948573694443,-0.25093097332771874,-0.016912130064238893,0,nan,nan,nan,nan,nan,nan,nan,nan
4.344943523406982,1789121544.7517147,watch,0,0.0076699042692780495,-1.2624661922454834,1.3545050621032715,-0.1426602154970169,0.0015339808305725455,0.0076699042692780495,-1.2624661922454834,1.3545050621032715,-0.1426602154970169,0.0015339808305725455,0.1798615544026903,0.0013795479558525638,0.19221089363587363,0.0008663491668528352,-0.02597465118252809,0.003853571959180807,0.9996547988772037,0.11585530997146082,-0.0019739231896292175,0.22767406407800955,0.00947938115950732,-0.005550647068258505,-0.7031152079792945,0.7109910941482952,0.17997883524403624,0.0013804475063177919,0.1919697790093963,-0.05062134563922882,0.10616309250683235,-0.07112140178168558,0.47692127648497057,0.10540179400379922,0.9620334608211416,-0.2512048943145596,-0.016678823510330384,0,nan,nan,nan,nan,nan,nan,nan,nan
4.384897232055664,1789121544.785073,watch,0,0.0076699042692780495,-1.2640001773834229,1.3545050621032715,-0.1426602154970169,0.0015339808305725455,0.0076699042692780495,-1.2640001773834229,1.3545050621032715,-0.1426602154970169,0.0015339808305725455,0.17990228153078822,0.0013798603351517524,0.19212725685219623,0.0008654625670605169,-0.025742260631740142,0.0038534167736814923,0.999660811561242,0.11585519172721231,-0.001975518092092815,0.22767557832737823,0.009479508703961118,-0.0052705508494168135,-0.7030641686286121,0.711043694156016,0.1798445575230384,0.0013794175888563632,0.19224576904976093,-0.052155330777168274,0.10616139350508098,-0.07112188721568465,0.4769199618011293,0.10552325570533622,0.9620721450123269,-0.2509953973446799,-0.016832730275063476,0,nan,nan,nan,nan,nan,nan,nan,nan
4.425288438796997,1789121544.8184314,watch,0,0.0076699042692780495,-1.2624661922454834,1.3545050621032715,-0.1426602154970169,0.0015339808305725455,0.0076699042692780495,-1.2624661922454834,1.3545050621032715,-0.1426602154970169,0.0015339808305725455,0.1799768797165948,0.0013804325073154006,0.19197380607033127,0.0008638362970617651,-0.02531602013476039,0.003853131600441229,0.9996716992534389,0.11590265221498175,-0.001995772682753416,0.2277418630631034,0.009414689242700556,-0.005523579633063941,-0.7031178979176755,0.7109895043686157,0.17997883524403624,0.0013804475063177919,0.1919697790093963,-0.05062134563922882,0.10614532997705221,-0.0711075281100208,0.4768387694881674,0.10539346112091626,0.9620505403338577,-0.25114505642499574,-0.016647427115683195,0,nan,nan,nan,nan,nan,nan,nan,nan
4.463387966156006,1789121544.8517897,watch,0,0.0076699042692780495,-1.2640001773834229,1.3545050621032715,-0.1426602154970169,0.0015339808305725455,0.0076699042692780495,-1.2640001773834229,1.3545050621032715,-0.1426602154970169,0.0015339808305725455,0.1799788352440362,0.0013804475063177912,0.1919697790093963,0.0008637936252648889,-0.02530483647677425,0.0038531241087030837,0.9996719824752816,0.11583745366600151,-0.001967241410840176,0.2276486759835165,0.009659460051231401,-0.00504660314407308,-0.7031745318110143,0.7109337553109895,0.1798445575230384,0.0013794175888563632,0.19224576904976093,-0.052155330777168274,0.10616825040245535,-0.0711264094029586,0.47695220170115993,0.10544223966140256,0.9620913599968716,-0.2509347935330659,-0.01714288508608693,0,nan,nan,nan,nan,nan,nan,nan,nan
4.497381925582886,1789121544.8851483,watch,0,0.0076699042692780495,-1.2624661922454834,1.3545050621032715,-0.1426602154970169,0.0015339808305725455,0.0076699042692780495,-1.2624661922454834,1.3545050621032715,-0.1426602154970169,0.0015339808305725455,0.1799788352440362,0.0013804475063177912,0.1919697790093963,0.0008637936252648889,-0.02530483647677425,0.0038531241087030837,0.9996719824752816,0.11577409825925783,-0.0019370045502475064,0.22755016692926971,0.009552273786399555,-0.00500622998453749,-0.703195318549226,0.710914928593643,0.17997883524403624,0.0013804475063177919,0.1919697790093963,-0.05062134563922882,0.10619358554238362,-0.07114157525920478,0.4770695061621147,0.10540543658449629,0.9621213229947594,-0.2508387133167517,-0.017093673649694194,0,nan,nan,nan,nan,nan,nan,nan,nan
4.5350341796875,1789121544.951865,watch,0,0.0076699042692780495,-1.2640001773834229,1.3545050621032715,-0.1426602154970169,0.0015339808305725455,0.0076699042692780495,-1.2640001773834229,1.3545050621032715,-0.1426602154970169,0.0015339808305725455,0.1799184030824567,0.0013799839883344646,0.19209412249465574,0.0008651113656606208,-0.02565020870130804,0.003853355246023022,0.999663178290194,0.11582145448828413,-0.0019571783477440874,0.2276213743634507,0.009567014057659952,-0.005200957510849575,-0.7031584983113045,0.7109497510623252,0.1798445575230384,0.0013794175888563632,0.19224576904976093,-0.052155330777168274,0.1061772098353156,-0.07112960015801499,0.4769840162423278,0.10542138701075009,0.9620810160754614,-0.2509947326892672,-0.01697332702155262,0,nan,nan,nan,nan,nan,nan,nan,nan
4.574889183044434,1789121544.9852233,watch,0,0.0076699042692780495,-1.2640001773834229,1.3545050621032715,-0.1426602154970169,0.0015339808305725455,0.0076699042692780495,-1.2640001773834229,1.3545050621032715,-0.1426602154970169,0.0015339808305725455,0.17984455752303846,0.001379417588856363,0.19224576904976082,0.000866718912542752,-0.026071570054619624,0.0038536366182943434,0.9996522753027813,0.11583775729910645,-0.0019655923476694648,0.22765035225352448,0.00934424793050053,-0.005282422569155891,-0.7030807787158939,0.7110289724354883,0.1798445575230384,0.0013794175888563632,0.19224576904976093,-0.052155330777168274,0.10616979568941301,-0.07112725092996858,0.47695061254916815,0.10547815943912524,0.962098165879977,-0.25092153783157406,-0.016728985144257993,0,nan,nan,nan,nan,nan,nan,nan,nan
4.636749744415283,1789121544.9852233,watch,0,0.0076699042692780495,-1.2640001773834229,1.3545050621032715,-0.1426602154970169,0.0015339808305725455,0.0076699042692780495,-1.2640001773834229,1.3545050621032715,-0.1426602154970169,0.0015339808305725455,0.17985761521696897,0.001379517742082714,0.1922189778678163,0.0008664348726948453,-0.025997116491883472,0.0038535869500501423,0.9996542147624534,0.11583775729910645,-0.0019655923476694648,0.22765035225352448,0.00934424793050053,-0.005282422569155891,-0.7030807787158939,0.7110289724354883,0.1798445575230384,0.0013794175888563632,0.19224576904976093,-0.052155330777168274,0.10616979568941301,-0.07112725092996858,0.47695061254916815,0.10547815943912524,0.962098165879977,-0.25092153783157406,-0.016728985144257993,0,nan,nan,nan,nan,nan,nan,nan,nan
4.674941778182983,1789121545.0852985,watch,0,0.0076699042692780495,-1.2624661922454834,1.3545050621032715,-0.1426602154970169,0.0015339808305725455,0.0076699042692780495,-1.2624661922454834,1.3545050621032715,-0.1426602154970169,0.0015339808305725455,0.1799788352440362,0.0013804475063177912,0.1919697790093963,0.0008637936252648889,-0.02530483647677425,0.0038531241087030837,0.9996719824752816,0.11579451381704647,-0.0019478674331050994,0.22758753568078582,0.009495509425440155,-0.0048662421140348135,-0.7031231181170112,0.7109880700531132,0.17997883524403624,0.0013804475063177919,0.1919697790093963,-0.05062134563922882,0.10618389968347854,-0.07113906845264299,0.4770267145639697,0.10552088417643274,0.9621444488260154,-0.2507001933427236,-0.017111857112193294,0,nan,nan,nan,nan,nan,nan,nan,nan
4.715102195739746,1789121545.1186566,watch,0,0.0076699042692780495,-1.2624661922454834,1.3545050621032715,-0.1426602154970169,0.0015339808305725455,0.0076699042692780495,-1.2624661922454834,1.3545050621032715,-0.1426602154970169,0.0015339808305725455,0.17991338318630887,0.0013799454854565574,0.19210444146690206,0.0008652207370814511,-0.025678875404274337,0.0038533744103810648,0.9996624421557015,0.11583651749904234,-0.0019639207090272615,0.227649558173885,0.009611496616677423,-0.005234304098208291,-0.7031602654950679,0.7109471585302953,0.17997883524403624,0.0013804475063177919,0.1919697790093963,-0.05062134563922882,0.10617126390219477,-0.07112828718949286,0.47695192881656073,0.10541946612835068,0.9620673750866213,-0.25104688614414616,-0.01698713962031097,0,nan,nan,nan,nan,nan,nan,nan,nan
4.755005598068237,1789121545.1520152,watch,0,0.0076699042692780495,-1.2640001773834229,1.3545050621032715,-0.1426602154970169,0.0015339808305725455,0.0076699042692780495,-1.2640001773834229,1.3545050621032715,-0.1426602154970169,0.0015339808305725455,0.17985190355743783,0.0013794739333418363,0.19223069803761694,0.0008665591278740546,-0.026029686576180683,0.0038536086802910003,0.9996533670188696,0.11587328878593434,-0.00198624804641484,0.22770168005561625,0.0095709870120707,-0.005420766687807699,-0.7031213139046661,0.7109848306603364,0.1798445575230384,0.0013794175888563632,0.19224576904976093,-0.052155330777168274,0.10615225992895612,-0.07111619621551876,0.4768882108015318,0.1054314961785219,0.9620385134790996,-0.2511630328771375,-0.016829412124034146,0,nan,nan,nan,nan,nan,nan,nan,nan
4.795108795166016,1789121545.1853735,watch,0,0.0076699042692780495,-1.2624661922454834,1.3545050621032715,-0.1426602154970169,0.0015339808305725455,0.0076699042692780495,-1.2624661922454834,1.3545050621032715,-0.1426602154970169,0.0015339808305725455,0.17994151402098474,0.0013801612504965206,0.19204659589151457,0.000864607658473539,-0.02551818709320671,0.003853266945787112,0.9996665578656303,0.11582801690980848,-0.001959563866266806,0.22762901533621704,0.009521997768281824,-0.004920575520271251,-0.7031783874875495,0.7109326795593659,0.17997883524403624,0.0013804475063177919,0.1919697790093963,-0.05062134563922882,0.10617551062632061,-0.0711269919824595,0.47697414453281195,0.10543978073475666,0.9621386520392995,-0.25075617884460655,-0.017117408152455563,0,nan,nan,nan,nan,nan,nan,nan,nan
4.831322193145752,1789121545.2187319,watch,0,0.0076699042692780495,-1.2640001773834229,1.3545050621032715,-0.1426602154970169,0.0015339808305725455,0.0076699042692780495,-1.2640001773834229,1.3545050621032715,-0.1426602154970169,0.0015339808305725455,0.17993811575807173,0.001380135185634184,0.1922122312158841,0.0008656897235928096,-0.025801800588759163,0.0038534565529604646,0.9996592762237916,0.1158772184017412,-0.001982017589632734,0.22770968900878313,0.009319808749454024,-0.005259846754281746,-0.7029705798126483,0.711138410645118,0.1798445575230384,0.0013794175888563632,0.19224576904976093,-0.052155330777168274,0.10615652747578581,-0.07111734935524376,0.4768793824218031,0.10562817510315238,0.9620902273630387,-0.2508916677814778,-0.016686943241428467,0,nan,nan,nan,nan,nan,nan,nan,nan
4.864722728729248,1789121545.2520902,watch,0,0.0076699042692780495,-1.2624661922454834,1.3545050621032715,-0.1426602154970169,0.0015339808305725455,0.0076699042692780495,-1.2624661922454834,1.3545050621032715,-0.1426602154970169,0.0015339808305725455,0.1798676234685071,0.0013795945059191933,0.1926281344129403,0.0008689421195012559,-0.026654363730586862,0.0038540246668504843,0.9996369022437986,0.11581427571952513,-0.0019531042957358635,0.2276090787361118,0.00940450978766384,-0.005079258926554852,-0.703163643864679,0.7109477099417072,0.17997883524403624,0.0013804475063177919,0.1919697790093963,-0.05062134563922882,0.10618080104994464,-0.07113092298202069,0.47699832247825674,0.10541261226811459,0.9621325170728772,-0.2508040798367804,-0.016926733383846263,0,nan,nan,nan,nan,nan,nan,nan,nan
4.9049646854400635,1789121545.318806,watch,0,0.0076699042692780495,-1.2624661922454834,1.3545050621032715,-0.1426602154970169,0.0015339808305725455,0.0076699042692780495,-1.2624661922454834,1.3545050621032715,-0.1426602154970169,0.0015339808305725455,0.17997774300480177,0.0013804391287831467,0.19197630390966214,0.0008638446542831263,-0.025318210444004906,0.003853133067635106,0.9996716437700378,0.1159009594470839,-0.0019982925747967506,0.22774897706027253,0.009467609541672415,-0.005463874625515122,-0.7030129627204258,0.7110930211236025,0.17997883524403624,0.0013804475063177919,0.1919697790093963,-0.05062134563922882,0.1061420098435804,-0.0711117808050365,0.4768332273249056,0.1055549131955764,0.962034923253212,-0.2511343638448674,-0.016688260475388034,0,nan,nan,nan,nan,nan,nan,nan,nan
4.944998264312744,1789121545.3521638,watch,0,0.0076699042692780495,-1.2640001773834229,1.3545050621032715,-0.1426602154970169,0.0015339808305725455,0.0076699042692780495,-1.2640001773834229,1.3545050621032715,-0.1426602154970169,0.0015339808305725455,0.1799053411066731,0.0013798838022660658,0.1921209697490142,0.0008653959262357893,-0.02572479355273573,0.0038534051011583285,0.9996612613058917,0.11587597144485023,-0.0019832184069893677,0.22770570296781412,0.009550192184576289,-0.005169632542832182,-0.7031673749961311,0.710941426187601,0.1798445575230384,0.0013794175888563632,0.19224576904976093,-0.052155330777168274,0.10615542120173382,-0.07111634315609373,0.4768834627535802,0.10541264447048385,0.962090666998989,-0.25096077013553475,-0.01698277692719974,0,nan,nan,nan,nan,nan,nan,nan,nan
4.984908580780029,1789121545.3855217,watch,0,0.0076699042692780495,-1.2624661922454834,1.3545050621032715,-0.1426602154970169,0.0015339808305725455,0.0076699042692780495,-1.2624661922454834,1.3545050621032715,-0.1426602154970169,0.0015339808305725455,0.1798613473613197,0.0013795463678339319,0.19221131856150195,0.0008663536717110902,-0.025975831998388182,0.003853572747175298,0.9996547681876925,0.11584324180716637,-0.0019696056075581003,0.22766100590082955,0.009554772097456334,-0.005185345503360813,-0.7031240142659063,0.7109841342004576,0.17997883524403624,0.0013804475063177919,0.1919697790093963,-0.05062134563922882,0.10616607430413053,-0.07112664404805831,0.47693855148493564,0.10546924083573876,0.9620808169598065,-0.2509761623372751,-0.0169619224717537,0,nan,nan,nan,nan,nan,nan,nan,nan
5.0252814292907715,1789121545.4188795,watch,0,0.0076699042692780495,-1.2640001773834229,1.3545050621032715,-0.1426602154970169,0.0015339808305725455,0.0076699042692780495,-1.2640001773834229,1.3545050621032715,-0.1426602154970169,0.0015339808305725455,0.1799509192459082,0.0013802333890858957,0.19202724532794987,0.0008644025871658497,-0.02546443892665646,0.003853230978145189,0.9996679287490157,0.11585945442304124,-0.001975940542511462,0.22768705822287938,0.009506760908587703,-0.005362851060412386,-0.7031034564925024,0.7110037909841457,0.1798445575230384,0.0013794175888563632,0.19224576904976093,-0.052155330777168274,0.10616090158527984,-0.07112343274969403,0.47690781658065623,0.10545686107437714,0.9620575676560955,-0.2510806697168666,-0.01681024278547506,0,nan,nan,nan,nan,nan,nan,nan,nan
5.063868761062622,1789121545.4522374,watch,0,0.0076699042692780495,-1.2624661922454834,1.3545050621032715,-0.1426602154970169,0.0015339808305725455,0.0076699042692780495,-1.2624661922454834,1.3545050621032715,-0.1426602154970169,0.0015339808305725455,0.1799788352440362,0.0013804475063177912,0.1919697790093963,0.0008637936252648889,-0.02530483647677425,0.0038531241087030837,0.9996719824752816,0.11585534671265435,-0.0019731184147366854,0.22767921653146433,0.009651900777234792,-0.005238691649887165,-0.7032495212214225,0.7108582895507543,0.17997883524403624,0.0013804475063177919,0.1919697790093963,-0.05062134563922882,0.10616349842809142,-0.07112391437064966,0.47691672468161633,0.10530360471406376,0.9620721713945338,-0.2510731909189254,-0.017045253421989284,0,nan,nan,nan,nan,nan,nan,nan,nan
5.1049089431762695,1789121545.485595,watch,0,0.0076699042692780495,-1.2624661922454834,1.3545050621032715,-0.1426602154970169,0.0015339808305725455,0.0076699042692780495,-1.2624661922454834,1.3545050621032715,-0.1426602154970169,0.0015339808305725455,0.1799788352440362,0.0013804475063177912,0.1919697790093963,0.0008637936252648889,-0.02530483647677425,0.0038531241087030837,0.9996719824752816,0.1158424604131309,-0.001971241790081707,0.2276621440856158,0.009556545620914651,-0.005382014737955794,-0.7030915163109532,0.7110147860942982,0.17997883524403624,0.0013804475063177919,0.1919697790093963,-0.05062134563922882,0.10616424044347854,-0.07112752013120854,0.4769378787532507,0.10547697424675422,0.9620432418579583,-0.25112564580160546,-0.016832074141534283,0,nan,nan,nan,nan,nan,nan,nan,nan
5.144926309585571,1789121545.5523105,watch,0,0.0076699042692780495,-1.2624661922454834,1.3545050621032715,-0.1426602154970169,0.0015339808305725455,0.0076699042692780495,-1.2624661922454834,1.3545050621032715,-0.1426602154970169,0.0015339808305725455,0.1799707125043226,0.0013803852044600928,0.19198650484538213,0.0008639708589507114,-0.025351287015626115,0.0038531552219676743,0.99967080531335,0.11595286836102608,-0.002023712125138799,0.22782552441632625,0.009487514659213683,-0.005814884682317507,-0.7029211780313297,0.7111807025340117,0.17997883524403624,0.0013804475063177919,0.1919697790093963,-0.05062134563922882,0.10612093415175493,-0.07109729972892678,0.47674078112296164,0.10561690944446456,0.9619595870956424,-0.2514119420800265,-0.01645772200914658,0,nan,nan,nan,nan,nan,nan,nan,nan
5.184889793395996,1789121545.5856683,watch,0,0.0076699042692780495,-1.2640001773834229,1.3545050621032715,-0.1426602154970169,0.0015339808305725455,0.0076699042692780495,-1.2640001773834229,1.3545050621032715,-0.1426602154970169,0.0015339808305725455,0.1798811680898651,0.0013796983939055353,0.19217062751474157,0.0008659223027358691,-0.02586276260445495,0.003853497268231849,0.9996577005394571,0.11586956135140497,-0.0019775177398907162,0.22769366846707073,0.009477489601910987,-0.005235063389848048,-0.7031991413887607,0.7109104998888817,0.1798445575230384,0.0013794175888563632,0.19224576904976093,-0.052155330777168274,0.10616072879575245,-0.07111744647781112,0.47689721150764774,0.10534643102145605,0.9620982871637805,-0.2509650370949445,-0.016898682300531934,0,nan,nan,nan,nan,nan,nan,nan,nan
5.225211143493652,1789121545.6190262,watch,0,0.0076699042692780495,-1.2624661922454834,1.3545050621032715,-0.1426602154970169,0.0015339808305725455,0.0076699042692780495,-1.2624661922454834,1.3545050621032715,-0.1426602154970169,0.0015339808305725455,0.1798887550181797,0.0013797565860605087,0.19215504570862274,0.0008657571284381985,-0.0258194681976758,0.003853468354259797,0.9996588199522007,0.11586488610586704,-0.0019790890154832985,0.2276912056942456,0.00939989889568172,-0.005107197940351246,-0.7030736622487257,0.7110365559393651,0.17997883524403624,0.0013804475063177919,0.1919697790093963,-0.05062134563922882,0.1061585094176083,-0.0711200330254078,0.4769015446600798,0.10552880389615335,0.9621155088872677,-0.25082390532653653,-0.016875651797359063,0,nan,nan,nan,nan,nan,nan,nan,nan
5.263899087905884,1789121545.6523838,watch,0,0.0076699042692780495,-1.2640001773834229,1.3545050621032715,-0.1426602154970169,0.0015339808305725455,0.0076699042692780495,-1.2640001773834229,1.3545050621032715,-0.1426602154970169,0.0015339808305725455,0.1799633398104028,0.00138032865549464,0.19200168281062222,0.000864131696084945,-0.025393440617053165,0.003853183449910663,0.9996697351762438,0.11593302179462939,-0.0020169134298989866,0.22779212969904888,0.00932662539574753,-0.005768905280915207,-0.7029882194851934,0.711116936273933,0.1798445575230384,0.0013794175888563632,0.19224576904976093,-0.052155330777168274,0.10612644303960751,-0.07110034508452508,0.4767797130322476,0.10551035202377071,0.9620074645311149,-0.2512780683459797,-0.016387073275877087,0,nan,nan,nan,nan,nan,nan,nan,nan
5.297396421432495,1789121545.6857417,watch,0,0.0076699042692780495,-1.2624661922454834,1.3545050621032715,-0.1426602154970169,0.0015339808305725455,0.0076699042692780495,-1.2624661922454834,1.3545050621032715,-0.1426602154970169,0.0015339808305725455,0.1799788352440362,0.0013804475063177912,0.1919697790093963,0.0008637936252648889,-0.02530483647677425,0.0038531241087030837,0.9996719824752816,0.11581697199791485,-0.0019561392754983697,0.22761891989004357,0.009441423112757138,-0.005022621146481562,-0.7031290967818614,0.7109817902486313,0.17997883524403624,0.0013804475063177919,0.1919697790093963,-0.05062134563922882,0.10617758311395008,-0.07113254350662848,0.4769883050874811,0.10547557286315239,0.9621297879656523,-0.25078464755444596,-0.016977490667085437,0,nan,nan,nan,nan,nan,nan,nan,nan
5.331616163253784,1789121545.7190993,watch,0,0.0076699042692780495,-1.2624661922454834,1.3545050621032715,-0.1426602154970169,0.0015339808305725455,0.0076699042692780495,-1.2624661922454834,1.3545050621032715,-0.1426602154970169,0.0015339808305725455,0.1799788352440362,0.0013804475063177912,0.1919697790093963,0.0008637936252648889,-0.02530483647677425,0.0038531241087030837,0.9996719824752816,0.1158456613176978,-0.0019692109396772517,0.22766203093528775,0.009447558094237236,-0.005305883386484085,-0.7031352711528674,0.7109735450129836,0.17997883524403624,0.0013804475063177919,0.1919697790093963,-0.05062134563922882,0.1061668316893707,-0.07112510674334796,0.47693652083198307,0.10541540451112832,0.9620828382129006,-0.2510011761612642,-0.016811141354078622,0,nan,nan,nan,nan,nan,nan,nan,nan
5.364982843399048,1789121545.7524571,watch,0,0.0076699042692780495,-1.2640001773834229,1.3545050621032715,-0.1426602154970169,0.0015339808305725455,0.0076699042692780495,-1.2640001773834229,1.3545050621032715,-0.1426602154970169,0.0015339808305725455,0.1799788352440362,0.0013804475063177912,0.1919697790093963,0.0008637936252648889,-0.02530483647677425,0.0038531241087030837,0.9996719824752816,0.1159359874400957,-0.0020120734790996797,0.22780202301130725,0.00955355427160881,-0.0052723055855853,-0.7031489007018007,0.7109588988376478,0.1798445575230384,0.0013794175888563632,0.19224576904976093,-0.052155330777168274,0.10613098679701918,-0.07110332420977307,0.47676968422944993,0.10541910321331241,0.9620703750297993,-0.2510403244105274,-0.016916314243339392,0,nan,nan,nan,nan,nan,nan,nan,nan
5.404909133911133,1789121545.8191726,watch,0,0.0076699042692780495,-1.2624661922454834,1.3545050621032715,-0.1426602154970169,0.0015339808305725455,0.0076699042692780495,-1.2624661922454834,1.3545050621032715,-0.1426602154970169,0.0015339808305725455,0.1799788352440362,0.0013804475063177912,0.1919697790093963,0.0008637936252648889,-0.02530483647677425,0.0038531241087030837,0.9996719824752816,0.11586542414461104,-0.001980706873743493,0.2276917999317401,0.009592778089999506,-0.004998204191963667,-0.7031732360430497,0.7109362817272142,0.17997883524403624,0.0013804475063177919,0.1919697790093963,-0.05062134563922882,0.106156979014995,-0.07111952123094377,0.47690073471964506,0.10544297966166648,0.9621117400600593,-0.25085778070120085,-0.017121668737089663,0,nan,nan,nan,nan,nan,nan,nan,nan
5.445011615753174,1789121545.8525302,watch,0,0.0076699042692780495,-1.2624661922454834,1.3545050621032715,-0.1426602154970169,0.0015339808305725455,0.0076699042692780495,-1.2624661922454834,1.3545050621032715,-0.1426602154970169,0.0015339808305725455,0.1799788352440362,0.0013804475063177912,0.1919697790093963,0.0008637936252648889,-0.02530483647677425,0.0038531241087030837,0.9996719824752816,0.11585499328911364,-0.0019753603932934627,0.2276746271947016,0.00954473776609135,-0.005131425486801476,-0.7031598317822086,0.7109492368808522,0.17997883524403624,0.0013804475063177919,0.1919697790093963,-0.05062134563922882,0.10616158314050378,-0.07112164991105689,0.47692089808360744,0.10542916920951884,0.9620968837881886,-0.25092886518722063,-0.01699944412917932,0,nan,nan,nan,nan,nan,nan,nan,nan
5.484955310821533,1789121545.8858879,watch,0,0.0076699042692780495,-1.2624661922454834,1.3545050621032715,-0.1426602154970169,0.0015339808305725455,0.0076699042692780495,-1.2624661922454834,1.3545050621032715,-0.1426602154970169,0.0015339808305725455,0.17997883524403624,0.0013804475063177914,0.1919697790093963,0.0008637936252648889,-0.02530483647677425,0.0038531241087030837,0.9996719824752816,0.11575439024061263,-0.001926191686660056,0.2275247638873507,0.009731822682878874,-0.004564165517299262,-0.7033297926131565,0.7107824300326607,0.17997883524403624,0.0013804475063177919,0.1919697790093963,-0.05062134563922882,0.10620244915435038,-0.07114899772808705,0.4771013963156925,0.10533200815967612,0.9621799452915971,-0.2506134334220731,-0.017545025622936156,0,nan,nan,nan,nan,nan,nan,nan,nan
5.525099754333496,1789121545.9192457,watch,0,0.0076699042692780495,-1.2640001773834229,1.3545050621032715,-0.1426602154970169,0.0015339808305725455,0.0076699042692780495,-1.2640001773834229,1.3545050621032715,-0.1426602154970169,0.0015339808305725455,0.1799788352440362,0.0013804475063177912,0.1919697790093963,0.0008637936252648889,-0.02530483647677425,0.0038531241087030837,0.9996719824752816,0.11585696011724905,-0.0019794113073156316,0.22768100003464153,0.009383385730946719,-0.005280172727795877,-0.7031394398183836,0.7109704635356372,0.1798445575230384,0.0013794175888563632,0.19224576904976093,-0.052155330777168274,0.10615749680632108,-0.07112209353376622,0.47691426509950763,0.10540488154837009,0.9620998063872381,-0.2509426456505127,-0.016779811957644823,0,nan,nan,nan,nan,nan,nan,nan,nan
5.564584255218506,1789121545.9526033,watch,0,0.0076699042692780495,-1.2624661922454834,1.3545050621032715,-0.1426602154970169,0.0015339808305725455,0.0076699042692780495,-1.2624661922454834,1.3545050621032715,-0.1426602154970169,0.0015339808305725455,0.17997883524403624,0.0013804475063177914,0.1919697790093963,0.0008637936252648889,-0.02530483647677425,0.0038531241087030837,0.9996719824752816,0.11586366862448744,-0.0019773023531921563,0.22768839296952076,0.009470079930332234,-0.005504215668736845,-0.7031481449450454,0.7109590054681962,0.17997883524403624,0.0013804475063177919,0.1919697790093963,-0.05062134563922882,0.10616024701972174,-0.07112013881573563,0.47690463583958476,0.10536436540470603,0.9620477444370603,-0.25116372942501164,-0.016711341889499503,0,nan,nan,nan,nan,nan,nan,nan,nan
5.598100423812866,1789121545.985961,watch,0,0.0076699042692780495,-1.2624661922454834,1.3545050621032715,-0.1426602154970169,0.0015339808305725455,0.0076699042692780495,-1.2624661922454834,1.3545050621032715,-0.1426602154970169,0.0015339808305725455,0.1799788352440362,0.0013804475063177912,0.1919697790093963,0.0008637936252648889,-0.02530483647677425,0.0038531241087030837,0.9996719824752816,0.11587701443992282,-0.0019817406565117712,0.2277086722104879,0.00932330821343632,-0.00539399003238436,-0.7031273735650997,0.7109823326489432,0.17997883524403624,0.0013804475063177919,0.1919697790093963,-0.05062134563922882,0.10615683787469563,-0.07111711016569748,0.476880381727576,0.10539100810425067,0.9620905798311746,-0.2509917702279643,-0.01666081896896633,0,nan,nan,nan,nan,nan,nan,nan,nan
5.631632328033447,1789121546.0193188,watch,0,0.0076699042692780495,-1.2624661922454834,1.3545050621032715,-0.1426602154970169,0.0015339808305725455,0.0076699042692780495,-1.2624661922454834,1.3545050621032715,-0.1426602154970169,0.0015339808305725455,0.17998401157080499,0.0013804872090271134,0.19225319254300866,0.0008655499292501166,-0.025765159034810206,0.0038534320739587436,0.9996602215075292,0.11584059411181835,-0.0019650352548364614,0.227653573457531,0.009423675006497068,-0.005320758392889866,-0.7030301819999928,0.7110776659947587,0.17997883524403624,0.0013804475063177919,0.1919697790093963,-0.05062134563922882,0.10617062353928847,-0.07112640167602391,0.4769464499242319,0.10555161328043479,0.9620693832522331,-0.2509997030369398,-0.01674836761995804,0,nan,nan,nan,nan,nan,nan,nan,nan
5.665108919143677,1789121546.0860343,watch,0,0.0076699042692780495,-1.2624661922454834,1.3545050621032715,-0.1426602154970169,0.0015339808305725455,0.0076699042692780495,-1.2624661922454834,1.3545050621032715,-0.1426602154970169,0.0015339808305725455,0.17998076830406548,0.0013804623329939018,0.19207395608298372,0.000864439231780878,-0.025474043254761682,0.003853237406062539,0.9996676839963177,0.11579661448520356,-0.0019477010114801463,0.22758962016324497,0.009565481233143974,-0.00510599618298855,-0.7032395751537985,0.7108702626423915,0.17997883524403624,0.0013804475063177919,0.1919697790093963,-0.05062134563922882,0.10618429431126303,-0.07113825139942304,0.4770238928157645,0.10532881253811584,0.9621089101242921,-0.2509209458885676,-0.017057702751068292,0,nan,nan,nan,nan,nan,nan,nan,nan
5.705109119415283,1789121546.0860343,watch,0,0.0076699042692780495,-1.2624661922454834,1.3545050621032715,-0.1426602154970169,0.0015339808305725455,0.0076699042692780495,-1.2624661922454834,1.3545050621032715,-0.1426602154970169,0.0015339808305725455,0.17998076830406548,0.0013804623329939018,0.19207395608298372,0.000864439231780878,-0.025474043254761682,0.003853237406062539,0.9996676839963177,0.11579661448520356,-0.0019477010114801463,0.22758962016324497,0.009565481233143974,-0.00510599618298855,-0.7032395751537985,0.7108702626423915,0.17997883524403624,0.0013804475063177919,0.1919697790093963,-0.05062134563922882,0.10618429431126303,-0.07113825139942304,0.4770238928157645,0.10532881253811584,0.9621089101242921,-0.2509209458885676,-0.017057702751068292,0,nan,nan,nan,nan,nan,nan,nan,nan
5.741233825683594,1789121546.119392,watch,0,0.0076699042692780495,-1.2640001773834229,1.3545050621032715,-0.1426602154970169,0.0015339808305725455,0.0076699042692780495,-1.2640001773834229,1.3545050621032715,-0.1426602154970169,0.0015339808305725455,0.1799788352440362,0.0013804475063177912,0.1919697790093963,0.0008637936252648889,-0.02530483647677425,0.0038531241087030837,0.9996719824752816,0.11589376590924944,-0.0019931076372642353,0.22773649866875323,0.009641161213073176,-0.005345894177572169,-0.7030853544178146,0.711020009443533,0.1798445575230384,0.0013794175888563632,0.19224576904976093,-0.052155330777168274,0.10614670056401658,-0.07111325289184095,0.47684772459778463,0.10550477808917602,0.9620323109404914,-0.2511502047850149,-0.01691594346457238,0,nan,nan,nan,nan,nan,nan,nan,nan
5.774953365325928,1789121546.1861072,watch,0,0.0076699042692780495,-1.2624661922454834,1.3545050621032715,-0.1426602154970169,0.0015339808305725455,0.0076699042692780495,-1.2624661922454834,1.3545050621032715,-0.1426602154970169,0.0015339808305725455,0.1799788352440362,0.0013804475063177912,0.1919697790093963,0.0008637936252648889,-0.02530483647677425,0.0038531241087030837,0.9996719824752816,0.11583410175853914,-0.0019629344518701797,0.2276463788528555,0.009649635686994501,-0.005080149078526454,-0.7031783696378235,0.7109298538463136,0.17997883524403624,0.0013804475063177919,0.1919697790093963,-0.05062134563922882,0.10617202303302367,-0.07112909920700113,0.47695588873266065,0.10542931737941309,0.9620882540421939,-0.25095394742497384,-0.017116271287208388,0,nan,nan,nan,nan,nan,nan,nan,nan
5.814996957778931,1789121546.2194648,watch,0,0.0076699042692780495,-1.2640001773834229,1.3545050621032715,-0.1426602154970169,0.0015339808305725455,0.0076699042692780495,-1.2640001773834229,1.3545050621032715,-0.1426602154970169,0.0015339808305725455,0.1799788352440362,0.0013804475063177912,0.1919697790093963,0.0008637936252648889,-0.02530483647677425,0.0038531241087030837,0.9996719824752816,0.1158210597904043,-0.0019575439242512926,0.22762873075076384,0.009638462576937448,-0.005067298354999318,-0.7032298001885781,0.7108792236753491,0.1798445575230384,0.0013794175888563632,0.19224576904976093,-0.052155330777168274,0.10617622258909953,-0.07113327236573051,0.47697769594943085,0.10536024144654699,0.9621000619234571,-0.25093653769711716,-0.017133138001798123,0,nan,nan,nan,nan,nan,nan,nan,nan
5.854917764663696,1789121546.2528224,watch,0,0.0076699042692780495,-1.2624661922454834,1.3545050621032715,-0.1426602154970169,0.0015339808305725455,0.0076699042692780495,-1.2624661922454834,1.3545050621032715,-0.1426602154970169,0.0015339808305725455,0.1799788352440362,0.0013804475063177912,0.1919697790093963,0.0008637936252648889,-0.02530483647677425,0.0038531241087030837,0.9996719824752816,0.11584465730247284,-0.001970667165972828,0.22766323655472626,0.009585467272102511,-0.0050405773722624935,-0.703155298954761,0.7109538219524321,0.17997883524403624,0.0013804475063177919,0.1919697790093963,-0.05062134563922882,0.10616512781518576,-0.07112624215979814,0.47693589649067175,0.10545833998482132,0.9621034954525363,-0.25088549914166697,-0.01708417062938503,0,nan,nan,nan,nan,nan,nan,nan,nan
5.895204305648804,1789121546.2861803,watch,0,0.0076699042692780495,-1.2640001773834229,1.3545050621032715,-0.1426602154970169,0.0015339808305725455,0.0076699042692780495,-1.2640001773834229,1.3545050621032715,-0.1426602154970169,0.0015339808305725455,0.1799788352440362,0.0013804475063177912,0.1919697790093963,0.0008637936252648889,-0.02530483647677425,0.0038531241087030837,0.9996719824752816,0.11587924713305886,-0.001983606682209982,0.22771387689705097,0.009430048072658263,-0.005267285133121167,-0.7031859882530935,0.7109239029778041,0.1798445575230384,0.0013794175888563632,0.19224576904976093,-0.052155330777168274,0.10615502978940898,-0.07111721838721503,0.4768747006318661,0.10535114340594487,0.9620999890510542,-0.2509605655155289,-0.01683871156435496,0,nan,nan,nan,nan,nan,nan,nan,nan
5.933030366897583,1789121546.3195379,watch,0,0.0076699042692780495,-1.2640001773834229,1.3545050621032715,-0.1426602154970169,0.0015339808305725455,0.0076699042692780495,-1.2640001773834229,1.3545050621032715,-0.1426602154970169,0.0015339808305725455,0.1799788352440362,0.0013804475063177912,0.1919697790093963,0.0008637936252648889,-0.02530483647677425,0.0038531241087030837,0.9996719824752816,0.11571707604210196,-0.0019106480764264355,0.22746951829625867,0.009705213872320696,-0.004730587905938462,-0.7031646742978637,0.7109450549665116,0.1798445575230384,0.0013794175888563632,0.19224576904976093,-0.052155330777168274,0.10621494204004513,-0.07115876228100926,0.477167989182262,0.10552120288468197,0.9621332884441083,-0.25072533071492487,-0.017367197453458886,0,nan,nan,nan,nan,nan,nan,nan,nan
5.975017547607422,1789121546.386253,watch,0,0.0076699042692780495,-1.2640001773834229,1.3545050621032715,-0.1426602154970169,0.0015339808305725455,0.0076699042692780495,-1.2640001773834229,1.3545050621032715,-0.1426602154970169,0.0015339808305725455,0.1799788352440362,0.0013804475063177912,0.1919697790093963,0.0008637936252648889,-0.02530483647677425,0.0038531241087030837,0.9996719824752816,0.11581717167187472,-0.001958901725355594,0.22762532191903984,0.009416175287187441,-0.005212448681940461,-0.7030979964939837,0.7110115142160816,0.1798445575230384,0.0013794175888563632,0.19224576904976093,-0.052155330777168274,0.10617442966546076,-0.07113478365052801,0.4769825003917864,0.10547865285753619,0.9620986755081823,-0.2509124946025225,-0.016831887270887597,0,nan,nan,nan,nan,nan,nan,nan,nan
6.00876522064209,1789121546.386253,watch,0,0.0076699042692780495,-1.2640001773834229,1.3545050621032715,-0.1426602154970169,0.0015339808305725455,0.0076699042692780495,-1.2640001773834229,1.3545050621032715,-0.1426602154970169,0.0015339808305725455,0.1799788352440362,0.0013804475063177912,0.1919697790093963,0.0008637936252648889,-0.02530483647677425,0.0038531241087030837,0.9996719824752816,0.11581717167187472,-0.001958901725355594,0.22762532191903984,0.009416175287187441,-0.005212448681940461,-0.7030979964939837,0.7110115142160816,0.1798445575230384,0.0013794175888563632,0.19224576904976093,-0.052155330777168274,0.10617442966546076,-0.07113478365052801,0.4769825003917864,0.10547865285753619,0.9620986755081823,-0.2509124946025225,-0.016831887270887597,0,nan,nan,nan,nan,nan,nan,nan,nan
6.045015811920166,1789121546.4529686,watch,0,0.0076699042692780495,-1.2624661922454834,1.352971076965332,-0.1426602154970169,0.0015339808305725455,0.0076699042692780495,-1.2624661922454834,1.352971076965332,-0.1426602154970169,0.0015339808305725455,0.17997883524403624,0.0013804475063177914,0.1919697790093963,0.0008637936252648889,-0.02530483647677425,0.0038531241087030837,0.9996719824752816,0.11594534506395399,-0.0020162073369787425,0.22781435051163318,0.00949875419214394,-0.0057092020981460625,-0.703066923557139,0.7110373265026948,0.1799873125032293,0.0013805125273592806,0.19244184955692611,-0.052155330777168274,0.10612773816185558,-0.07110012197260428,0.4767543280184521,0.10544063012809284,0.9619964734684064,-0.25133673679982976,-0.01658020769933803,0,nan,nan,nan,nan,nan,nan,nan,nan
6.084865570068359,1789121546.4863262,watch,0,0.0076699042692780495,-1.2624661922454834,1.3545050621032715,-0.1426602154970169,0.0015339808305725455,0.0076699042692780495,-1.2624661922454834,1.3545050621032715,-0.1426602154970169,0.0015339808305725455,0.1799788352440362,0.0013804475063177912,0.1919697790093963,0.0008637936252648889,-0.02530483647677425,0.0038531241087030837,0.9996719824752816,0.11588511626297682,-0.0019904789483617957,0.2277255461408374,0.009415346337699538,-0.0055772859827591115,-0.702992144294543,0.7111134158448763,0.17997883524403624,0.0013804475063177919,0.1919697790093963,-0.05062134563922882,0.10614850168215616,-0.07111618022063652,0.4768615039654517,0.10555414361115707,0.9620229799001987,-0.2511881023901053,-0.01657245087834256,0,nan,nan,nan,nan,nan,nan,nan,nan
6.125024080276489,1789121546.5196836,watch,0,0.0076699042692780495,-1.2624661922454834,1.3545050621032715,-0.1426602154970169,0.0015339808305725455,0.0076699042692780495,-1.2624661922454834,1.3545050621032715,-0.1426602154970169,0.0015339808305725455,0.1799788352440362,0.0013804475063177912,0.1919697790093963,0.0008637936252648889,-0.02530483647677425,0.0038531241087030837,0.9996719824752816,0.11586460693904277,-0.0019804977886822284,0.22769293110565725,0.009353186441867861,-0.005609546081939116,-0.7031110156330367,0.710996449071033,0.17997883524403624,0.0013804475063177919,0.1919697790093963,-0.05062134563922882,0.10615694701685557,-0.0711207922276235,0.4769001226416324,0.10537750848755857,0.9620469277113715,-0.25117228138431646,-0.016546137019357338,0,nan,nan,nan,nan,nan,nan,nan,nan
6.165346384048462,1789121546.5530412,watch,0,0.0076699042692780495,-1.2624661922454834,1.3545050621032715,-0.1426602154970169,0.0015339808305725455,0.0076699042692780495,-1.2624661922454834,1.3545050621032715,-0.1426602154970169,0.0015339808305725455,0.1799788352440362,0.0013804475063177912,0.1919697790093963,0.0008637936252648889,-0.02530483647677425,0.0038531241087030837,0.9996719824752816,0.11590200438753301,-0.001999250006499448,0.22774960808980288,0.009312921639523618,-0.005785011327236709,-0.7030279260385943,0.7110777301704454,0.17997883524403624,0.0013804475063177919,0.1919697790093963,-0.05062134563922882,0.10614121762908359,-0.07111097956458552,0.4768321609365117,0.10545141820896703,0.9620132504745704,-0.25128109398498555,-0.01638035759005485,0,nan,nan,nan,nan,nan,nan,nan,nan
6.20496940612793,1789121546.6197567,watch,0,0.0076699042692780495,-1.2624661922454834,1.3545050621032715,-0.1426602154970169,0.0015339808305725455,0.0076699042692780495,-1.2624661922454834,1.3545050621032715,-0.1426602154970169,0.0015339808305725455,0.1799788352440362,0.0013804475063177912,0.1919697790093963,0.0008637936252648889,-0.02530483647677425,0.0038531241087030837,0.9996719824752816,0.11576187182481923,-0.001932688167628982,0.22753943115445446,0.009541019964071421,-0.004976827427135906,-0.70326433423532,0.7108470133012854,0.17997883524403624,0.0013804475063177919,0.1919697790093963,-0.05062134563922882,0.10619636133548079,-0.07114802864804948,0.4770848039548959,0.10531555802408982,0.9621384593385716,-0.25080849106051656,-0.01712656158197788,0,nan,nan,nan,nan,nan,nan,nan,nan
6.245000123977661,1789121546.6531143,watch,0,0.0076699042692780495,-1.2624661922454834,1.3545050621032715,-0.1426602154970169,0.0015339808305725455,0.0076699042692780495,-1.2624661922454834,1.3545050621032715,-0.1426602154970169,0.0015339808305725455,0.1799684519263588,0.0013803678657035175,0.19199115898221747,0.0008640201771476377,-0.025364212721576723,0.003853163878325483,0.9996704773625531,0.11586589707686273,-0.001980113320153881,0.2276969519353832,0.009386571348738609,-0.005303775997479953,-0.7030599350718759,0.7110488660670329,0.17997883524403624,0.0013804475063177919,0.1919697790093963,-0.05062134563922882,0.10615725881356045,-0.07112161476244955,0.4768959746827845,0.10550883038952552,0.9620835804341681,-0.250963773940034,-0.01674082251807069,0,nan,nan,nan,nan,nan,nan,nan,nan
6.285051584243774,1789121546.6864717,watch,0,0.0076699042692780495,-1.2624661922454834,1.3545050621032715,-0.1426602154970169,0.0015339808305725455,0.0076699042692780495,-1.2624661922454834,1.3545050621032715,-0.1426602154970169,0.0015339808305725455,0.17987894615410605,0.0013796813515367834,0.19217519021077126,0.0008659706704195989,-0.025875440496825632,0.0038535057337423864,0.999657372386886,0.11588136008862848,-0.0019868666230000442,0.22772225164954518,0.009272679228292936,-0.00546843957313021,-0.7030822694512667,0.7110270290022882,0.17997883524403624,0.0013804475063177919,0.1919697790093963,-0.05062134563922882,0.10615159421377457,-0.07111861951965388,0.47686624711647413,0.10543070237656663,0.9620811836947266,-0.2510176678214307,-0.016561806013456862,0,nan,nan,nan,nan,nan,nan,nan,nan
6.325026273727417,1789121546.7198293,watch,0,0.0076699042692780495,-1.2624661922454834,1.3545050621032715,-0.1426602154970169,0.0015339808305725455,0.0076699042692780495,-1.2624661922454834,1.3545050621032715,-0.1426602154970169,0.0015339808305725455,0.17989062034873016,0.0013797708932478143,0.19215121422337186,0.0008657165137539921,-0.025808822600023214,0.0038534612435437952,0.9996590949155431,0.11586209154826799,-0.0019801616292826896,0.2276886497965156,0.009646381696181887,-0.005240411431645823,-0.7031227856007064,0.7109837085175033,0.17997883524403624,0.0013804475063177919,0.1919697790093963,-0.05062134563922882,0.10615713401495737,-0.07112105103834228,0.47690508931562814,0.10547442272504065,0.9620542500716622,-0.2510734293909424,-0.016997032792304467,0,nan,nan,nan,nan,nan,nan,nan,nan
6.364833831787109,1789121546.753187,watch,0,0.0076699042692780495,-1.2624661922454834,1.3545050621032715,-0.1426602154970169,0.0015339808305725455,0.0076699042692780495,-1.2624661922454834,1.3545050621032715,-0.1426602154970169,0.0015339808305725455,0.17996524883062862,0.001380343297784144,0.19199775307486255,0.0008640900531647367,-0.025382526442374174,0.0038531761419439772,0.9996700124207994,0.11583435217541721,-0.001966089428922707,0.22764914206440873,0.009385874344225532,-0.005338284205090362,-0.7030289486511409,0.711079253981588,0.17997883524403624,0.0013804475063177919,0.1919697790093963,-0.05062134563922882,0.1061687693906831,-0.07112953362507499,0.47695326632549173,0.10554433405054361,0.9620734429897203,-0.250989846742282,-0.016708700608319183,0,nan,nan,nan,nan,nan,nan,nan,nan
6.3986828327178955,1789121546.7865443,watch,0,0.0076699042692780495,-1.2624661922454834,1.3545050621032715,-0.1426602154970169,0.0015339808305725455,0.0076699042692780495,-1.2624661922454834,1.3545050621032715,-0.1426602154970169,0.0015339808305725455,0.1799788352440362,0.0013804475063177912,0.1919697790093963,0.0008637936252648889,-0.02530483647677425,0.0038531241087030837,0.9996719824752816,0.11574822856547257,-0.0019236449894532992,0.22752013338279958,0.009609193944223444,-0.0046655763588221945,-0.7032215739451757,0.7108905075516568,0.17997883524403624,0.0013804475063177919,0.1919697790093963,-0.05062134563922882,0.1062041530006105,-0.07115268480552842,0.4771084245336356,0.10544163951704141,0.9621705096530478,-0.250616877065739,-0.01735372985178525,0,nan,nan,nan,nan,nan,nan,nan,nan
6.434903144836426,1789121546.8532596,watch,0,0.0076699042692780495,-1.2624661922454834,1.3545050621032715,-0.1426602154970169,0.0015339808305725455,0.0076699042692780495,-1.2624661922454834,1.3545050621032715,-0.1426602154970169,0.0015339808305725455,0.1799027492813982,0.0013798639228245041,0.19212629571057604,0.0008654523792805137,-0.02573959033130696,0.0038534149893065,0.9996608803362648,0.11585497107820392,-0.001975350964031647,0.22768013977026874,0.009577185199213736,-0.005235012500970938,-0.7031130531717145,0.7109943084352536,0.17997883524403624,0.0013804475063177919,0.1919697790093963,-0.05062134563922882,0.10616117165843507,-0.07112422178584712,0.47691603956385453,0.10547823572428329,0.9620667763139223,-0.25102735730246006,-0.01694478052890869,0,nan,nan,nan,nan,nan,nan,nan,nan
6.4748594760894775,1789121546.8866172,watch,0,0.0076699042692780495,-1.2624661922454834,1.3545050621032715,-0.1426602154970169,0.0015339808305725455,0.0076699042692780495,-1.2624661922454834,1.3545050621032715,-0.1426602154970169,0.0015339808305725455,0.179864414639292,0.0013795698940236771,0.19220502310937848,0.000866286930745975,-0.02595833784956135,0.0038535610722476373,0.9996552227193655,0.11590068151836658,-0.00199810938673578,0.2277458432233389,0.00942328899723349,-0.005326405068485191,-0.7031823155013935,0.7109271848787467,0.17997883524403624,0.0013804475063177919,0.1919697790093963,-0.05062134563922882,0.10614237468450619,-0.07111060724942217,0.4768361292888066,0.10534409976625582,0.9620909693466058,-0.2510009435034488,-0.01679624084502947,0,nan,nan,nan,nan,nan,nan,nan,nan
6.5149290561676025,1789121546.9199746,watch,0,0.0076699042692780495,-1.2624661922454834,1.3545050621032715,-0.1426602154970169,0.0015339808305725455,0.0076699042692780495,-1.2624661922454834,1.3545050621032715,-0.1426602154970169,0.0015339808305725455,0.17995395034669742,0.0013802566377946687,0.1920210079315336,0.0008643364869128728,-0.025447114504039053,0.0038532193824816997,0.999668370003896,0.11588580591349479,-0.001987984578364771,0.22772510323075806,0.00946431804200906,-0.0054087757721422635,-0.7030126726765046,0.7110937729194963,0.17997883524403624,0.0013804475063177919,0.1919697790093963,-0.05062134563922882,0.10615110684417109,-0.07111587589921221,0.4768616230796993,0.10556508108883689,0.9620445989694415,-0.25109095351252975,-0.016719339478653988,0,nan,nan,nan,nan,nan,nan,nan,nan
6.554924011230469,1789121546.9533322,watch,0,0.0076699042692780495,-1.2624661922454834,1.3545050621032715,-0.1426602154970169,0.0015339808305725455,0.0076699042692780495,-1.2624661922454834,1.3545050621032715,-0.1426602154970169,0.0015339808305725455,0.17992495713521076,0.0013800342582774182,0.19208064762271806,0.000864968548187789,-0.025612775898366726,0.003853330216574004,0.9996641382916728,0.1157505998861908,-0.0019298241712619457,0.2275276571937544,0.00929187848895974,-0.005113921020495915,-0.703107343921998,0.7110046214539648,0.17997883524403624,0.0013804475063177919,0.1919697790093963,-0.05062134563922882,0.10619796936108343,-0.07115288804099934,0.4771005419909875,0.10546559716911776,0.9621397515517601,-0.2507624748928822,-0.016801413133281356,0,nan,nan,nan,nan,nan,nan,nan,nan
6.595121383666992,1789121546.9866898,watch,0,0.0076699042692780495,-1.2640001773834229,1.3545050621032715,-0.1426602154970169,0.0015339808305725455,0.0076699042692780495,-1.2640001773834229,1.3545050621032715,-0.1426602154970169,0.0015339808305725455,0.17985018934899025,0.0013794607852693221,0.19223421516835257,0.0008665964164659772,-0.026039460798590906,0.003853615200701898,0.9996531124054256,0.11586689363984465,-0.001979042432970507,0.2276942191455515,0.009403894763303049,-0.00510165799891522,-0.7030817350470454,0.7110285603913384,0.1798445575230384,0.0013794175888563632,0.19224576904976093,-0.052155330777168274,0.10615869917196716,-0.07111970243756549,0.4768979435552026,0.10551948367905534,0.9621168593062336,-0.25082203129093955,-0.016884792622407326,0,nan,nan,nan,nan,nan,nan,nan,nan
6.634960889816284,1789121547.0200474,watch,0,0.0076699042692780495,-1.2640001773834229,1.3545050621032715,-0.1426602154970169,0.0015339808305725455,0.0076699042692780495,-1.2640001773834229,1.3545050621032715,-0.1426602154970169,0.0015339808305725455,0.17984455752303846,0.001379417588856363,0.19224576904976082,0.000866718912542752,-0.026071570054619624,0.0038536366182943434,0.9996522753027813,0.11595186948954567,-0.0020193624162856694,0.22782070661145787,0.009450700192403974,-0.005598031398493935,-0.7030462535927274,0.7110592883997546,0.1798445575230384,0.0013794175888563632,0.19224576904976093,-0.052155330777168274,0.10612537501344906,-0.07109679892908906,0.4767455932848488,0.10548219046800068,0.9620208699488836,-0.2512242683629179,-0.016604826478533733,0,nan,nan,nan,nan,nan,nan,nan,nan
6.67490816116333,1789121547.0867622,watch,0,0.0076699042692780495,-1.2640001773834229,1.3545050621032715,-0.1426602154970169,0.0015339808305725455,0.0076699042692780495,-1.2640001773834229,1.3545050621032715,-0.1426602154970169,0.0015339808305725455,0.17984455752303846,0.001379417588856363,0.19224576904976082,0.000866718912542752,-0.026071570054619624,0.0038536366182943434,0.9996522753027813,0.11583674951459016,-0.00196709299468098,0.22765846228966607,0.009677519751893049,-0.00508170929364791,-0.7032033243071159,0.7109047802100701,0.1798445575230384,0.0013794175888563632,0.19224576904976093,-0.052155330777168274,0.10616752580083783,-0.07113157561420626,0.4769438905725687,0.10539935399883575,0.9620864063232971,-0.2509716665133196,-0.017144840392337896,0,nan,nan,nan,nan,nan,nan,nan,nan
6.714954376220703,1789121547.1201198,watch,0,0.0076699042692780495,-1.2624661922454834,1.3545050621032715,-0.1426602154970169,0.0015339808305725455,0.0076699042692780495,-1.2624661922454834,1.3545050621032715,-0.1426602154970169,0.0015339808305725455,0.17984455752303846,0.001379417588856363,0.19224576904976082,0.000866718912542752,-0.026071570054619624,0.0038536366182943434,0.9996522753027813,0.11586911016272161,-0.0019795469752570682,0.22769900016763228,0.009528200119213983,-0.005258596086217921,-0.7030069115369079,0.7110997418794557,0.17997883524403624,0.0013804475063177919,0.1919697790093963,-0.05062134563922882,0.10615825407083132,-0.07111989953225119,0.4768926720518702,0.10561047693230584,0.9620564693947838,-0.2510171423514829,-0.01685737534344155,0,nan,nan,nan,nan,nan,nan,nan,nan
6.754855632781982,1789121547.1534772,watch,0,0.0076699042692780495,-1.2640001773834229,1.3545050621032715,-0.1426602154970169,0.0015339808305725455,0.0076699042692780495,-1.2640001773834229,1.3545050621032715,-0.1426602154970169,0.0015339808305725455,0.17984455752303846,0.001379417588856363,0.19224576904976082,0.000866718912542752,-0.026071570054619624,0.0038536366182943434,0.9996522753027813,0.11586800349416465,-0.0019779939949757797,0.22769681276750453,0.009675221047590145,-0.005158721861958854,-0.7031793628829031,0.710927957884641,0.1798445575230384,0.0013794175888563632,0.19224576904976093,-0.052155330777168274,0.1061597359822066,-0.07112015244356863,0.47689515421965445,0.10541719405065364,0.9620706146238361,-0.25102858549224427,-0.017087917999682862,0,nan,nan,nan,nan,nan,nan,nan,nan
6.795098304748535,1789121547.1868348,watch,0,0.0076699042692780495,-1.2640001773834229,1.3545050621032715,-0.1426602154970169,0.0015339808305725455,0.0076699042692780495,-1.2640001773834229,1.3545050621032715,-0.1426602154970169,0.0015339808305725455,0.17984455752303846,0.001379417588856363,0.19224576904976082,0.000866718912542752,-0.026071570054619624,0.0038536366182943434,0.9996522753027813,0.11582339369758421,-0.001961379815994785,0.22763304333007167,0.0095853926316433,-0.004981249119026699,-0.7031194315176594,0.7109897133064549,0.1798445575230384,0.0013794175888563632,0.19224576904976093,-0.052155330777168274,0.10617257062577797,-0.07113248833299589,0.4769727151879381,0.1055180245437072,0.9621079935649144,-0.2508415133161414,-0.017108197221101493,0,nan,nan,nan,nan,nan,nan,nan,nan
6.834897041320801,1789121547.2201922,watch,0,0.0076699042692780495,-1.2624661922454834,1.3545050621032715,-0.1426602154970169,0.0015339808305725455,0.0076699042692780495,-1.2624661922454834,1.3545050621032715,-0.1426602154970169,0.0015339808305725455,0.17984455752303846,0.001379417588856363,0.19224576904976082,0.000866718912542752,-0.026071570054619624,0.0038536366182943434,0.9996522753027813,0.11587767924135922,-0.0019882454168028696,0.22771894468061443,0.009490518072270887,-0.005236967830278312,-0.7030489527229591,0.7110588402585367,0.17997883524403624,0.0013804475063177919,0.1919697790093963,-0.05062134563922882,0.10614981141609141,-0.0711199947047087,0.4768708640690367,0.10555180641136776,0.9620733598751273,-0.2509771467005015,-0.01685639985156998,0,nan,nan,nan,nan,nan,nan,nan,nan
6.8748555183410645,1789121547.2869074,watch,0,0.0076699042692780495,-1.2624661922454834,1.3545050621032715,-0.1426602154970169,0.0015339808305725455,0.0076699042692780495,-1.2624661922454834,1.3545050621032715,-0.1426602154970169,0.0015339808305725455,0.1799289563770777,0.0013800649326811884,0.1920724240798288,0.0008648813904614719,-0.025589931787330523,0.003853314939212961,0.9996647234624614,0.1158234196441274,-0.001958363891829601,0.22763065777925306,0.009537356368523695,-0.005084080623166359,-0.7030307077913587,0.7110773620782047,0.17997883524403624,0.0013804475063177919,0.1919697790093963,-0.05062134563922882,0.10617571067513366,-0.07113196225217411,0.476974871725328,0.10561205051576558,0.9620870285866953,-0.2508911278660434,-0.01697899199550723,0,nan,nan,nan,nan,nan,nan,nan,nan
6.914865493774414,1789121547.320265,watch,0,0.0076699042692780495,-1.2624661922454834,1.3545050621032715,-0.1426602154970169,0.0015339808305725455,0.0076699042692780495,-1.2624661922454834,1.3545050621032715,-0.1426602154970169,0.0015339808305725455,0.17998077653615804,0.001380462396134502,0.1920744038326767,0.0008644420065146407,-0.025474770496162428,0.0038532378927711407,0.9996676654598402,0.11581223827262771,-0.0019653781148955274,0.227595346372493,0.009513131012801669,-0.005002722768588742,-0.7031868839763066,0.7109238210293183,0.17997883524403624,0.0013804475063177919,0.1919697790093963,-0.05062134563922882,0.10616943575829042,-0.07112388618971713,0.4770111556125923,0.10541164920780319,0.9621280491321718,-0.2508123634947679,-0.017063399502475908,0,nan,nan,nan,nan,nan,nan,nan,nan
6.954832315444946,1789121547.353623,watch,0,0.0076699042692780495,-1.2640001773834229,1.3545050621032715,-0.1426602154970169,0.0015339808305725455,0.0076699042692780495,-1.2640001773834229,1.3545050621032715,-0.1426602154970169,0.0015339808305725455,0.1799864043834048,0.0013805055620305763,0.1923892836465081,0.0008663932056440671,-0.025986194666124448,0.003853579662270403,0.9996544988011479,0.1157712724583268,-0.001907374155020597,0.22753343526699493,0.009521123944019145,-0.005073898887627314,-0.703040732807131,0.7110677406287907,0.1798445575230384,0.0013794175888563632,0.19224576904976093,-0.052155330777168274,0.10622335802549164,-0.07114217088052709,0.4770862135999645,0.10559790431080203,0.9620932519608583,-0.25087339519032337,-0.01697635774325886,0,nan,nan,nan,nan,nan,nan,nan,nan
6.995496034622192,1789121547.3869805,watch,0,0.0076699042692780495,-1.2624661922454834,1.3545050621032715,-0.1426602154970169,0.0015339808305725455,0.0076699042692780495,-1.2624661922454834,1.3545050621032715,-0.1426602154970169,0.0015339808305725455,0.17998269386363833,0.001380477102141102,0.19217967246213635,0.0008650943482614515,-0.025645748385281143,0.0038533522639143548,0.9996632927530438,0.115759445694961,-0.0019438415144032994,0.2275149331814293,0.009528242131630456,-0.004842700038512488,-0.7033041195164401,0.710808748067596,0.17997883524403624,0.0013804475063177919,0.1919697790093963,-0.05062134563922882,0.10618683546985482,-0.07113656908616181,0.47710735102251267,0.10528456917136714,0.9621688147459535,-0.25069915346633354,-0.01721237566492352,0,nan,nan,nan,nan,nan,nan,nan,nan
7.032526969909668,1789121547.4203382,watch,0,0.0076699042692780495,-1.2624661922454834,1.3545050621032715,-0.1426602154970169,0.0015339808305725455,0.0076699042692780495,-1.2624661922454834,1.3545050621032715,-0.1426602154970169,0.0015339808305725455,0.1799788352440362,0.0013804475063177912,0.1919697790093963,0.0008637936252648889,-0.02530483647677425,0.0038531241087030837,0.9996719824752816,0.11589934046794437,-0.0019548049152159352,0.22771416293275798,0.009491445755792112,-0.005303792204967443,-0.7029015840750253,0.7112040110618976,0.17997883524403624,0.0013804475063177919,0.1919697790093963,-0.05062134563922882,0.10618694956905836,-0.07110572435037496,0.47686562426202567,0.10573940146132811,0.9620403863170655,-0.2510306074210215,-0.016766281977359746,0,nan,nan,nan,nan,nan,nan,nan,nan
7.074934720993042,1789121547.453696,watch,0,0.0076699042692780495,-1.2624661922454834,1.3545050621032715,-0.1426602154970169,0.0015339808305725455,0.0076699042692780495,-1.2624661922454834,1.3545050621032715,-0.1426602154970169,0.0015339808305725455,0.1799788352440362,0.0013804475063177912,0.1919697790093963,0.0008637936252648889,-0.02530483647677425,0.0038531241087030837,0.9996719824752816,0.11582455021265897,-0.0019840596523104104,0.22761639890746926,0.009192008073223673,-0.005262312205993343,-0.7029864404202473,0.7111243770558697,0.17997883524403624,0.0013804475063177919,0.1919697790093963,-0.05062134563922882,0.10615182135891173,-0.07111927400107303,0.47698641185404833,0.10558695157868439,0.9621162667171097,-0.25081529712446743,-0.01659432743491853,0,nan,nan,nan,nan,nan,nan,nan,nan
7.114893674850464,1789121547.5204115,watch,0,0.0076699042692780495,-1.2640001773834229,1.3545050621032715,-0.1426602154970169,0.0015339808305725455,0.0076699042692780495,-1.2640001773834229,1.3545050621032715,-0.1426602154970169,0.0015339808305725455,0.17984455752303846,0.001379417588856363,0.19224576904976082,0.000866718912542752,-0.026071570054619624,0.0038536366182943434,0.9996522753027813,0.11593114420920053,-0.001986357179530357,0.2277841352076146,0.009502915678986845,-0.005535983774767239,-0.7030408431154045,0.7110644277341013,0.1798445575230384,0.0013794175888563632,0.19224576904976093,-0.052155330777168274,0.10615663799630713,-0.0711043487313186,0.4767882779058127,0.10550895634175794,0.9620204650790711,-0.25120957732982213,-0.01668032249366458,0,nan,nan,nan,nan,nan,nan,nan,nan
7.1548848152160645,1789121547.553769,watch,0,0.0076699042692780495,-1.2640001773834229,1.3545050621032715,-0.1426602154970169,0.0015339808305725455,0.0076699042692780495,-1.2640001773834229,1.3545050621032715,-0.1426602154970169,0.0015339808305725455,0.17984455752303846,0.001379417588856363,0.19224576904976082,0.000866718912542752,-0.026071570054619624,0.0038536366182943434,0.9996522753027813,0.11589145046770072,-0.00199093627429045,0.22768910720434637,0.008990116923474364,-0.005478981826457389,-0.7029735375437023,0.7111380766553993,0.1798445575230384,0.0013794175888563632,0.19224576904976093,-0.052155330777168274,0.10615198070474717,-0.07109375600912109,0.47689071318537984,0.10553363988527652,0.9621166459549247,-0.2508552419740578,-0.016305152656375558,0,nan,nan,nan,nan,nan,nan,nan,nan
7.194883823394775,1789121547.5871267,watch,0,0.0076699042692780495,-1.2624661922454834,1.3545050621032715,-0.1426602154970169,0.0015339808305725455,0.0076699042692780495,-1.2624661922454834,1.3545050621032715,-0.1426602154970169,0.0015339808305725455,0.17988462518545498,0.0013797249100177197,0.1921635278606245,0.0008658470424805886,-0.0258430358317105,0.0038534840946890343,0.9996582108241956,0.11573539057046434,-0.0018979064442297688,0.22746055283212135,0.009449061978329308,-0.004880776386227496,-0.7031059433218806,0.7110055736174267,0.17997883524403624,0.0013804475063177919,0.1919697790093963,-0.05062134563922882,0.1062314960230686,-0.0711413279271116,0.4771675896355172,0.10553450013794877,0.9621482909541825,-0.25068310867303384,-0.01706207843736686,0,nan,nan,nan,nan,nan,nan,nan,nan
7.23278546333313,1789121547.6204844,watch,0,0.0076699042692780495,-1.2624661922454834,1.3545050621032715,-0.1426602154970169,0.0015339808305725455,0.0076699042692780495,-1.2624661922454834,1.3545050621032715,-0.1426602154970169,0.0015339808305725455,0.17995920574839278,0.001380296947013001,0.19201019206723338,0.0008642218687779675,-0.025417074020733406,0.003853199272914063,0.9996691344260606,0.11588505281126288,-0.0019618545779037933,0.2277087696293566,0.009465521798951689,-0.005321036741204734,-0.7030726831444946,0.7110350854079379,0.17997883524403624,0.0013804475063177919,0.1919697790093963,-0.05062134563922882,0.10617780353108924,-0.07111416855704378,0.47687693655455377,0.10550019869511411,0.9620677127537871,-0.2510246573373923,-0.016794212117061415,0,nan,nan,nan,nan,nan,nan,nan,nan
7.274916410446167,1789121547.653842,watch,0,0.0076699042692780495,-1.2624661922454834,1.3545050621032715,-0.1426602154970169,0.0015339808305725455,0.0076699042692780495,-1.2624661922454834,1.3545050621032715,-0.1426602154970169,0.0015339808305725455,0.1799238772756793,0.0013800259756957724,0.1920828679475291,0.0008649920806918993,-0.025618943804859993,0.0038533343411156925,0.9996639802060887,0.11589488671925974,-0.0019978662174164052,0.22769787906081013,0.009639455523936599,-0.005058694614845354,-0.7032538107772668,0.7108555184657767,0.17997883524403624,0.0013804475063177919,0.1919697790093963,-0.05062134563922882,0.10614516441582016,-0.07109346737295655,0.47688121411717527,0.10532940814668958,0.9621048289460614,-0.25093023782985274,-0.017147292520732462,0,nan,nan,nan,nan,nan,nan,nan,nan
7.314788818359375,1789121547.7205575,watch,0,0.0076699042692780495,-1.2624661922454834,1.3545050621032715,-0.1426602154970169,0.0015339808305725455,0.0076699042692780495,-1.2624661922454834,1.3545050621032715,-0.1426602154970169,0.0015339808305725455,0.17984455752303846,0.001379417588856363,0.19224576904976082,0.000866718912542752,-0.026071570054619624,0.0038536366182943434,0.9996522753027813,0.11587738006329079,-0.001980072526236887,0.22769821603252216,0.009511843326433357,-0.005327982619740335,-0.703107104587699,0.7110003775779866,0.17997883524403624,0.0013804475063177919,0.1919697790093963,-0.05062134563922882,0.10615933022163146,-0.07111228793884149,0.47688948020720795,0.10545917133971232,0.9620629005538833,-0.25105749686461065,-0.016836621581122757,0,nan,nan,nan,nan,nan,nan,nan,nan
7.355017185211182,1789121547.7539148,watch,0,0.0076699042692780495,-1.2640001773834229,1.3545050621032715,-0.1426602154970169,0.0015339808305725455,0.0076699042692780495,-1.2640001773834229,1.3545050621032715,-0.1426602154970169,0.0015339808305725455,0.17988398867772917,0.001379720027968663,0.19216483507629872,0.0008658608996054903,-0.025846667973404767,0.003853486520346197,0.9996581168985788,0.11582698518705997,-0.0019428314628521237,0.22760157522983793,0.009563532985094712,-0.004977628167711675,-0.7031124160317841,0.710996970792854,0.1798445575230384,0.0013794175888563632,0.19224576904976093,-0.052155330777168274,0.10619378743935294,-0.07111851588118376,0.47699920667610624,0.10552493068082522,0.9621116837195471,-0.25082559052569137,-0.01709152399826563,0,nan,nan,nan,nan,nan,nan,nan,nan
7.394986152648926,1789121547.7872725,watch,0,0.0076699042692780495,-1.2624661922454834,1.3545050621032715,-0.1426602154970169,0.0015339808305725455,0.0076699042692780495,-1.2624661922454834,1.3545050621032715,-0.1426602154970169,0.0015339808305725455,0.17997351984784318,0.0013804067369383817,0.19198072458701834,0.0008639096083144483,-0.02533523400771562,0.0038531444703598368,0.9996712123771763,0.11581677033945437,-0.0019369632400442482,0.2275830458248247,0.009248607954472115,-0.004936314024170294,-0.7031514126652257,0.7109628590310866,0.17997883524403624,0.0013804475063177919,0.1919697790093963,-0.05062134563922882,0.10619904529969959,-0.07111993402240685,0.4770204778251283,0.10543231475366635,0.9621836742328209,-0.25060178954155293,-0.0168922208156177,0,nan,nan,nan,nan,nan,nan,nan,nan
7.433085918426514,1789121547.82063,watch,0,0.0076699042692780495,-1.2640001773834229,1.3545050621032715,-0.1426602154970169,0.0015339808305725455,0.0076699042692780495,-1.2640001773834229,1.3545050621032715,-0.1426602154970169,0.0015339808305725455,0.1799086606852771,0.0013799092636154501,0.19211414773623053,0.0008653236165624709,-0.025705840693833505,0.0038533924344252993,0.9996617489611215,0.11587293588113251,-0.001962323721065362,0.22768446461383268,0.009431040104779466,-0.005197452655875613,-0.7030032776736194,0.7111050791188177,0.1798445575230384,0.0013794175888563632,0.19224576904976093,-0.052155330777168274,0.10617693629980324,-0.07111329615775738,0.4769040706788273,0.10561217706644122,0.9620843595116105,-0.2509120087176855,-0.016820140298964534,0,nan,nan,nan,nan,nan,nan,nan,nan
7.47501015663147,1789121547.8873456,watch,0,0.0076699042692780495,-1.2624661922454834,1.3545050621032715,-0.1426602154970169,0.0015339808305725455,0.0076699042692780495,-1.2624661922454834,1.3545050621032715,-0.1426602154970169,0.0015339808305725455,0.17992987279434824,0.0013800719616517568,0.192070539538904,0.0008648614172475145,-0.025584696806478964,0.0038533114379544686,0.9996648574872539,0.11589402577820984,-0.001964363255342355,0.22771481133736976,0.009473386146712396,-0.005093138832976548,-0.7031530333628379,0.7109571903879892,0.17997883524403624,0.0013804475063177919,0.1919697790093963,-0.05062134563922882,0.10617655101611512,-0.07110871343952231,0.4768673457916485,0.10543478823492164,0.9621156643562522,-0.25085670488462375,-0.016966656848464115,0,nan,nan,nan,nan,nan,nan,nan,nan
7.514808177947998,1789121547.9207032,watch,0,0.0076699042692780495,-1.2624661922454834,1.3545050621032715,-0.1426602154970169,0.0015339808305725455,0.0076699042692780495,-1.2624661922454834,1.3545050621032715,-0.1426602154970169,0.0015339808305725455,0.1799788352440362,0.0013804475063177912,0.1919697790093963,0.0008637936252648889,-0.02530483647677425,0.0038531241087030837,0.9996719824752816,0.11590685301614839,-0.0019953731004031527,0.227718737066112,0.009305487391289441,-0.005299976567003339,-0.7030268317544126,0.7110826899778623,0.17997883524403624,0.0013804475063177919,0.1919697790093963,-0.05062134563922882,0.1061482473092233,-0.07109327766483475,0.4768572365431125,0.10554224014946602,0.9620946182138655,-0.2509120744799235,-0.016670693696728935,0,nan,nan,nan,nan,nan,nan,nan,nan
7.554903268814087,1789121547.9540606,watch,0,0.0076699042692780495,-1.2624661922454834,1.3545050621032715,-0.1426602154970169,0.0015339808305725455,0.0076699042692780495,-1.2624661922454834,1.3545050621032715,-0.1426602154970169,0.0015339808305725455,0.1799788352440362,0.0013804475063177912,0.1919697790093963,0.0008637936252648889,-0.02530483647677425,0.0038531241087030837,0.9996719824752816,0.1159121802488422,-0.0019782141978256784,0.22773435854680368,0.00933035956284124,-0.005432184410995649,-0.702996100402485,0.7111117483081351,0.17997883524403624,0.0013804475063177919,0.1919697790093963,-0.05062134563922882,0.1061648655264121,-0.07109931879967918,0.47684129359633043,0.10556304138499341,0.9620635667567422,-0.2510271601691279,-0.01659827311103859,0,nan,nan,nan,nan,nan,nan,nan,nan
7.595047473907471,1789121547.9874182,watch,0,0.0076699042692780495,-1.2640001773834229,1.3545050621032715,-0.1426602154970169,0.0015339808305725455,0.0076699042692780495,-1.2640001773834229,1.3545050621032715,-0.1426602154970169,0.0015339808305725455,0.17993807988577246,0.0013801349104916876,0.19205366005523075,0.0008646825243512204,-0.025537809211056584,0.0038532800739146827,0.9996660566696779,0.11593246064611168,-0.0019943838868959063,0.22776514569119233,0.00924789759052617,-0.005539290838122852,-0.7029798720953331,0.711128041969936,0.1798445575230384,0.0013794175888563632,0.19224576904976093,-0.052155330777168274,0.10615045249897544,-0.07109282718479314,0.47680427029023925,0.1055526682509934,0.9620590349838992,-0.25105766029831555,-0.01646507323032016,0,nan,nan,nan,nan,nan,nan,nan,nan
7.634943723678589,1789121548.0207758,watch,0,0.0076699042692780495,-1.2624661922454834,1.3545050621032715,-0.1426602154970169,0.0015339808305725455,0.0076699042692780495,-1.2624661922454834,1.3545050621032715,-0.1426602154970169,0.0015339808305725455,0.17986339840084614,0.0013795620994192363,0.19220710895574594,0.0008663090436599038,-0.025964134082073615,0.0038535649405622803,0.9996550721560201,0.11584352939471909,-0.0019580490167002973,0.22763027174352662,0.009522913730158481,-0.00498448927198099,-0.7030890865671731,0.7110205379107721,0.17997883524403624,0.0013804475063177919,0.1919697790093963,-0.05062134563922882,0.10617977324979205,-0.07111447396220379,0.4769657994907715,0.10554920069020331,0.9621147821357219,-0.25080640438108215,-0.01704874631826306,0,nan,nan,nan,nan,nan,nan,nan,nan
7.674887180328369,1789121548.087491,watch,0,0.0076699042692780495,-1.2624661922454834,1.3545050621032715,-0.1426602154970169,0.0015339808305725455,0.0076699042692780495,-1.2624661922454834,1.3545050621032715,-0.1426602154970169,0.0015339808305725455,0.1799788352440362,0.0013804475063177912,0.1919697790093963,0.0008637936252648889,-0.02530483647677425,0.0038531241087030837,0.9996719824752816,0.11586914938484905,-0.001959442117858007,0.22767328103610945,0.009433720296098045,-0.00512823457346657,-0.7030790627000181,0.7110306165872174,0.17997883524403624,0.0013804475063177919,0.1919697790093963,-0.05062134563922882,0.106179903472899,-0.07111196574874025,0.47691578133626006,0.10552265212654766,0.9621064551263663,-0.25086024230065707,-0.01689016652412409,0,nan,nan,nan,nan,nan,nan,nan,nan
7.736825942993164,1789121548.087491,watch,0,0.0076699042692780495,-1.2624661922454834,1.3545050621032715,-0.1426602154970169,0.0015339808305725455,0.0076699042692780495,-1.2624661922454834,1.3545050621032715,-0.1426602154970169,0.0015339808305725455,0.17997883524403618,0.001380447506317791,0.1919697790093963,0.0008637936252648889,-0.02530483647677425,0.0038531241087030837,0.9996719824752816,0.11586914938484905,-0.001959442117858007,0.22767328103610945,0.009433720296098045,-0.00512823457346657,-0.7030790627000181,0.7110306165872174,0.17997883524403624,0.0013804475063177919,0.1919697790093963,-0.05062134563922882,0.106179903472899,-0.07111196574874025,0.47691578133626006,0.10552265212654766,0.9621064551263663,-0.25086024230065707,-0.01689016652412409,0,nan,nan,nan,nan,nan,nan,nan,nan
7.774876594543457,1789121548.1875637,watch,0,0.0076699042692780495,-1.2624661922454834,1.3545050621032715,-0.1426602154970169,0.0015339808305725455,0.0076699042692780495,-1.2624661922454834,1.3545050621032715,-0.1426602154970169,0.0015339808305725455,0.1798706945933603,0.001379618061614725,0.19219213203589125,0.0008661502693077362,-0.025922516331112495,0.003853537162666697,0.999656152475495,0.11584761117646786,-0.0019504239758472708,0.22763335319130762,0.00951447197201513,-0.005075429963993019,-0.703064636260595,0.7110441843328245,0.17997883524403624,0.0013804475063177919,0.1919697790093963,-0.05062134563922882,0.10618776733607603,-0.07111389111125244,0.4769613215023911,0.10556419164423603,0.9620977844651406,-0.2508700556257792,-0.016978508770951594,0,nan,nan,nan,nan,nan,nan,nan,nan
7.814810037612915,1789121548.220921,watch,0,0.0076699042692780495,-1.2640001773834229,1.3545050621032715,-0.1426602154970169,0.0015339808305725455,0.0076699042692780495,-1.2640001773834229,1.3545050621032715,-0.1426602154970169,0.0015339808305725455,0.17989315450165744,0.0013797903303393168,0.19214600861021278,0.0008656613334940946,-0.025794359226182683,0.0038534515820510566,0.9996594683058182,0.1158436926123218,-0.0019607945652504732,0.22763706427378616,0.009391821581814282,-0.005128280324593867,-0.7030744922026574,0.7110356902731841,0.1798445575230384,0.0013794175888563632,0.19224576904976093,-0.052155330777168274,0.1061766000965239,-0.07111692965834056,0.4769596672971204,0.10552254018129105,0.9621136806332256,-0.2508348105620688,-0.01685695293837248,0,nan,nan,nan,nan,nan,nan,nan,nan
7.854928016662598,1789121548.254279,watch,0,0.0076699042692780495,-1.2624661922454834,1.3545050621032715,-0.1426602154970169,0.0015339808305725455,0.0076699042692780495,-1.2624661922454834,1.3545050621032715,-0.1426602154970169,0.0015339808305725455,0.17996776023767888,0.001380362560413526,0.191992582987716,0.0008640352669113906,-0.025368167573792386,0.00385316652676571,0.9996703769866958,0.11582743039792359,-0.0019303212012505289,0.22759567501574668,0.009457776810637862,-0.004837535782361115,-0.7031211232394261,0.710990741683661,0.17997883524403624,0.0013804475063177919,0.1919697790093963,-0.05062134563922882,0.10620657317676503,-0.07111789072120779,0.47700446514339334,0.10552324871760468,0.9621560031600576,-0.25065564350965985,-0.017100232159366544,0,nan,nan,nan,nan,nan,nan,nan,nan
7.894952058792114,1789121548.2876372,watch,0,0.0076699042692780495,-1.2624661922454834,1.3545050621032715,-0.1426602154970169,0.0015339808305725455,0.0076699042692780495,-1.2624661922454834,1.3545050621032715,-0.1426602154970169,0.0015339808305725455,0.1799153161798903,0.0013799603116230097,0.19210046815502244,0.00086517862342766,-0.025667837221390256,0.0038533670314724235,0.9996627257034477,0.1158986439555767,-0.0019881897700524676,0.22771626207708862,0.009286218473930536,-0.005442270393583227,-0.7029628043656043,0.7111451634637352,0.17997883524403624,0.0013804475063177919,0.1919697790093963,-0.05062134563922882,0.10615395192637701,-0.07110065356313272,0.4768634145645183,0.10559967990839911,0.9620653087327466,-0.25100842601000056,-0.016547489483019748,0,nan,nan,nan,nan,nan,nan,nan,nan
7.932968854904175,1789121548.3209956,watch,0,0.0076699042692780495,-1.2640001773834229,1.3545050621032715,-0.1426602154970169,0.0015339808305725455,0.0076699042692780495,-1.2640001773834229,1.3545050621032715,-0.1426602154970169,0.0015339808305725455,0.1798445575230385,0.001379417588856363,0.19224576904976087,0.000866718912542752,-0.026071570054619624,0.0038536366182943434,0.9996522753027813,0.11591310087164902,-0.001983510029493013,0.2277303870328748,0.00946966909167255,-0.005377329498472393,-0.7029279238510153,0.7111777158806795,0.1798445575230384,0.0013794175888563632,0.19224576904976093,-0.052155330777168274,0.10616014741646528,-0.07109563186728732,0.47684426214317294,0.10568670251960628,0.9620362566855784,-0.2510721193972354,-0.016713844390585472,0,nan,nan,nan,nan,nan,nan,nan,nan
7.966549396514893,1789121548.3877122,watch,0,0.0076699042692780495,-1.2624661922454834,1.3545050621032715,-0.1426602154970169,0.0015339808305725455,0.0076699042692780495,-1.2624661922454834,1.3545050621032715,-0.1426602154970169,0.0015339808305725455,0.17984455752303846,0.001379417588856363,0.19224576904976082,0.000866718912542752,-0.026071570054619624,0.0038536366182943434,0.9996522753027813,0.11591442386245066,-0.001989109524952487,0.22774141592176145,0.00941346398292081,-0.005356294631163749,-0.7030190978782779,0.7110884929613747,0.17997883524403624,0.0013804475063177919,0.1919697790093963,-0.05062134563922882,0.10615407267265915,-0.07109847798092532,0.4768337865444318,0.10555849354933544,0.9620638093151626,-0.2510203852236463,-0.016715186142114858,0,nan,nan,nan,nan,nan,nan,nan,nan
8.004800081253052,1789121548.4210706,watch,0,0.0076699042692780495,-1.2640001773834229,1.3545050621032715,-0.1426602154970169,0.0015339808305725455,0.0076699042692780495,-1.2640001773834229,1.3545050621032715,-0.1426602154970169,0.0015339808305725455,0.17984455752303846,0.001379417588856363,0.19224576904976082,0.000866718912542752,-0.026071570054619624,0.0038536366182943434,0.9996522753027813,0.11588801654001524,-0.001971813900502828,0.2276926897278161,0.00924493521885856,-0.005204618142767355,-0.7030537547978868,0.7110575651713298,0.1798445575230384,0.0013794175888563632,0.19224576904976093,-0.052155330777168274,0.1061698097197048,-0.07110218570533938,0.4768895478698255,0.1055143518420642,0.9621257434993805,-0.25080299027640757,-0.01669237309448932,0,nan,nan,nan,nan,nan,nan,nan,nan
8.043153285980225,1789121548.4210706,watch,0,0.0076699042692780495,-1.2640001773834229,1.3545050621032715,-0.1426602154970169,0.0015339808305725455,0.0076699042692780495,-1.2640001773834229,1.3545050621032715,-0.1426602154970169,0.0015339808305725455,0.17984455752303846,0.001379417588856363,0.19224576904976082,0.000866718912542752,-0.026071570054619624,0.0038536366182943434,0.9996522753027813,0.11588801654001524,-0.001971813900502828,0.2276926897278161,0.00924493521885856,-0.005204618142767355,-0.7030537547978868,0.7110575651713298,0.1798445575230384,0.0013794175888563632,0.19224576904976093,-0.052155330777168274,0.1061698097197048,-0.07110218570533938,0.4768895478698255,0.1055143518420642,0.9621257434993805,-0.25080299027640757,-0.01669237309448932,0,nan,nan,nan,nan,nan,nan,nan,nan
8.084829807281494,1789121548.487787,watch,0,0.0076699042692780495,-1.2624661922454834,1.3545050621032715,-0.1426602154970169,0.0015339808305725455,0.0076699042692780495,-1.2624661922454834,1.3545050621032715,-0.1426602154970169,0.0015339808305725455,0.17997570916713806,0.00138042352913707,0.19197621649902766,0.0008638618387683275,-0.025322714256997364,0.0038531360844876903,0.9996715296674685,0.11584454126017857,-0.001955940884534213,0.22763435241590974,0.009341468181151663,-0.0051050074614193836,-0.7030533093380473,0.7110574661023252,0.17997883524403624,0.0013804475063177919,0.1919697790093963,-0.05062134563922882,0.10618171780032261,-0.07111590760139047,0.4769617642235,0.1055480288016748,0.9621238912105483,-0.2507869979786533,-0.016825968703424735,0,nan,nan,nan,nan,nan,nan,nan,nan
8.124810695648193,1789121548.5211456,watch,0,0.0076699042692780495,-1.2624661922454834,1.352971076965332,-0.1426602154970169,0.0015339808305725455,0.0076699042692780495,-1.2624661922454834,1.352971076965332,-0.1426602154970169,0.0015339808305725455,0.1799788352440362,0.0013804475063177912,0.1919697790093963,0.0008637936252648889,-0.02530483647677425,0.0038531241087030837,0.9996719824752816,0.11581905675374882,-0.0019347863324094272,0.2275923273176763,0.009595415482447803,-0.00487547010932496,-0.7030969785098271,0.7110125150820372,0.1799873125032293,0.0013805125273592806,0.19244184955692611,-0.052155330777168274,0.10620090027155175,-0.07112268685041456,0.47701125319808335,0.10556965196935916,0.9621202065021941,-0.25076852327912125,-0.017172785320171715,0,nan,nan,nan,nan,nan,nan,nan,nan
8.164804220199585,1789121548.5545037,watch,0,0.0076699042692780495,-1.2640001773834229,1.3545050621032715,-0.1426602154970169,0.0015339808305725455,0.0076699042692780495,-1.2640001773834229,1.3545050621032715,-0.1426602154970169,0.0015339808305725455,0.17997883524403618,0.001380447506317791,0.1919697790093963,0.0008637936252648889,-0.02530483647677425,0.0038531241087030837,0.9996719824752816,0.11581369411523429,-0.001938057804106913,0.22758867972243174,0.009252108885328472,-0.005198200689053351,-0.7030244833906203,0.7110864595421023,0.1798445575230384,0.0013794175888563632,0.19224576904976093,-0.052155330777168274,0.10619697728345845,-0.0711249806214692,0.47701692013277,0.105556336051917,0.9621211269116141,-0.2508030732325783,-0.016691780214059693,0,nan,nan,nan,nan,nan,nan,nan,nan
8.200557231903076,1789121548.587862,watch,0,0.0076699042692780495,-1.2624661922454834,1.3545050621032715,-0.1426602154970169,0.0015339808305725455,0.0076699042692780495,-1.2624661922454834,1.3545050621032715,-0.1426602154970169,0.0015339808305725455,0.1799788352440362,0.0013804475063177912,0.1919697790093963,0.0008637936252648889,-0.02530483647677425,0.0038531241087030837,0.9996719824752816,0.11586718871033452,-0.0019659255615065707,0.22767042725888065,0.009353373808858709,-0.005264729335105902,-0.7030082663624294,0.7111006781388354,0.17997883524403624,0.0013804475063177919,0.1919697790093963,-0.05062134563922882,0.1061734035893972,-0.07111104876155071,0.4769190879931102,0.10558119781911265,0.9620886570389099,-0.2509151220904281,-0.016722086308044264,0,nan,nan,nan,nan,nan,nan,nan,nan
8.234813690185547,1789121548.6545787,watch,0,0.0076699042692780495,-1.2624661922454834,1.3545050621032715,-0.1426602154970169,0.0015339808305725455,0.0076699042692780495,-1.2624661922454834,1.3545050621032715,-0.1426602154970169,0.0015339808305725455,0.1799788352440362,0.0013804475063177912,0.1919697790093963,0.0008637936252648889,-0.02530483647677425,0.0038531241087030837,0.9996719824752816,0.115847515266787,-0.001955648327116588,0.22764200095119141,0.009354380340714187,-0.005289811287958129,-0.7030284371923561,0.7110805369041208,0.17997883524403624,0.0013804475063177919,0.1919697790093963,-0.05062134563922882,0.10618197728392799,-0.07111693582494083,0.4769536213848246,0.10554931612210385,0.962087308300824,-0.25093422067079835,-0.016714364150943798,0,nan,nan,nan,nan,nan,nan,nan,nan
8.275036096572876,1789121548.6545787,watch,0,0.0076699042692780495,-1.2624661922454834,1.3545050621032715,-0.1426602154970169,0.0015339808305725455,0.0076699042692780495,-1.2624661922454834,1.3545050621032715,-0.1426602154970169,0.0015339808305725455,0.1799788352440362,0.0013804475063177912,0.1919697790093963,0.0008637936252648889,-0.02530483647677425,0.0038531241087030837,0.9996719824752816,0.115847515266787,-0.001955648327116588,0.22764200095119141,0.009354380340714187,-0.005289811287958129,-0.7030284371923561,0.7110805369041208,0.17997883524403624,0.0013804475063177919,0.1919697790093963,-0.05062134563922882,0.10618197728392799,-0.07111693582494083,0.4769536213848246,0.10554931612210385,0.962087308300824,-0.25093422067079835,-0.016714364150943798,0,nan,nan,nan,nan,nan,nan,nan,nan
8.314932346343994,1789121548.721295,watch,0,0.0076699042692780495,-1.2624661922454834,1.3545050621032715,-0.1426602154970169,0.0015339808305725455,0.0076699042692780495,-1.2624661922454834,1.3545050621032715,-0.1426602154970169,0.0015339808305725455,0.1799788352440362,0.0013804475063177912,0.1919697790093963,0.0008637936252648889,-0.02530483647677425,0.0038531241087030837,0.9996719824752816,0.11593444219821142,-0.0019890172079761737,0.2277677901338288,0.009326078289105793,-0.00539482679681076,-0.7030235016458009,0.7110849993082786,0.17997883524403624,0.0013804475063177919,0.1919697790093963,-0.05062134563922882,0.10615587788019903,-0.07109340702797788,0.47680111594582736,0.10553218830022237,0.962074588866142,-0.25099597655707495,-0.016627159792654483,0,nan,nan,nan,nan,nan,nan,nan,nan
8.354785919189453,1789121548.7546535,watch,0,0.0076699042692780495,-1.2640001773834229,1.3545050621032715,-0.1426602154970169,0.0015339808305725455,0.0076699042692780495,-1.2640001773834229,1.3545050621032715,-0.1426602154970169,0.0015339808305725455,0.1799788352440362,0.0013804475063177912,0.1919697790093963,0.0008637936252648889,-0.02530483647677425,0.0038531241087030837,0.9996719824752816,0.11597601426177867,-0.0020175153176174576,0.22783218047506232,0.009274350389678382,-0.00554081730858435,-0.7030485213873695,0.7110598162907505,0.1798445575230384,0.0013794175888563632,0.19224576904976093,-0.052155330777168274,0.10613078993902295,-0.07108161768642976,0.4767241867485097,0.10546324282492359,0.9620639327753133,-0.2510736931519114,-0.016507400546672497,0,nan,nan,nan,nan,nan,nan,nan,nan
8.394865274429321,1789121548.7880118,watch,0,0.0076699042692780495,-1.2640001773834229,1.3545050621032715,-0.1426602154970169,0.0015339808305725455,0.0076699042692780495,-1.2640001773834229,1.3545050621032715,-0.1426602154970169,0.0015339808305725455,0.1799788352440362,0.0013804475063177912,0.1919697790093963,0.0008637936252648889,-0.02530483647677425,0.0038531241087030837,0.9996719824752816,0.1158908192148177,-0.0019750838251773872,0.2277041372812817,0.009447987759338757,-0.005343308217210887,-0.7029370423766111,0.7111692478161705,0.1798445575230384,0.0013794175888563632,0.19224576904976093,-0.052155330777168274,0.10616625989393216,-0.07110441088350661,0.4768780569519822,0.10567741156074562,0.9620473123471325,-0.25103316484338184,-0.01672135282192184,0,nan,nan,nan,nan,nan,nan,nan,nan
8.433929920196533,1789121548.8213701,watch,0,0.0076699042692780495,-1.2624661922454834,1.3545050621032715,-0.1426602154970169,0.0015339808305725455,0.0076699042692780495,-1.2624661922454834,1.3545050621032715,-0.1426602154970169,0.0015339808305725455,0.1799788352440362,0.0013804475063177912,0.1919697790093963,0.0008637936252648889,-0.02530483647677425,0.0038531241087030837,0.9996719824752816,0.11592472441521878,-0.001985755506520137,0.2277514385353494,0.009263948508388341,-0.005465556348714206,-0.7029818383985273,0.7111264598042037,0.17997883524403624,0.0013804475063177919,0.1919697790093963,-0.05062134563922882,0.10615850939441998,-0.07109488477876354,0.47682017742953225,0.10556616673356238,0.9620684766264179,-0.25101200033326954,-0.016522905664438998,0,nan,nan,nan,nan,nan,nan,nan,nan
8.475158214569092,1789121548.8880863,watch,0,0.0076699042692780495,-1.2624661922454834,1.3545050621032715,-0.1426602154970169,0.0015339808305725455,0.0076699042692780495,-1.2624661922454834,1.3545050621032715,-0.1426602154970169,0.0015339808305725455,0.1799788352440362,0.0013804475063177912,0.1919697790093963,0.0008637936252648889,-0.02530483647677425,0.0038531241087030837,0.9996719824752816,0.11586251859298463,-0.001960699753229711,0.2276618267924691,0.009543344242328763,-0.005108754641405449,-0.7031831478238756,0.7109263575245975,0.17997883524403624,0.0013804475063177919,0.1919697790093963,-0.05062134563922882,0.10617830869292598,-0.0711121434763626,0.47692897882975616,0.10540154093621786,0.9621043212462094,-0.2509105508265859,-0.017020155449953812,0,nan,nan,nan,nan,nan,nan,nan,nan
8.514890670776367,1789121548.921445,watch,0,0.0076699042692780495,-1.2624661922454834,1.3545050621032715,-0.1426602154970169,0.0015339808305725455,0.0076699042692780495,-1.2624661922454834,1.3545050621032715,-0.1426602154970169,0.0015339808305725455,0.1799788352440362,0.0013804475063177912,0.1919697790093963,0.0008637936252648889,-0.02530483647677425,0.0038531241087030837,0.9996719824752816,0.11584016349755244,-0.001946756989914894,0.2276198463453903,0.009233133648380609,-0.005243117256918363,-0.7030036179097334,0.7111070047259321,0.17997883524403624,0.0013804475063177919,0.1919697790093963,-0.05062134563922882,0.1061910014401221,-0.07111480476918103,0.4769768152235032,0.10557342084958574,0.9621142159272632,-0.2508256389248524,-0.01664293179470606,0,nan,nan,nan,nan,nan,nan,nan,nan
8.554774284362793,1789121548.954803,watch,0,0.0076699042692780495,-1.2640001773834229,1.3545050621032715,-0.1426602154970169,0.0015339808305725455,0.0076699042692780495,-1.2640001773834229,1.3545050621032715,-0.1426602154970169,0.0015339808305725455,0.1799663866615659,0.0013803520250096415,0.191995410735528,0.0008640652318477825,-0.02537602104570962,0.0038531717858110246,0.9996701776157734,0.11589135004311435,-0.0019781332305878196,0.22770903769678386,0.009319432421758055,-0.005351281240574146,-0.7030909865278518,0.7110186893687905,0.1798445575230384,0.0013794175888563632,0.19224576904976093,-0.052155330777168274,0.10616300011243743,-0.07110561300983773,0.47687341761571267,0.10544774939933199,0.9620929920010152,-0.25095797112868296,-0.016671641074753267,0,nan,nan,nan,nan,nan,nan,nan,nan
8.59505844116211,1789121548.9881613,watch,0,0.0076699042692780495,-1.2640001773834229,1.3545050621032715,-0.1426602154970169,0.0015339808305725455,0.0076699042692780495,-1.2640001773834229,1.3545050621032715,-0.1426602154970169,0.0015339808305725455,0.17989169777637,0.0013797791571767183,0.1921490010369011,0.0008656930535812657,-0.025802673416728383,0.00385345713600491,0.9996592536900699,0.11579562523285919,-0.0019292078222382658,0.2275605580303806,0.009523184355204594,-0.004964349168801939,-0.7031071003419964,0.7110028619110735,0.1798445575230384,0.0013794175888563632,0.19224576904976093,-0.052155330777168274,0.10620442676581049,-0.07112933846400492,0.47705040372090357,0.10552854586492832,0.9621207062331397,-0.2507911034421321,-0.017067368846893752,0,nan,nan,nan,nan,nan,nan,nan,nan
8.633485794067383,1789121549.0215194,watch,0,0.0076699042692780495,-1.2624661922454834,1.3545050621032715,-0.1426602154970169,0.0015339808305725455,0.0076699042692780495,-1.2624661922454834,1.3545050621032715,-0.1426602154970169,0.0015339808305725455,0.17984455752303846,0.001379417588856363,0.19224576904976082,0.000866718912542752,-0.026071570054619624,0.0038536366182943434,0.9996522753027813,0.11585592683483242,-0.001954574680394422,0.22765616068343253,0.009459617858038465,-0.005103303264291186,-0.7030905039351625,0.7110191384217248,0.17997883524403624,0.0013804475063177919,0.1919697790093963,-0.05062134563922882,0.1061835171800552,-0.07111643501248302,0.47693719630892806,0.10551566394836397,0.962107364562978,-0.25085708729168,-0.016928835481253023,0,nan,nan,nan,nan,nan,nan,nan,nan
8.674962282180786,1789121549.0882359,watch,0,0.0076699042692780495,-1.2640001773834229,1.3545050621032715,-0.1426602154970169,0.0015339808305725455,0.0076699042692780495,-1.2640001773834229,1.3545050621032715,-0.1426602154970169,0.0015339808305725455,0.17988736153887452,0.0013797458979980526,0.1921579078517587,0.0008657874680687804,-0.02582742059496337,0.0038534736657715066,0.9996586144770515,0.11587680762873243,-0.0019672812043464716,0.22768666353493022,0.009432600908627253,-0.0050692179500528576,-0.7030838207000712,0.7110263498206404,0.1798445575230384,0.0013794175888563632,0.19224576904976093,-0.052155330777168274,0.10617263000617076,-0.07110998237357999,0.4769002136082381,0.10552700730830264,0.9621170955060017,-0.2508151152987431,-0.01692699622871625,0,nan,nan,nan,nan,nan,nan,nan,nan
8.714781284332275,1789121549.1215942,watch,0,0.0076699042692780495,-1.2624661922454834,1.352971076965332,-0.1426602154970169,0.0015339808305725455,0.0076699042692780495,-1.2624661922454834,1.352971076965332,-0.1426602154970169,0.0015339808305725455,0.1799619759350678,0.0013803181944962533,0.19200449022689478,0.0008641614461328327,-0.02540123780872434,0.003853188670512533,0.9996695370370395,0.1158021852314407,-0.0019269271292542967,0.22756860243797472,0.00965409377713665,-0.004696841218338883,-0.703204370160529,0.7109067111394053,0.1799873125032293,0.0013805125273592806,0.19244184955692611,-0.052155330777168274,0.1062072685041314,-0.07112784766941943,0.47704027210256117,0.10546592700470687,0.9621543503170567,-0.2506680702441313,-0.01736268893586996,0,nan,nan,nan,nan,nan,nan,nan,nan
8.754802465438843,1789121549.1549523,watch,0,0.0076699042692780495,-1.2624661922454834,1.3545050621032715,-0.1426602154970169,0.0015339808305725455,0.0076699042692780495,-1.2624661922454834,1.3545050621032715,-0.1426602154970169,0.0015339808305725455,0.17990962556566262,0.00137991666430076,0.19211216470268266,0.0008653025976633234,-0.0257003315104695,0.003853388752223169,0.9996618906444272,0.11589763478904924,-0.0019820900366408767,0.22771275434090676,0.00930881789270341,-0.005411247512654426,-0.7029424646368415,0.7111652098634186,0.17997883524403624,0.0013804475063177919,0.1919697790093963,-0.05062134563922882,0.1061600065224489,-0.07110111612640443,0.47686711014018657,0.10563645371636558,0.9620631614594816,-0.25099926120835975,-0.01657660645835137,0,nan,nan,nan,nan,nan,nan,nan,nan
8.795198917388916,1789121549.1883106,watch,0,0.0076699042692780495,-1.2640001773834229,1.3545050621032715,-0.1426602154970169,0.0015339808305725455,0.0076699042692780495,-1.2640001773834229,1.3545050621032715,-0.1426602154970169,0.0015339808305725455,0.17986503477464733,0.0013795746504957573,0.192203750241032,0.000866273436592984,-0.025954800768239205,0.0038535587115916888,0.9996553145823166,0.11590915734755042,-0.001980158182258107,0.2277319978764616,0.009243600945890449,-0.005456395184087512,-0.703158639454836,0.710951975419699,0.1798445575230384,0.0013794175888563632,0.19224576904976093,-0.052155330777168274,0.10616257931791001,-0.07110045100116895,0.47684475497504836,0.10532495229455993,0.9620999221698341,-0.250989493496582,-0.016573120987827778,0,nan,nan,nan,nan,nan,nan,nan,nan
8.833750486373901,1789121549.2216687,watch,0,0.0076699042692780495,-1.2624661922454834,1.3545050621032715,-0.1426602154970169,0.0015339808305725455,0.0076699042692780495,-1.2624661922454834,1.3545050621032715,-0.1426602154970169,0.0015339808305725455,0.179939779697932,0.0013801479481438854,0.19205016355671664,0.0008646454683870624,-0.025528096946360615,0.0038532735761336576,0.9996663047923835,0.11592181349473873,-0.0019872708497869207,0.2277472735271871,0.009372843598933636,-0.005384117061142624,-0.7030587864489641,0.7110495790613,0.17997883524403624,0.0013804475063177919,0.1919697790093963,-0.05062134563922882,0.1061568002649842,-0.07109517063166715,0.47682518883461855,0.10549335630459505,0.9620727428491785,-0.25101580444807226,-0.016680981971607445,0,nan,nan,nan,nan,nan,nan,nan,nan
8.867121458053589,1789121549.255027,watch,0,0.0076699042692780495,-1.2624661922454834,1.3545050621032715,-0.1426602154970169,0.0015339808305725455,0.0076699042692780495,-1.2624661922454834,1.3545050621032715,-0.1426602154970169,0.0015339808305725455,0.1799788352440362,0.0013804475063177912,0.1919697790093963,0.0008637936252648889,-0.02530483647677425,0.0038531241087030837,0.9996719824752816,0.11594370168491541,-0.0019994367597388762,0.22778006029253883,0.009401626770678649,-0.005484229964287527,-0.7031289643096779,0.7109790377954639,0.17997883524403624,0.0013804475063177919,0.1919697790093963,-0.05062134563922882,0.10614645677060734,-0.07108901213938819,0.4767857279766283,0.10538381816856744,0.9620611371452863,-0.25110731782850615,-0.0166653591592414,0,nan,nan,nan,nan,nan,nan,nan,nan
8.904783487319946,1789121549.321744,watch,0,0.0076699042692780495,-1.2624661922454834,1.3545050621032715,-0.1426602154970169,0.0015339808305725455,0.0076699042692780495,-1.2624661922454834,1.3545050621032715,-0.1426602154970169,0.0015339808305725455,0.1799788352440362,0.0013804475063177912,0.1919697790093963,0.0008637936252648889,-0.02530483647677425,0.0038531241087030837,0.9996719824752816,0.11581816618594915,-0.0019428026715896662,0.22759939274938246,0.00913841634001438,-0.005179974321292346,-0.7029615827721296,0.7111502445751741,0.17997883524403624,0.0013804475063177919,0.1919697790093963,-0.05062134563922882,0.10619234706046905,-0.0711251302410699,0.4770052659155334,0.10562791972468383,0.9621362758778317,-0.25072118085115397,-0.016595743043793815,0,nan,nan,nan,nan,nan,nan,nan,nan
8.944876909255981,1789121549.3551023,watch,0,0.0076699042692780495,-1.2640001773834229,1.3545050621032715,-0.1426602154970169,0.0015339808305725455,0.0076699042692780495,-1.2640001773834229,1.3545050621032715,-0.1426602154970169,0.0015339808305725455,0.1799788352440362,0.0013804475063177912,0.1919697790093963,0.0008637936252648889,-0.02530483647677425,0.0038531241087030837,0.9996719824752816,0.11596804082828926,-0.0020109788037228626,0.22781476630879233,0.009402284323544353,-0.005295323912365605,-0.7031173618057969,0.7109919353420394,0.1798445575230384,0.0013794175888563632,0.19224576904976093,-0.052155330777168274,0.10613703347105001,-0.07108174856884307,0.47674343658019736,0.10543485870259782,0.9620904838538209,-0.25096595892392376,-0.01677733321119897,0,nan,nan,nan,nan,nan,nan,nan,nan
9.006632804870605,1789121549.3551023,watch,0,0.0076699042692780495,-1.2640001773834229,1.3545050621032715,-0.1426602154970169,0.0015339808305725455,0.0076699042692780495,-1.2640001773834229,1.3545050621032715,-0.1426602154970169,0.0015339808305725455,0.1799788352440362,0.0013804475063177912,0.1919697790093963,0.0008637936252648889,-0.02530483647677425,0.0038531241087030837,0.9996719824752816,0.11596804082828926,-0.0020109788037228626,0.22781476630879233,0.009402284323544353,-0.005295323912365605,-0.7031173618057969,0.7109919353420394,0.1798445575230384,0.0013794175888563632,0.19224576904976093,-0.052155330777168274,0.10613703347105001,-0.07108174856884307,0.47674343658019736,0.10543485870259782,0.9620904838538209,-0.25096595892392376,-0.01677733321119897,0,nan,nan,nan,nan,nan,nan,nan,nan
9.044797897338867,1789121549.4551775,watch,0,0.0076699042692780495,-1.2640001773834229,1.3545050621032715,-0.1426602154970169,0.0015339808305725455,0.0076699042692780495,-1.2640001773834229,1.3545050621032715,-0.1426602154970169,0.0015339808305725455,0.17985536932910093,0.0013795005159999768,0.19222358659991043,0.0008664837333010344,-0.026009923933052386,0.0038535954954564836,0.9996538815333507,0.11589674401276384,-0.0019781623582135477,0.2277116516769092,0.009322410689258665,-0.005495843759451962,-0.7030186143412092,0.7110891057034123,0.1798445575230384,0.0013794175888563632,0.19224576904976093,-0.052155330777168274,0.10616377313966785,-0.07110215705027029,0.4768685815613847,0.10551943717203376,0.9620578796385332,-0.2510697459498861,-0.016561016664636878,0,nan,nan,nan,nan,nan,nan,nan,nan
9.084864377975464,1789121549.488536,watch,0,0.0076699042692780495,-1.2624661922454834,1.3545050621032715,-0.1426602154970169,0.0015339808305725455,0.0076699042692780495,-1.2624661922454834,1.3545050621032715,-0.1426602154970169,0.0015339808305725455,0.17991026849225442,0.0013799215955828698,0.1921108433215258,0.0008652885919082878,-0.025696660518909353,0.0038533862985583706,0.9996619850368736,0.11575103698676747,-0.0018994565080504289,0.22748663603118235,0.009553673379505238,-0.0045555941660821875,-0.7032009921131797,0.7109123283343677,0.17997883524403624,0.0013804475063177919,0.1919697790093963,-0.05062134563922882,0.10623090424085879,-0.07113957226458566,0.4771371903961,0.10548162714456924,0.9621960440979813,-0.250500721266145,-0.01737203794235348,0,nan,nan,nan,nan,nan,nan,nan,nan
9.124943256378174,1789121549.5218942,watch,0,0.0076699042692780495,-1.2624661922454834,1.3545050621032715,-0.1426602154970169,0.0015339808305725455,0.0076699042692780495,-1.2624661922454834,1.3545050621032715,-0.1426602154970169,0.0015339808305725455,0.1799728045867109,0.0013804012508463913,0.1919821973387535,0.0008639252142913994,-0.02533932412963455,0.003853147209839859,0.9996711086864803,0.11597461280094618,-0.002017278476340756,0.22783224296251997,0.009231846912140067,-0.005868691628484365,-0.7030360341530197,0.7110700852542982,0.17997883524403624,0.0013804475063177919,0.1919697790093963,-0.05062134563922882,0.10613075768030013,-0.07108290442189825,0.4767247928525822,0.10541257718164575,0.9620158948712962,-0.25129438578621305,-0.016270779306246614,0,nan,nan,nan,nan,nan,nan,nan,nan
9.165042400360107,1789121549.5552528,watch,0,0.0076699042692780495,-1.2624661922454834,1.3545050621032715,-0.1426602154970169,0.0015339808305725455,0.0076699042692780495,-1.2624661922454834,1.3545050621032715,-0.1426602154970169,0.0015339808305725455,0.17989817058016452,0.0013798288039357101,0.1921357035396327,0.0008655520999985581,-0.025765728008531906,0.00385343245411053,0.9996602068393411,0.1159779507256386,-0.002008290644597066,0.22782835042850957,0.009374475258067644,-0.005330818986142315,-0.7029656478023242,0.711142038971422,0.17997883524403624,0.0013804475063177919,0.1919697790093963,-0.05062134563922882,0.10614047627654682,-0.07108000833451043,0.47672685106699364,0.10562987663954239,0.9620674750734314,-0.2509784333544231,-0.016683181887962303,0,nan,nan,nan,nan,nan,nan,nan,nan
9.200153350830078,1789121549.5886111,watch,0,0.0076699042692780495,-1.2624661922454834,1.3545050621032715,-0.1426602154970169,0.0015339808305725455,0.0076699042692780495,-1.2624661922454834,1.3545050621032715,-0.1426602154970169,0.0015339808305725455,0.17987145746200328,0.0013796239128589251,0.19228276571442204,0.0008667189125427514,-0.026071570054619447,0.0038536366182943434,0.9996522753027813,0.11588263984041036,-0.001966252201149654,0.22768699049226904,0.009367977378757206,-0.0051440850485593905,-0.7030241663938913,0.7110856494509074,0.17997883524403624,0.0013804475063177919,0.1919697790093963,-0.05062134563922882,0.10617469378825883,-0.07110530013829879,0.47689721395525797,0.10558428333291861,0.9621081449331614,-0.2508330636550985,-0.016812220071778433,0,nan,nan,nan,nan,nan,nan,nan,nan
9.233615398406982,1789121549.6219695,watch,0,0.0076699042692780495,-1.2624661922454834,1.3545050621032715,-0.1426602154970169,0.0015339808305725455,0.0076699042692780495,-1.2624661922454834,1.3545050621032715,-0.1426602154970169,0.0015339808305725455,0.17996668719972944,0.0013803543301537874,0.19241355879500108,0.0008667189125427519,-0.026071570054619613,0.0038536366182943434,0.9996522753027813,0.11584622036064401,-0.0019573877862466005,0.2276344865514323,0.009261253605285453,-0.005034457120982949,-0.7030392986436315,0.7110728710799101,0.17997883524403624,0.0013804475063177919,0.1919697790093963,-0.05062134563922882,0.10618060102676712,-0.0711142311919881,0.4769608296842455,0.10556807915596958,0.9621485800270361,-0.2506853091450353,-0.0168037613091608,0,nan,nan,nan,nan,nan,nan,nan,nan
9.267638206481934,1789121549.655328,watch,0,0.0076699042692780495,-1.2624661922454834,1.3545050621032715,-0.1426602154970169,0.0015339808305725455,0.0076699042692780495,-1.2624661922454834,1.3545050621032715,-0.1426602154970169,0.0015339808305725455,0.1799837076416456,0.0013804848778738441,0.19223614785006488,0.0008654443098821599,-0.025737475277042225,0.003853413575944256,0.9996609348055584,0.11586951861493516,-0.0019612429333683012,0.22766550996359047,0.009402459674716571,-0.005043420918650391,-0.703088923172661,0.7110218869833831,0.17997883524403624,0.0013804475063177919,0.1919697790093963,-0.05062134563922882,0.10617879474216767,-0.07110769252959781,0.4769224355942788,0.10552034775155189,0.9621277880336753,-0.2507772531046538,-0.016921732449813775,0,nan,nan,nan,nan,nan,nan,nan,nan
9.304774522781372,1789121549.722045,watch,0,0.0076699042692780495,-1.2640001773834229,1.3545050621032715,-0.1426602154970169,0.0015339808305725455,0.0076699042692780495,-1.2640001773834229,1.3545050621032715,-0.1426602154970169,0.0015339808305725455,0.1799052574548602,0.0013798831606520873,0.19212114165202168,0.0008653977483286039,-0.025725271136632248,0.0038534054203233784,0.9996612490130597,0.11593210696666834,-0.001993231719798122,0.22776404130430666,0.009459977709405695,-0.005441229175054732,-0.7030751874202523,0.7110317733271693,0.1798445575230384,0.0013794175888563632,0.19224576904976093,-0.052155330777168274,0.10615159932673288,-0.07109285098073186,0.4768054349654777,0.10547357250513294,0.9620492900113945,-0.25111156127017337,-0.01671744262835158,0,nan,nan,nan,nan,nan,nan,nan,nan
9.344832181930542,1789121549.7554033,watch,0,0.0076699042692780495,-1.2624661922454834,1.3545050621032715,-0.1426602154970169,0.0015339808305725455,0.0076699042692780495,-1.2624661922454834,1.3545050621032715,-0.1426602154970169,0.0015339808305725455,0.17986143919120506,0.0013795470721741734,0.19221113009285684,0.0008663516736561745,-0.025975308267128246,0.003853572397674091,0.9996547817996877,0.11576199082155297,-0.0019112852204816178,0.2275055467838446,0.009508508664982259,-0.0047979971766926146,-0.7031081951162933,0.7110031177472916,0.17997883524403624,0.0013804475063177919,0.1919697790093963,-0.05062134563922882,0.10621991444191195,-0.07113650601133965,0.4771151145289442,0.10555576158857857,0.9621510252507157,-0.25065709267197245,-0.017158312786690774,0,nan,nan,nan,nan,nan,nan,nan,nan
9.384728193283081,1789121549.7887616,watch,0,0.0076699042692780495,-1.2624661922454834,1.3545050621032715,-0.1426602154970169,0.0015339808305725455,0.0076699042692780495,-1.2624661922454834,1.3545050621032715,-0.1426602154970169,0.0015339808305725455,0.1799509096914364,0.0013802333158025749,0.19202726498826383,0.0008644027955156254,-0.025464493533798156,0.003853231014693274,0.9996679273576909,0.11578844840280106,-0.0019252749737620756,0.2275507826825276,0.009512215801125646,-0.004767254563618394,-0.7030843883687031,0.7110268165594638,0.17997883524403624,0.0013804475063177919,0.1919697790093963,-0.05062134563922882,0.10620768952314327,-0.0711317977110363,0.47706248006683655,0.10559432631959205,0.9621518710306316,-0.2506366770017167,-0.01717182177008677,0,nan,nan,nan,nan,nan,nan,nan,nan
9.424975395202637,1789121549.8221204,watch,0,0.0076699042692780495,-1.2640001773834229,1.352971076965332,-0.1426602154970169,0.0015339808305725455,0.0076699042692780495,-1.2640001773834229,1.352971076965332,-0.1426602154970169,0.0015339808305725455,0.1799788352440362,0.0013804475063177912,0.1919697790093963,0.0008637936252648889,-0.02530483647677425,0.0038531241087030837,0.9996719824752816,0.11593573700186466,-0.0019962097620223607,0.22776912715851133,0.009392147098621942,-0.005621619332402477,-0.7030726693073388,0.7110337591436942,0.17985231064463741,0.0013794770557229144,0.1927178520462408,-0.05368931591510773,0.10614896951165179,-0.07109147578676146,0.47679918158893464,0.10543314399638341,0.9620319224036963,-0.2512058097099865,-0.016555168112597916,0,nan,nan,nan,nan,nan,nan,nan,nan
9.465059280395508,1789121549.8554788,watch,0,0.0076699042692780495,-1.2624661922454834,1.3545050621032715,-0.1426602154970169,0.0015339808305725455,0.0076699042692780495,-1.2624661922454834,1.3545050621032715,-0.1426602154970169,0.0015339808305725455,0.1799788352440362,0.0013804475063177912,0.1919697790093963,0.0008637936252648889,-0.02530483647677425,0.0038531241087030837,0.9996719824752816,0.1158984280958742,-0.001972860379314656,0.22771364952962608,0.009311237643697269,-0.005428661105892274,-0.7030220070887235,0.7110864139055694,0.17997883524403624,0.0013804475063177919,0.1919697790093963,-0.05062134563922882,0.1061691288944546,-0.07110268180009306,0.47686613634975106,0.10552567607326904,0.9620715822729666,-0.25101238148908245,-0.016594776625469498,0,nan,nan,nan,nan,nan,nan,nan,nan
9.500188112258911,1789121549.888837,watch,0,0.0076699042692780495,-1.2624661922454834,1.3545050621032715,-0.1426602154970169,0.0015339808305725455,0.0076699042692780495,-1.2624661922454834,1.3545050621032715,-0.1426602154970169,0.0015339808305725455,0.1799788352440362,0.0013804475063177912,0.1919697790093963,0.0008637936252648889,-0.02530483647677425,0.0038531241087030837,0.9996719824752816,0.11592998751495781,-0.0019947320705138716,0.22776096818458685,0.009572546609539493,-0.005438245699049132,-0.7031378792342642,0.7109682936819802,0.17997883524403624,0.0013804475063177919,0.1919697790093963,-0.05062134563922882,0.10614996897078732,-0.07109296133160185,0.47680911150662564,0.105405997396626,0.9620377763713136,-0.25117681828861305,-0.016825531247782848,0,nan,nan,nan,nan,nan,nan,nan,nan
9.534119129180908,1789121549.9221957,watch,0,0.0076699042692780495,-1.2624661922454834,1.3545050621032715,-0.1426602154970169,0.0015339808305725455,0.0076699042692780495,-1.2624661922454834,1.3545050621032715,-0.1426602154970169,0.0015339808305725455,0.17997207525622164,0.001380395656841664,0.19198369902828952,0.0008639411269560055,-0.02534349463383234,0.0038531500030921637,0.9996710029407314,0.11592662883442939,-0.0019924868098094572,0.22775418730477276,0.009300797136406917,-0.005427995173633318,-0.7029608464631837,0.7111470174167834,0.17997883524403624,0.0013804475063177919,0.1919697790093963,-0.05062134563922882,0.10615205917947675,-0.07109317194827797,0.4768167199841229,0.1056071916522473,0.9620646263755667,-0.2510066235037265,-0.01656655381862794,0,nan,nan,nan,nan,nan,nan,nan,nan
9.574798583984375,1789121549.955554,watch,0,0.0076699042692780495,-1.2640001773834229,1.3545050621032715,-0.1426602154970169,0.0015339808305725455,0.0076699042692780495,-1.2640001773834229,1.3545050621032715,-0.1426602154970169,0.0015339808305725455,0.1798974162496092,0.0013798230181791093,0.1921372533380048,0.0008655685276740921,-0.025770033859957565,0.003853435330964287,0.9996600958236408,0.11586181939324958,-0.0019556429334599834,0.22765326334174713,0.009258288500180064,-0.005242295425950021,-0.7031117902687445,0.7109997277199166,0.1798445575230384,0.0013794175888563632,0.19224576904976093,-0.052155330777168274,0.10618378095202308,-0.07110979131043053,0.47693697349613584,0.10543061404563601,0.9621255760093977,-0.25083839597044855,-0.016699123255944408,0,nan,nan,nan,nan,nan,nan,nan,nan
9.61483383178711,1789121550.022271,watch,0,0.0076699042692780495,-1.2624661922454834,1.3545050621032715,-0.1426602154970169,0.0015339808305725455,0.0076699042692780495,-1.2624661922454834,1.3545050621032715,-0.1426602154970169,0.0015339808305725455,0.1799411547108167,0.001380158494567887,0.19204733504100788,0.0008646154919150083,-0.025520240210657904,0.0038532683194893074,0.9996665054421396,0.1158163891030703,-0.0019381509081607684,0.22759293028875954,0.009431339965164823,-0.004896300432320815,-0.7029613543921853,0.7111486555563767,0.17997883524403624,0.0013804475063177919,0.1919697790093963,-0.05062134563922882,0.10619706401717269,-0.07112460080541606,0.47701190145177425,0.10572509509519798,0.9621277301107636,-0.25068659646564484,-0.0169901610201885,0,nan,nan,nan,nan,nan,nan,nan,nan
9.654875755310059,1789121550.0556295,watch,0,0.0076699042692780495,-1.2640001773834229,1.352971076965332,-0.1426602154970169,0.0015339808305725455,0.0076699042692780495,-1.2640001773834229,1.352971076965332,-0.1426602154970169,0.0015339808305725455,0.1799788352440362,0.0013804475063177912,0.1919697790093963,0.0008637936252648889,-0.02530483647677425,0.0038531241087030837,0.9996719824752816,0.1159078896659626,-0.001979146483016919,0.22772619242192993,0.009500092025347656,-0.005343793133454439,-0.7031061581948825,0.7110013519219845,0.17985231064463741,0.0013794770557229144,0.1927178520462408,-0.05368931591510773,0.10616377449631956,-0.07109906112202234,0.4768504972427894,0.10545574326567542,0.9620623706470915,-0.25106223109685954,-0.016817767802220246,0,nan,nan,nan,nan,nan,nan,nan,nan
9.694883823394775,1789121550.088988,watch,0,0.0076699042692780495,-1.2624661922454834,1.3545050621032715,-0.1426602154970169,0.0015339808305725455,0.0076699042692780495,-1.2624661922454834,1.3545050621032715,-0.1426602154970169,0.0015339808305725455,0.1799788352440362,0.0013804475063177912,0.1919697790093963,0.0008637936252648889,-0.02530483647677425,0.0038531241087030837,0.9996719824752816,0.11599777915951687,-0.0020254570733674038,0.2278586041338938,0.009178833306228455,-0.005820260434328459,-0.7030087014366294,0.7110981924403952,0.17997883524403624,0.0013804475063177919,0.1919697790093963,-0.05062134563922882,0.10612504325598343,-0.07107346196575737,0.4766904902819539,0.10545071506071,0.9620298676283563,-0.2512261596788283,-0.016251066955133175,0,nan,nan,nan,nan,nan,nan,nan,nan
9.73480749130249,1789121550.1223464,watch,0,0.0076699042692780495,-1.2624661922454834,1.3545050621032715,-0.1426602154970169,0.0015339808305725455,0.0076699042692780495,-1.2624661922454834,1.3545050621032715,-0.1426602154970169,0.0015339808305725455,0.1799788352440362,0.0013804475063177912,0.1919697790093963,0.0008637936252648889,-0.02530483647677425,0.0038531241087030837,0.9996719824752816,0.11588281309994719,-0.0019702464650273865,0.22769091008398068,0.009431239660326224,-0.005216289659072796,-0.7030243174630229,0.7110841378460871,0.17997883524403624,0.0013804475063177919,0.1919697790093963,-0.05062134563922882,0.10617051614123747,-0.07110616927378749,0.4768935891475603,0.10558015960061899,0.9620843228782511,-0.2509259062811359,-0.016815918874554706,0,nan,nan,nan,nan,nan,nan,nan,nan
9.774794101715088,1789121550.1557047,watch,0,0.0076699042692780495,-1.2640001773834229,1.3545050621032715,-0.1426602154970169,0.0015339808305725455,0.0076699042692780495,-1.2640001773834229,1.3545050621032715,-0.1426602154970169,0.0015339808305725455,0.17993718390823257,0.0013801280382949707,0.19221776050438008,0.0008657329645174038,-0.025813134540400795,0.003853464123752354,0.9996589835568329,0.1159094958364631,-0.0019798669260740476,0.2277270041440933,0.009409941498377658,-0.005303411016520315,-0.7030276650877264,0.711080465878431,0.1798445575230384,0.0013794175888563632,0.19224576904976093,-0.052155330777168274,0.1061633047797267,-0.07109790582211205,0.47684901320667616,0.1055561923257206,0.9620744658855982,-0.25097833660603863,-0.016747743343578522,0,nan,nan,nan,nan,nan,nan,nan,nan
9.814789056777954,1789121550.222422,watch,0,0.0076699042692780495,-1.2624661922454834,1.3545050621032715,-0.1426602154970169,0.0015339808305725455,0.0076699042692780495,-1.2624661922454834,1.3545050621032715,-0.1426602154970169,0.0015339808305725455,0.1798480975105901,0.001379444740754426,0.19245587028041816,0.0008680206612031671,-0.026412803443524466,0.0038538639840671332,0.9996433154314481,0.11588139915597767,-0.0019665839269480123,0.2276884111089053,0.009504360446915812,-0.00505550969281034,-0.7030818328401154,0.7110274574757469,0.17997883524403624,0.0013804475063177919,0.1919697790093963,-0.05062134563922882,0.10617403159713161,-0.07110696327558365,0.4768965335371682,0.10554304642603302,0.962105514358782,-0.2508486048356252,-0.016988879997104977,0,nan,nan,nan,nan,nan,nan,nan,nan
9.854769706726074,1789121550.2557802,watch,0,0.0076699042692780495,-1.2624661922454834,1.3545050621032715,-0.1426602154970169,0.0015339808305725455,0.0076699042692780495,-1.2624661922454834,1.3545050621032715,-0.1426602154970169,0.0015339808305725455,0.17984455752303846,0.001379417588856363,0.19224576904976082,0.000866718912542752,-0.026071570054619624,0.0038536366182943434,0.9996522753027813,0.11597234715959365,-0.0020144248580536983,0.22782205284361223,0.00919741195131055,-0.005714717336397731,-0.7030063298479657,0.7111011530104955,0.17997883524403624,0.0013804475063177919,0.1919697790093963,-0.05062134563922882,0.10613390405969689,-0.07108071431317448,0.4767349130557368,0.10547644039073241,0.9620434705478049,-0.2511582226551828,-0.016328762706483695,0,nan,nan,nan,nan,nan,nan,nan,nan
9.894794702529907,1789121550.2891376,watch,0,0.0076699042692780495,-1.2640001773834229,1.3545050621032715,-0.1426602154970169,0.0015339808305725455,0.0076699042692780495,-1.2640001773834229,1.3545050621032715,-0.1426602154970169,0.0015339808305725455,0.17984455752303846,0.001379417588856363,0.19224576904976082,0.000866718912542752,-0.026071570054619624,0.0038536366182943434,0.9996522753027813,0.11587519719682732,-0.001965877901111468,0.227674347677164,0.009554397092236717,-0.004913002708414794,-0.703158871753223,0.7109515996010739,0.1798445575230384,0.0013794175888563632,0.19224576904976093,-0.052155330777168274,0.10617463740174665,-0.07110595398854166,0.47691187489377584,0.10547253851373288,0.96213090348647,-0.25077059790400785,-0.017139877556281075,0,nan,nan,nan,nan,nan,nan,nan,nan
9.934399843215942,1789121550.3224952,watch,0,0.0076699042692780495,-1.2624661922454834,1.3545050621032715,-0.1426602154970169,0.0015339808305725455,0.0076699042692780495,-1.2624661922454834,1.3545050621032715,-0.1426602154970169,0.0015339808305725455,0.17989692511372532,0.001379819251140028,0.19213826237553103,0.0008655792233783753,-0.02577283730870992,0.0038534372039846403,0.9996600235336921,0.11590454182138077,-0.001976560015027218,0.22771867313750355,0.00931273478323472,-0.005331808218285738,-0.7029238474236861,0.711184160056355,0.17997883524403624,0.0013804475063177919,0.1919697790093963,-0.05062134563922882,0.10616625682608813,-0.07109898860153106,0.47685875982700915,0.10567709583029729,0.9620727818744469,-0.2509422844132884,-0.016621783498689202,0,nan,nan,nan,nan,nan,nan,nan,nan
9.967849254608154,1789121550.3892097,watch,0,0.0076699042692780495,-1.2624661922454834,1.3545050621032715,-0.1426602154970169,0.0015339808305725455,0.0076699042692780495,-1.2624661922454834,1.3545050621032715,-0.1426602154970169,0.0015339808305725455,0.1799788352440362,0.0013804475063177912,0.1919697790093963,0.0008637936252648889,-0.02530483647677425,0.0038531241087030837,0.9996719824752816,0.11593084532396342,-0.0019953746992986132,0.22776218713289065,0.009316000927288338,-0.0055272455597045545,-0.7030054878117024,0.7111019236297116,0.17997883524403624,0.0013804475063177919,0.1919697790093963,-0.05062134563922882,0.10614940610225752,-0.0710926564425637,0.4768076199085883,0.10553042338839402,0.9620519634290343,-0.25108967427300005,-0.016532539892132686,0,nan,nan,nan,nan,nan,nan,nan,nan
10.00137734413147,1789121550.3892097,watch,0,0.0076699042692780495,-1.2624661922454834,1.3545050621032715,-0.1426602154970169,0.0015339808305725455,0.0076699042692780495,-1.2624661922454834,1.3545050621032715,-0.1426602154970169,0.0015339808305725455,0.1799788352440362,0.0013804475063177912,0.1919697790093963,0.0008637936252648889,-0.02530483647677425,0.0038531241087030837,0.9996719824752816,0.11593084532396342,-0.0019953746992986132,0.22776218713289065,0.009316000927288338,-0.0055272455597045545,-0.7030054878117024,0.7111019236297116,0.17997883524403624,0.0013804475063177919,0.1919697790093963,-0.05062134563922882,0.10614940610225752,-0.0710926564425637,0.4768076199085883,0.10553042338839402,0.9620519634290343,-0.25108967427300005,-0.016532539892132686,0,nan,nan,nan,nan,nan,nan,nan,nan
10.034833192825317,1789121550.4559243,watch,0,0.0076699042692780495,-1.2640001773834229,1.3545050621032715,-0.1426602154970169,0.0015339808305725455,0.0076699042692780495,-1.2640001773834229,1.3545050621032715,-0.1426602154970169,0.0015339808305725455,0.1798533148575919,0.001379484758091178,0.19222780226852065,0.0008665284271578413,-0.026021639206333456,0.003853603311592959,0.9996535765769146,0.11583328066871551,-0.0019461784353228262,0.22761292870125438,0.009294583223731702,-0.004981225212860746,-0.7030400685701943,0.7110720498675872,0.1798445575230384,0.0013794175888563632,0.19224576904976093,-0.052155330777168274,0.10619081619932733,-0.07111766484137541,0.47698616121363246,0.1055819516079188,0.9621511765776497,-0.25066560895981793,-0.016861713724027897,0,nan,nan,nan,nan,nan,nan,nan,nan
10.07475757598877,1789121550.4892817,watch,0,0.0076699042692780495,-1.2640001773834229,1.3545050621032715,-0.1426602154970169,0.0015339808305725455,0.0076699042692780495,-1.2640001773834229,1.3545050621032715,-0.1426602154970169,0.0015339808305725455,0.17984455752303846,0.001379417588856363,0.19224576904976082,0.000866718912542752,-0.026071570054619624,0.0038536366182943434,0.9996522753027813,0.1157931600046036,-0.0019271654505707003,0.22755148780032597,0.009356800801425242,-0.004990952866310225,-0.7031104555030484,0.7110015668270673,0.1798445575230384,0.0013794175888563632,0.19224576904976093,-0.052155330777168274,0.10620665669430318,-0.07112767753133763,0.4770596116754656,0.1054940191143575,0.9621482249822717,-0.2507095819605637,-0.01692662422702594,0,nan,nan,nan,nan,nan,nan,nan,nan
10.114938259124756,1789121550.5226388,watch,0,0.0076699042692780495,-1.2640001773834229,1.3545050621032715,-0.1426602154970169,0.0015339808305725455,0.0076699042692780495,-1.2640001773834229,1.3545050621032715,-0.1426602154970169,0.0015339808305725455,0.17984455752303846,0.001379417588856363,0.19224576904976082,0.000866718912542752,-0.026071570054619624,0.0038536366182943434,0.9996522753027813,0.1157788778855321,-0.0019211108902524865,0.22753454833194042,0.00934197414456063,-0.0047281657039349185,-0.7031104147756574,0.7110035981640048,0.1798445575230384,0.0013794175888563632,0.19224576904976093,-0.052155330777168274,0.1062112235948673,-0.07113338207640284,0.47708138743721673,0.1055406613429676,0.9621942740327725,-0.2505030100610435,-0.01707599988849189,0,nan,nan,nan,nan,nan,nan,nan,nan
10.177064895629883,1789121550.5226388,watch,0,0.0076699042692780495,-1.2640001773834229,1.3545050621032715,-0.1426602154970169,0.0015339808305725455,0.0076699042692780495,-1.2640001773834229,1.3545050621032715,-0.1426602154970169,0.0015339808305725455,0.17985243484546692,0.0013794780083500665,0.19222960793085106,0.0008665475706261726,-0.02602665715190158,0.003853606659279203,0.9996534459143933,0.1157788778855321,-0.0019211108902524865,0.22753454833194042,0.00934197414456063,-0.0047281657039349185,-0.7031104147756574,0.7110035981640048,0.1798445575230384,0.0013794175888563632,0.19224576904976093,-0.052155330777168274,0.1062112235948673,-0.07113338207640284,0.47708138743721673,0.1055406613429676,0.9621942740327725,-0.2505030100610435,-0.01707599988849189,0,nan,nan,nan,nan,nan,nan,nan,nan
10.214749336242676,1789121550.622711,watch,0,0.0076699042692780495,-1.2624661922454834,1.3545050621032715,-0.1426602154970169,0.0015339808305725455,0.0076699042692780495,-1.2624661922454834,1.3545050621032715,-0.1426602154970169,0.0015339808305725455,0.1799788352440362,0.0013804475063177912,0.1919697790093963,0.0008637936252648889,-0.02530483647677425,0.0038531241087030837,0.9996719824752816,0.11579283237896648,-0.0019247749307607087,0.22755531645500215,0.009439488035251862,-0.004716290888309106,-0.7030847664869396,0.711027751778997,0.17997883524403624,0.0013804475063177919,0.1919697790093963,-0.05062134563922882,0.1062086488586756,-0.07113020790623963,0.47705643220945415,0.10559233692418377,0.9621740407768056,-0.2505540131821278,-0.017148181141278432,0,nan,nan,nan,nan,nan,nan,nan,nan
10.254743814468384,1789121550.656068,watch,0,0.0076699042692780495,-1.2640001773834229,1.3545050621032715,-0.1426602154970169,0.0015339808305725455,0.0076699042692780495,-1.2640001773834229,1.3545050621032715,-0.1426602154970169,0.0015339808305725455,0.1799788352440362,0.0013804475063177912,0.1919697790093963,0.0008637936252648889,-0.02530483647677425,0.0038531241087030837,0.9996719824752816,0.11590165310925882,-0.001983054898724995,0.22771972553915837,0.00939482143923942,-0.005458338545882029,-0.7031342159472108,0.7109741333091836,0.1798445575230384,0.0013794175888563632,0.19224576904976093,-0.052155330777168274,0.10615927863014128,-0.07110067853644982,0.47685905072649626,0.1053804955246678,0.962067471661092,-0.25108361441214405,-0.01667782085115244,0,nan,nan,nan,nan,nan,nan,nan,nan
10.29479432106018,1789121550.6894252,watch,0,0.0076699042692780495,-1.2624661922454834,1.3545050621032715,-0.1426602154970169,0.0015339808305725455,0.0076699042692780495,-1.2624661922454834,1.3545050621032715,-0.1426602154970169,0.0015339808305725455,0.1799788352440362,0.0013804475063177912,0.1919697790093963,0.0008637936252648889,-0.02530483647677425,0.0038531241087030837,0.9996719824752816,0.11595818388435147,-0.0020062090622089135,0.22780393029463308,0.009512205037701636,-0.005431553321611627,-0.7030381986986054,0.7110677234655329,0.17997883524403624,0.0013804475063177919,0.1919697790093963,-0.05062134563922882,0.10614069993015343,-0.07108619885077865,0.47675772227405866,0.10553340981437004,0.9620355671590314,-0.25113680811964223,-0.016750240040999773,0,nan,nan,nan,nan,nan,nan,nan,nan
10.334528684616089,1789121550.7227824,watch,0,0.0076699042692780495,-1.2640001773834229,1.3545050621032715,-0.1426602154970169,0.0015339808305725455,0.0076699042692780495,-1.2640001773834229,1.3545050621032715,-0.1426602154970169,0.0015339808305725455,0.1799788352440362,0.0013804475063177912,0.1919697790093963,0.0008637936252648889,-0.02530483647677425,0.0038531241087030837,0.9996719824752816,0.11587804400840879,-0.001964349180335001,0.22768189836415026,0.0093899614879912,-0.005179768467055998,-0.7030323940305274,0.7110769659928434,0.1798445575230384,0.0013794175888563632,0.19224576904976093,-0.052155330777168274,0.10617609189467013,-0.07110729282085042,0.4769039033082534,0.10556979013223484,0.9620993283181392,-0.2508731397648506,-0.016809806832542764,0,nan,nan,nan,nan,nan,nan,nan,nan
10.37476110458374,1789121550.75614,watch,0,0.0076699042692780495,-1.2640001773834229,1.3545050621032715,-0.1426602154970169,0.0015339808305725455,0.0076699042692780495,-1.2640001773834229,1.3545050621032715,-0.1426602154970169,0.0015339808305725455,0.1799598786286471,0.0013803021080413403,0.19200880712854043,0.0008642071924580178,-0.025413227489452333,0.0038531966977358996,0.9996692322411981,0.11583737189058041,-0.001948744542188463,0.22761931059652152,0.009557285695952421,-0.005000938351559384,-0.7030747646659624,0.7110341230880777,0.1798445575230384,0.0013794175888563632,0.19224576904976093,-0.052155330777168274,0.10618857747032645,-0.07111657292905858,0.4769785554652835,0.1055707397023977,0.9621034681416577,-0.2508399870373952,-0.017059789317637908,0,nan,nan,nan,nan,nan,nan,nan,nan
10.41468334197998,1789121550.8228543,watch,0,0.0076699042692780495,-1.2624661922454834,1.3545050621032715,-0.1426602154970169,0.0015339808305725455,0.0076699042692780495,-1.2624661922454834,1.3545050621032715,-0.1426602154970169,0.0015339808305725455,0.17989777740787147,0.0013798257882827267,0.19213651133002196,0.0008655606624725157,-0.025767972314670838,0.0038534339535999797,0.999660148977789,0.1158731751179366,-0.001962727801480546,0.22767629821713076,0.009552066031025677,-0.005043886829310162,-0.7031419374643401,0.7109674627007107,0.17997883524403624,0.0013804475063177919,0.1919697790093963,-0.05062134563922882,0.10617720186729679,-0.071109230269834,0.47691116353295127,0.10547083363416103,0.9621072882038424,-0.2508678637729565,-0.017052394657559596,0,nan,nan,nan,nan,nan,nan,nan,nan
10.45470118522644,1789121550.8562114,watch,0,0.0076699042692780495,-1.2624661922454834,1.3545050621032715,-0.1426602154970169,0.0015339808305725455,0.0076699042692780495,-1.2624661922454834,1.3545050621032715,-0.1426602154970169,0.0015339808305725455,0.17997234281765545,0.00138039770905249,0.19198314812371253,0.0008639352892857159,-0.025341964655320355,0.0038531489783758545,0.9996710417363178,0.11589986481950665,-0.001977950997061828,0.2277137624441234,0.009386725564893743,-0.005288451825706481,-0.703097696275184,0.7110116392528224,0.17997883524403624,0.0013804475063177919,0.1919697790093963,-0.05062134563922882,0.10616439877040645,-0.07110047983008826,0.4768652596695841,0.10546047804026001,0.9620916524953628,-0.2509516643228344,-0.01676311259466436,0,nan,nan,nan,nan,nan,nan,nan,nan
10.495055437088013,1789121550.8895686,watch,0,0.0076699042692780495,-1.2640001773834229,1.3545050621032715,-0.1426602154970169,0.0015339808305725455,0.0076699042692780495,-1.2640001773834229,1.3545050621032715,-0.1426602154970169,0.0015339808305725455,0.1799788352440362,0.0013804475063177912,0.1919697790093963,0.0008637936252648889,-0.02530483647677425,0.0038531241087030837,0.9996719824752816,0.11583061174762932,-0.0019425609730193694,0.22760923844204617,0.009749316203923412,-0.004887957019767397,-0.7031250994522336,0.7109825266699707,0.1798445575230384,0.0013794175888563632,0.19224576904976093,-0.052155330777168274,0.10619414506358744,-0.07111898277905676,0.4769907447591281,0.10555229265744435,0.9620932190502649,-0.2508712338383388,-0.01729090525928714,0,nan,nan,nan,nan,nan,nan,nan,nan
10.534562826156616,1789121550.9229257,watch,0,0.0076699042692780495,-1.2624661922454834,1.3545050621032715,-0.1426602154970169,0.0015339808305725455,0.0076699042692780495,-1.2624661922454834,1.3545050621032715,-0.1426602154970169,0.0015339808305725455,0.1799788352440362,0.0013804475063177912,0.1919697790093963,0.0008637936252648889,-0.02530483647677425,0.0038531241087030837,0.9996719824752816,0.11589801662037924,-0.001976335977425858,0.22770993004405077,0.009492129871869546,-0.005354561892662496,-0.7030537376681116,0.7110532118543109,0.17997883524403624,0.0013804475063177919,0.1919697790093963,-0.05062134563922882,0.10616592843374716,-0.07110062449397198,0.47686954343208693,0.10552365739262574,0.9620543605800915,-0.2510664224422415,-0.016787392333798546,0,nan,nan,nan,nan,nan,nan,nan,nan
10.56789755821228,1789121550.9562829,watch,0,0.0076699042692780495,-1.2640001773834229,1.3545050621032715,-0.1426602154970169,0.0015339808305725455,0.0076699042692780495,-1.2640001773834229,1.3545050621032715,-0.1426602154970169,0.0015339808305725455,0.1799788352440362,0.0013804475063177912,0.1919697790093963,0.0008637936252648889,-0.02530483647677425,0.0038531241087030837,0.9996719824752816,0.11586304859589397,-0.001959818225476667,0.2276615308727089,0.009423997702979124,-0.005065297692038982,-0.7029842663632023,0.7111249203004881,0.1798445575230384,0.0013794175888563632,0.19224576904976093,-0.052155330777168274,0.1061792929360419,-0.07111172412013941,0.4769290099523298,0.10566149498634429,0.9621046651946639,-0.2508087303273983,-0.01688912311142877,0,nan,nan,nan,nan,nan,nan,nan,nan
10.602497577667236,1789121550.9896402,watch,0,0.0076699042692780495,-1.2624661922454834,1.3545050621032715,-0.1426602154970169,0.0015339808305725455,0.0076699042692780495,-1.2624661922454834,1.3545050621032715,-0.1426602154970169,0.0015339808305725455,0.1799329868228915,0.001380095846420937,0.19206413540607603,0.0008647935439448479,-0.025566907250054574,0.003853299539161937,0.999665312726442,0.1159259127541718,-0.0019876793773656587,0.22775445616814333,0.009511395429926208,-0.005334919604459079,-0.703034047580913,0.7110725700881649,0.17997883524403624,0.0013804475063177919,0.1919697790093963,-0.05062134563922882,0.1061566164736976,-0.07109487167466938,0.4768169161083892,0.10555692489352526,0.9620510575855262,-0.25106376523963436,-0.01680726001735877,0,nan,nan,nan,nan,nan,nan,nan,nan
10.636004447937012,1789121551.0563545,watch,0,0.0076699042692780495,-1.2624661922454834,1.3545050621032715,-0.1426602154970169,0.0015339808305725455,0.0076699042692780495,-1.2624661922454834,1.3545050621032715,-0.1426602154970169,0.0015339808305725455,0.17984455752303846,0.001379417588856363,0.19224576904976082,0.000866718912542752,-0.026071570054619624,0.0038536366182943434,0.9996522753027813,0.11593467772783989,-0.00199536998163502,0.22776320947197315,0.009307253602467477,-0.005342522645961486,-0.7029734224900429,0.7111351487268736,0.17997883524403624,0.0013804475063177919,0.1919697790093963,-0.05062134563922882,0.10615004333124149,-0.07108981972372243,0.47680492185663065,0.10560703126096671,0.9620793751582815,-0.2509460963850075,-0.01662791485492123,0,nan,nan,nan,nan,nan,nan,nan,nan
10.674701452255249,1789121551.0897117,watch,0,0.0076699042692780495,-1.2640001773834229,1.3545050621032715,-0.1426602154970169,0.0015339808305725455,0.0076699042692780495,-1.2640001773834229,1.3545050621032715,-0.1426602154970169,0.0015339808305725455,0.17984455752303846,0.001379417588856363,0.19224576904976082,0.000866718912542752,-0.026071570054619624,0.0038536366182943434,0.9996522753027813,0.11598920184078332,-0.0020156479384646764,0.22784663888376389,0.009434424588178551,-0.005763810810035244,-0.7031271611039994,0.7109781750767507,0.1798445575230384,0.0013794175888563632,0.19224576904976093,-0.052155330777168274,0.10613396960167694,-0.07107728715796868,0.47670527693106635,0.10533903428037565,0.9620084749415744,-0.2513374506896471,-0.016518712973277366,0,nan,nan,nan,nan,nan,nan,nan,nan
10.736577033996582,1789121551.0897117,watch,0,0.0076699042692780495,-1.2640001773834229,1.3545050621032715,-0.1426602154970169,0.0015339808305725455,0.0076699042692780495,-1.2640001773834229,1.3545050621032715,-0.1426602154970169,0.0015339808305725455,0.17984455752303846,0.001379417588856363,0.19224576904976082,0.000866718912542752,-0.026071570054619624,0.0038536366182943434,0.9996522753027813,0.11598920184078332,-0.0020156479384646764,0.22784663888376389,0.009434424588178551,-0.005763810810035244,-0.7031271611039994,0.7109781750767507,0.1798445575230384,0.0013794175888563632,0.19224576904976093,-0.052155330777168274,0.10613396960167694,-0.07107728715796868,0.47670527693106635,0.10533903428037565,0.9620084749415744,-0.2513374506896471,-0.016518712973277366,0,nan,nan,nan,nan,nan,nan,nan,nan
10.774792909622192,1789121551.1897829,watch,0,0.0076699042692780495,-1.2624661922454834,1.3545050621032715,-0.1426602154970169,0.0015339808305725455,0.0076699042692780495,-1.2624661922454834,1.3545050621032715,-0.1426602154970169,0.0015339808305725455,0.17984455752303846,0.001379417588856363,0.19224576904976082,0.000866718912542752,-0.026071570054619624,0.0038536366182943434,0.9996522753027813,0.11592021756914028,-0.001985683224820317,0.22774563239766077,0.009413213749860181,-0.005365778025459781,-0.7030353365487945,0.7110723700136325,0.17997883524403624,0.0013804475063177919,0.1919697790093963,-0.05062134563922882,0.10615818421279015,-0.07109610586824446,0.4768274183768782,0.10553466034873363,0.9620646893363497,-0.251027065079703,-0.01671471192396412,0,nan,nan,nan,nan,nan,nan,nan,nan
10.814827680587769,1789121551.2231402,watch,0,0.0076699042692780495,-1.2624661922454834,1.3545050621032715,-0.1426602154970169,0.0015339808305725455,0.0076699042692780495,-1.2624661922454834,1.3545050621032715,-0.1426602154970169,0.0015339808305725455,0.17984455752303846,0.001379417588856363,0.19224576904976082,0.000866718912542752,-0.026071570054619624,0.0038536366182943434,0.9996522753027813,0.11582781558901717,-0.0019477295362149982,0.2276137422280744,0.009460245612909084,-0.004919531626766576,-0.7030077938690429,0.7111022034285214,0.17997883524403624,0.0013804475063177919,0.1919697790093963,-0.05062134563922882,0.10618822268597042,-0.07112245375067895,0.4769879708744083,0.10566213261404703,0.962125310037361,-0.25072084249851473,-0.017013543246444714,0,nan,nan,nan,nan,nan,nan,nan,nan
10.854762077331543,1789121551.2564974,watch,0,0.0076699042692780495,-1.2640001773834229,1.3545050621032715,-0.1426602154970169,0.0015339808305725455,0.0076699042692780495,-1.2640001773834229,1.3545050621032715,-0.1426602154970169,0.0015339808305725455,0.17984455752303846,0.001379417588856363,0.19224576904976082,0.000866718912542752,-0.026071570054619624,0.0038536366182943434,0.9996522753027813,0.1158516637660355,-0.00195371005869982,0.22764346185926615,0.00970927371383193,-0.0050624898077790735,-0.7030707638906488,0.7110355843156626,0.1798445575230384,0.0013794175888563632,0.19224576904976093,-0.052155330777168274,0.10618453438281879,-0.07111441376607434,0.4769504273830698,0.1055875541405661,0.9620640227914012,-0.25097899547064456,-0.017135585592141702,0,nan,nan,nan,nan,nan,nan,nan,nan
10.894836902618408,1789121551.2898555,watch,0,0.0076699042692780495,-1.2640001773834229,1.3545050621032715,-0.1426602154970169,0.0015339808305725455,0.0076699042692780495,-1.2640001773834229,1.3545050621032715,-0.1426602154970169,0.0015339808305725455,0.1799134296800473,0.0013799458420660732,0.1921043459005925,0.0008652197241575284,-0.025678609911954923,0.003853374232907744,0.9996624489770733,0.11590185861181557,-0.0019787106234852025,0.22772253651434082,0.00941583616751812,-0.005322136431162882,-0.7030358773144317,0.711072128621142,0.1798445575230384,0.0013794175888563632,0.19224576904976093,-0.052155330777168274,0.10616336071556219,-0.0711026662591098,0.4768565603294638,0.10554245111556515,0.9620714763091829,-0.2509958553089299,-0.016743539127872752,0,nan,nan,nan,nan,nan,nan,nan,nan
10.935112714767456,1789121551.3232133,watch,0,0.0076699042692780495,-1.2624661922454834,1.3545050621032715,-0.1426602154970169,0.0015339808305725455,0.0076699042692780495,-1.2624661922454834,1.3545050621032715,-0.1426602154970169,0.0015339808305725455,0.17996773894121326,0.0013803623970684703,0.1919926268310956,0.0008640357315073822,-0.025368289339067845,0.0038531666083071354,0.9996703738959921,0.1157460623166815,-0.0019111666211603928,0.2274889200053945,0.00948227436057883,-0.004783524467668935,-0.7030812669567248,0.7110301937478778,0.17997883524403624,0.0013804475063177919,0.1919697790093963,-0.05062134563922882,0.10621833678734033,-0.07114259622165534,0.4771372640535267,0.10559103770969826,0.962154386421733,-0.25063070662980713,-0.0171382128313057,0,nan,nan,nan,nan,nan,nan,nan,nan
10.97480821609497,1789121551.3565714,watch,0,0.0076699042692780495,-1.2624661922454834,1.3545050621032715,-0.1426602154970169,0.0015339808305725455,0.0076699042692780495,-1.2624661922454834,1.3545050621032715,-0.1426602154970169,0.0015339808305725455,0.17987821105068452,0.00137967571325335,0.19217669966469814,0.000865986671759568,-0.025879634694163118,0.0038535085342315126,0.9996572637895238,0.11585949095875248,-0.0019583406429594385,0.2276579492016953,0.009095907920945953,-0.005322399701468438,-0.7029475003849163,0.7111636578334906,0.17997883524403624,0.0013804475063177919,0.1919697790093963,-0.05062134563922882,0.10618035235603941,-0.0711134341937453,0.47693387016599864,0.10561409427679999,0.9621187136840597,-0.25080255566610254,-0.016471852973283244,0,nan,nan,nan,nan,nan,nan,nan,nan
11.01471996307373,1789121551.4232879,watch,0,0.0076699042692780495,-1.2640001773834229,1.3545050621032715,-0.1426602154970169,0.0015339808305725455,0.0076699042692780495,-1.2640001773834229,1.3545050621032715,-0.1426602154970169,0.0015339808305725455,0.17984455752303846,0.001379417588856363,0.19224576904976082,0.000866718912542752,-0.026071570054619624,0.0038536366182943434,0.9996522753027813,0.11575553366084623,-0.0019095827294174916,0.22749738067313158,0.009446043646630797,-0.0047103655669748865,-0.7031051261984831,0.7110075711474997,0.1798445575230384,0.0013794175888563632,0.19224576904976093,-0.052155330777168274,0.1062210036146353,-0.07113864433261488,0.4771253868241744,0.10556680090900618,0.9621767822137928,-0.25055318619721795,-0.017163659311818787,0,nan,nan,nan,nan,nan,nan,nan,nan
11.076741933822632,1789121551.4232879,watch,0,0.0076699042692780495,-1.2640001773834229,1.3545050621032715,-0.1426602154970169,0.0015339808305725455,0.0076699042692780495,-1.2640001773834229,1.3545050621032715,-0.1426602154970169,0.0015339808305725455,0.17985387017959426,0.0013794890174412973,0.19222666280141718,0.000866516346667878,-0.02601847263327079,0.0038536011989867987,0.9996536590184882,0.11575553366084623,-0.0019095827294174916,0.22749738067313158,0.009446043646630797,-0.0047103655669748865,-0.7031051261984831,0.7110075711474997,0.1798445575230384,0.0013794175888563632,0.19224576904976093,-0.052155330777168274,0.1062210036146353,-0.07113864433261488,0.4771253868241744,0.10556680090900618,0.9621767822137928,-0.25055318619721795,-0.017163659311818787,0,nan,nan,nan,nan,nan,nan,nan,nan
11.114847183227539,1789121551.4900038,watch,0,0.0076699042692780495,-1.2624661922454834,1.3545050621032715,-0.1426602154970169,0.0015339808305725455,0.0076699042692780495,-1.2624661922454834,1.3545050621032715,-0.1426602154970169,0.0015339808305725455,0.1799788352440362,0.0013804475063177912,0.1919697790093963,0.0008637936252648889,-0.02530483647677425,0.0038531241087030837,0.9996719824752816,0.11580052969411359,-0.001928045174292431,0.227561972614776,0.00912405615237084,-0.005002882449114068,-0.7030025034625593,0.7111112450889122,0.17997883524403624,0.0013804475063177919,0.1919697790093963,-0.05062134563922882,0.10620636744944692,-0.07112598755901511,0.4770468806934801,0.10560318966904349,0.9621742151245136,-0.2505785756019235,-0.01670699046990275,0,nan,nan,nan,nan,nan,nan,nan,nan
11.154794216156006,1789121551.5567203,watch,0,0.0076699042692780495,-1.2624661922454834,1.352971076965332,-0.1426602154970169,0.0015339808305725455,0.0076699042692780495,-1.2624661922454834,1.352971076965332,-0.1426602154970169,0.0015339808305725455,0.1799788352440362,0.0013804475063177912,0.1919697790093963,0.0008637936252648889,-0.02530483647677425,0.0038531241087030837,0.9996719824752816,0.11583897600142751,-0.0019473819828217387,0.22762437843983135,0.009461055727441178,-0.00498638265688455,-0.7031751690075861,0.7109362180278018,0.1799873125032293,0.0013805125273592806,0.19244184955692611,-0.052155330777168274,0.10618982661577302,-0.07111780335721245,0.47697335561358734,0.10542275188860799,0.9621388455295525,-0.2507685414029289,-0.017030089545874233,0,nan,nan,nan,nan,nan,nan,nan,nan
11.194807529449463,1789121551.590078,watch,0,0.0076699042692780495,-1.2640001773834229,1.3545050621032715,-0.1426602154970169,0.0015339808305725455,0.0076699042692780495,-1.2640001773834229,1.3545050621032715,-0.1426602154970169,0.0015339808305725455,0.1799788352440362,0.0013804475063177912,0.1919697790093963,0.0008637936252648889,-0.02530483647677425,0.0038531241087030837,0.9996719824752816,0.11580894839813566,-0.0019382247632071525,0.227578997689323,0.00944396653520963,-0.005197978370488718,-0.7030207921927787,0.7110875883191744,0.1798445575230384,0.0013794175888563632,0.19224576904976093,-0.052155330777168274,0.10619666636799345,-0.07112456697850354,0.47702769156268016,0.10559026483683018,0.9620844197580969,-0.2509199682746686,-0.016835520528141433,0,nan,nan,nan,nan,nan,nan,nan,nan
11.235046625137329,1789121551.6234362,watch,0,0.0076699042692780495,-1.2640001773834229,1.3545050621032715,-0.1426602154970169,0.0015339808305725455,0.0076699042692780495,-1.2640001773834229,1.3545050621032715,-0.1426602154970169,0.0015339808305725455,0.1799788352440362,0.0013804475063177912,0.1919697790093963,0.0008637936252648889,-0.02530483647677425,0.0038531241087030837,0.9996719824752816,0.11590479250639879,-0.00197471894956483,0.22771440310365032,0.009093473535521122,-0.005273409263521655,-0.7030079032704362,0.711104343843506,0.1798445575230384,0.0013794175888563632,0.19224576904976093,-0.052155330777168274,0.10616842981174762,-0.07109716257077617,0.4768624516150758,0.10554091727170838,0.9621361802463915,-0.2507631564036094,-0.01652043682318011,0,nan,nan,nan,nan,nan,nan,nan,nan
11.274844884872437,1789121551.6567945,watch,0,0.0076699042692780495,-1.2624661922454834,1.3545050621032715,-0.1426602154970169,0.0015339808305725455,0.0076699042692780495,-1.2624661922454834,1.3545050621032715,-0.1426602154970169,0.0015339808305725455,0.1799788352440362,0.0013804475063177912,0.1919697790093963,0.0008637936252648889,-0.02530483647677425,0.0038531241087030837,0.9996719824752816,0.1158687837785839,-0.001962714772540175,0.22766904551269235,0.009282729553381415,-0.005389292195586414,-0.7030750614320228,0.7110346295744159,0.17997883524403624,0.0013804475063177919,0.1919697790093963,-0.05062134563922882,0.10617694934841437,-0.07110967042043222,0.4769196268806577,0.1054567460191018,0.9620912915705669,-0.25096444584860683,-0.01661530388054303,0,nan,nan,nan,nan,nan,nan,nan,nan
11.314740419387817,1789121551.7235105,watch,0,0.0076699042692780495,-1.2624661922454834,1.3545050621032715,-0.1426602154970169,0.0015339808305725455,0.0076699042692780495,-1.2624661922454834,1.3545050621032715,-0.1426602154970169,0.0015339808305725455,0.17987948655482675,0.0013796854964398565,0.1921740805368777,0.0008659589070788107,-0.02587235714651986,0.0038535036749289936,0.9996574522106467,0.11599900217699016,-0.002022204669652472,0.2278579505593185,0.009360063484128982,-0.005619206341036459,-0.7030162392085959,0.7110899951065773,0.17997883524403624,0.0013804475063177919,0.1919697790093963,-0.05062134563922882,0.10612850584352534,-0.07107275025563978,0.4766905611170689,0.10550531871037441,0.9620300440751832,-0.2511854569500105,-0.01651327457949963,0,nan,nan,nan,nan,nan,nan,nan,nan
11.35469675064087,1789121551.7568686,watch,0,0.0076699042692780495,-1.2624661922454834,1.3545050621032715,-0.1426602154970169,0.0015339808305725455,0.0076699042692780495,-1.2624661922454834,1.3545050621032715,-0.1426602154970169,0.0015339808305725455,0.17989235166595646,0.0013797841725455965,0.19214765782286009,0.000865678815324554,-0.025798941408260674,0.0038534546430226044,0.9996593500336582,0.11583414164885236,-0.001944068828857809,0.22761127971828582,0.009193354257861584,-0.005110603650526314,-0.7030246031457347,0.7110877381445971,0.17997883524403624,0.0013804475063177919,0.1919697790093963,-0.05062134563922882,0.10619316725835046,-0.0711165778608603,0.4769872575100766,0.10556362199864705,0.9621466653875164,-0.25070140229430643,-0.016700984458345166,0,nan,nan,nan,nan,nan,nan,nan,nan
11.39489197731018,1789121551.7902267,watch,0,0.0076699042692780495,-1.2624661922454834,1.3545050621032715,-0.1426602154970169,0.0015339808305725455,0.0076699042692780495,-1.2624661922454834,1.3545050621032715,-0.1426602154970169,0.0015339808305725455,0.17997580258169754,0.0013804242456318485,0.1919760241401292,0.0008638598004645944,-0.025322180045911132,0.003853135726653616,0.9996715432025859,0.11575728328623552,-0.0019080291996537713,0.22750220259605197,0.00954626247405292,-0.004745290127791562,-0.7031574128297762,0.7109542909898746,0.17997883524403624,0.0013804475063177919,0.1919697790093963,-0.05062134563922882,0.10622248540859437,-0.07113967326501767,0.4771203399271917,0.10550444643057078,0.9621598275607847,-0.25063959726432194,-0.017235727276747954,0,nan,nan,nan,nan,nan,nan,nan,nan
11.434866666793823,1789121551.823585,watch,0,0.0076699042692780495,-1.2640001773834229,1.3545050621032715,-0.1426602154970169,0.0015339808305725455,0.0076699042692780495,-1.2640001773834229,1.3545050621032715,-0.1426602154970169,0.0015339808305725455,0.1798863131090673,0.00137973785648411,0.19216006120264414,0.0008658102943941356,-0.02583340366920965,0.0038534776617861794,0.9996584598438149,0.11591047180250574,-0.001980726695890195,0.22773182183294938,0.009419092682489617,-0.005325214317495406,-0.7029894098199219,0.7111180017877127,0.1798445575230384,0.0013794175888563632,0.19224576904976093,-0.052155330777168274,0.10616227907488726,-0.07109912087756617,0.4768442831528083,0.10560540238001014,0.9620634908252914,-0.25100099755627225,-0.016728354221704295,0,nan,nan,nan,nan,nan,nan,nan,nan
11.469178199768066,1789121551.856943,watch,0,0.0076699042692780495,-1.2624661922454834,1.3545050621032715,-0.1426602154970169,0.0015339808305725455,0.0076699042692780495,-1.2624661922454834,1.3545050621032715,-0.1426602154970169,0.0015339808305725455,0.1798845327333486,0.0013797242009050091,0.19216371773388347,0.0008658490552275785,-0.025843563400021405,0.0038534844470186997,0.9996581971823265,0.1158911659771597,-0.001976802268045086,0.22770155589671032,0.009277245240932687,-0.005419551194187495,-0.702996118509838,0.7111125217190983,0.17997883524403624,0.0013804475063177919,0.1919697790093963,-0.05062134563922882,0.10616483550427334,-0.07110257486883528,0.47688013949863073,0.10555737355500694,0.9620756744425505,-0.2509852757360587,-0.016565895622482375,0,nan,nan,nan,nan,nan,nan,nan,nan
11.504776000976562,1789121551.890301,watch,0,0.0076699042692780495,-1.2640001773834229,1.3545050621032715,-0.1426602154970169,0.0015339808305725455,0.0076699042692780495,-1.2640001773834229,1.3545050621032715,-0.1426602154970169,0.0015339808305725455,0.17995927662150496,0.0013802974906136464,0.1920100461957279,0.0008642203229625149,-0.025416668876284968,0.0038531990016803805,0.999669144729355,0.11586329241984245,-0.001960172941438909,0.22766050724665132,0.009479108910539536,-0.005147265629795623,-0.703130399111678,0.7109791093948198,0.1798445575230384,0.0013794175888563632,0.19224576904976093,-0.052155330777168274,0.10617906791298921,-0.07111096923748915,0.47692979264042057,0.1054562888032688,0.9621023239706689,-0.25090128899633735,-0.016930225694191114,0,nan,nan,nan,nan,nan,nan,nan,nan
11.544820070266724,1789121551.9570174,watch,0,0.0076699042692780495,-1.2640001773834229,1.3545050621032715,-0.1426602154970169,0.0015339808305725455,0.0076699042692780495,-1.2640001773834229,1.3545050621032715,-0.1426602154970169,0.0015339808305725455,0.17986593597500825,0.001379581562751797,0.19220190042761212,0.0008662538260932766,-0.025949660477350832,0.003853555280864492,0.9996554480605387,0.11570992445241057,-0.001890164263593036,0.2274330535322064,0.009557441485187446,-0.004401026438694122,-0.7030752496710645,0.7110376077103894,0.1798445575230384,0.0013794175888563632,0.19224576904976093,-0.052155330777168274,0.1062364428857847,-0.07115214359816159,0.4772039658067638,0.10568145171972937,0.9622021802732881,-0.25038910842557943,-0.01742668705132538,0,nan,nan,nan,nan,nan,nan,nan,nan
11.584666967391968,1789121551.9903755,watch,0,0.0076699042692780495,-1.2624661922454834,1.3545050621032715,-0.1426602154970169,0.0015339808305725455,0.0076699042692780495,-1.2624661922454834,1.3545050621032715,-0.1426602154970169,0.0015339808305725455,0.1799554954315359,0.0013802684886798546,0.19201782824575225,0.0008643027908045551,-0.02543828300856743,0.0038532134709005233,0.9996685948274106,0.11589363792797441,-0.0019723672427598704,0.22770594999436472,0.009440186661529853,-0.005144280341412176,-0.7031659910076886,0.7109444481432706,0.17997883524403624,0.0013804475063177919,0.1919697790093963,-0.05062134563922882,0.10616930667242158,-0.07110335527352876,0.4768751909929763,0.10540269845156615,0.9621154120897514,-0.2508746631882773,-0.016914737617367122,0,nan,nan,nan,nan,nan,nan,nan,nan
11.624784231185913,1789121552.0237334,watch,0,0.0076699042692780495,-1.2640001773834229,1.3545050621032715,-0.1426602154970169,0.0015339808305725455,0.0076699042692780495,-1.2640001773834229,1.3545050621032715,-0.1426602154970169,0.0015339808305725455,0.1799788352440362,0.0013804475063177912,0.1919697790093963,0.0008637936252648889,-0.02530483647677425,0.0038531241087030837,0.9996719824752816,0.11580830886064758,-0.0019303404751611075,0.22757515691116725,0.00936716848061694,-0.004899787671610917,-0.703051215437298,0.7110606420746173,0.1798445575230384,0.0013794175888563632,0.19224576904976093,-0.052155330777168274,0.1062045630793322,-0.07112491125978011,0.47703154461386965,0.10559289312693593,0.962152539510377,-0.250648456287019,-0.016970061748561853,0,nan,nan,nan,nan,nan,nan,nan,nan
11.664801597595215,1789121552.0570915,watch,0,0.0076699042692780495,-1.2624661922454834,1.3545050621032715,-0.1426602154970169,0.0015339808305725455,0.0076699042692780495,-1.2624661922454834,1.3545050621032715,-0.1426602154970169,0.0015339808305725455,0.1799788352440362,0.0013804475063177912,0.1919697790093963,0.0008637936252648889,-0.02530483647677425,0.0038531241087030837,0.9996719824752816,0.11587299431596432,-0.001967189426315824,0.22767127948860028,0.009196000092809305,-0.005267150488458537,-0.7030426855163843,0.7110686837781112,0.17997883524403624,0.0013804475063177919,0.1919697790093963,-0.05062134563922882,0.10617317622816531,-0.0711061762711712,0.4769155900150011,0.1055103539976862,0.9621230229941504,-0.25082034725195934,-0.016613465270288175,0,nan,nan,nan,nan,nan,nan,nan,nan
11.702375411987305,1789121552.0904498,watch,0,0.0076699042692780495,-1.2624661922454834,1.3545050621032715,-0.1426602154970169,0.0015339808305725455,0.0076699042692780495,-1.2624661922454834,1.3545050621032715,-0.1426602154970169,0.0015339808305725455,0.17989462203230303,0.0013798015863796026,0.19214299385910022,0.0008656293769644946,-0.02578598307549185,0.0038534459864389345,0.9996596844509844,0.1158632040638295,-0.0019585495977854916,0.22766060271442767,0.009391708234107453,-0.005043205568062718,-0.7031202358304282,0.7109910659493598,0.17997883524403624,0.0013804475063177919,0.1919697790093963,-0.05062134563922882,0.10618063486028526,-0.07111141279803898,0.47692978285734833,0.10547628742084511,0.9621344723687941,-0.2507699654619658,-0.016924369818163348,0,nan,nan,nan,nan,nan,nan,nan,nan
11.744788408279419,1789121552.123808,watch,0,0.0076699042692780495,-1.2624661922454834,1.3545050621032715,-0.1426602154970169,0.0015339808305725455,0.0076699042692780495,-1.2624661922454834,1.3545050621032715,-0.1426602154970169,0.0015339808305725455,0.17987756565094168,0.0013796707630020363,0.1921780248954731,0.0008660007202377588,-0.025883317019308124,0.0038535109928850304,0.9996571684311869,0.11585014960670148,-0.0019552218151501766,0.22764055114534315,0.009478133978318745,-0.004987878840627192,-0.7031198816632807,0.710990659608672,0.17997883524403624,0.0013804475063177919,0.1919697790093963,-0.05062134563922882,0.10618299269521211,-0.07111407409913682,0.47695367671643074,0.1055000567968307,0.9621272220183196,-0.2507810868535718,-0.01702331177291621,0,nan,nan,nan,nan,nan,nan,nan,nan
11.784639120101929,1789121552.1905239,watch,0,0.0076699042692780495,-1.2624661922454834,1.3545050621032715,-0.1426602154970169,0.0015339808305725455,0.0076699042692780495,-1.2624661922454834,1.3545050621032715,-0.1426602154970169,0.0015339808305725455,0.1799788352440362,0.0013804475063177912,0.1919697790093963,0.0008637936252648889,-0.02530483647677425,0.0038531241087030837,0.9996719824752816,0.11584691192441193,-0.001953626311026191,0.22763595317411028,0.009485537497123421,-0.005417614137403806,-0.7029903308892883,0.7111155101048056,0.17997883524403624,0.0013804475063177919,0.1919697790093963,-0.05062134563922882,0.10618430372341808,-0.07111506097043772,0.47695928713972624,0.10559693212102897,0.9620358338298406,-0.25111094018022234,-0.016722382478432024,0,nan,nan,nan,nan,nan,nan,nan,nan
11.824819087982178,1789121552.2238822,watch,0,0.0076699042692780495,-1.2624661922454834,1.3545050621032715,-0.1426602154970169,0.0015339808305725455,0.0076699042692780495,-1.2624661922454834,1.3545050621032715,-0.1426602154970169,0.0015339808305725455,0.1799788352440362,0.0013804475063177912,0.1919697790093963,0.0008637936252648889,-0.02530483647677425,0.0038531241087030837,0.9996719824752816,0.11581872710228136,-0.0019355562211088306,0.22758910486642248,0.009626672997598394,-0.00492998978448796,-0.7032182425136461,0.7108917820341865,0.17997883524403624,0.0013804475063177919,0.1919697790093963,-0.05062134563922882,0.10620032841833964,-0.07112132730386925,0.47701423819521527,0.10539968240532838,0.9621232054154962,-0.25082635326960523,-0.0172042162081901,0,nan,nan,nan,nan,nan,nan,nan,nan
11.864789962768555,1789121552.2572403,watch,0,0.0076699042692780495,-1.2640001773834229,1.3545050621032715,-0.1426602154970169,0.0015339808305725455,0.0076699042692780495,-1.2640001773834229,1.3545050621032715,-0.1426602154970169,0.0015339808305725455,0.17997883524403624,0.0013804475063177914,0.1919697790093963,0.0008637936252648889,-0.02530483647677425,0.0038531241087030837,0.9996719824752816,0.11587686493215621,-0.001968225098202686,0.2276766914736007,0.009188959002098245,-0.005401621675625609,-0.7029534344361591,0.711155998730335,0.1798445575230384,0.0013794175888563632,0.19224576904976093,-0.052155330777168274,0.1061724694342959,-0.07110513069931115,0.4769089755543641,0.10560531320502774,0.962088975920565,-0.25091873509100376,-0.016495715059293647,0,nan,nan,nan,nan,nan,nan,nan,nan
11.902413368225098,1789121552.2905982,watch,0,0.0076699042692780495,-1.2624661922454834,1.3545050621032715,-0.1426602154970169,0.0015339808305725455,0.0076699042692780495,-1.2624661922454834,1.3545050621032715,-0.1426602154970169,0.0015339808305725455,0.17997883524403624,0.0013804475063177914,0.1919697790093963,0.0008637936252648889,-0.02530483647677425,0.0038531241087030837,0.9996719824752816,0.11590431916256722,-0.001977182898741575,0.2277199809919564,0.009448288689255542,-0.005193292909152828,-0.7030560485697979,0.7110527069908577,0.17997883524403624,0.0013804475063177919,0.1919697790093963,-0.05062134563922882,0.10616550645152929,-0.07109966217089031,0.4768576962073975,0.10554395883839662,0.9620895821792836,-0.2509184420060029,-0.016853607213014103,0,nan,nan,nan,nan,nan,nan,nan,nan
11.936090230941772,1789121552.3239563,watch,0,0.0076699042692780495,-1.2624661922454834,1.3545050621032715,-0.1426602154970169,0.0015339808305725455,0.0076699042692780495,-1.2624661922454834,1.3545050621032715,-0.1426602154970169,0.0015339808305725455,0.1799788352440362,0.0013804475063177912,0.1919697790093963,0.0008637936252648889,-0.02530483647677425,0.0038531241087030837,0.9996719824752816,0.11586919567323367,-0.001964426390147822,0.22766683335470939,0.009496415322012322,-0.005095198174444827,-0.7029275213108638,0.7111798343846373,0.17997883524403624,0.0013804475063177919,0.1919697790093963,-0.05062134563922882,0.10617551580649685,-0.07110795034848243,0.4769213529296249,0.10574379535137983,0.9620776808168867,-0.25087639067252776,-0.016906283500857468,0,nan,nan,nan,nan,nan,nan,nan,nan
11.974722146987915,1789121552.357314,watch,0,0.0076699042692780495,-1.2624661922454834,1.3545050621032715,-0.1426602154970169,0.0015339808305725455,0.0076699042692780495,-1.2624661922454834,1.3545050621032715,-0.1426602154970169,0.0015339808305725455,0.17995673460559303,0.001380277993212622,0.19201527800151683,0.0008642757652422418,-0.02543119982416025,0.003853208729378482,0.9996687750877253,0.11588618513590787,-0.0019706336337327324,0.2276915874834296,0.00932414026557892,-0.005198874707940734,-0.7030024298303639,0.7111073166285684,0.17997883524403624,0.0013804475063177919,0.1919697790093963,-0.05062134563922882,0.10617071020109164,-0.07110349265503099,0.47689140340993996,0.10559697429330094,0.9621041717773805,-0.2508479059877836,-0.016738271422251365,0,nan,nan,nan,nan,nan,nan,nan,nan
12.014687776565552,1789121552.4240303,watch,0,0.0076699042692780495,-1.2624661922454834,1.3545050621032715,-0.1426602154970169,0.0015339808305725455,0.0076699042692780495,-1.2624661922454834,1.3545050621032715,-0.1426602154970169,0.0015339808305725455,0.17990046177017455,0.0013798463774883536,0.19213099600199543,0.0008655022009921639,-0.025752649022918125,0.0038534237152562647,0.9996605439347465,0.1158032012893837,-0.0019307653609466902,0.22756401048041375,0.00937371992235697,-0.004991049973698426,-0.7031195375219483,0.7109923619490571,0.17997883524403624,0.0013804475063177919,0.1919697790093963,-0.05062134563922882,0.10620404309574058,-0.07112408127008439,0.47704377373750373,0.10548422558829591,0.9621463563105631,-0.2507198069074975,-0.016942420565302596,0,nan,nan,nan,nan,nan,nan,nan,nan
12.054625034332275,1789121552.4573882,watch,0,0.0076699042692780495,-1.2624661922454834,1.3545050621032715,-0.1426602154970169,0.0015339808305725455,0.0076699042692780495,-1.2624661922454834,1.3545050621032715,-0.1426602154970169,0.0015339808305725455,0.17997519248109975,0.0013804195661269074,0.19197728044746332,0.0008638731127613978,-0.025325669014964924,0.0038531380636725988,0.9996714547986512,0.11594321262796753,-0.0020000339950894674,0.22777686836416716,0.009038461593128985,-0.005729035064002858,-0.7029622321927826,0.7111466687539255,0.17997883524403624,0.0013804475063177919,0.1919697790093963,-0.05062134563922882,0.10614602224749824,-0.07108783878228105,0.4767887642072287,0.10550961925102,0.9620645463173269,-0.25107284394070667,-0.01618505484286458,0,nan,nan,nan,nan,nan,nan,nan,nan
12.094657897949219,1789121552.490746,watch,0,0.0076699042692780495,-1.2624661922454834,1.3545050621032715,-0.1426602154970169,0.0015339808305725455,0.0076699042692780495,-1.2624661922454834,1.3545050621032715,-0.1426602154970169,0.0015339808305725455,0.1799788352440362,0.0013804475063177912,0.1919697790093963,0.0008637936252648889,-0.02530483647677425,0.0038531241087030837,0.9996719824752816,0.11575174702065821,-0.0019072065483441147,0.22749103510368263,0.009642346378799729,-0.00472701933591384,-0.7031493007896136,0.7109611390530335,0.17997883524403624,0.0013804475063177919,0.1919697790093963,-0.05062134563922882,0.10622310992894088,-0.0711394521365965,0.4771328139383388,0.10553328304711715,0.9621434878972326,-0.2506845968032597,-0.0173166911340449,0,nan,nan,nan,nan,nan,nan,nan,nan
12.135169267654419,1789121552.5241044,watch,0,0.0076699042692780495,-1.2624661922454834,1.3545050621032715,-0.1426602154970169,0.0015339808305725455,0.0076699042692780495,-1.2624661922454834,1.3545050621032715,-0.1426602154970169,0.0015339808305725455,0.1799452182070216,0.0013801896618059425,0.1920389754309138,0.0008645268982000723,-0.02549702015909431,0.0038532527824470405,0.9996670980877802,0.11585373759221829,-0.0019553568640408303,0.22764547799128898,0.00940632245141353,-0.005280630888282349,-0.7030336586370656,0.7110747575738742,0.17997883524403624,0.0013804475063177919,0.1919697790093963,-0.05062134563922882,0.10618315263117319,-0.07111322742884758,0.47694764154790326,0.10555175947814253,0.9620797922543691,-0.25095890011810656,-0.016760962334197858,0,nan,nan,nan,nan,nan,nan,nan,nan
12.169727325439453,1789121552.5574622,watch,0,0.0076699042692780495,-1.2640001773834229,1.3545050621032715,-0.1426602154970169,0.0015339808305725455,0.0076699042692780495,-1.2640001773834229,1.3545050621032715,-0.1426602154970169,0.0015339808305725455,0.17987050322048015,0.0013796165937742715,0.19219252490812153,0.0008661544341887479,-0.02592360802049122,0.003853537891403043,0.999656124159411,0.1158198342192131,-0.001939742811745221,0.227592672629375,0.009209439325301924,-0.005162189792587702,-0.7029134257120986,0.7111970570647359,0.1798445575230384,0.0013794175888563632,0.19224576904976093,-0.052155330777168274,0.10619616189806409,-0.07112118862812201,0.4770104827911927,0.10570725239830253,0.9621186997615719,-0.25075199916766117,-0.016643895965943935,0,nan,nan,nan,nan,nan,nan,nan,nan
12.204829216003418,1789121552.59082,watch,0,0.0076699042692780495,-1.2624661922454834,1.3545050621032715,-0.1426602154970169,0.0015339808305725455,0.0076699042692780495,-1.2624661922454834,1.3545050621032715,-0.1426602154970169,0.0015339808305725455,0.17984802242947268,0.0013794441648781503,0.19245132401815948,0.0008679924946242382,-0.026405419760026222,0.00385385906900791,0.9996435105409339,0.11590050268805191,-0.00197871308795855,0.2277158563250905,0.009276792916720502,-0.005260692139833305,-0.7029936645504894,0.7111161465142416,0.17997883524403624,0.0013804475063177919,0.1919697790093963,-0.05062134563922882,0.10616361199346985,-0.07110074602237479,0.4768630958488801,0.10559022664153084,0.9621016127788228,-0.2508656529138363,-0.01666178004574617,0,nan,nan,nan,nan,nan,nan,nan,nan
12.244694471359253,1789121552.657536,watch,0,0.0076699042692780495,-1.2640001773834229,1.3545050621032715,-0.1426602154970169,0.0015339808305725455,0.0076699042692780495,-1.2640001773834229,1.3545050621032715,-0.1426602154970169,0.0015339808305725455,0.17994978814243787,0.0013802247134604376,0.19214289895257583,0.0008651475182420032,-0.025659684424517232,0.0038533615811135375,0.9996629350533764,0.11590268455751285,-0.0019789800921802825,0.22772139640716965,0.009327264044996796,-0.005237237279390359,-0.7029732066881138,0.7111358830559352,0.1798445575230384,0.0013794175888563632,0.19224576904976093,-0.052155330777168274,0.10616333584474524,-0.07110137156164055,0.4768571749707737,0.10562994384992971,0.9620929383762539,-0.25087917364946516,-0.016707277389448973,0,nan,nan,nan,nan,nan,nan,nan,nan
12.284736633300781,1789121552.6908941,watch,0,0.0076699042692780495,-1.2624661922454834,1.3545050621032715,-0.1426602154970169,0.0015339808305725455,0.0076699042692780495,-1.2624661922454834,1.3545050621032715,-0.1426602154970169,0.0015339808305725455,0.17993012370893008,0.0013800738861803178,0.19207002354380706,0.000864855948512557,-0.025583263451604787,0.0038533104792801,0.9996648941788966,0.11586678131540212,-0.0019604100377733358,0.22765990145494397,0.009376271667640861,-0.005093267532975253,-0.7030430997086313,0.7110671867745914,0.17997883524403624,0.0013804475063177919,0.1919697790093963,-0.05062134563922882,0.10617952763293277,-0.07110762776637419,0.4769286886391287,0.1055693016689005,0.9621177519649438,-0.2507995826279965,-0.016855956000370407,0,nan,nan,nan,nan,nan,nan,nan,nan
12.324832201004028,1789121552.724252,watch,0,0.0076699042692780495,-1.2640001773834229,1.3545050621032715,-0.1426602154970169,0.0015339808305725455,0.0076699042692780495,-1.2640001773834229,1.3545050621032715,-0.1426602154970169,0.0015339808305725455,0.17985540015528043,0.0013795007524384586,0.19222352334428391,0.0008664830626777932,-0.0260097481477052,0.0038535953781728967,0.9996538861081151,0.11595566197208068,-0.002003892119350009,0.22779492605833457,0.009260838868303143,-0.005660983212448575,-0.702944036553544,0.7111623384335911,0.1798445575230384,0.0013794175888563632,0.19224576904976093,-0.052155330777168274,0.1061431833925772,-0.07108467206461722,0.47676690409715866,0.10558052335103003,0.9620311891837731,-0.25115765224807907,-0.016388344755072365,0,nan,nan,nan,nan,nan,nan,nan,nan
12.36479663848877,1789121552.75761,watch,0,0.0076699042692780495,-1.2640001773834229,1.3545050621032715,-0.1426602154970169,0.0015339808305725455,0.0076699042692780495,-1.2640001773834229,1.3545050621032715,-0.1426602154970169,0.0015339808305725455,0.17984455752303846,0.001379417588856363,0.19224576904976082,0.000866718912542752,-0.026071570054619624,0.0038536366182943434,0.9996522753027813,0.11580592122663441,-0.0019315305925484416,0.22757468746476583,0.009647841373812532,-0.0048672169260181005,-0.7031700027679775,0.710939643404068,0.1798445575230384,0.0013794175888563632,0.19224576904976093,-0.052155330777168274,0.10620299024088252,-0.07112651981214331,0.47703305335308055,0.10547998350993383,0.962122431564962,-0.2507929556887875,-0.017242190555467336,0,nan,nan,nan,nan,nan,nan,nan,nan
12.402892112731934,1789121552.790968,watch,0,0.0076699042692780495,-1.2640001773834229,1.3545050621032715,-0.1426602154970169,0.0015339808305725455,0.0076699042692780495,-1.2640001773834229,1.3545050621032715,-0.1426602154970169,0.0015339808305725455,0.17984878390388678,0.0013794500054285386,0.1922370986629791,0.0008666269874562755,-0.02604747419298073,0.00385362054618594,0.9996529035892991,0.11590467397247278,-0.001978833898716864,0.22771983930568557,0.009386896409368947,-0.0052830757194038055,-0.7030284807076892,0.7110801154585756,0.1798445575230384,0.0013794175888563632,0.19224576904976093,-0.052155330777168274,0.10616396525462928,-0.07109896153702716,0.47685762143914234,0.10555540524357707,0.962082290348807,-0.25094898580010777,-0.016743044733716076,0,nan,nan,nan,nan,nan,nan,nan,nan
12.436553001403809,1789121552.824326,watch,0,0.0076699042692780495,-1.2624661922454834,1.3545050621032715,-0.1426602154970169,0.0015339808305725455,0.0076699042692780495,-1.2624661922454834,1.3545050621032715,-0.1426602154970169,0.0015339808305725455,0.17992350230241394,0.0013800230996303265,0.1920836389226655,0.0008650002520331942,-0.025621085528109357,0.003853335773273613,0.9996639253040712,0.11588745341590106,-0.0019738584614483745,0.2276946766806177,0.009447875694063754,-0.005236298046953748,-0.7030485403898786,0.7110598207487849,0.17997883524403624,0.0013804475063177919,0.1919697790093963,-0.05062134563922882,0.10616755202093489,-0.07110318470715371,0.47688801486255117,0.10554607705934721,0.9620814594752768,-0.25095064871242084,-0.01682447212006462,0,nan,nan,nan,nan,nan,nan,nan,nan
12.474718809127808,1789121552.8576841,watch,0,0.0076699042692780495,-1.2624661922454834,1.3545050621032715,-0.1426602154970169,0.0015339808305725455,0.0076699042692780495,-1.2624661922454834,1.3545050621032715,-0.1426602154970169,0.0015339808305725455,0.17995956146137454,0.0013802996753510192,0.19200945993340165,0.0008642141102846304,-0.025415040589133294,0.003853197911578082,0.9996691861369332,0.11586882419068584,-0.0019626990647351183,0.22767022924059094,0.009314288002151073,-0.00534156877138936,-0.7029786706451945,0.7111298758314045,0.17997883524403624,0.0013804475063177919,0.1919697790093963,-0.05062134563922882,0.1061768827652549,-0.07111018637678024,0.47691856271556676,0.10560114923679155,0.9620789810426018,-0.25094957401048457,-0.016635588954230302,0,nan,nan,nan,nan,nan,nan,nan,nan
12.514988660812378,1789121552.9243999,watch,0,0.0076699042692780495,-1.2640001773834229,1.3545050621032715,-0.1426602154970169,0.0015339808305725455,0.0076699042692780495,-1.2640001773834229,1.3545050621032715,-0.1426602154970169,0.0015339808305725455,0.1798858626567938,0.0013797344014905447,0.19216098635825157,0.0008658201014211806,-0.025835974219682954,0.003853479378580002,0.9996583933966396,0.1158891963522033,-0.0019730706545115773,0.2276982505373114,0.009430055765924265,-0.005403474749368388,-0.703036927632511,0.7110702882935864,0.1798445575230384,0.0013794175888563632,0.19224576904976093,-0.052155330777168274,0.10616837665313753,-0.07110348952157142,0.4768840578449506,0.1055280118333404,0.962055523218075,-0.25106563693676787,-0.016704936804236264,0,nan,nan,nan,nan,nan,nan,nan,nan
12.554723978042603,1789121552.9577577,watch,0,0.0076699042692780495,-1.2624661922454834,1.3545050621032715,-0.1426602154970169,0.0015339808305725455,0.0076699042692780495,-1.2624661922454834,1.3545050621032715,-0.1426602154970169,0.0015339808305725455,0.17997530705900378,0.0013804204449456956,0.19197704451256445,0.0008638706127053763,-0.025325013784638587,0.0038531376247827004,0.9996714714018885,0.11592886888366188,-0.0019897107985266116,0.22775365522681984,0.009263576332481094,-0.005568954641012827,-0.7029694814542841,0.7111378776592018,0.17997883524403624,0.0013804475063177919,0.1919697790093963,-0.05062134563922882,0.10615523420560509,-0.07109154306345375,0.47681619738535885,0.10556359177318764,0.9620496420442777,-0.2510897023571207,-0.016455263736368735,0,nan,nan,nan,nan,nan,nan,nan,nan
12.594742059707642,1789121552.991116,watch,0,0.0076699042692780495,-1.2624661922454834,1.3545050621032715,-0.1426602154970169,0.0015339808305725455,0.0076699042692780495,-1.2624661922454834,1.3545050621032715,-0.1426602154970169,0.0015339808305725455,0.17998345519302525,0.0013804829415791243,0.19222203034133342,0.0008653568285606811,-0.02571454577626579,0.003853398252449955,0.9996615250248394,0.11585378122407453,-0.001957587582963022,0.22764296974581744,0.009524463162643795,-0.005196980389924254,-0.7030760425919935,0.7110318940311129,0.17997883524403624,0.0013804475063177919,0.1919697790093963,-0.05062134563922882,0.10618116464530705,-0.07111158517811,0.4769497910200955,0.10552760299547138,0.9620775439880012,-0.25096729875635804,-0.016915652957629722,0,nan,nan,nan,nan,nan,nan,nan,nan
12.634907960891724,1789121553.024474,watch,0,0.0076699042692780495,-1.2624661922454834,1.3545050621032715,-0.1426602154970169,0.0015339808305725455,0.0076699042692780495,-1.2624661922454834,1.3545050621032715,-0.1426602154970169,0.0015339808305725455,0.1799743600665948,0.001380413181462144,0.192424084844018,0.0008667189125427518,-0.026071570054619558,0.0038536366182943434,0.9996522753027813,0.11589959043874043,-0.001975559133578303,0.22770996381547104,0.009409530544194036,-0.005153902527098946,-0.7030392358888191,0.7110701307357415,0.17997883524403624,0.0013804475063177919,0.1919697790093963,-0.05062134563922882,0.10616697853700861,-0.07109943513480318,0.47686879227363876,0.10556826684574377,0.9621009101437741,-0.25086550767123716,-0.0168427075186765,0,nan,nan,nan,nan,nan,nan,nan,nan
12.66942048072815,1789121553.0578318,watch,0,0.0076699042692780495,-1.2640001773834229,1.3545050621032715,-0.1426602154970169,0.0015339808305725455,0.0076699042692780495,-1.2640001773834229,1.3545050621032715,-0.1426602154970169,0.0015339808305725455,0.17989494225857494,0.0013798040425326158,0.1923150469954691,0.000866718912542752,-0.02607157005461967,0.0038536366182943434,0.9996522753027813,0.1159295561252287,-0.0019910530823142036,0.22776109808478417,0.009394341282862102,-0.005506285696640884,-0.7031484579552975,0.7109596846831581,0.1798445575230384,0.0013794175888563632,0.19224576904976093,-0.052155330777168274,0.10615348386663725,-0.07109412625078028,0.4768092739744835,0.10535216077073535,0.9620617442661669,-0.25111909546927075,-0.016652997663272197,0,nan,nan,nan,nan,nan,nan,nan,nan
12.704598665237427,1789121553.0911899,watch,0,0.0076699042692780495,-1.2624661922454834,1.3545050621032715,-0.1426602154970169,0.0015339808305725455,0.0076699042692780495,-1.2624661922454834,1.3545050621032715,-0.1426602154970169,0.0015339808305725455,0.1798772833204607,0.0013796685975118112,0.19217860461062442,0.0008660068656819478,-0.025884927836893494,0.0038535120683962647,0.9996571267128175,0.11582331565089626,-0.0019398166804738548,0.22760120681213603,0.009479856012342166,-0.004957185952381079,-0.7031151761068973,0.7109955047435853,0.17997883524403624,0.0013804475063177919,0.1919697790093963,-0.05062134563922882,0.10619608942030226,-0.07112211539011404,0.47700131251542055,0.10551240561588063,0.9621312581362037,-0.25075915224672113,-0.017041770533060715,0,nan,nan,nan,nan,nan,nan,nan,nan
12.744675397872925,1789121553.1579058,watch,0,0.0076699042692780495,-1.2640001773834229,1.352971076965332,-0.1426602154970169,0.0015339808305725455,0.0076699042692780495,-1.2640001773834229,1.352971076965332,-0.1426602154970169,0.0015339808305725455,0.17997883524403618,0.001380447506317791,0.1919697790093963,0.0008637936252648889,-0.02530483647677425,0.0038531241087030837,0.9996719824752816,0.11596845931230787,-0.002008219773083908,0.22781246534153604,0.009535371064887107,-0.005642940703263955,-0.7030857184833704,0.7110187806124374,0.17985231064463741,0.0013794770557229144,0.1927178520462408,-0.05368931591510773,0.10613998813657124,-0.07108087139987775,0.4767453292913531,0.10543300381102388,0.9620032871503841,-0.2513089290651053,-0.016654710786750963,0,nan,nan,nan,nan,nan,nan,nan,nan
12.784695148468018,1789121553.1912637,watch,0,0.0076699042692780495,-1.2624661922454834,1.3545050621032715,-0.1426602154970169,0.0015339808305725455,0.0076699042692780495,-1.2624661922454834,1.3545050621032715,-0.1426602154970169,0.0015339808305725455,0.1799788352440362,0.0013804475063177912,0.1919697790093963,0.0008637936252648889,-0.02530483647677425,0.0038531241087030837,0.9996719824752816,0.11580640264827091,-0.0019339634102312486,0.22757303535316425,0.009223696817988684,-0.004947910736516308,-0.703077418051885,0.7110362760238385,0.17997883524403624,0.0013804475063177919,0.1919697790093963,-0.05062134563922882,0.10620082063124478,-0.07112485530165265,0.4770342374308907,0.1055267979860493,0.9621755461059139,-0.25059666122559165,-0.01684122219982129,0,nan,nan,nan,nan,nan,nan,nan,nan
12.846599578857422,1789121553.1912637,watch,0,0.0076699042692780495,-1.2624661922454834,1.3545050621032715,-0.1426602154970169,0.0015339808305725455,0.0076699042692780495,-1.2624661922454834,1.3545050621032715,-0.1426602154970169,0.0015339808305725455,0.1799739714101999,0.001380410200446346,0.1919797947859848,0.0008638997557255286,-0.025332651775089372,0.0038531427408001577,0.9996712778320047,0.11580640264827091,-0.0019339634102312486,0.22757303535316425,0.009223696817988684,-0.004947910736516308,-0.703077418051885,0.7110362760238385,0.17997883524403624,0.0013804475063177919,0.1919697790093963,-0.05062134563922882,0.10620082063124478,-0.07112485530165265,0.4770342374308907,0.1055267979860493,0.9621755461059139,-0.25059666122559165,-0.01684122219982129,0,nan,nan,nan,nan,nan,nan,nan,nan
12.884619235992432,1789121553.2913382,watch,0,0.0076699042692780495,-1.2624661922454834,1.3545050621032715,-0.1426602154970169,0.0015339808305725455,0.0076699042692780495,-1.2624661922454834,1.3545050621032715,-0.1426602154970169,0.0015339808305725455,0.17995822111088197,0.0013802893947894605,0.19201221862351442,0.0008642433444530728,-0.025422702607130206,0.0038532030410412346,0.9996689912675673,0.11589035626432648,-0.001971397960262272,0.2276999699674193,0.009542393303952236,-0.0049826565857926065,-0.7031337090145477,0.7109761621255849,0.17997883524403624,0.0013804475063177919,0.1919697790093963,-0.05062134563922882,0.10617010043861823,-0.07110361600403715,0.4768820299623397,0.10549192887650263,0.9621179886059252,-0.2508160926281297,-0.017079713743534734,0,nan,nan,nan,nan,nan,nan,nan,nan
12.924649715423584,1789121553.3246965,watch,0,0.0076699042692780495,-1.2624661922454834,1.3545050621032715,-0.1426602154970169,0.0015339808305725455,0.0076699042692780495,-1.2624661922454834,1.3545050621032715,-0.1426602154970169,0.0015339808305725455,0.1799788352440362,0.0013804475063177912,0.1919697790093963,0.0008637936252648889,-0.02530483647677425,0.0038531241087030837,0.9996719824752816,0.11578568970512021,-0.0019203325404464622,0.22754194471092287,0.009356273340208613,-0.0048687694646497035,-0.7030925579360511,0.7110201194115567,0.17997883524403624,0.0013804475063177919,0.1919697790093963,-0.05062134563922882,0.10621268897783812,-0.07113107490362353,0.4770716795670544,0.10554092906267121,0.9621658038885436,-0.2506177454955368,-0.016994815763503684,0,nan,nan,nan,nan,nan,nan,nan,nan
12.964830160140991,1789121553.3580549,watch,0,0.0076699042692780495,-1.2624661922454834,1.3545050621032715,-0.1426602154970169,0.0015339808305725455,0.0076699042692780495,-1.2624661922454834,1.3545050621032715,-0.1426602154970169,0.0015339808305725455,0.1799788352440362,0.0013804475063177912,0.1919697790093963,0.0008637936252648889,-0.02530483647677425,0.0038531241087030837,0.9996719824752816,0.1158528528852672,-0.0019607968239204743,0.22764437390033804,0.00946557568012821,-0.0048989658074545025,-0.7031427150651669,0.7109688637780468,0.17997883524403624,0.0013804475063177919,0.1919697790093963,-0.05062134563922882,0.10617774220653459,-0.07111239822488459,0.4769489200676439,0.10548371378681842,0.9621476030767984,-0.25070618139386475,-0.017075907888560258,0,nan,nan,nan,nan,nan,nan,nan,nan
13.004794836044312,1789121553.3914132,watch,0,0.0076699042692780495,-1.2640001773834229,1.3545050621032715,-0.1426602154970169,0.0015339808305725455,0.0076699042692780495,-1.2640001773834229,1.3545050621032715,-0.1426602154970169,0.0015339808305725455,0.17989183243793078,0.0013797801900382518,0.19214872441843156,0.0008656901213835523,-0.025801904854243506,0.003853456622609408,0.999659273532019,0.11580370528774375,-0.0019316973817737615,0.22756915745863404,0.009393554770373692,-0.004913843915038812,-0.7030570709675426,0.7110544073622598,0.1798445575230384,0.0013794175888563632,0.19224576904976093,-0.052155330777168274,0.10620283429308976,-0.07112584203915182,0.47703897243034715,0.10558630844511459,0.9621461103947265,-0.2506750056963456,-0.016983381299632744,0,nan,nan,nan,nan,nan,nan,nan,nan
13.044615983963013,1789121553.4581301,watch,0,0.0076699042692780495,-1.2624661922454834,1.3545050621032715,-0.1426602154970169,0.0015339808305725455,0.0076699042692780495,-1.2624661922454834,1.3545050621032715,-0.1426602154970169,0.0015339808305725455,0.17984455752303846,0.001379417588856363,0.19224576904976082,0.000866718912542752,-0.026071570054619624,0.0038536366182943434,0.9996522753027813,0.11580428029370943,-0.0019322577621099513,0.22756453509721514,0.009324947763720727,-0.004909466746863469,-0.703093192416304,0.7110196236837037,0.17997883524403624,0.0013804475063177919,0.1919697790093963,-0.05062134563922882,0.10620274107766066,-0.0711230949001686,0.47704277445893195,0.1055277909197063,0.9621651074386368,-0.25062922245999103,-0.016946510564228055,0,nan,nan,nan,nan,nan,nan,nan,nan
13.084726572036743,1789121553.4914885,watch,0,0.0076699042692780495,-1.2624661922454834,1.3545050621032715,-0.1426602154970169,0.0015339808305725455,0.0076699042692780495,-1.2624661922454834,1.3545050621032715,-0.1426602154970169,0.0015339808305725455,0.17984455752303846,0.001379417588856363,0.19224576904976085,0.000866718912542752,-0.026071570054619624,0.0038536366182943434,0.9996522753027813,0.11589933792577317,-0.0019788625067597154,0.2277148225367589,0.009061111768359735,-0.005477364798574565,-0.7029922614539221,0.7111186786073651,0.17997883524403624,0.0013804475063177919,0.1919697790093963,-0.05062134563922882,0.1061633279758327,-0.07110124413624824,0.4768645515040624,0.10551925406650443,0.9621063042217612,-0.25089698585885745,-0.016366089481991836,0,nan,nan,nan,nan,nan,nan,nan,nan
13.12468695640564,1789121553.524847,watch,0,0.0076699042692780495,-1.2640001773834229,1.3545050621032715,-0.1426602154970169,0.0015339808305725455,0.0076699042692780495,-1.2640001773834229,1.3545050621032715,-0.1426602154970169,0.0015339808305725455,0.17984455752303846,0.001379417588856363,0.19224576904976082,0.000866718912542752,-0.026071570054619624,0.0038536366182943434,0.9996522753027813,0.11591053785885297,-0.00198246284380843,0.22772788902278362,0.009422362935930037,-0.005467618087797947,-0.7030129256065801,0.7110936300229576,0.1798445575230384,0.0013794175888563632,0.19224576904976093,-0.052155330777168274,0.10616088747590334,-0.07109689849507358,0.4768476905032686,0.10554745942857473,0.9620428402728938,-0.2511095874742138,-0.016651797691744793,0,nan,nan,nan,nan,nan,nan,nan,nan
13.164735078811646,1789121553.5582054,watch,0,0.0076699042692780495,-1.2640001773834229,1.3545050621032715,-0.1426602154970169,0.0015339808305725455,0.0076699042692780495,-1.2640001773834229,1.3545050621032715,-0.1426602154970169,0.0015339808305725455,0.1799099618187967,0.0013799192433806822,0.19211147361822178,0.0008652952726262257,-0.025698411574412328,0.0038533874689579382,0.9996619400135515,0.11582527380631491,-0.0019395515849229272,0.22759908310856208,0.009529264931145094,-0.005206710007894288,-0.7031294973650579,0.7109788978696392,0.1798445575230384,0.0013794175888563632,0.19224576904976093,-0.052155330777168274,0.10619687235886323,-0.07111949385079432,0.47700227651955407,0.10545399067471872,0.9620829195429969,-0.25097656687059694,-0.016931469406070182,0,nan,nan,nan,nan,nan,nan,nan,nan
13.203327178955078,1789121553.5915637,watch,0,0.0076699042692780495,-1.2624661922454834,1.3545050621032715,-0.1426602154970169,0.0015339808305725455,0.0076699042692780495,-1.2624661922454834,1.3545050621032715,-0.1426602154970169,0.0015339808305725455,0.1799788352440362,0.0013804475063177912,0.1919697790093963,0.0008637936252648889,-0.02530483647677425,0.0038531241087030837,0.9996719824752816,0.11587837570982129,-0.001963446354420917,0.2276836970235313,0.009589721320106274,-0.005071896952349343,-0.7030275223608068,0.711079894181753,0.17997883524403624,0.0013804475063177919,0.1919697790093963,-0.05062134563922882,0.10617690197896605,-0.07110801822671,0.4769021776646634,0.10562650845143137,0.9620786763896568,-0.2509139575482959,-0.01702489518727172,0,nan,nan,nan,nan,nan,nan,nan,nan
13.244768857955933,1789121553.624922,watch,0,0.0076699042692780495,-1.2640001773834229,1.3545050621032715,-0.1426602154970169,0.0015339808305725455,0.0076699042692780495,-1.2640001773834229,1.3545050621032715,-0.1426602154970169,0.0015339808305725455,0.1799788352440362,0.0013804475063177912,0.1919697790093963,0.0008637936252648889,-0.02530483647677425,0.0038531241087030837,0.9996719824752816,0.11590170863069582,-0.001977602973990744,0.22771829956955458,0.009372298329892908,-0.0052098429003287925,-0.7029613250517563,0.7111472372458805,0.1798445575230384,0.0013794175888563632,0.19224576904976093,-0.052155330777168274,0.10616473839578183,-0.07110105571041721,0.4768603955886443,0.1056579390867913,0.9620872036897559,-0.2508862617417718,-0.01675398679710312,0,nan,nan,nan,nan,nan,nan,nan,nan
13.284638404846191,1789121553.691639,watch,0,0.0076699042692780495,-1.2640001773834229,1.3545050621032715,-0.1426602154970169,0.0015339808305725455,0.0076699042692780495,-1.2640001773834229,1.3545050621032715,-0.1426602154970169,0.0015339808305725455,0.1799788352440362,0.0013804475063177912,0.1919697790093963,0.0008637936252648889,-0.02530483647677425,0.0038531241087030837,0.9996719824752816,0.11584986147583304,-0.0019523300872291705,0.22763516591200011,0.009353072354489868,-0.0049994809868096745,-0.7030749264749478,0.7110366889195247,0.1798445575230384,0.0013794175888563632,0.19224576904976093,-0.052155330777168274,0.1061861795805629,-0.07111240659579202,0.47695862737722317,0.10554007445597408,0.9621422809639909,-0.2507143646169558,-0.016906544293628246,0,nan,nan,nan,nan,nan,nan,nan,nan
13.324695348739624,1789121553.7249973,watch,0,0.0076699042692780495,-1.2640001773834229,1.3545050621032715,-0.1426602154970169,0.0015339808305725455,0.0076699042692780495,-1.2640001773834229,1.3545050621032715,-0.1426602154970169,0.0015339808305725455,0.17997883524403618,0.001380447506317791,0.1919697790093963,0.0008637936252648889,-0.02530483647677425,0.0038531241087030837,0.9996719824752816,0.11585164003652093,-0.0019547414207566616,0.22764121107566943,0.009402661879997358,-0.004941048336365299,-0.7030624656889598,0.7110487643827732,0.1798445575230384,0.0013794175888563632,0.19224576904976093,-0.052155330777168274,0.10618368957452168,-0.07111318752168852,0.4769524054935897,0.10557530442386548,0.9621407083433732,-0.250700909586025,-0.016975463971859728,0,nan,nan,nan,nan,nan,nan,nan,nan
13.3647780418396,1789121553.7583556,watch,0,0.0076699042692780495,-1.2624661922454834,1.3545050621032715,-0.1426602154970169,0.0015339808305725455,0.0076699042692780495,-1.2624661922454834,1.3545050621032715,-0.1426602154970169,0.0015339808305725455,0.1799788352440362,0.0013804475063177912,0.1919697790093963,0.0008637936252648889,-0.02530483647677425,0.0038531241087030837,0.9996719824752816,0.11587304531702425,-0.0019647411811481996,0.22767499006935038,0.009434598410091826,-0.005271340717395358,-0.7030306718414766,0.7110774049075133,0.17997883524403624,0.0013804475063177919,0.1919697790093963,-0.05062134563922882,0.10617530400659007,-0.07110833641158719,0.4769123386664547,0.10556179540985305,0.9620755470821654,-0.2509692143220699,-0.016786974681685905,0,nan,nan,nan,nan,nan,nan,nan,nan
13.403493165969849,1789121553.7917144,watch,0,0.0076699042692780495,-1.2640001773834229,1.3545050621032715,-0.1426602154970169,0.0015339808305725455,0.0076699042692780495,-1.2640001773834229,1.3545050621032715,-0.1426602154970169,0.0015339808305725455,0.1799788352440362,0.0013804475063177912,0.1919697790093963,0.0008637936252648889,-0.02530483647677425,0.0038531241087030837,0.9996719824752816,0.11582571047544155,-0.0019439305741806023,0.22760246303993353,0.009424207319028318,-0.005099888413941855,-0.7031217084693476,0.710988775251564,0.1798445575230384,0.0013794175888563632,0.19224576904976093,-0.052155330777168274,0.1061924073386555,-0.07111980915540891,0.47699899713844396,0.10546863647766708,0.9621192151692912,-0.2508323603463583,-0.01691477237929234,0,nan,nan,nan,nan,nan,nan,nan,nan
13.437491655349731,1789121553.8250728,watch,0,0.0076699042692780495,-1.2624661922454834,1.3545050621032715,-0.1426602154970169,0.0015339808305725455,0.0076699042692780495,-1.2624661922454834,1.3545050621032715,-0.1426602154970169,0.0015339808305725455,0.17997883524403624,0.0013804475063177914,0.1919697790093963,0.0008637936252648889,-0.02530483647677425,0.0038531241087030837,0.9996719824752816,0.1159205948078324,-0.0019843610253040544,0.22774399234039888,0.00940408672484333,-0.005403742496875904,-0.7030268692239464,0.7110805748078592,0.17997883524403624,0.0013804475063177919,0.1919697790093963,-0.05062134563922882,0.10615967350504554,-0.07109528421093937,0.4768287172980709,0.10553769970784907,0.962058895033724,-0.2510501852807359,-0.016681753426252638,0,nan,nan,nan,nan,nan,nan,nan,nan
13.471014261245728,1789121553.858431,watch,0,0.0076699042692780495,-1.2624661922454834,1.3545050621032715,-0.1426602154970169,0.0015339808305725455,0.0076699042692780495,-1.2624661922454834,1.3545050621032715,-0.1426602154970169,0.0015339808305725455,0.1799788352440362,0.0013804475063177912,0.1919697790093963,0.0008637936252648889,-0.02530483647677425,0.0038531241087030837,0.9996719824752816,0.11587180337206587,-0.001962699162135234,0.22767087543441433,0.009573978231877955,-0.00523145882841816,-0.7031655277083404,0.7109424810925237,0.17997883524403624,0.0013804475063177919,0.1919697790093963,-0.05062134563922882,0.10617738566249853,-0.07110791172572677,0.4769165964640291,0.1054072180056573,0.9620757069488082,-0.2510217753664095,-0.016962334248408487,0,nan,nan,nan,nan,nan,nan,nan,nan
13.50464153289795,1789121553.925148,watch,0,0.0076699042692780495,-1.2640001773834229,1.3545050621032715,-0.1426602154970169,0.0015339808305725455,0.0076699042692780495,-1.2640001773834229,1.3545050621032715,-0.1426602154970169,0.0015339808305725455,0.17985321429866463,0.0013794839867987082,0.19222800860376502,0.0008665306147017608,-0.026022212611905352,0.0038536036941412477,0.9996535616472554,0.11590424057144566,-0.001981592686961048,0.22771924293930024,0.009275738232260198,-0.005109859001804984,-0.702941447043445,0.7111688773067166,0.1798445575230384,0.0013794175888563632,0.19224576904976093,-0.052155330777168274,0.10616122702625268,-0.07109851096969673,0.47685829486050424,0.10568896998226515,0.9621189662748008,-0.2507525906225114,-0.016735431111740348,0,nan,nan,nan,nan,nan,nan,nan,nan
13.544632196426392,1789121553.9585063,watch,0,0.0076699042692780495,-1.2624661922454834,1.3545050621032715,-0.1426602154970169,0.0015339808305725455,0.0076699042692780495,-1.2624661922454834,1.3545050621032715,-0.1426602154970169,0.0015339808305725455,0.17984455752303846,0.001379417588856363,0.19224576904976085,0.000866718912542752,-0.026071570054619624,0.0038536366182943434,0.9996522753027813,0.1159704772821572,-0.0020115493553341246,0.22781649429293593,0.009519657881146582,-0.0053915035742869,-0.7030075816431256,0.7110981985319036,0.17997883524403624,0.0013804475063177919,0.1919697790093963,-0.05062134563922882,0.10613679516221951,-0.07108032981482855,0.47674075738036537,0.1055835276130571,0.962036250171942,-0.25111180944389905,-0.016769949603449272,0,nan,nan,nan,nan,nan,nan,nan,nan
13.580503702163696,1789121553.9585063,watch,0,0.0076699042692780495,-1.2624661922454834,1.3545050621032715,-0.1426602154970169,0.0015339808305725455,0.0076699042692780495,-1.2624661922454834,1.3545050621032715,-0.1426602154970169,0.0015339808305725455,0.17984455752303846,0.001379417588856363,0.19224576904976085,0.000866718912542752,-0.026071570054619624,0.0038536366182943434,0.9996522753027813,0.1159704772821572,-0.0020115493553341246,0.22781649429293593,0.009519657881146582,-0.0053915035742869,-0.7030075816431256,0.7110981985319036,0.17997883524403624,0.0013804475063177919,0.1919697790093963,-0.05062134563922882,0.10613679516221951,-0.07108032981482855,0.47674075738036537,0.1055835276130571,0.962036250171942,-0.25111180944389905,-0.016769949603449272,0,nan,nan,nan,nan,nan,nan,nan,nan
13.614614248275757,1789121554.0252235,watch,0,0.0076699042692780495,-1.2624661922454834,1.3545050621032715,-0.1426602154970169,0.0015339808305725455,0.0076699042692780495,-1.2624661922454834,1.3545050621032715,-0.1426602154970169,0.0015339808305725455,0.17984455752303846,0.001379417588856363,0.19224576904976082,0.000866718912542752,-0.026071570054619624,0.0038536366182943434,0.9996522753027813,0.1159078459369634,-0.0019820114754377227,0.22772409393213605,0.009355355920748014,-0.005452550141572757,-0.7030165020243707,0.7110910946524136,0.17997883524403624,0.0013804475063177919,0.1919697790093963,-0.05062134563922882,0.10616111791012725,-0.07109755771993122,0.47685231275515966,0.10553533308086988,0.9620585014894588,-0.2510573383177949,-0.01661162424783447,0,nan,nan,nan,nan,nan,nan,nan,nan
13.654693126678467,1789121554.0585818,watch,0,0.0076699042692780495,-1.2624661922454834,1.3545050621032715,-0.1426602154970169,0.0015339808305725455,0.0076699042692780495,-1.2624661922454834,1.3545050621032715,-0.1426602154970169,0.0015339808305725455,0.17988836754734366,0.0013797536141380122,0.19215584156771584,0.0008657655647804625,-0.02582167946740099,0.0038534698312205668,0.9996587628234594,0.11590842469986151,-0.001980901627978149,0.22772382184876783,0.009367224269882346,-0.005501900811908908,-0.703003129754098,0.7111037784689916,0.17997883524403624,0.0013804475063177919,0.1919697790093963,-0.05062134563922882,0.10616233308783629,-0.07109715270804523,0.476852304646978,0.10554605900706138,0.9620461371602314,-0.2511019063497555,-0.01658589854888791,0,nan,nan,nan,nan,nan,nan,nan,nan
13.69467806816101,1789121554.0919402,watch,0,0.0076699042692780495,-1.2640001773834229,1.3545050621032715,-0.1426602154970169,0.0015339808305725455,0.0076699042692780495,-1.2640001773834229,1.3545050621032715,-0.1426602154970169,0.0015339808305725455,0.1799629642044298,0.0013803257745762915,0.19200245597328322,0.0008641398892332086,-0.025395587958507205,0.003853184887684268,0.9996696806149094,0.11585327461148759,-0.0019540531476038014,0.2276394463858183,0.009493432567528225,-0.005073514527160507,-0.7031393485440064,0.7109705976463013,0.1798445575230384,0.0013794175888563632,0.19224576904976093,-0.052155330777168274,0.10618480006801899,-0.07111109585579392,0.4769532126017008,0.10546002091179452,0.962113095827575,-0.25085442774524214,-0.01698914085439465,0,nan,nan,nan,nan,nan,nan,nan,nan
13.73465895652771,1789121554.1252985,watch,0,0.0076699042692780495,-1.2624661922454834,1.352971076965332,-0.1426602154970169,0.0015339808305725455,0.0076699042692780495,-1.2624661922454834,1.352971076965332,-0.1426602154970169,0.0015339808305725455,0.17992011906175934,0.0013799971499895336,0.1920905947573331,0.0008650739754927299,-0.025640408621176326,0.0038533486937178214,0.9996634297585366,0.11588232212911465,-0.001969960346714539,0.22768725027775094,0.009244745839464824,-0.005405853184024773,-0.7030291254435148,0.711080417536472,0.1799873125032293,0.0013805125273592806,0.19244184955692611,-0.052155330777168274,0.10617098211985726,-0.07110495686433985,0.47689705758019535,0.10551025630895856,0.9620889401549199,-0.2509545632792091,-0.0165609243263299,0,nan,nan,nan,nan,nan,nan,nan,nan
13.770153522491455,1789121554.1586573,watch,0,0.0076699042692780495,-1.2640001773834229,1.3545050621032715,-0.1426602154970169,0.0015339808305725455,0.0076699042692780495,-1.2640001773834229,1.3545050621032715,-0.1426602154970169,0.0015339808305725455,0.17984539488205686,0.001379424011445815,0.19224405129867472,0.0008667007004880742,-0.026066796210832896,0.0038536334342841676,0.9996523998243354,0.11590530495140877,-0.0019846624318027584,0.22772511691498565,0.00920577768562125,-0.00536905593934191,-0.7029548734886588,0.7111546053665596,0.1798445575230384,0.0013794175888563632,0.19224576904976093,-0.052155330777168274,0.10615797256952746,-0.07109969861745241,0.47685254526637216,0.10561196358916096,0.9620913929221431,-0.2509044911223725,-0.016528797493934107,0,nan,nan,nan,nan,nan,nan,nan,nan
13.803749322891235,1789121554.1920156,watch,0,0.0076699042692780495,-1.2624661922454834,1.3545050621032715,-0.1426602154970169,0.0015339808305725455,0.0076699042692780495,-1.2624661922454834,1.3545050621032715,-0.1426602154970169,0.0015339808305725455,0.17991847034644942,0.001379984504252966,0.1920939842155895,0.0008651099000481904,-0.025649824559335035,0.0038533549891937515,0.9996631881490202,0.11580265080074437,-0.0019346728071216734,0.22756968010105894,0.0092054278882014,-0.004940615593119765,-0.7030247963004252,0.7110885923720769,0.17997883524403624,0.0013804475063177919,0.1919697790093963,-0.05062134563922882,0.10619968419649263,-0.07112640269481549,0.4770389439594367,0.10559678828630192,0.9621724235565816,-0.25058099262701045,-0.016814035355444786,0,nan,nan,nan,nan,nan,nan,nan,nan
13.838308811187744,1789121554.225374,watch,0,0.0076699042692780495,-1.2624661922454834,1.3545050621032715,-0.1426602154970169,0.0015339808305725455,0.0076699042692780495,-1.2624661922454834,1.3545050621032715,-0.1426602154970169,0.0015339808305725455,0.1799788352440362,0.0013804475063177912,0.1919697790093963,0.0008637936252648889,-0.02530483647677425,0.0038531241087030837,0.9996719824752816,0.11590253663299632,-0.001980953790714446,0.22771867659175604,0.009437573904543431,-0.005270401291955059,-0.7030852239069705,0.7110234335046232,0.17997883524403624,0.0013804475063177919,0.1919697790093963,-0.05062134563922882,0.10616158019120553,-0.07109984804174298,0.47685960629371,0.10548841121581992,0.9620831932568624,-0.2509693314579926,-0.016808302096549835,0,nan,nan,nan,nan,nan,nan,nan,nan
13.874673843383789,1789121554.2920907,watch,0,0.0076699042692780495,-1.2624661922454834,1.3545050621032715,-0.1426602154970169,0.0015339808305725455,0.0076699042692780495,-1.2624661922454834,1.3545050621032715,-0.1426602154970169,0.0015339808305725455,0.1799788352440362,0.0013804475063177912,0.1919697790093963,0.0008637936252648889,-0.02530483647677425,0.0038531241087030837,0.9996719824752816,0.11592140958112479,-0.001986810726681415,0.2277471257384086,0.00922858277757658,-0.005691201159260671,-0.7029936934651803,0.7111134300781181,0.17997883524403624,0.0013804475063177919,0.1919697790093963,-0.05062134563922882,0.10615718743964647,-0.07109554274477926,0.47682551796774586,0.10550266793427229,0.9620396145154715,-0.2511597894286473,-0.016362375616979157,0,nan,nan,nan,nan,nan,nan,nan,nan
13.914639711380005,1789121554.3254485,watch,0,0.0076699042692780495,-1.2624661922454834,1.3545050621032715,-0.1426602154970169,0.0015339808305725455,0.0076699042692780495,-1.2624661922454834,1.3545050621032715,-0.1426602154970169,0.0015339808305725455,0.1799788352440362,0.0013804475063177912,0.1919697790093963,0.0008637936252648889,-0.02530483647677425,0.0038531241087030837,0.9996719824752816,0.11590096738210215,-0.0019797161055871426,0.22771225966948422,0.009391084965235741,-0.005288371600567859,-0.7030489911729765,0.7110597419764744,0.17997883524403624,0.0013804475063177919,0.1919697790093963,-0.05062134563922882,0.10616298713913173,-0.07109848071182906,0.47686603452913856,0.10552722514926052,0.9620836546051218,-0.250955147694958,-0.01674992953274384,0,nan,nan,nan,nan,nan,nan,nan,nan
13.954805612564087,1789121554.3588064,watch,0,0.0076699042692780495,-1.2624661922454834,1.3545050621032715,-0.1426602154970169,0.0015339808305725455,0.0076699042692780495,-1.2624661922454834,1.3545050621032715,-0.1426602154970169,0.0015339808305725455,0.1799121409362026,0.0013799359573303247,0.19210699482227267,0.0008652478006130872,-0.025685968893672546,0.003853379152056919,0.9996622598744775,0.11590035718749919,-0.0019748924255741096,0.22770970747260172,0.009313734189543798,-0.005267809269966399,-0.7030358557544621,0.7110738991585426,0.17997883524403624,0.0013804475063177919,0.1919697790093963,-0.05062134563922882,0.10616779316390157,-0.07109878682225022,0.4768686731571098,0.10553723044295148,0.9620997018646359,-0.2508927636438524,-0.016699635132543925,0,nan,nan,nan,nan,nan,nan,nan,nan
13.994709491729736,1789121554.3921642,watch,0,0.0076699042692780495,-1.2640001773834229,1.3545050621032715,-0.1426602154970169,0.0015339808305725455,0.0076699042692780495,-1.2640001773834229,1.3545050621032715,-0.1426602154970169,0.0015339808305725455,0.17985170545683507,0.0013794724138993823,0.19223110449986414,0.0008665634371696181,-0.02603081614354858,0.0038536094338472685,0.9996533375991107,0.11591495252287437,-0.001987455997593951,0.2277361116958005,0.00949769127084222,-0.005162014812931333,-0.7030089363020188,0.7110988559568205,0.1798445575230384,0.0013794175888563632,0.19224576904976093,-0.052155330777168274,0.10615619155799295,-0.07109589594526707,0.47683825777070826,0.10562112115246786,0.9620784564652781,-0.25092591310959267,-0.01689403746890701,0,nan,nan,nan,nan,nan,nan,nan,nan
14.034759521484375,1789121554.4255226,watch,0,0.0076699042692780495,-1.2624661922454834,1.3545050621032715,-0.1426602154970169,0.0015339808305725455,0.0076699042692780495,-1.2624661922454834,1.3545050621032715,-0.1426602154970169,0.0015339808305725455,0.1799264230432746,0.0013800455018724137,0.19207763342288658,0.0008649366018325731,-0.025604402720460842,0.0038533246171112393,0.9996643528381906,0.11591005373181934,-0.001982084139813378,0.22772560376785977,0.009544520986051245,-0.005242798127466966,-0.7031522557995237,0.7109559201181059,0.17997883524403624,0.0013804475063177919,0.1919697790093963,-0.05062134563922882,0.10616134155611982,-0.07109633463894927,0.47684994351529597,0.1054186872512922,0.9620774430639258,-0.25101257812165945,-0.016928660623644957,0,nan,nan,nan,nan,nan,nan,nan,nan
14.070885419845581,1789121554.4588804,watch,0,0.0076699042692780495,-1.2624661922454834,1.3545050621032715,-0.1426602154970169,0.0015339808305725455,0.0076699042692780495,-1.2624661922454834,1.3545050621032715,-0.1426602154970169,0.0015339808305725455,0.1799788352440362,0.0013804475063177912,0.1919697790093963,0.0008637936252648889,-0.02530483647677425,0.0038531241087030837,0.9996719824752816,0.1158717880384873,-0.0019612570658618933,0.2276681724216218,0.009454043694366941,-0.005098745977008735,-0.7030859838928049,0.7110237148652452,0.17997883524403624,0.0013804475063177919,0.1919697790093963,-0.05062134563922882,0.10617900004407875,-0.0711069612053917,0.4769190206006059,0.10552180559749477,0.9621085009120471,-0.250850345175866,-0.01692587786104117,0,nan,nan,nan,nan,nan,nan,nan,nan
14.104337930679321,1789121554.5255961,watch,0,0.0076699042692780495,-1.2624661922454834,1.3545050621032715,-0.1426602154970169,0.0015339808305725455,0.0076699042692780495,-1.2624661922454834,1.3545050621032715,-0.1426602154970169,0.0015339808305725455,0.1799193488190115,0.001379991242185546,0.19209217825627584,0.0008650907588205624,-0.02564480758158573,0.003853351634895616,0.9996633168938732,0.11581772290905062,-0.0019411561274716438,0.22758894258563112,0.009290605097969138,-0.005031160604893332,-0.7029672024476037,0.7111437859975094,0.17997883524403624,0.0013804475063177919,0.1919697790093963,-0.05062134563922882,0.10619466797204812,-0.07112100529058535,0.47701473754038415,0.10567091167407712,0.9621329375045635,-0.25070203844086636,-0.016803479294587562,0,nan,nan,nan,nan,nan,nan,nan,nan
14.139624834060669,1789121554.5255961,watch,0,0.0076699042692780495,-1.2624661922454834,1.3545050621032715,-0.1426602154970169,0.0015339808305725455,0.0076699042692780495,-1.2624661922454834,1.3545050621032715,-0.1426602154970169,0.0015339808305725455,0.1799193488190115,0.001379991242185546,0.19209217825627584,0.0008650907588205624,-0.02564480758158573,0.003853351634895616,0.9996633168938732,0.11581772290905062,-0.0019411561274716438,0.22758894258563112,0.009290605097969138,-0.005031160604893332,-0.7029672024476037,0.7111437859975094,0.17997883524403624,0.0013804475063177919,0.1919697790093963,-0.05062134563922882,0.10619466797204812,-0.07112100529058535,0.47701473754038415,0.10567091167407712,0.9621329375045635,-0.25070203844086636,-0.016803479294587562,0,nan,nan,nan,nan,nan,nan,nan,nan
14.17311143875122,1789121554.558954,watch,0,0.0076699042692780495,-1.2640001773834229,1.3545050621032715,-0.1426602154970169,0.0015339808305725455,0.0076699042692780495,-1.2640001773834229,1.3545050621032715,-0.1426602154970169,0.0015339808305725455,0.17984468917845658,0.0013794185986606177,0.19224549897572857,0.0008667160491415968,-0.026070819483880094,0.003853636117692038,0.9996522948822762,0.11590097730254367,-0.0019749829217506343,0.22771223873266427,0.009274880668641189,-0.005297045156232677,-0.7029830446813508,0.7111264000103874,0.1798445575230384,0.0013794175888563632,0.19224576904976093,-0.052155330777168274,0.10616762806269557,-0.07109940438990142,0.47686614504288793,0.10559757474602004,0.9620944073019578,-0.25089200127102274,-0.01663452266445373,0,nan,nan,nan,nan,nan,nan,nan,nan
14.214619636535645,1789121554.6256702,watch,0,0.0076699042692780495,-1.2640001773834229,1.3545050621032715,-0.1426602154970169,0.0015339808305725455,0.0076699042692780495,-1.2640001773834229,1.3545050621032715,-0.1426602154970169,0.0015339808305725455,0.1799788352440362,0.0013804475063177912,0.1919697790093963,0.0008637936252648889,-0.02530483647677425,0.0038531241087030837,0.9996719824752816,0.11583834340579924,-0.0019501676057976647,0.22762431725134413,0.009282653901182351,-0.005200858147271264,-0.7030147450745619,0.7110956698073978,0.1798445575230384,0.0013794175888563632,0.19224576904976093,-0.052155330777168274,0.10618698475322723,-0.07111776716956021,0.47697364908308937,0.10557365237053506,0.962113489534123,-0.2508238743381279,-0.016709914530883066,0,nan,nan,nan,nan,nan,nan,nan,nan
14.254578351974487,1789121554.659028,watch,0,0.0076699042692780495,-1.2640001773834229,1.3545050621032715,-0.1426602154970169,0.0015339808305725455,0.0076699042692780495,-1.2640001773834229,1.3545050621032715,-0.1426602154970169,0.0015339808305725455,0.1799788352440362,0.0013804475063177912,0.1919697790093963,0.0008637936252648889,-0.02530483647677425,0.0038531241087030837,0.9996719824752816,0.11586660579934593,-0.0019601981814339475,0.22766400761756872,0.00920391793198553,-0.005466687378647376,-0.7029725205687284,0.7111364415842113,0.1798445575230384,0.0013794175888563632,0.19224576904976093,-0.052155330777168274,0.1061793923775733,-0.07110972157859671,0.4769251483119037,0.10556955149242792,0.9620782334229906,-0.25097641075386823,-0.016473731104122247,0,nan,nan,nan,nan,nan,nan,nan,nan
14.294602870941162,1789121554.692386,watch,0,0.0076699042692780495,-1.2640001773834229,1.3545050621032715,-0.1426602154970169,0.0015339808305725455,0.0076699042692780495,-1.2640001773834229,1.3545050621032715,-0.1426602154970169,0.0015339808305725455,0.1799788352440362,0.0013804475063177912,0.1919697790093963,0.0008637936252648889,-0.02530483647677425,0.0038531241087030837,0.9996719824752816,0.11586949166080912,-0.0019647464207656895,0.22767045379285789,0.00937039589901759,-0.005022749843066045,-0.7029662290218421,0.7111437607963109,0.1798445575230384,0.0013794175888563632,0.19224576904976093,-0.052155330777168274,0.10617498345992477,-0.07110930623380761,0.4769180099096219,0.10568580839570595,0.9621191261066872,-0.2507443911951641,-0.01686853187498293,0,nan,nan,nan,nan,nan,nan,nan,nan
14.334630012512207,1789121554.725744,watch,0,0.0076699042692780495,-1.2624661922454834,1.3545050621032715,-0.1426602154970169,0.0015339808305725455,0.0076699042692780495,-1.2624661922454834,1.3545050621032715,-0.1426602154970169,0.0015339808305725455,0.1799788352440362,0.0013804475063177912,0.1919697790093963,0.0008637936252648889,-0.02530483647677425,0.0038531241087030837,0.9996719824752816,0.11591376962079175,-0.001983474914815486,0.22773411415621075,0.009255149024463982,-0.005469419141563535,-0.7030685451691204,0.7110408205332275,0.17997883524403624,0.0013804475063177919,0.1919697790093963,-0.05062134563922882,0.10616002401931438,-0.07109678577531696,0.4768406575383097,0.10544649862394509,0.9620823026389634,-0.25100796315726087,-0.016543316127773218,0,nan,nan,nan,nan,nan,nan,nan,nan
14.37122106552124,1789121554.759102,watch,0,0.0076699042692780495,-1.2624661922454834,1.3545050621032715,-0.1426602154970169,0.0015339808305725455,0.0076699042692780495,-1.2624661922454834,1.3545050621032715,-0.1426602154970169,0.0015339808305725455,0.1799788352440362,0.0013804475063177912,0.1919697790093963,0.0008637936252648889,-0.02530483647677425,0.0038531241087030837,0.9996719824752816,0.11592947301140072,-0.001991479801529056,0.22775944689011485,0.00943639455391663,-0.005546587140838951,-0.7030028684361062,0.7111027751313581,0.17997883524403624,0.0013804475063177919,0.1919697790093963,-0.05062134563922882,0.10615317516558836,-0.07109334908039136,0.4768107626486862,0.1055484887565442,0.9620256632856832,-0.25117767250429845,-0.01661073557295154,0,nan,nan,nan,nan,nan,nan,nan,nan
14.404725551605225,1789121554.8258178,watch,0,0.0076699042692780495,-1.2624661922454834,1.3545050621032715,-0.1426602154970169,0.0015339808305725455,0.0076699042692780495,-1.2624661922454834,1.3545050621032715,-0.1426602154970169,0.0015339808305725455,0.1799788352440362,0.0013804475063177912,0.1919697790093963,0.0008637936252648889,-0.02530483647677425,0.0038531241087030837,0.9996719824752816,0.11583338682589872,-0.0019431158019393435,0.2276175975280028,0.009630228279185048,-0.004951678995882662,-0.7030958689629625,0.7110126149553391,0.17997883524403624,0.0013804475063177919,0.1919697790093963,-0.05062134563922882,0.10619348374437813,-0.0711203430063655,0.4769820501831675,0.10556222592024955,0.962100918175964,-0.2508470535143135,-0.017152126600403675,0,nan,nan,nan,nan,nan,nan,nan,nan
14.43877100944519,1789121554.8258178,watch,0,0.0076699042692780495,-1.2624661922454834,1.3545050621032715,-0.1426602154970169,0.0015339808305725455,0.0076699042692780495,-1.2624661922454834,1.3545050621032715,-0.1426602154970169,0.0015339808305725455,0.1799788352440362,0.0013804475063177912,0.1919697790093963,0.0008637936252648889,-0.02530483647677425,0.0038531241087030837,0.9996719824752816,0.11583338682589872,-0.0019431158019393435,0.2276175975280028,0.009630228279185048,-0.004951678995882662,-0.7030958689629625,0.7110126149553391,0.17997883524403624,0.0013804475063177919,0.1919697790093963,-0.05062134563922882,0.10619348374437813,-0.0711203430063655,0.4769820501831675,0.10556222592024955,0.962100918175964,-0.2508470535143135,-0.017152126600403675,0,nan,nan,nan,nan,nan,nan,nan,nan
14.474597454071045,1789121554.8925338,watch,0,0.0076699042692780495,-1.2624661922454834,1.3545050621032715,-0.1426602154970169,0.0015339808305725455,0.0076699042692780495,-1.2624661922454834,1.3545050621032715,-0.1426602154970169,0.0015339808305725455,0.17988143598490378,0.0013797004486751285,0.19217007737833255,0.0008659164709464078,-0.025861234007513213,0.003853496247487898,0.9996577400945509,0.11586189093531618,-0.0019627123838958094,0.22766852697679285,0.009408886550827625,-0.004936475845042549,-0.7030348718385472,0.7110759966691765,0.17997883524403624,0.0013804475063177919,0.1919697790093963,-0.05062134563922882,0.10617571412842879,-0.07111538551522774,0.4769233136267248,0.10561452477461165,0.9621362127535525,-0.25070176959244067,-0.016973596793328972,0,nan,nan,nan,nan,nan,nan,nan,nan
14.514594793319702,1789121554.9258919,watch,0,0.0076699042692780495,-1.2624661922454834,1.3545050621032715,-0.1426602154970169,0.0015339808305725455,0.0076699042692780495,-1.2624661922454834,1.3545050621032715,-0.1426602154970169,0.0015339808305725455,0.1798824410980811,0.0013797081579481514,0.19216801328799207,0.0008658945903592818,-0.025855498791188924,0.00385349241762965,0.9996578884823569,0.11586922767064417,-0.0019582043375701574,0.22767031949625488,0.009301295442880747,-0.005226041043956834,-0.7030491367283125,0.7110612390952454,0.17997883524403624,0.0013804475063177919,0.1919697790093963,-0.05062134563922882,0.10618135454751441,-0.07111077406548721,0.47691838579791307,0.10552511718887571,0.9621108985993695,-0.250853544989619,-0.016720269278001364,0,nan,nan,nan,nan,nan,nan,nan,nan
14.548004150390625,1789121554.9592497,watch,0,0.0076699042692780495,-1.2624661922454834,1.3545050621032715,-0.1426602154970169,0.0015339808305725455,0.0076699042692780495,-1.2624661922454834,1.3545050621032715,-0.1426602154970169,0.0015339808305725455,0.17995710373673202,0.0013802808244686398,0.19201451830470342,0.0008642677145767679,-0.02542908981087918,0.003853207316886923,0.9996688287758506,0.11584075143632205,-0.0019464095868865217,0.22762906595457577,0.009407665554219647,-0.005160337365426298,-0.7030306751065374,0.7110785727374587,0.17997883524403624,0.0013804475063177919,0.1919697790093963,-0.05062134563922882,0.10619075396176461,-0.07111863214965918,0.47696840347769554,0.10557840214278069,0.9620989371644195,-0.25086936231468665,-0.01683446345726909,0,nan,nan,nan,nan,nan,nan,nan,nan
14.584566831588745,1789121554.9926076,watch,0,0.0076699042692780495,-1.2624661922454834,1.3545050621032715,-0.1426602154970169,0.0015339808305725455,0.0076699042692780495,-1.2624661922454834,1.3545050621032715,-0.1426602154970169,0.0015339808305725455,0.1799788352440362,0.0013804475063177912,0.1919697790093963,0.0008637936252648889,-0.02530483647677425,0.0038531241087030837,0.9996719824752816,0.11586290248694958,-0.001961217594053405,0.2276583488478578,0.009293545927353816,-0.005397079731448209,-0.7030131569785463,0.7110956353751064,0.17997883524403624,0.0013804475063177919,0.1919697790093963,-0.05062134563922882,0.10617813526977543,-0.07111009945119796,0.476931860412299,0.10554090308751318,0.9620788261779917,-0.2509780188790346,-0.01659771174001976,0,nan,nan,nan,nan,nan,nan,nan,nan
14.624714851379395,1789121555.0259657,watch,0,0.0076699042692780495,-1.2624661922454834,1.3545050621032715,-0.1426602154970169,0.0015339808305725455,0.0076699042692780495,-1.2624661922454834,1.3545050621032715,-0.1426602154970169,0.0015339808305725455,0.1799632378997881,0.0013803278738346533,0.19200189258842532,0.0008641339190837109,-0.02539402324249789,0.003853183840015014,0.9996697203728961,0.11583165228821002,-0.0019436263751440308,0.22761220775422514,0.009364302289967692,-0.00510708136924862,-0.7029909837875723,0.7111187694583032,0.17997883524403624,0.0013804475063177919,0.1919697790093963,-0.05062134563922882,0.10619306953322886,-0.0711192458363556,0.47698761288165464,0.10563562769036937,0.9621100368157148,-0.25080361231069886,-0.016820798816651553,0,nan,nan,nan,nan,nan,nan,nan,nan
14.664584159851074,1789121555.0593235,watch,0,0.0076699042692780495,-1.2640001773834229,1.3545050621032715,-0.1426602154970169,0.0015339808305725455,0.0076699042692780495,-1.2640001773834229,1.3545050621032715,-0.1426602154970169,0.0015339808305725455,0.17988861797898245,0.0013797555349623737,0.1921553271860328,0.0008657601121805768,-0.025820250273370905,0.003853468876629298,0.9996587997476266,0.11601420442668886,-0.0020300451579653156,0.2278844923894483,0.009258632859547401,-0.005667341049387284,-0.7031248721344968,0.7109835252302613,0.1798445575230384,0.0013794175888563632,0.19224576904976093,-0.052155330777168274,0.10612163386348765,-0.0710703386805448,0.4766598363616517,0.10533368708819008,0.9620572558532634,-0.2511578010355886,-0.01644414191933709,0,nan,nan,nan,nan,nan,nan,nan,nan
14.704628229141235,1789121555.0926814,watch,0,0.0076699042692780495,-1.2640001773834229,1.3545050621032715,-0.1426602154970169,0.0015339808305725455,0.0076699042692780495,-1.2640001773834229,1.3545050621032715,-0.1426602154970169,0.0015339808305725455,0.17984455752303846,0.001379417588856363,0.19224576904976082,0.000866718912542752,-0.026071570054619624,0.0038536366182943434,0.9996522753027813,0.11593208913263675,-0.0019932852307645577,0.227765182862248,0.00941874856347086,-0.0053493280757391,-0.7029901228817429,0.7111171204487686,0.1798445575230384,0.0013794175888563632,0.19224576904976093,-0.052155330777168274,0.10615145732216884,-0.07109338396635802,0.476804433917509,0.10559989148647515,0.9620596818296734,-0.2510188976464517,-0.016713603447269514,0,nan,nan,nan,nan,nan,nan,nan,nan
14.744592428207397,1789121555.1260395,watch,0,0.0076699042692780495,-1.2624661922454834,1.3545050621032715,-0.1426602154970169,0.0015339808305725455,0.0076699042692780495,-1.2624661922454834,1.3545050621032715,-0.1426602154970169,0.0015339808305725455,0.17984455752303846,0.001379417588856363,0.19224576904976082,0.000866718912542752,-0.026071570054619624,0.0038536366182943434,0.9996522753027813,0.11579206416054377,-0.0019238828523469864,0.22755363257701766,0.009465942415096533,-0.0049586090024152174,-0.703197889833481,0.71091387373204,0.17997883524403624,0.0013804475063177919,0.1919697790093963,-0.05062134563922882,0.10620950786549818,-0.07113026990739624,0.4770582975972538,0.10539782006512617,0.9621458466443958,-0.25075023082782744,-0.017058459785378705,0,nan,nan,nan,nan,nan,nan,nan,nan
14.781375646591187,1789121555.1593974,watch,0,0.0076699042692780495,-1.2640001773834229,1.3545050621032715,-0.1426602154970169,0.0015339808305725455,0.0076699042692780495,-1.2640001773834229,1.3545050621032715,-0.1426602154970169,0.0015339808305725455,0.17984455752303846,0.001379417588856363,0.19224576904976082,0.000866718912542752,-0.026071570054619624,0.0038536366182943434,0.9996522753027813,0.11595012659857945,-0.001999021848970356,0.22779036197619973,0.009332409883220608,-0.005415158547772541,-0.7030258336101344,0.7110824561613441,0.1798445575230384,0.0013794175888563632,0.19224576904976093,-0.052155330777168274,0.10614727483042613,-0.07108831123772319,0.47677362773416077,0.10552618925241952,0.962070382363742,-0.25101507538768175,-0.016620309517648358,0,nan,nan,nan,nan,nan,nan,nan,nan
14.824712991714478,1789121555.2261133,watch,0,0.0076699042692780495,-1.2640001773834229,1.3545050621032715,-0.1426602154970169,0.0015339808305725455,0.0076699042692780495,-1.2640001773834229,1.3545050621032715,-0.1426602154970169,0.0015339808305725455,0.17984455752303846,0.001379417588856363,0.19224576904976082,0.000866718912542752,-0.026071570054619624,0.0038536366182943434,0.9996522753027813,0.11586068511659642,-0.0019578697131177325,0.22765560075649544,0.009391836028268034,-0.005251953392576996,-0.703041582539441,0.711067327066867,0.1798445575230384,0.0013794175888563632,0.19224576904976093,-0.052155330777168274,0.10618121243879519,-0.07111140962201068,0.47693539474780144,0.10554417005286794,0.962088426756029,-0.2509283692818526,-0.016770234330824016,0,nan,nan,nan,nan,nan,nan,nan,nan
14.864540338516235,1789121555.2594712,watch,0,0.0076699042692780495,-1.2640001773834229,1.3545050621032715,-0.1426602154970169,0.0015339808305725455,0.0076699042692780495,-1.2640001773834229,1.3545050621032715,-0.1426602154970169,0.0015339808305725455,0.17986811345253192,0.0013795982641234528,0.19219743071473516,0.0008662064414614899,-0.025937240071738695,0.003853546990832618,0.9996557704727419,0.1159191860850246,-0.001989165807236626,0.22774472167746884,0.009403356341066663,-0.005314151455898645,-0.7030968902118693,0.7110120249744201,0.1798445575230384,0.0013794175888563632,0.19224576904976093,-0.052155330777168274,0.10615464979670569,-0.07109588247069852,0.47682863482560855,0.1054592878803486,0.9620841548543795,-0.25098113522169707,-0.016759693933136584,0,nan,nan,nan,nan,nan,nan,nan,nan
14.904630422592163,1789121555.2928305,watch,0,0.0076699042692780495,-1.2640001773834229,1.3545050621032715,-0.1426602154970169,0.0015339808305725455,0.0076699042692780495,-1.2640001773834229,1.3545050621032715,-0.1426602154970169,0.0015339808305725455,0.1799428454050234,0.0013801714622848878,0.19204385698760218,0.0008645786319147885,-0.025510579341667526,0.0038532618554428634,0.9996667520821702,0.11595591466743649,-0.002006520622642144,0.22779847125371566,0.00925858735437759,-0.00557084405193027,-0.7029430660890101,0.7111640388082993,0.1798445575230384,0.0013794175888563632,0.19224576904976093,-0.052155330777168274,0.10614038690596402,-0.07108557113034353,0.47676360066890433,0.1055983180472733,0.9620463668523248,-0.2510885584647632,-0.01644138254272885,0,nan,nan,nan,nan,nan,nan,nan,nan
14.938206195831299,1789121555.32619,watch,0,0.0076699042692780495,-1.2624661922454834,1.3545050621032715,-0.1426602154970169,0.0015339808305725455,0.0076699042692780495,-1.2624661922454834,1.3545050621032715,-0.1426602154970169,0.0015339808305725455,0.17993253247588567,0.0013800923615545618,0.19206506982623028,0.0008648034472095366,-0.025569502886478922,0.003853301275365199,0.9996652463231966,0.1159570046229581,-0.0020046109980251803,0.22779744479419145,0.009147070823601671,-0.005966678168472459,-0.7029411360105587,0.7111641787598468,0.17997883524403624,0.0013804475063177919,0.1919697790093963,-0.05062134563922882,0.10614253739188884,-0.07108453460345762,0.4767640357673685,0.10551021638774201,0.9620016398789035,-0.2513180348030437,-0.016114729003256136,0,nan,nan,nan,nan,nan,nan,nan,nan
14.974613189697266,1789121555.392909,watch,0,0.0076699042692780495,-1.2624661922454834,1.3545050621032715,-0.1426602154970169,0.0015339808305725455,0.0076699042692780495,-1.2624661922454834,1.3545050621032715,-0.1426602154970169,0.0015339808305725455,0.17992064023894988,0.0013800011474470793,0.19208952327822837,0.0008650626190370334,-0.025637432062389737,0.00385334670352624,0.9996635061174804,0.11589196367533183,-0.0019757071197003817,0.22770251824767546,0.009417059780069553,-0.005297042616145501,-0.7030854066781695,0.7110233267909107,0.17997883524403624,0.0013804475063177919,0.1919697790093963,-0.05062134563922882,0.10616598354199376,-0.071102549003467,0.4768789381943287,0.10548011582406341,0.9620826969654006,-0.25097684183031477,-0.016776597700503694,0,nan,nan,nan,nan,nan,nan,nan,nan
15.014738082885742,1789121555.392909,watch,0,0.0076699042692780495,-1.2624661922454834,1.3545050621032715,-0.1426602154970169,0.0015339808305725455,0.0076699042692780495,-1.2624661922454834,1.3545050621032715,-0.1426602154970169,0.0015339808305725455,0.17992064023894988,0.0013800011474470793,0.19208952327822837,0.0008650626190370334,-0.025637432062389737,0.00385334670352624,0.9996635061174804,0.11589196367533183,-0.0019757071197003817,0.22770251824767546,0.009417059780069553,-0.005297042616145501,-0.7030854066781695,0.7110233267909107,0.17997883524403624,0.0013804475063177919,0.1919697790093963,-0.05062134563922882,0.10616598354199376,-0.071102549003467,0.4768789381943287,0.10548011582406341,0.9620826969654006,-0.25097684183031477,-0.016776597700503694,0,nan,nan,nan,nan,nan,nan,nan,nan
15.054548978805542,1789121555.4596279,watch,0,0.0076699042692780495,-1.2624661922454834,1.3545050621032715,-0.1426602154970169,0.0015339808305725455,0.0076699042692780495,-1.2624661922454834,1.3545050621032715,-0.1426602154970169,0.0015339808305725455,0.1799788352440362,0.0013804475063177912,0.1919697790093963,0.0008637936252648889,-0.02530483647677425,0.0038531241087030837,0.9996719824752816,0.11585280943434506,-0.001956058501924679,0.227642232136751,0.009308877816427624,-0.005186385967203712,-0.7030117920711777,0.7110983521308915,0.17997883524403624,0.0013804475063177919,0.1919697790093963,-0.05062134563922882,0.1061825385575898,-0.07111238767048304,0.4769509289578203,0.10558430076817357,0.9621104932117468,-0.25082904247126897,-0.016737554662843598,0,nan,nan,nan,nan,nan,nan,nan,nan
15.094598531723022,1789121555.4929874,watch,0,0.0076699042692780495,-1.2624661922454834,1.3545050621032715,-0.1426602154970169,0.0015339808305725455,0.0076699042692780495,-1.2624661922454834,1.3545050621032715,-0.1426602154970169,0.0015339808305725455,0.17994744429784326,0.0013802067360442517,0.19203439539635156,0.0008644783604292894,-0.025484298653222548,0.0038532442693327736,0.9996674225500791,0.11582182226439691,-0.0019408556014294809,0.22759958934501395,0.00959238843652298,-0.004916771587675049,-0.7030924457489063,0.7110167537913991,0.17997883524403624,0.0013804475063177919,0.1919697790093963,-0.05062134563922882,0.10619491712199682,-0.07112245029418007,0.4770034194838183,0.10556767241253816,0.9621133094726398,-0.2507978050442199,-0.017143723691339454,0,nan,nan,nan,nan,nan,nan,nan,nan
15.134732723236084,1789121555.526347,watch,0,0.0076699042692780495,-1.2640001773834229,1.3545050621032715,-0.1426602154970169,0.0015339808305725455,0.0076699042692780495,-1.2640001773834229,1.3545050621032715,-0.1426602154970169,0.0015339808305725455,0.17987277432184703,0.0013796340132459237,0.19218786238981375,0.0008661050065469551,-0.025910652172053898,0.0038535292426794135,0.9996564601294348,0.11587639207853123,-0.0019629656594421507,0.2276779221270661,0.009466841745273846,-0.005160790991178867,-0.7031787835284036,0.710931321253488,0.1798445575230384,0.0013794175888563632,0.19224576904976093,-0.052155330777168274,0.10617744196384976,-0.07110715530557678,0.4769082174555029,0.10538627769123501,0.9621095443897207,-0.25090309306523173,-0.01692911571493174,0,nan,nan,nan,nan,nan,nan,nan,nan
15.172894954681396,1789121555.5597062,watch,0,0.0076699042692780495,-1.2640001773834229,1.3545050621032715,-0.1426602154970169,0.0015339808305725455,0.0076699042692780495,-1.2640001773834229,1.3545050621032715,-0.1426602154970169,0.0015339808305725455,0.17984455752303846,0.001379417588856363,0.19224576904976082,0.000866718912542752,-0.026071570054619624,0.0038536366182943434,0.9996522753027813,0.1158725987440471,-0.001963680294244652,0.22767501721440297,0.009584643040060185,-0.005366545888041693,-0.7031796680316809,0.7109273445788123,0.1798445575230384,0.0013794175888563632,0.19224576904976093,-0.052155330777168274,0.10617625867862743,-0.07110894587960144,0.47691254553680235,0.10536447570715606,0.962053489233636,-0.251129547273561,-0.01689264924512158,0,nan,nan,nan,nan,nan,nan,nan,nan
15.214668273925781,1789121555.6264253,watch,0,0.0076699042692780495,-1.2624661922454834,1.352971076965332,-0.1426602154970169,0.0015339808305725455,0.0076699042692780495,-1.2624661922454834,1.352971076965332,-0.1426602154970169,0.0015339808305725455,0.17990611900680242,0.001379889768802588,0.1921193711579081,0.0008653789819364303,-0.02572035232974114,0.003853402133086774,0.9996613756103875,0.11586081167152157,-0.001958960825432121,0.2276566206026137,0.00950537949185054,-0.005069818570357473,-0.7030718535134833,0.7110372096434157,0.1799873125032293,0.0013805125273592806,0.19244184955692611,-0.052155330777168274,0.10618008975084907,-0.07111155506453852,0.4769344123799562,0.1055540769745111,0.9621014912511286,-0.2508601625588371,-0.016977520648411393,0,nan,nan,nan,nan,nan,nan,nan,nan
15.254790782928467,1789121555.6597848,watch,0,0.0076699042692780495,-1.2624661922454834,1.3545050621032715,-0.1426602154970169,0.0015339808305725455,0.0076699042692780495,-1.2624661922454834,1.3545050621032715,-0.1426602154970169,0.0015339808305725455,0.1799788352440362,0.0013804475063177912,0.1919697790093963,0.0008637936252648889,-0.02530483647677425,0.0038531241087030837,0.9996719824752816,0.11583548722480508,-0.0019452117309181616,0.22761397002095785,0.009350764619501054,-0.005041783500913616,-0.7030993804600725,0.7110122395689282,0.17997883524403624,0.0013804475063177919,0.1919697790093963,-0.05062134563922882,0.10619209338163949,-0.07111643287762086,0.4769842276095995,0.10549868488223124,0.9621393557487672,-0.2507443088286427,-0.01688724955442066,0,nan,nan,nan,nan,nan,nan,nan,nan
15.316738367080688,1789121555.6597848,watch,0,0.0076699042692780495,-1.2624661922454834,1.3545050621032715,-0.1426602154970169,0.0015339808305725455,0.0076699042692780495,-1.2624661922454834,1.3545050621032715,-0.1426602154970169,0.0015339808305725455,0.1799788352440362,0.0013804475063177912,0.1919697790093963,0.0008637936252648889,-0.02530483647677425,0.0038531241087030837,0.9996719824752816,0.11583548722480508,-0.0019452117309181616,0.22761397002095785,0.009350764619501054,-0.005041783500913616,-0.7030993804600725,0.7110122395689282,0.17997883524403624,0.0013804475063177919,0.1919697790093963,-0.05062134563922882,0.10619209338163949,-0.07111643287762086,0.4769842276095995,0.10549868488223124,0.9621393557487672,-0.2507443088286427,-0.01688724955442066,0,nan,nan,nan,nan,nan,nan,nan,nan
15.354567766189575,1789121555.7598634,watch,0,0.0076699042692780495,-1.2624661922454834,1.3545050621032715,-0.1426602154970169,0.0015339808305725455,0.0076699042692780495,-1.2624661922454834,1.3545050621032715,-0.1426602154970169,0.0015339808305725455,0.1799788352440362,0.0013804475063177912,0.1919697790093963,0.0008637936252648889,-0.02530483647677425,0.0038531241087030837,0.9996719824752816,0.11589959500828945,-0.0019751191067069185,0.2277118441249673,0.009613395219830059,-0.005298104694650944,-0.7031058964416352,0.7110004297523291,0.17997883524403624,0.0013804475063177919,0.1919697790093963,-0.05062134563922882,0.1061672684130046,-0.07110038882333361,0.47686713829104393,0.10548163861958934,0.9620484730644013,-0.2510969846681735,-0.016931145239807318,0,nan,nan,nan,nan,nan,nan,nan,nan
15.394951581954956,1789121555.793223,watch,0,0.0076699042692780495,-1.2624661922454834,1.3545050621032715,-0.1426602154970169,0.0015339808305725455,0.0076699042692780495,-1.2624661922454834,1.3545050621032715,-0.1426602154970169,0.0015339808305725455,0.1799788352440362,0.0013804475063177912,0.1919697790093963,0.0008637936252648889,-0.02530483647677425,0.0038531241087030837,0.9996719824752816,0.11592274787220525,-0.00199157681992973,0.2277505605807239,0.00923902384996188,-0.005416498645949039,-0.7028638812494825,0.7112437461346369,0.17997883524403624,0.0013804475063177919,0.1919697790093963,-0.05062134563922882,0.10615250599652441,-0.07109502753250961,0.4768217598490396,0.10573154622215475,0.9620638373552921,-0.2509620674926692,-0.016494049426612586,0,nan,nan,nan,nan,nan,nan,nan,nan
15.434809923171997,1789121555.8265824,watch,0,0.0076699042692780495,-1.2624661922454834,1.3545050621032715,-0.1426602154970169,0.0015339808305725455,0.0076699042692780495,-1.2624661922454834,1.3545050621032715,-0.1426602154970169,0.0015339808305725455,0.1799788352440362,0.0013804475063177912,0.1919697790093963,0.0008637936252648889,-0.02530483647677425,0.0038531241087030837,0.9996719824752816,0.11593318641838923,-0.001991312910875037,0.2277674000179884,0.009630314971413574,-0.005181258074343763,-0.7031435967901855,0.7109637781851333,0.17997883524403624,0.0013804475063177919,0.1919697790093963,-0.05062134563922882,0.10615342546122306,-0.07109385448826319,0.47680200186094174,0.10545478397484684,0.9620701100643595,-0.2510187951315403,-0.017028104659046795,0,nan,nan,nan,nan,nan,nan,nan,nan
15.473140478134155,1789121555.8599422,watch,0,0.0076699042692780495,-1.2640001773834229,1.3545050621032715,-0.1426602154970169,0.0015339808305725455,0.0076699042692780495,-1.2640001773834229,1.3545050621032715,-0.1426602154970169,0.0015339808305725455,0.1799788352440362,0.0013804475063177912,0.1919697790093963,0.0008637936252648889,-0.02530483647677425,0.0038531241087030837,0.9996719824752816,0.11585670900332173,-0.001956776664838844,0.2276497267171712,0.009218054099699263,-0.005060082420082114,-0.7030247991450026,0.7110875859074224,0.1798445575230384,0.0013794175888563632,0.19224576904976093,-0.052155330777168274,0.10618199082741647,-0.07111234394407845,0.476942467917015,0.10557647540659355,0.9621503632577351,-0.25067848882928145,-0.01675056900518019,0,nan,nan,nan,nan,nan,nan,nan,nan
15.514734745025635,1789121555.926661,watch,0,0.0076699042692780495,-1.2624661922454834,1.3545050621032715,-0.1426602154970169,0.0015339808305725455,0.0076699042692780495,-1.2624661922454834,1.3545050621032715,-0.1426602154970169,0.0015339808305725455,0.17987754067782885,0.0013796705714568956,0.1921780761734855,0.0008660012638253975,-0.025883459502157473,0.003853511088018429,0.9996571647411455,0.1159077077624231,-0.0019832897860523058,0.2277275929865194,0.009236764810793273,-0.0052683649194041,-0.7029163685687327,0.7111930155063755,0.17997883524403624,0.0013804475063177919,0.1919697790093963,-0.05062134563922882,0.1061595754093682,-0.07109904179562915,0.47684926074556927,0.10568761354962546,0.9620964722796678,-0.25084840986585966,-0.016600651703264635,0,nan,nan,nan,nan,nan,nan,nan,nan
15.554552793502808,1789121555.9600208,watch,0,0.0076699042692780495,-1.2624661922454834,1.3545050621032715,-0.1426602154970169,0.0015339808305725455,0.0076699042692780495,-1.2624661922454834,1.3545050621032715,-0.1426602154970169,0.0015339808305725455,0.17984455752303846,0.001379417588856363,0.19224576904976082,0.000866718912542752,-0.026071570054619624,0.0038536366182943434,0.9996522753027813,0.11588425412473113,-0.0019687852191591915,0.22769347657114603,0.009349037582357353,-0.005098720120586757,-0.7031137215822436,0.7109976744492086,0.17997883524403624,0.0013804475063177919,0.1919697790093963,-0.05062134563922882,0.10617202080729447,-0.07110640278533263,0.47689067708631433,0.10546837796922141,0.9621324147327599,-0.2507857897174906,-0.01685602102586659,0,nan,nan,nan,nan,nan,nan,nan,nan
15.594629526138306,1789121555.9933803,watch,0,0.0076699042692780495,-1.2624661922454834,1.3545050621032715,-0.1426602154970169,0.0015339808305725455,0.0076699042692780495,-1.2624661922454834,1.3545050621032715,-0.1426602154970169,0.0015339808305725455,0.17984455752303846,0.001379417588856363,0.19224576904976082,0.000866718912542752,-0.026071570054619624,0.0038536366182943434,0.9996522753027813,0.11589494029826258,-0.0019717207158229944,0.22770389793002332,0.009359629298981096,-0.005116345488325485,-0.7029555587330117,0.7111537828026995,0.17997883524403624,0.0013804475063177919,0.1919697790093963,-0.05062134563922882,0.10617033644795873,-0.07110140930779296,0.47687640668751313,0.10568125303271252,0.962104157043794,-0.25080836791945915,-0.016799593389822426,0,nan,nan,nan,nan,nan,nan,nan,nan
15.635210752487183,1789121556.02674,watch,0,0.0076699042692780495,-1.2624661922454834,1.3545050621032715,-0.1426602154970169,0.0015339808305725455,0.0076699042692780495,-1.2624661922454834,1.3545050621032715,-0.1426602154970169,0.0015339808305725455,0.1799193939330308,0.0013799915882125404,0.19209208550986617,0.000865089775810241,-0.025644549931533787,0.003853351462630916,0.999663323504966,0.11590446235335222,-0.001980785031602955,0.2277220291274255,0.009335890796516927,-0.00542754303085221,-0.7030855820952384,0.7110232395424804,0.17997883524403624,0.0013804475063177919,0.1919697790093963,-0.05062134563922882,0.10616184887229915,-0.0710997693477551,0.47685574650204876,0.10544334916892982,0.9620765011877416,-0.25102541988365645,-0.01663564097432139,0,nan,nan,nan,nan,nan,nan,nan,nan
15.671830415725708,1789121556.0600996,watch,0,0.0076699042692780495,-1.2624661922454834,1.3545050621032715,-0.1426602154970169,0.0015339808305725455,0.0076699042692780495,-1.2624661922454834,1.3545050621032715,-0.1426602154970169,0.0015339808305725455,0.179948885337421,0.001380217788896599,0.19203143039468232,0.0008644469385164315,-0.02547606314508897,0.0038532387578755025,0.9996676325105224,0.11586390561839488,-0.001956466917322791,0.2276621367313506,0.009409013045407194,-0.005083896623040074,-0.7030546668978488,0.71105538449673,0.17997883524403624,0.0013804475063177919,0.1919697790093963,-0.05062134563922882,0.10618268945591525,-0.07111193103904453,0.4769281418187457,0.10556027965832111,0.9621148253379562,-0.250812294523704,-0.01689032679156387,0,nan,nan,nan,nan,nan,nan,nan,nan
15.714620113372803,1789121556.0934591,watch,0,0.0076699042692780495,-1.2624661922454834,1.3545050621032715,-0.1426602154970169,0.0015339808305725455,0.0076699042692780495,-1.2624661922454834,1.3545050621032715,-0.1426602154970169,0.0015339808305725455,0.17985944930113187,0.0013795318096085185,0.1922152139656742,0.0008663949691081582,-0.025986656907317468,0.0038535799707182243,0.9996544867822823,0.11579755615471327,-0.0019277489803517511,0.2275618799450282,0.009574228883252899,-0.004861566103211975,-0.7031199148986929,0.7109902141303849,0.17997883524403624,0.0013804475063177919,0.1919697790093963,-0.05062134563922882,0.10620611387632829,-0.0711285723912065,0.47704836143596746,0.10553793273208696,0.9621298809299295,-0.2507447362990253,-0.01717306596766479,0,nan,nan,nan,nan,nan,nan,nan,nan
15.748738765716553,1789121556.126819,watch,0,0.0076699042692780495,-1.2640001773834229,1.3545050621032715,-0.1426602154970169,0.0015339808305725455,0.0076699042692780495,-1.2640001773834229,1.3545050621032715,-0.1426602154970169,0.0015339808305725455,0.1799069053436388,0.001379895800049114,0.19211775519260887,0.0008653618535360559,-0.025715862856577936,0.0038533991326926455,0.9996614911366388,0.1158277620927235,-0.001940750659216034,0.22760732908138376,0.009376539227919096,-0.004854934250800733,-0.7031389540936478,0.7109740651821408,0.1798445575230384,0.0013794175888563632,0.19224576904976093,-0.052155330777168274,0.10619553524402692,-0.07112092128098461,0.4769938030324824,0.10548360183076816,0.9621711018002489,-0.25061885962973846,-0.017034312524797236,0,nan,nan,nan,nan,nan,nan,nan,nan
15.784602165222168,1789121556.1935382,watch,0,0.0076699042692780495,-1.2624661922454834,1.3545050621032715,-0.1426602154970169,0.0015339808305725455,0.0076699042692780495,-1.2624661922454834,1.3545050621032715,-0.1426602154970169,0.0015339808305725455,0.1799788352440362,0.0013804475063177912,0.1919697790093963,0.0008637936252648889,-0.02530483647677425,0.0038531241087030837,0.9996719824752816,0.11584651599532808,-0.0019511728440937681,0.22763823201955097,0.009405847827593168,-0.005078807621400944,-0.7030588913958306,0.711051285751636,0.17997883524403624,0.0013804475063177919,0.1919697790093963,-0.05062134563922882,0.10618646203580936,-0.07111694574124314,0.4769575098600625,0.10555501894995283,0.96211688499666,-0.2508064626572987,-0.01689247963242069,0,nan,nan,nan,nan,nan,nan,nan,nan
15.824676275253296,1789121556.2268977,watch,0,0.0076699042692780495,-1.2640001773834229,1.352971076965332,-0.1426602154970169,0.0015339808305725455,0.0076699042692780495,-1.2640001773834229,1.352971076965332,-0.1426602154970169,0.0015339808305725455,0.1799788352440362,0.0013804475063177912,0.1919697790093963,0.0008637936252648889,-0.02530483647677425,0.0038531241087030837,0.9996719824752816,0.11586956477684862,-0.001961419119402369,0.22767220178147896,0.009408109458945147,-0.005070777374156796,-0.7030653331922565,0.7110449436965934,0.17985231064463741,0.0013794770557229144,0.1927178520462408,-0.05368931591510773,0.10617812494163625,-0.07111071406587761,0.4769164996626037,0.10554811372793217,0.9621187324046369,-0.25080168899012173,-0.01690127936791819,0,nan,nan,nan,nan,nan,nan,nan,nan
15.864588022232056,1789121556.2602572,watch,0,0.0076699042692780495,-1.2624661922454834,1.3545050621032715,-0.1426602154970169,0.0015339808305725455,0.0076699042692780495,-1.2624661922454834,1.3545050621032715,-0.1426602154970169,0.0015339808305725455,0.1799788352440362,0.0013804475063177912,0.1919697790093963,0.0008637936252648889,-0.02530483647677425,0.0038531241087030837,0.9996719824752816,0.11600232109662878,-0.002026582757922335,0.22787391728155687,0.00921608667575926,-0.005774983910368339,-0.7028754176133082,0.711229822646757,0.17997883524403624,0.0013804475063177919,0.1919697790093963,-0.05062134563922882,0.1061236243473914,-0.07107640006620342,0.476674814086179,0.10564556889439283,0.9620106320571351,-0.25121726973458497,-0.016261641033796553,0,nan,nan,nan,nan,nan,nan,nan,nan
15.904809951782227,1789121556.2936153,watch,0,0.0076699042692780495,-1.2624661922454834,1.3545050621032715,-0.1426602154970169,0.0015339808305725455,0.0076699042692780495,-1.2624661922454834,1.3545050621032715,-0.1426602154970169,0.0015339808305725455,0.17992370508748032,0.0013800246550028723,0.19208322198133232,0.0008649958329916162,-0.02561992728924949,0.00385333499876819,0.9996639549955223,0.11586211406408226,-0.0019598737020198598,0.22765545072537657,0.009305430035167863,-0.005220228579113905,-0.7030772924333615,0.7110333881401184,0.17997883524403624,0.0013804475063177919,0.1919697790093963,-0.05062134563922882,0.10617952497963981,-0.07110970695826296,0.4769348170025852,0.10548862478717949,0.9621152333436314,-0.2508511861030263,-0.016736494236981116,0,nan,nan,nan,nan,nan,nan,nan,nan
15.939025163650513,1789121556.326973,watch,0,0.0076699042692780495,-1.2640001773834229,1.3545050621032715,-0.1426602154970169,0.0015339808305725455,0.0076699042692780495,-1.2640001773834229,1.3545050621032715,-0.1426602154970169,0.0015339808305725455,0.17984891163559516,0.0013794509851377255,0.19223683660587082,0.0008666242091028613,-0.02604674591896123,0.003853620060387369,0.9996529225696004,0.11587230950037203,-0.001964505749800255,0.22767278933539448,0.009233825310366948,-0.005381037405301761,-0.702972864127485,0.7111363675182003,0.1798445575230384,0.0013794175888563632,0.19224576904976093,-0.052155330777168274,0.1061755647028189,-0.07110800058178218,0.4769146319915142,0.10558955405311815,0.9620867852142612,-0.25093027414030733,-0.01654875556716716,0,nan,nan,nan,nan,nan,nan,nan,nan
15.97238802909851,1789121556.3603308,watch,0,0.0076699042692780495,-1.2624661922454834,1.3545050621032715,-0.1426602154970169,0.0015339808305725455,0.0076699042692780495,-1.2624661922454834,1.3545050621032715,-0.1426602154970169,0.0015339808305725455,0.17984455752303846,0.001379417588856363,0.19224576904976082,0.000866718912542752,-0.026071570054619624,0.0038536366182943434,0.9996522753027813,0.11587876080850568,-0.0019686523649115606,0.22768770140570294,0.009419435594948677,-0.005378537655355741,-0.7030409552335222,0.7110666359984127,0.17997883524403624,0.0013804475063177919,0.1919697790093963,-0.05062134563922882,0.10617156991109307,-0.07110850244834989,0.47689835398784614,0.10552559692699646,0.962062238667218,-0.2510403465002512,-0.016713520061790447,0,nan,nan,nan,nan,nan,nan,nan,nan
16.0057213306427,1789121556.4270463,watch,0,0.0076699042692780495,-1.2624661922454834,1.3545050621032715,-0.1426602154970169,0.0015339808305725455,0.0076699042692780495,-1.2624661922454834,1.3545050621032715,-0.1426602154970169,0.0015339808305725455,0.17995223187943965,0.001380243457056848,0.19202454425938412,0.0008643739627274896,-0.02545693665041603,0.0038532259568280383,0.999668119869667,0.11582209568983431,-0.0019355463476536383,0.22759346749645504,0.009456050542913486,-0.004711083783991774,-0.7031212055499638,0.7109915323712905,0.17997883524403624,0.0013804475063177919,0.1919697790093963,-0.05062134563922882,0.10620063234839235,-0.0711204379294289,0.47700880711244886,0.10554635735927495,0.9621771472631712,-0.250559535457502,-0.017176231368230144,0,nan,nan,nan,nan,nan,nan,nan,nan
16.044706106185913,1789121556.4270463,watch,0,0.0076699042692780495,-1.2624661922454834,1.3545050621032715,-0.1426602154970169,0.0015339808305725455,0.0076699042692780495,-1.2624661922454834,1.3545050621032715,-0.1426602154970169,0.0015339808305725455,0.17995223187943965,0.001380243457056848,0.19202454425938412,0.0008643739627274896,-0.02545693665041603,0.0038532259568280383,0.999668119869667,0.11582209568983431,-0.0019355463476536383,0.22759346749645504,0.009456050542913486,-0.004711083783991774,-0.7031212055499638,0.7109915323712905,0.17997883524403624,0.0013804475063177919,0.1919697790093963,-0.05062134563922882,0.10620063234839235,-0.0711204379294289,0.47700880711244886,0.10554635735927495,0.9621771472631712,-0.250559535457502,-0.017176231368230144,0,nan,nan,nan,nan,nan,nan,nan,nan
16.084530353546143,1789121556.4937623,watch,0,0.0076699042692780495,-1.2624661922454834,1.3545050621032715,-0.1426602154970169,0.0015339808305725455,0.0076699042692780495,-1.2624661922454834,1.3545050621032715,-0.1426602154970169,0.0015339808305725455,0.1799788352440362,0.0013804475063177912,0.1919697790093963,0.0008637936252648889,-0.02530483647677425,0.0038531241087030837,0.9996719824752816,0.11583715637187342,-0.001945214094105585,0.22761859137430845,0.009510549599904442,-0.0048272411917288875,-0.7031670650574595,0.7109446714106966,0.17997883524403624,0.0013804475063177919,0.1919697790093963,-0.05062134563922882,0.10619205098559578,-0.07111712889118525,0.4769793637909346,0.10547076298557492,0.9621545095361086,-0.25067924759236065,-0.017161956796904076,0,nan,nan,nan,nan,nan,nan,nan,nan
16.124578952789307,1789121556.5271199,watch,0,0.0076699042692780495,-1.2624661922454834,1.3545050621032715,-0.1426602154970169,0.0015339808305725455,0.0076699042692780495,-1.2624661922454834,1.3545050621032715,-0.1426602154970169,0.0015339808305725455,0.1799788352440362,0.0013804475063177912,0.1919697790093963,0.0008637936252648889,-0.02530483647677425,0.0038531241087030837,0.9996719824752816,0.11587719510638789,-0.001964861988484168,0.22767770857953235,0.009176014980776718,-0.0052141489891910225,-0.7030443596808341,0.7110676773137401,0.17997883524403624,0.0013804475063177919,0.1919697790093963,-0.05062134563922882,0.10617574885052956,-0.07110598539291656,0.47690799119950666,0.10551493869251144,0.9621357800684972,-0.2507682941320213,-0.01663132835392127,0,nan,nan,nan,nan,nan,nan,nan,nan
16.164531707763672,1789121556.5604777,watch,0,0.0076699042692780495,-1.2640001773834229,1.3545050621032715,-0.1426602154970169,0.0015339808305725455,0.0076699042692780495,-1.2640001773834229,1.3545050621032715,-0.1426602154970169,0.0015339808305725455,0.179952929635485,0.0013802488088838641,0.19202310841154085,0.0008643587464673203,-0.025452948573733834,0.003853223287497152,0.9996682214430731,0.1159464344011425,-0.001995598929948217,0.22778029808447142,0.009514264061599744,-0.005354650197467828,-0.7031751416902849,0.7109328566112814,0.1798445575230384,0.0013794175888563632,0.19224576904976093,-0.052155330777168274,0.10615070522457369,-0.07108752519937388,0.4767843162865871,0.10536225471917214,0.9620680763637866,-0.2510777759917472,-0.016845240432043846,0,nan,nan,nan,nan,nan,nan,nan,nan
16.204662084579468,1789121556.5938356,watch,0,0.0076699042692780495,-1.2640001773834229,1.3545050621032715,-0.1426602154970169,0.0015339808305725455,0.0076699042692780495,-1.2640001773834229,1.3545050621032715,-0.1426602154970169,0.0015339808305725455,0.17987835731817697,0.0013796768351330138,0.19217639932307337,0.000865983487909839,-0.0258788001578932,0.0038535079770123377,0.9996572853989799,0.11592273844796441,-0.001987528778756603,0.22774709238667157,0.00944344837207972,-0.005295156745750171,-0.7031086337100785,0.7110000223630297,0.1798445575230384,0.0013794175888563632,0.19224576904976093,-0.052155330777168274,0.10615673256677853,-0.0710942364390863,0.4768249103047562,0.10545292466377414,0.9620814545211362,-0.2509910932322415,-0.016805554570898686,0,nan,nan,nan,nan,nan,nan,nan,nan
16.239386558532715,1789121556.6271935,watch,0,0.0076699042692780495,-1.2624661922454834,1.352971076965332,-0.1426602154970169,0.0015339808305725455,0.0076699042692780495,-1.2624661922454834,1.352971076965332,-0.1426602154970169,0.0015339808305725455,0.17984455752303846,0.001379417588856363,0.19224576904976082,0.000866718912542752,-0.026071570054619624,0.0038536366182943434,0.9996522753027813,0.11591058132267146,-0.0019790238989702558,0.2277278701075386,0.009244231460012891,-0.005256511428567867,-0.7030105279388433,0.7110999303047807,0.1799873125032293,0.0013805125273592806,0.19244184955692611,-0.052155330777168274,0.10616426638357418,-0.07109753656882087,0.4768477570865615,0.10556322530889412,0.9621109344338755,-0.25084234810362355,-0.016645470946153484,0,nan,nan,nan,nan,nan,nan,nan,nan
16.274611711502075,1789121556.693909,watch,0,0.0076699042692780495,-1.2624661922454834,1.3545050621032715,-0.1426602154970169,0.0015339808305725455,0.0076699042692780495,-1.2624661922454834,1.3545050621032715,-0.1426602154970169,0.0015339808305725455,0.17991181682523413,0.0013799334713814762,0.19210766099380847,0.0008652548615239293,-0.02568781959601057,0.003853380389135701,0.9996622123087399,0.11586785233267999,-0.001959271475958868,0.2276668570817761,0.009548505213828584,-0.0049641963543115165,-0.7031513007362294,0.710958811096456,0.17997883524403624,0.0013804475063177919,0.1919697790093963,-0.05062134563922882,0.10618031589788789,-0.07111014767012878,0.4769220664892459,0.10547241076449501,0.9621224692831796,-0.25080562337171014,-0.017101577502983946,0,nan,nan,nan,nan,nan,nan,nan,nan
16.314632415771484,1789121556.693909,watch,0,0.0076699042692780495,-1.2624661922454834,1.3545050621032715,-0.1426602154970169,0.0015339808305725455,0.0076699042692780495,-1.2624661922454834,1.3545050621032715,-0.1426602154970169,0.0015339808305725455,0.17991181682523413,0.0013799334713814762,0.19210766099380847,0.0008652548615239293,-0.02568781959601057,0.003853380389135701,0.9996622123087399,0.11586785233267999,-0.001959271475958868,0.2276668570817761,0.009548505213828584,-0.0049641963543115165,-0.7031513007362294,0.710958811096456,0.17997883524403624,0.0013804475063177919,0.1919697790093963,-0.05062134563922882,0.10618031589788789,-0.07111014767012878,0.4769220664892459,0.10547241076449501,0.9621224692831796,-0.25080562337171014,-0.017101577502983946,0,nan,nan,nan,nan,nan,nan,nan,nan
16.35448980331421,1789121556.7606244,watch,0,0.0076699042692780495,-1.2624661922454834,1.3545050621032715,-0.1426602154970169,0.0015339808305725455,0.0076699042692780495,-1.2624661922454834,1.3545050621032715,-0.1426602154970169,0.0015339808305725455,0.17986684400388445,0.0013795885273829218,0.19220003654904175,0.0008662340665603494,-0.02594448112735413,0.003853551823965919,0.999655582526259,0.1159528297219869,-0.002000047473442179,0.22778886772732393,0.009290449779919099,-0.0054960193417547066,-0.7030703315974758,0.7110383886554209,0.17997883524403624,0.0013804475063177919,0.1919697790093963,-0.05062134563922882,0.10614688355920195,-0.07108508054147145,0.47677366044461816,0.10544443249238704,0.9620715152711712,-0.2510494483958309,-0.01655432331265998,0,nan,nan,nan,nan,nan,nan,nan,nan
16.394474029541016,1789121556.7939825,watch,0,0.0076699042692780495,-1.2624661922454834,1.3545050621032715,-0.1426602154970169,0.0015339808305725455,0.0076699042692780495,-1.2624661922454834,1.3545050621032715,-0.1426602154970169,0.0015339808305725455,0.17984455752303846,0.001379417588856363,0.19224576904976082,0.000866718912542752,-0.026071570054619624,0.0038536366182943434,0.9996522753027813,0.11598533619860674,-0.002015818867144914,0.2278378614708217,0.009398009932906716,-0.005612437740588432,-0.7030173748731212,0.7110884252878925,0.17997883524403624,0.0013804475063177919,0.1919697790093963,-0.05062134563922882,0.10613374944582019,-0.07107653104081926,0.4767148370148664,0.10551075176397755,0.9620241698348415,-0.25120348934190917,-0.016546445486373688,0,nan,nan,nan,nan,nan,nan,nan,nan
16.43468403816223,1789121556.8273401,watch,0,0.0076699042692780495,-1.2640001773834229,1.3545050621032715,-0.1426602154970169,0.0015339808305725455,0.0076699042692780495,-1.2640001773834229,1.3545050621032715,-0.1426602154970169,0.0015339808305725455,0.17984455752303846,0.001379417588856363,0.19224576904976082,0.000866718912542752,-0.026071570054619624,0.0038536366182943434,0.9996522753027813,0.11586255755797575,-0.001957865283893495,0.22765692911828245,0.009435529433651349,-0.0050537254588759115,-0.7030530707479344,0.7110568263895601,0.1798445575230384,0.0013794175888563632,0.19224576904976093,-0.052155330777168274,0.10618146321776728,-0.07111040761421382,0.47693334445717417,0.10557204606822561,0.9621145569533454,-0.2508058153599891,-0.01692824175888856,0,nan,nan,nan,nan,nan,nan,nan,nan
16.47498059272766,1789121556.860698,watch,0,0.0076699042692780495,-1.2624661922454834,1.352971076965332,-0.1426602154970169,0.0015339808305725455,0.0076699042692780495,-1.2624661922454834,1.352971076965332,-0.1426602154970169,0.0015339808305725455,0.17984455752303846,0.001379417588856363,0.19224576904976082,0.000866718912542752,-0.026071570054619624,0.0038536366182943434,0.9996522753027813,0.11587351627083625,-0.0019628518998194566,0.22767414175109785,0.009302454192513729,-0.005186816429059989,-0.7031223931893305,0.7109890726846905,0.1799873125032293,0.0013805125273592806,0.19244184955692611,-0.052155330777168274,0.10617730644114028,-0.07110791300730251,0.4769129059494297,0.10543320724377547,0.9621279591162647,-0.25082343873220525,-0.016769963613969038,0,nan,nan,nan,nan,nan,nan,nan,nan
16.51456928253174,1789121556.8940556,watch,0,0.0076699042692780495,-1.2624661922454834,1.3545050621032715,-0.1426602154970169,0.0015339808305725455,0.0076699042692780495,-1.2624661922454834,1.3545050621032715,-0.1426602154970169,0.0015339808305725455,0.17987850958713913,0.0013796780030442784,0.19217608665684366,0.0008659801734120285,-0.02587793137688889,0.0038535073969251433,0.9996573078944274,0.1159135265962496,-0.0019826779949503326,0.2277349283225612,0.009292818994598027,-0.005491509063923533,-0.7030166160153585,0.7110915021638556,0.17997883524403624,0.0013804475063177919,0.1919697790093963,-0.05062134563922882,0.10616069828498377,-0.07109753104658813,0.4768400685174397,0.10551850048959087,0.9620638825916494,-0.2510484792495733,-0.016540644896309995,0,nan,nan,nan,nan,nan,nan,nan,nan
16.55456042289734,1789121556.9607713,watch,0,0.0076699042692780495,-1.2624661922454834,1.3545050621032715,-0.1426602154970169,0.0015339808305725455,0.0076699042692780495,-1.2624661922454834,1.3545050621032715,-0.1426602154970169,0.0015339808305725455,0.1799788352440362,0.0013804475063177912,0.1919697790093963,0.0008637936252648889,-0.02530483647677425,0.0038531241087030837,0.9996719824752816,0.1158686246575914,-0.0019619851787762432,0.22766795018484248,0.00954162743149287,-0.005076269869461008,-0.7031059368837098,0.711002974922786,0.17997883524403624,0.0013804475063177919,0.1919697790093963,-0.05062134563922882,0.10617771749811059,-0.07110944623891766,0.4769206837904656,0.10551208605106711,0.9620986130443372,-0.2508864941195903,-0.017012511387090277,0,nan,nan,nan,nan,nan,nan,nan,nan
16.594500064849854,1789121556.9941292,watch,0,0.0076699042692780495,-1.2624661922454834,1.3545050621032715,-0.1426602154970169,0.0015339808305725455,0.0076699042692780495,-1.2624661922454834,1.3545050621032715,-0.1426602154970169,0.0015339808305725455,0.1799788352440362,0.0013804475063177912,0.1919697790093963,0.0008637936252648889,-0.02530483647677425,0.0038531241087030837,0.9996719824752816,0.11592381628580767,-0.0019864994671547065,0.22774334353176012,0.009370720737734936,-0.005193420352352959,-0.7031340505838769,0.7109765993950921,0.17997883524403624,0.0013804475063177919,0.1919697790093963,-0.05062134563922882,0.10615822403239396,-0.07109177546949488,0.4768277377221159,0.105426438497687,0.9621157100322879,-0.25086981921461315,-0.016821426276842726,0,nan,nan,nan,nan,nan,nan,nan,nan
16.634634017944336,1789121557.0274868,watch,0,0.0076699042692780495,-1.2640001773834229,1.3545050621032715,-0.1426602154970169,0.0015339808305725455,0.0076699042692780495,-1.2640001773834229,1.3545050621032715,-0.1426602154970169,0.0015339808305725455,0.1799019861545555,0.0013798580695998982,0.19212786378939825,0.0008654690004025107,-0.025743946864014322,0.0038534179004584682,0.9996607681277467,0.11586585372588842,-0.0019622216995710817,0.22766411774600642,0.009623199794855045,-0.005251273565643268,-0.703018501490428,0.7110870584631676,0.1798445575230384,0.0013794175888563632,0.19224576904976093,-0.052155330777168274,0.10617726213638251,-0.07111001954178782,0.4769253619911386,0.10561039546591165,0.9620414463463636,-0.25106935405470493,-0.016937512682908593,0,nan,nan,nan,nan,nan,nan,nan,nan
16.673048734664917,1789121557.0608447,watch,0,0.0076699042692780495,-1.2640001773834229,1.3545050621032715,-0.1426602154970169,0.0015339808305725455,0.0076699042692780495,-1.2640001773834229,1.3545050621032715,-0.1426602154970169,0.0015339808305725455,0.17987675565452005,0.0013796645502851972,0.19217968806554292,0.0008660183511903308,-0.02588793837069955,0.0038535140784437946,0.9996570487364042,0.11583915692365582,-0.0019483755007597692,0.2276219983262061,0.009123174589059905,-0.00518335831085684,-0.7030051002923166,0.7111073965618897,0.1798445575230384,0.0013794175888563632,0.19224576904976093,-0.052155330777168274,0.10618906656780443,-0.07111634800607301,0.4769753528696454,0.10556596209881183,0.9621450204164216,-0.2507136399235488,-0.016596930147494273,0,nan,nan,nan,nan,nan,nan,nan,nan
16.71452760696411,1789121557.1275604,watch,0,0.0076699042692780495,-1.2640001773834229,1.3545050621032715,-0.1426602154970169,0.0015339808305725455,0.0076699042692780495,-1.2640001773834229,1.3545050621032715,-0.1426602154970169,0.0015339808305725455,0.17991467983585807,0.0013799554308294914,0.1921017761991527,0.000865192487520661,-0.025671471061398925,0.003853369460707722,0.9996626323711928,0.11590265104386122,-0.00197869763763317,0.22771790333256253,0.009509927139473786,-0.005101516590559567,-0.703133471029357,0.7109759895611713,0.1798445575230384,0.0013794175888563632,0.19224576904976093,-0.052155330777168274,0.10616387036702249,-0.07109984038798524,0.4768602817805714,0.105465266867459,0.9621044997305094,-0.2508856394515511,-0.01698249097948055,0,nan,nan,nan,nan,nan,nan,nan,nan
16.75441551208496,1789121557.160918,watch,0,0.0076699042692780495,-1.2640001773834229,1.3545050621032715,-0.1426602154970169,0.0015339808305725455,0.0076699042692780495,-1.2640001773834229,1.3545050621032715,-0.1426602154970169,0.0015339808305725455,0.17984455752303846,0.001379417588856363,0.19224576904976082,0.000866718912542752,-0.026071570054619624,0.0038536366182943434,0.9996522753027813,0.11593694861257348,-0.0019944922850995694,0.22776864618570902,0.00927664186466243,-0.005475049913179076,-0.7029577258703401,0.7111500568680021,0.1798445575230384,0.0013794175888563632,0.19224576904976093,-0.052155330777168274,0.10615091304351572,-0.07109054833698156,0.4767990739640012,0.10559901593648946,0.962060951779862,-0.25102731270315026,-0.016518509942060475,0,nan,nan,nan,nan,nan,nan,nan,nan
16.816203832626343,1789121557.160918,watch,0,0.0076699042692780495,-1.2640001773834229,1.3545050621032715,-0.1426602154970169,0.0015339808305725455,0.0076699042692780495,-1.2640001773834229,1.3545050621032715,-0.1426602154970169,0.0015339808305725455,0.17984917386055246,0.0013794529964174847,0.1922362986164945,0.0008666185052950647,-0.02604525081251448,0.003853619063063281,0.9996529615334495,0.11593694861257348,-0.0019944922850995694,0.22776864618570902,0.00927664186466243,-0.005475049913179076,-0.7029577258703401,0.7111500568680021,0.1798445575230384,0.0013794175888563632,0.19224576904976093,-0.052155330777168274,0.10615091304351572,-0.07109054833698156,0.4767990739640012,0.10559901593648946,0.962060951779862,-0.25102731270315026,-0.016518509942060475,0,nan,nan,nan,nan,nan,nan,nan,nan
16.85444450378418,1789121557.260991,watch,0,0.0076699042692780495,-1.2624661922454834,1.3545050621032715,-0.1426602154970169,0.0015339808305725455,0.0076699042692780495,-1.2624661922454834,1.3545050621032715,-0.1426602154970169,0.0015339808305725455,0.1799788352440362,0.0013804475063177912,0.1919697790093963,0.0008637936252648889,-0.02530483647677425,0.0038531241087030837,0.9996719824752816,0.11589418233036952,-0.0019692097728101488,0.22769912683656174,0.009406691965442936,-0.005260000622890919,-0.7030840627129774,0.7110250679819444,0.17997883524403624,0.0013804475063177919,0.1919697790093963,-0.05062134563922882,0.10617301680593766,-0.0711003560847506,0.4768810271945511,0.10548727704363488,0.962090566226339,-0.2509427044165686,-0.01679094578338299,0,nan,nan,nan,nan,nan,nan,nan,nan
16.894551992416382,1789121557.2943487,watch,0,0.0076699042692780495,-1.2640001773834229,1.3545050621032715,-0.1426602154970169,0.0015339808305725455,0.0076699042692780495,-1.2640001773834229,1.3545050621032715,-0.1426602154970169,0.0015339808305725455,0.1799788352440362,0.0013804475063177912,0.1919697790093963,0.0008637936252648889,-0.02530483647677425,0.0038531241087030837,0.9996719824752816,0.11585020281938518,-0.0019522242190152805,0.2276415076794967,0.009537200010690618,-0.004923901806878672,-0.7030866561199282,0.7110231719100655,0.1798445575230384,0.0013794175888563632,0.19224576904976093,-0.052155330777168274,0.10618586726321352,-0.07111506728523785,0.4769528681300479,0.10556590735961281,0.9621217040532144,-0.25076961890362354,-0.017095731280417574,0,nan,nan,nan,nan,nan,nan,nan,nan
16.934922218322754,1789121557.3277063,watch,0,0.0076699042692780495,-1.2624661922454834,1.3545050621032715,-0.1426602154970169,0.0015339808305725455,0.0076699042692780495,-1.2624661922454834,1.3545050621032715,-0.1426602154970169,0.0015339808305725455,0.1799788352440362,0.0013804475063177912,0.1919697790093963,0.0008637936252648889,-0.02530483647677425,0.0038531241087030837,0.9996719824752816,0.11590285346803525,-0.001978939176632194,0.22771620143099097,0.009498952077079945,-0.005273654178471834,-0.703102676625441,0.711005333737507,0.17997883524403624,0.0013804475063177919,0.1919697790093963,-0.05062134563922882,0.10616379982459069,-0.07109882993701733,0.47686168527556616,0.10547335867303315,0.9620736449710231,-0.2510088854350094,-0.016858579272103217,0,nan,nan,nan,nan,nan,nan,nan,nan
16.97252058982849,1789121557.3610637,watch,0,0.0076699042692780495,-1.2640001773834229,1.3545050621032715,-0.1426602154970169,0.0015339808305725455,0.0076699042692780495,-1.2640001773834229,1.3545050621032715,-0.1426602154970169,0.0015339808305725455,0.1799788352440362,0.0013804475063177912,0.1919697790093963,0.0008637936252648889,-0.02530483647677425,0.0038531241087030837,0.9996719824752816,0.1158922489493679,-0.0019724461420761175,0.22770362926708415,0.009592442972551565,-0.0049663213970698615,-0.7031017341182382,0.7110072237112122,0.1798445575230384,0.0013794175888563632,0.19224576904976093,-0.052155330777168274,0.10616914747652595,-0.07110346561645606,0.47687788983400303,0.10554586968922089,0.9621065097489828,-0.25083491381554984,-0.01711663814310847,0,nan,nan,nan,nan,nan,nan,nan,nan
17.01460361480713,1789121557.394421,watch,0,0.0076699042692780495,-1.2640001773834229,1.3545050621032715,-0.1426602154970169,0.0015339808305725455,0.0076699042692780495,-1.2640001773834229,1.3545050621032715,-0.1426602154970169,0.0015339808305725455,0.17997883524403618,0.001380447506317791,0.1919697790093963,0.0008637936252648889,-0.02530483647677425,0.0038531241087030837,0.9996719824752816,0.11586843133743441,-0.001962187286634526,0.22766820714107622,0.009392769374427833,-0.005170642416365042,-0.7030962355900762,0.7110138703566514,0.1798445575230384,0.0013794175888563632,0.19224576904976093,-0.052155330777168274,0.10617746424831419,-0.071109691922913,0.47692054325331534,0.10548530121742779,0.9621097266580236,-0.2508668326820005,-0.016839161415964664,0,nan,nan,nan,nan,nan,nan,nan,nan
17.050026416778564,1789121557.4277787,watch,0,0.0076699042692780495,-1.2624661922454834,1.3545050621032715,-0.1426602154970169,0.0015339808305725455,0.0076699042692780495,-1.2624661922454834,1.3545050621032715,-0.1426602154970169,0.0015339808305725455,0.1799788352440362,0.0013804475063177912,0.1919697790093963,0.0008637936252648889,-0.02530483647677425,0.0038531241087030837,0.9996719824752816,0.11584842070693835,-0.0019490893995110503,0.22763480567084066,0.009629701499598985,-0.005064887655658421,-0.7030952646556159,0.7110124222409294,0.17997883524403624,0.0013804475063177919,0.1919697790093963,-0.05062134563922882,0.10618911511257687,-0.07111412946719003,0.47695968662767896,0.10554191771034822,0.9620822786666232,-0.2509318354963794,-0.01708234808443856,0,nan,nan,nan,nan,nan,nan,nan,nan
17.084517240524292,1789121557.4944937,watch,0,0.0076699042692780495,-1.2640001773834229,1.3545050621032715,-0.1426602154970169,0.0015339808305725455,0.0076699042692780495,-1.2640001773834229,1.3545050621032715,-0.1426602154970169,0.0015339808305725455,0.1798542554830077,0.0013794919727395443,0.19222587218526266,0.0008665079646695415,-0.026016275520744748,0.0038535997331418637,0.9996537162143062,0.11585135732645974,-0.0019538481775807914,0.22763731767063305,0.00943410056310544,-0.00510014619602476,-0.7031533744260335,0.7109573252232703,0.1798445575230384,0.0013794175888563632,0.19224576904976093,-0.052155330777168274,0.10618480663483831,-0.0711118079306634,0.47695599510582215,0.10542711278658938,0.9621219755606528,-0.250838010183241,-0.016932828472017675,0,nan,nan,nan,nan,nan,nan,nan,nan
17.12452268600464,1789121557.527851,watch,0,0.0076699042692780495,-1.2640001773834229,1.3545050621032715,-0.1426602154970169,0.0015339808305725455,0.0076699042692780495,-1.2640001773834229,1.3545050621032715,-0.1426602154970169,0.0015339808305725455,0.17992257975727635,0.0013800160236586828,0.19208553571378012,0.0008650203556262761,-0.025626354719941104,0.0038533392966766914,0.9996637902113974,0.1158586151419842,-0.0019597577766116703,0.22765040314480461,0.009334985312799474,-0.005016754782576485,-0.7030346034832142,0.711076674153963,0.1798445575230384,0.0013794175888563632,0.19224576904976093,-0.052155330777168274,0.10617937192820058,-0.0711104170161059,0.4769409167039956,0.10558884286137762,0.9621368951211893,-0.2507170513455898,-0.01686865360145057,0,nan,nan,nan,nan,nan,nan,nan,nan
17.164408922195435,1789121557.5612087,watch,0,0.0076699042692780495,-1.2624661922454834,1.3545050621032715,-0.1426602154970169,0.0015339808305725455,0.0076699042692780495,-1.2624661922454834,1.3545050621032715,-0.1426602154970169,0.0015339808305725455,0.17994774031877175,0.0013802090065409577,0.192155072415678,0.000865242719926057,-0.025684637218968628,0.003853378261907521,0.9996622940983301,0.1158778125560837,-0.001963164804513362,0.22767582101191242,0.009464468780701278,-0.004902028555901162,-0.7030451270665201,0.7110653579346676,0.17997883524403624,0.0013804475063177919,0.1919697790093963,-0.05062134563922882,0.10617766874616173,-0.07110491631823683,0.47690940388105896,0.10561537571737455,0.9621329078738028,-0.25070958348983235,-0.017040092274780372,0,nan,nan,nan,nan,nan,nan,nan,nan
17.20452904701233,1789121557.594566,watch,0,0.0076699042692780495,-1.2640001773834229,1.352971076965332,-0.1426602154970169,0.0015339808305725455,0.0076699042692780495,-1.2640001773834229,1.352971076965332,-0.1426602154970169,0.0015339808305725455,0.17986321970031466,0.0013795607287763899,0.19265395871229213,0.0008691440603728681,-0.026707304097923695,0.003854059852171697,0.9996354889253779,0.11586520090147967,-0.0019594439615856774,0.2276585155221768,0.00947064680605164,-0.005115663420712125,-0.7031138722943024,0.7109957942380197,0.17985231064463741,0.0013794770557229144,0.1927178520462408,-0.05368931591510773,0.10618028618340117,-0.07110854399643451,0.47693067281267587,0.10548331902313723,0.9621066931119404,-0.2508726773875051,-0.01693753870827137,0,nan,nan,nan,nan,nan,nan,nan,nan
17.244511604309082,1789121557.6279235,watch,0,0.0076699042692780495,-1.2624661922454834,1.3545050621032715,-0.1426602154970169,0.0015339808305725455,0.0076699042692780495,-1.2624661922454834,1.3545050621032715,-0.1426602154970169,0.0015339808305725455,0.1798486405350969,0.0013794489057820816,0.1924888730835632,0.00086822512997721,-0.026466403917419282,0.0038538996577488515,0.9996418974343921,0.11597726064668795,-0.002012968267676385,0.2278268710756549,0.009402443161215053,-0.005753617567984732,-0.7030520688538038,0.7110529364455701,0.17997883524403624,0.0013804475063177919,0.1919697790093963,-0.05062134563922882,0.10613587718882869,-0.0710789890630634,0.4767283854494026,0.10543800324923958,0.9620051161619325,-0.25131165491967133,-0.016475316404126507,0,nan,nan,nan,nan,nan,nan,nan,nan
17.283501625061035,1789121557.661281,watch,0,0.0076699042692780495,-1.2640001773834229,1.3545050621032715,-0.1426602154970169,0.0015339808305725455,0.0076699042692780495,-1.2640001773834229,1.3545050621032715,-0.1426602154970169,0.0015339808305725455,0.17985011120367414,0.0013794601858904752,0.19223437549900516,0.0008665981162967685,-0.02603990636492744,0.0038536154979316984,0.9996531007963736,0.11585240791719198,-0.0019499691297112098,0.22764007118070112,0.009684414982876128,-0.004928456361496043,-0.7031015100682037,0.7110064619707364,0.1798445575230384,0.0013794175888563632,0.19224576904976093,-0.052155330777168274,0.10618859377425925,-0.07111294642820416,0.4769531501156091,0.10556702754108689,0.9620953366703271,-0.2508625343062304,-0.017209146835464643,0,nan,nan,nan,nan,nan,nan,nan,nan
17.3171443939209,1789121557.6946385,watch,0,0.0076699042692780495,-1.2624661922454834,1.3545050621032715,-0.1426602154970169,0.0015339808305725455,0.0076699042692780495,-1.2624661922454834,1.3545050621032715,-0.1426602154970169,0.0015339808305725455,0.1799247953992225,0.0013800330177535457,0.1920809801763572,0.0008649720728092903,-0.0256136997067414,0.0038533308343433404,0.9996641146165682,0.1159107170160788,-0.001980114918876452,0.22772840679166323,0.009472265559991176,-0.005381822925068662,-0.7030971190977303,0.7110103749479584,0.17997883524403624,0.0013804475063177919,0.1919697790093963,-0.05062134563922882,0.10616318199329051,-0.07109745056371525,0.4768471972045912,0.10545673701868516,0.9620600138975984,-0.25107400919118167,-0.016770455729971906,0,nan,nan,nan,nan,nan,nan,nan,nan
17.354507207870483,1789121557.7613535,watch,0,0.0076699042692780495,-1.2624661922454834,1.3545050621032715,-0.1426602154970169,0.0015339808305725455,0.0076699042692780495,-1.2624661922454834,1.3545050621032715,-0.1426602154970169,0.0015339808305725455,0.1799788352440362,0.0013804475063177912,0.1919697790093963,0.0008637936252648889,-0.02530483647677425,0.0038531241087030837,0.9996719824752816,0.11579709275639932,-0.0019264523455228832,0.2275586273225464,0.009433243945108003,-0.004857633229415849,-0.7030369698461262,0.7110741426445331,0.17997883524403624,0.0013804475063177919,0.1919697790093963,-0.05062134563922882,0.10620754427888818,-0.07112772567668008,0.4770514779365552,0.10562999319143013,0.9621449062380089,-0.25065732070695707,-0.017040877754429223,0,nan,nan,nan,nan,nan,nan,nan,nan
17.39445471763611,1789121557.7947109,watch,0,0.0076699042692780495,-1.2624661922454834,1.3545050621032715,-0.1426602154970169,0.0015339808305725455,0.0076699042692780495,-1.2624661922454834,1.3545050621032715,-0.1426602154970169,0.0015339808305725455,0.1799210108932169,0.0013800039903855723,0.19208876124670865,0.0008650545423879349,-0.02563531515116653,0.003853345288092917,0.9996635604181188,0.11585424611336348,-0.0019576919622877054,0.22764571234887615,0.00948169357589593,-0.005070074773288198,-0.703006080657656,0.7111025540574915,0.17997883524403624,0.0013804475063177919,0.1919697790093963,-0.05062134563922882,0.10618094121742208,-0.07111243187252084,0.4769471486580486,0.10563969405679892,0.9620962095600052,-0.2508471067455701,-0.016937167036819755,0,nan,nan,nan,nan,nan,nan,nan,nan
17.434921264648438,1789121557.8280683,watch,0,0.0076699042692780495,-1.2640001773834229,1.3545050621032715,-0.1426602154970169,0.0015339808305725455,0.0076699042692780495,-1.2640001773834229,1.3545050621032715,-0.1426602154970169,0.0015339808305725455,0.17984624361385457,0.001379430521265106,0.1922423101750607,0.0008666822406979904,-0.026061957433961565,0.0038536302068762985,0.9996525260163317,0.11592542874192757,-0.001986406398882423,0.22775507014989704,0.009230043186241463,-0.005416196333753677,-0.7030138780539767,0.7110956042499227,0.1798445575230384,0.0013794175888563632,0.19224576904976093,-0.052155330777168274,0.1061577276656174,-0.07109582723770726,0.4768166265095921,0.105526797715651,0.9620877535293959,-0.25095364719295365,-0.016538332237410275,0,nan,nan,nan,nan,nan,nan,nan,nan
17.473050117492676,1789121557.8614259,watch,0,0.0076699042692780495,-1.2624661922454834,1.3545050621032715,-0.1426602154970169,0.0015339808305725455,0.0076699042692780495,-1.2624661922454834,1.3545050621032715,-0.1426602154970169,0.0015339808305725455,0.17993215268247623,0.0013800894485183472,0.1920658509083322,0.0008648117253663323,-0.02557167258468269,0.0038533027266414877,0.9996651908114027,0.11587849983243775,-0.0019632698277504412,0.22768332056786494,0.009432179849512529,-0.0051368982769161966,-0.7030052247108227,0.7111035791561345,0.17997883524403624,0.0013804475063177919,0.1919697790093963,-0.05062134563922882,0.10617712637839825,-0.07110777193448352,0.47690245564306555,0.10562097639984187,0.9620944158905367,-0.2508671557135964,-0.016858660704854353,0,nan,nan,nan,nan,nan,nan,nan,nan
17.506577014923096,1789121557.8947833,watch,0,0.0076699042692780495,-1.2624661922454834,1.3545050621032715,-0.1426602154970169,0.0015339808305725455,0.0076699042692780495,-1.2624661922454834,1.3545050621032715,-0.1426602154970169,0.0015339808305725455,0.1799788352440362,0.0013804475063177912,0.1919697790093963,0.0008637936252648889,-0.02530483647677425,0.0038531241087030837,0.9996719824752816,0.11586389626272642,-0.0019614031053456493,0.22766425922909722,0.009541480226518658,-0.004886301251513902,-0.7031283175245904,0.7109821751001957,0.17997883524403624,0.0013804475063177919,0.1919697790093963,-0.05062134563922882,0.10617769091337455,-0.07111193892027318,0.4769261706397166,0.10551701456043668,0.9621332331829913,-0.25074320769026465,-0.017136074238085792,0,nan,nan,nan,nan,nan,nan,nan,nan
17.544468879699707,1789121557.961498,watch,0,0.0076699042692780495,-1.2624661922454834,1.3545050621032715,-0.1426602154970169,0.0015339808305725455,0.0076699042692780495,-1.2624661922454834,1.3545050621032715,-0.1426602154970169,0.0015339808305725455,0.1799788352440362,0.0013804475063177912,0.1919697790093963,0.0008637936252648889,-0.02530483647677425,0.0038531241087030837,0.9996719824752816,0.11592249209037658,-0.001986158865417059,0.22774834422282353,0.00926439363585751,-0.005461838640007205,-0.7029701987879465,0.7111379886810051,0.17997883524403624,0.0013804475063177919,0.1919697790093963,-0.05062134563922882,0.10615793454923499,-0.07109530114043398,0.47682394796511507,0.10558271539248476,0.9620672867405421,-0.25100968884262415,-0.01652156473128056,0,nan,nan,nan,nan,nan,nan,nan,nan
17.58317232131958,1789121557.961498,watch,0,0.0076699042692780495,-1.2624661922454834,1.3545050621032715,-0.1426602154970169,0.0015339808305725455,0.0076699042692780495,-1.2624661922454834,1.3545050621032715,-0.1426602154970169,0.0015339808305725455,0.1799788352440362,0.0013804475063177912,0.1919697790093963,0.0008637936252648889,-0.02530483647677425,0.0038531241087030837,0.9996719824752816,0.11592249209037658,-0.001986158865417059,0.22774834422282353,0.00926439363585751,-0.005461838640007205,-0.7029701987879465,0.7111379886810051,0.17997883524403624,0.0013804475063177919,0.1919697790093963,-0.05062134563922882,0.10615793454923499,-0.07109530114043398,0.47682394796511507,0.10558271539248476,0.9620672867405421,-0.25100968884262415,-0.01652156473128056,0,nan,nan,nan,nan,nan,nan,nan,nan
17.62452721595764,1789121558.0282128,watch,0,0.0076699042692780495,-1.2640001773834229,1.3545050621032715,-0.1426602154970169,0.0015339808305725455,0.0076699042692780495,-1.2640001773834229,1.3545050621032715,-0.1426602154970169,0.0015339808305725455,0.1799788352440362,0.0013804475063177912,0.1919697790093963,0.0008637936252648889,-0.02530483647677425,0.0038531241087030837,0.9996719824752816,0.11585835503409014,-0.0019546005325963567,0.22765491404843047,0.009430203358206065,-0.004949750617040201,-0.7031847323230088,0.7109274248903825,0.1798445575230384,0.0013794175888563632,0.19224576904976093,-0.052155330777168274,0.10618403583415284,-0.07111375535538093,0.4769371595048227,0.10541194418270533,0.9621521124497708,-0.2507220195238874,-0.017032423724449002,0,nan,nan,nan,nan,nan,nan,nan,nan
17.66444206237793,1789121558.0615704,watch,0,0.0076699042692780495,-1.2624661922454834,1.3545050621032715,-0.1426602154970169,0.0015339808305725455,0.0076699042692780495,-1.2624661922454834,1.3545050621032715,-0.1426602154970169,0.0015339808305725455,0.1799788352440362,0.0013804475063177912,0.19196977900939627,0.0008637936252648889,-0.02530483647677425,0.0038531241087030837,0.9996719824752816,0.11578020954096263,-0.0019226947594396804,0.22754253876350822,0.00947834221983251,-0.004667177133730117,-0.7030358097028153,0.7110759655352394,0.17997883524403624,0.0013804475063177919,0.1919697790093963,-0.05062134563922882,0.10620931453537447,-0.07113561386956159,0.4770736735837324,0.1056737123715185,0.9621675569609964,-0.2505416751632648,-0.017190923527094375,0,nan,nan,nan,nan,nan,nan,nan,nan
17.704652786254883,1789121558.0949278,watch,0,0.0076699042692780495,-1.2640001773834229,1.3545050621032715,-0.1426602154970169,0.0015339808305725455,0.0076699042692780495,-1.2640001773834229,1.3545050621032715,-0.1426602154970169,0.0015339808305725455,0.1799788352440362,0.0013804475063177912,0.1919697790093963,0.0008637936252648889,-0.02530483647677425,0.0038531241087030837,0.9996719824752816,0.11592915061961329,-0.00199119010608681,0.22775808087427418,0.009418045322129968,-0.005429891029282761,-0.7030957446418455,0.7110120889072485,0.1798445575230384,0.0013794175888563632,0.19224576904976093,-0.052155330777168274,0.10615350252399626,-0.071093053147438,0.476812126143956,0.10544148811471417,0.962062110530846,-0.25107709701298,-0.016699683249196243,0,nan,nan,nan,nan,nan,nan,nan,nan
