t,stamp,label,moving,cmd_waist,cmd_shoulder,cmd_elbow,cmd_wrist_angle,cmd_wrist_rotate,meas_waist,meas_shoulder,meas_elbow,meas_wrist_angle,meas_wrist_rotate,enc_x,enc_y,enc_z,enc_qx,enc_qy,enc_qz,enc_qw,cam_x,cam_y,cam_z,cam_qx,cam_qy,cam_qz,cam_qw,fk_x,fk_y,fk_z,fk_pitch
9.451534748077393,1788958699.1331744,home,0,0.0,-1.26,1.381,-0.12,0.0,0.0,-1.2655341625213623,1.3928545713424683,-0.1288543939590454,-0.01840776950120926,0.17932876381537433,0.0,0.178521697645047,-0.009203752384299109,-0.0007252971637457531,-6.675740010092527e-06,0.9999573815125858,0.11771171084626286,0.007095786924414468,0.2185249443928735,-0.040386119597585916,-0.0012625956159401917,-0.6916809781297235,0.7210719740009796,0.1799554789821816,0.0,0.1797827349772174,0.0010000000000000009
9.452391386032104,1788958699.1665316,home,0,0.0,-1.26,1.381,-0.12,0.0,0.0,-1.2640001773834229,1.3928545713424683,-0.1288543939590454,-0.01840776950120926,0.17940282610427274,0.0,0.17834184491345487,-0.009203754574506411,-0.00022396111837996724,-2.0613705297737803e-06,0.9999576194713956,0.11769583313211884,0.007093914166323493,0.21850371050637246,-0.04047650747981005,-0.0013060417497144552,-0.691683209665458,0.7210646878499011,0.1799554789821816,0.0,0.1797827349772174,0.0010000000000000009
9.453086376190186,1788958699.1665316,home,0,0.0,-1.26,1.381,-0.12,0.0,0.0,-1.2640001773834229,1.3928545713424683,-0.1288543939590454,-0.01840776950120926,0.17940282610427274,0.0,0.17834184491345487,-0.009203754574506411,-0.00022396111837996724,-2.0613705297737803e-06,0.9999576194713956,0.11769583313211884,0.007093914166323493,0.21850371050637246,-0.04047650747981005,-0.0013060417497144552,-0.691683209665458,0.7210646878499011,0.1799554789821816,0.0,0.1797827349772174,0.0010000000000000009
9.462432622909546,1788958699.1665316,home,0,0.0,-1.26,1.381,-0.12,0.0,0.0,-1.2640001773834229,1.3928545713424683,-0.1288543939590454,-0.01840776950120926,0.17940282610427274,0.0,0.17834184491345487,-0.009203754574506411,-0.00022396111837996724,-2.0613705297737803e-06,0.9999576194713956,0.11769583313211884,0.007093914166323493,0.21850371050637246,-0.04047650747981005,-0.0013060417497144552,-0.691683209665458,0.7210646878499011,0.1799554789821816,0.0,0.1797827349772174,0.0010000000000000009
9.4728524684906,1788958699.1665316,home,0,0.0,-1.26,1.381,-0.12,0.0,0.0,-1.2640001773834229,1.3928545713424683,-0.1288543939590454,-0.01840776950120926,0.17940282610427274,0.0,0.17834184491345487,-0.009203754574506411,-0.00022396111837996724,-2.0613705297737803e-06,0.9999576194713956,0.11769583313211884,0.007093914166323493,0.21850371050637246,-0.04047650747981005,-0.0013060417497144552,-0.691683209665458,0.7210646878499011,0.1799554789821816,0.0,0.1797827349772174,0.0010000000000000009
9.473398685455322,1788958699.1665316,home,0,0.0,-1.26,1.381,-0.12,0.0,0.0,-1.2640001773834229,1.3928545713424683,-0.1288543939590454,-0.01840776950120926,0.17940282610427274,0.0,0.17834184491345487,-0.009203754574506411,-0.00022396111837996724,-2.0613705297737803e-06,0.9999576194713956,0.11769583313211884,0.007093914166323493,0.21850371050637246,-0.04047650747981005,-0.0013060417497144552,-0.691683209665458,0.7210646878499011,0.1799554789821816,0.0,0.1797827349772174,0.0010000000000000009
9.473929643630981,1788958699.1665316,home,0,0.0,-1.26,1.381,-0.12,0.0,0.0,-1.2640001773834229,1.3928545713424683,-0.1288543939590454,-0.01840776950120926,0.17940282610427274,0.0,0.17834184491345487,-0.009203754574506411,-0.00022396111837996724,-2.0613705297737803e-06,0.9999576194713956,0.11769583313211884,0.007093914166323493,0.21850371050637246,-0.04047650747981005,-0.0013060417497144552,-0.691683209665458,0.7210646878499011,0.1799554789821816,0.0,0.1797827349772174,0.0010000000000000009
9.474323749542236,1788958699.1998887,home,0,0.0,-1.26,1.381,-0.12,0.0,0.0,-1.2640001773834229,1.3928545713424683,-0.1288543939590454,-0.01840776950120926,0.17940105614489152,0.0,0.17834614906073795,-0.009203754549116368,-0.00023595643135704278,-2.171777125550139e-06,0.9999576167128512,0.11766481665158973,0.007098208563719845,0.2184641576041252,-0.0405039729318623,-0.0011024921277248152,-0.6915684990848054,0.7211735046169078,0.1799554789821816,0.0,0.1797827349772174,0.0010000000000000009
9.482357263565063,1788958699.1998887,home,0,0.0,-1.26,1.381,-0.12,0.0,0.0,-1.2640001773834229,1.3928545713424683,-0.1288543939590454,-0.01840776950120926,0.17940105614489152,0.0,0.17834614906073795,-0.009203754549116368,-0.00023595643135704278,-2.171777125550139e-06,0.9999576167128512,0.11766481665158973,0.007098208563719845,0.2184641576041252,-0.0405039729318623,-0.0011024921277248152,-0.6915684990848054,0.7211735046169078,0.1799554789821816,0.0,0.1797827349772174,0.0010000000000000009
9.49231243133545,1788958699.1998887,home,0,0.0,-1.26,1.381,-0.12,0.0,0.0,-1.2640001773834229,1.3928545713424683,-0.1288543939590454,-0.01840776950120926,0.17940105614489152,0.0,0.17834614906073795,-0.009203754549116368,-0.00023595643135704278,-2.171777125550139e-06,0.9999576167128512,0.11766481665158973,0.007098208563719845,0.2184641576041252,-0.0405039729318623,-0.0011024921277248152,-0.6915684990848054,0.7211735046169078,0.1799554789821816,0.0,0.1797827349772174,0.0010000000000000009
9.50263500213623,1788958699.1998887,home,0,0.0,-1.26,1.381,-0.12,0.0,0.0,-1.2640001773834229,1.3928545713424683,-0.1288543939590454,-0.01840776950120926,0.17940105614489152,0.0,0.17834614906073795,-0.009203754549116368,-0.00023595643135704278,-2.171777125550139e-06,0.9999576167128512,0.11766481665158973,0.007098208563719845,0.2184641576041252,-0.0405039729318623,-0.0011024921277248152,-0.6915684990848054,0.7211735046169078,0.1799554789821816,0.0,0.1797827349772174,0.0010000000000000009
9.507327318191528,1788958699.1998887,home,0,0.0,-1.26,1.381,-0.12,0.0,0.0,-1.2640001773834229,1.3928545713424683,-0.1288543939590454,-0.01840776950120926,0.17940105614489152,0.0,0.17834614906073795,-0.009203754549116368,-0.00023595643135704278,-2.171777125550139e-06,0.9999576167128512,0.11766481665158973,0.007098208563719845,0.2184641576041252,-0.0405039729318623,-0.0011024921277248152,-0.6915684990848054,0.7211735046169078,0.1799554789821816,0.0,0.1797827349772174,0.0010000000000000009
9.507884502410889,1788958699.2332458,home,0,0.0,-1.26,1.381,-0.12,0.0,0.0,-1.2655341625213623,1.3928545713424683,-0.1288543939590454,-0.01840776950120926,0.17933806086880555,0.0,0.17849914878416603,-0.009203752785804452,-0.0006624312982673185,-6.097113490617123e-06,0.9999574251348194,0.11763332703757073,0.007100585846208465,0.21842232152221042,-0.04064743130058005,-0.0012785351688612743,-0.6915301243497152,0.7212019403699316,0.1799554789821816,0.0,0.1797827349772174,0.0010000000000000009
9.5121328830719,1788958699.2332458,home,0,0.0,-1.26,1.381,-0.12,0.0,0.0,-1.2655341625213623,1.3928545713424683,-0.1288543939590454,-0.01840776950120926,0.17933806086880555,0.0,0.17849914878416603,-0.009203752785804452,-0.0006624312982673185,-6.097113490617123e-06,0.9999574251348194,0.11763332703757073,0.007100585846208465,0.21842232152221042,-0.04064743130058005,-0.0012785351688612743,-0.6915301243497152,0.7212019403699316,0.1799554789821816,0.0,0.1797827349772174,0.0010000000000000009
9.522210597991943,1788958699.2332458,home,0,0.0,-1.26,1.381,-0.12,0.0,0.0,-1.2655341625213623,1.3928545713424683,-0.1288543939590454,-0.01840776950120926,0.17933806086880555,0.0,0.17849914878416603,-0.009203752785804452,-0.0006624312982673185,-6.097113490617123e-06,0.9999574251348194,0.11763332703757073,0.007100585846208465,0.21842232152221042,-0.04064743130058005,-0.0012785351688612743,-0.6915301243497152,0.7212019403699316,0.1799554789821816,0.0,0.1797827349772174,0.0010000000000000009
9.532441139221191,1788958699.2332458,home,0,0.0,-1.26,1.381,-0.12,0.0,0.0,-1.2655341625213623,1.3928545713424683,-0.1288543939590454,-0.01840776950120926,0.17933806086880555,0.0,0.17849914878416603,-0.009203752785804452,-0.0006624312982673185,-6.097113490617123e-06,0.9999574251348194,0.11763332703757073,0.007100585846208465,0.21842232152221042,-0.04064743130058005,-0.0012785351688612743,-0.6915301243497152,0.7212019403699316,0.1799554789821816,0.0,0.1797827349772174,0.0010000000000000009
9.533761739730835,1788958699.2332458,home,0,0.0,-1.26,1.381,-0.12,0.0,0.0,-1.2655341625213623,1.3928545713424683,-0.1288543939590454,-0.01840776950120926,0.17933806086880555,0.0,0.17849914878416603,-0.009203752785804452,-0.0006624312982673185,-6.097113490617123e-06,0.9999574251348194,0.11763332703757073,0.007100585846208465,0.21842232152221042,-0.04064743130058005,-0.0012785351688612743,-0.6915301243497152,0.7212019403699316,0.1799554789821816,0.0,0.1797827349772174,0.0010000000000000009
9.540137529373169,1788958699.2332458,home,0,0.0,-1.26,1.381,-0.12,0.0,0.0,-1.2655341625213623,1.3928545713424683,-0.1288543939590454,-0.01840776950120926,0.17933806086880555,0.0,0.17849914878416603,-0.009203752785804452,-0.0006624312982673185,-6.097113490617123e-06,0.9999574251348194,0.11763332703757073,0.007100585846208465,0.21842232152221042,-0.04064743130058005,-0.0012785351688612743,-0.6915301243497152,0.7212019403699316,0.1799554789821816,0.0,0.1797827349772174,0.0010000000000000009
9.540777683258057,1788958699.2666032,home,0,0.0,-1.26,1.381,-0.12,0.0,0.0,-1.2655341625213623,1.3928545713424683,-0.1288543939590454,-0.01840776950120926,0.1793701651318883,0.0,0.17842122190386475,-0.009203753893176635,-0.00044519745556453877,-4.0976617792839315e-06,0.9999575454471598,0.11761454766675022,0.007095684387988908,0.21840015801429513,-0.040502733887491434,-0.0008771095647482894,-0.6916601206106047,0.7210860120563806,0.1799554789821816,0.0,0.1797827349772174,0.0010000000000000009
9.542342901229858,1788958699.2666032,home,0,0.0,-1.26,1.381,-0.12,0.0,0.0,-1.2655341625213623,1.3928545713424683,-0.1288543939590454,-0.01840776950120926,0.1793701651318883,0.0,0.17842122190386475,-0.009203753893176635,-0.00044519745556453877,-4.0976617792839315e-06,0.9999575454471598,0.11761454766675022,0.007095684387988908,0.21840015801429513,-0.040502733887491434,-0.0008771095647482894,-0.6916601206106047,0.7210860120563806,0.1799554789821816,0.0,0.1797827349772174,0.0010000000000000009
9.552278280258179,1788958699.2666032,home,0,0.0,-1.26,1.381,-0.12,0.0,0.0,-1.2655341625213623,1.3928545713424683,-0.1288543939590454,-0.01840776950120926,0.1793701651318883,0.0,0.17842122190386475,-0.009203753893176635,-0.00044519745556453877,-4.0976617792839315e-06,0.9999575454471598,0.11761454766675022,0.007095684387988908,0.21840015801429513,-0.040502733887491434,-0.0008771095647482894,-0.6916601206106047,0.7210860120563806,0.1799554789821816,0.0,0.1797827349772174,0.0010000000000000009
9.562284231185913,1788958699.2666032,home,0,0.0,-1.26,1.381,-0.12,0.0,0.0,-1.2655341625213623,1.3928545713424683,-0.1288543939590454,-0.01840776950120926,0.1793701651318883,0.0,0.17842122190386475,-0.009203753893176635,-0.00044519745556453877,-4.0976617792839315e-06,0.9999575454471598,0.11761454766675022,0.007095684387988908,0.21840015801429513,-0.040502733887491434,-0.0008771095647482894,-0.6916601206106047,0.7210860120563806,0.1799554789821816,0.0,0.1797827349772174,0.0010000000000000009
9.571228265762329,1788958699.2666032,home,0,0.0,-1.26,1.381,-0.12,0.0,0.0,-1.2655341625213623,1.3928545713424683,-0.1288543939590454,-0.01840776950120926,0.1793701651318883,0.0,0.17842122190386475,-0.009203753893176635,-0.00044519745556453877,-4.0976617792839315e-06,0.9999575454471598,0.11761454766675022,0.007095684387988908,0.21840015801429513,-0.040502733887491434,-0.0008771095647482894,-0.6916601206106047,0.7210860120563806,0.1799554789821816,0.0,0.1797827349772174,0.0010000000000000009
9.582456827163696,1788958699.2666032,home,0,0.0,-1.26,1.381,-0.12,0.0,0.0,-1.2655341625213623,1.3928545713424683,-0.1288543939590454,-0.01840776950120926,0.1793701651318883,0.0,0.17842122190386475,-0.009203753893176635,-0.00044519745556453877,-4.0976617792839315e-06,0.9999575454471598,0.11761454766675022,0.007095684387988908,0.21840015801429513,-0.040502733887491434,-0.0008771095647482894,-0.6916601206106047,0.7210860120563806,0.1799554789821816,0.0,0.1797827349772174,0.0010000000000000009
9.583444356918335,1788958699.2666032,home,0,0.0,-1.26,1.381,-0.12,0.0,0.0,-1.2655341625213623,1.3928545713424683,-0.1288543939590454,-0.01840776950120926,0.1793701651318883,0.0,0.17842122190386475,-0.009203753893176635,-0.00044519745556453877,-4.0976617792839315e-06,0.9999575454471598,0.11761454766675022,0.007095684387988908,0.21840015801429513,-0.040502733887491434,-0.0008771095647482894,-0.6916601206106047,0.7210860120563806,0.1799554789821816,0.0,0.1797827349772174,0.0010000000000000009
9.584383487701416,1788958699.2666032,home,0,0.0,-1.26,1.381,-0.12,0.0,0.0,-1.2655341625213623,1.3928545713424683,-0.1288543939590454,-0.01840776950120926,0.1793701651318883,0.0,0.17842122190386475,-0.009203753893176635,-0.00044519745556453877,-4.0976617792839315e-06,0.9999575454471598,0.11761454766675022,0.007095684387988908,0.21840015801429513,-0.040502733887491434,-0.0008771095647482894,-0.6916601206106047,0.7210860120563806,0.1799554789821816,0.0,0.1797827349772174,0.0010000000000000009
9.584906101226807,1788958699.2999604,home,0,0.0,-1.26,1.381,-0.12,0.0,0.0,-1.2640001773834229,1.3928545713424683,-0.1288543939590454,-0.01840776950120926,0.1794330574863924,0.0,0.17826828354323979,-0.009203754803693481,-1.8969766756138373e-05,-1.7460047722038519e-07,0.9999576443718159,0.11753472230262935,0.00709457420054296,0.21831177145368635,-0.04056633213850629,-0.0006959895005955827,-0.6916653889269042,0.7210775811631077,0.1799554789821816,0.0,0.1797827349772174,0.0010000000000000009
9.592241525650024,1788958699.2999604,home,0,0.0,-1.26,1.381,-0.12,0.0,0.0,-1.2640001773834229,1.3928545713424683,-0.1288543939590454,-0.01840776950120926,0.1794330574863924,0.0,0.17826828354323979,-0.009203754803693481,-1.8969766756138373e-05,-1.7460047722038519e-07,0.9999576443718159,0.11753472230262935,0.00709457420054296,0.21831177145368635,-0.04056633213850629,-0.0006959895005955827,-0.6916653889269042,0.7210775811631077,0.1799554789821816,0.0,0.1797827349772174,0.0010000000000000009
9.601142644882202,1788958699.2999604,home,0,0.0,-1.26,1.381,-0.12,0.0,0.0,-1.2640001773834229,1.3928545713424683,-0.1288543939590454,-0.01840776950120926,0.1794330574863924,0.0,0.17826828354323979,-0.009203754803693481,-1.8969766756138373e-05,-1.7460047722038519e-07,0.9999576443718159,0.11753472230262935,0.00709457420054296,0.21831177145368635,-0.04056633213850629,-0.0006959895005955827,-0.6916653889269042,0.7210775811631077,0.1799554789821816,0.0,0.1797827349772174,0.0010000000000000009
9.609306573867798,1788958699.2999604,home,0,0.0,-1.26,1.381,-0.12,0.0,0.0,-1.2640001773834229,1.3928545713424683,-0.1288543939590454,-0.01840776950120926,0.1794330574863924,0.0,0.17826828354323979,-0.009203754803693481,-1.8969766756138373e-05,-1.7460047722038519e-07,0.9999576443718159,0.11753472230262935,0.00709457420054296,0.21831177145368635,-0.04056633213850629,-0.0006959895005955827,-0.6916653889269042,0.7210775811631077,0.1799554789821816,0.0,0.1797827349772174,0.0010000000000000009
9.609935760498047,1788958699.3333175,home,0,0.0,-1.26,1.381,-0.12,0.0,0.0,-1.2655341625213623,1.3928545713424683,-0.1288543939590454,-0.01840776950120926,0.1794358535541747,0.0,0.17826147559534627,-0.009203754805349615,3.3306690738754696e-16,1.734723475976807e-18,0.9999576445517495,0.11765947929045123,0.007100159993096663,0.21846300117386386,-0.040399239785953646,-0.0013448225545227308,-0.6915827222424301,0.7211653285986257,0.1799554789821816,0.0,0.1797827349772174,0.0010000000000000009
9.61227297782898,1788958699.3333175,home,0,0.0,-1.26,1.381,-0.12,0.0,0.0,-1.2655341625213623,1.3928545713424683,-0.1288543939590454,-0.01840776950120926,0.1794358535541747,0.0,0.17826147559534627,-0.009203754805349615,3.3306690738754696e-16,1.734723475976807e-18,0.9999576445517495,0.11765947929045123,0.007100159993096663,0.21846300117386386,-0.040399239785953646,-0.0013448225545227308,-0.6915827222424301,0.7211653285986257,0.1799554789821816,0.0,0.1797827349772174,0.0010000000000000009
9.622186660766602,1788958699.3333175,home,0,0.0,-1.26,1.381,-0.12,0.0,0.0,-1.2655341625213623,1.3928545713424683,-0.1288543939590454,-0.01840776950120926,0.1794358535541747,0.0,0.17826147559534627,-0.009203754805349615,3.3306690738754696e-16,1.734723475976807e-18,0.9999576445517495,0.11765947929045123,0.007100159993096663,0.21846300117386386,-0.040399239785953646,-0.0013448225545227308,-0.6915827222424301,0.7211653285986257,0.1799554789821816,0.0,0.1797827349772174,0.0010000000000000009
9.632315874099731,1788958699.3333175,home,0,0.0,-1.26,1.381,-0.12,0.0,0.0,-1.2655341625213623,1.3928545713424683,-0.1288543939590454,-0.01840776950120926,0.1794358535541747,0.0,0.17826147559534627,-0.009203754805349615,3.3306690738754696e-16,1.734723475976807e-18,0.9999576445517495,0.11765947929045123,0.007100159993096663,0.21846300117386386,-0.040399239785953646,-0.0013448225545227308,-0.6915827222424301,0.7211653285986257,0.1799554789821816,0.0,0.1797827349772174,0.0010000000000000009
9.640379667282104,1788958699.3333175,home,0,0.0,-1.26,1.381,-0.12,0.0,0.0,-1.2655341625213623,1.3928545713424683,-0.1288543939590454,-0.01840776950120926,0.1794358535541747,0.0,0.17826147559534627,-0.009203754805349615,3.3306690738754696e-16,1.734723475976807e-18,0.9999576445517495,0.11765947929045123,0.007100159993096663,0.21846300117386386,-0.040399239785953646,-0.0013448225545227308,-0.6915827222424301,0.7211653285986257,0.1799554789821816,0.0,0.1797827349772174,0.0010000000000000009
9.641002655029297,1788958699.366675,home,0,0.0,-1.26,1.381,-0.12,0.0,0.0,-1.2640001773834229,1.3928545713424683,-0.1288543939590454,-0.01840776950120926,0.1794358535541747,0.0,0.17826147559534627,-0.009203754805349615,3.3306690738754696e-16,1.734723475976807e-18,0.9999576445517495,0.11763094272380348,0.00709530919555759,0.21842310714824148,-0.04102796056017581,-0.0016708738088366281,-0.6915971279909336,0.7211153355654559,0.1799554789821816,0.0,0.1797827349772174,0.0010000000000000009
9.7029287815094,1788958699.366675,home,0,0.0,-1.26,1.381,-0.12,0.0,0.0,-1.2640001773834229,1.3928545713424683,-0.1288543939590454,-0.01840776950120926,0.17940713500101313,0.0,0.17833136540807126,-0.009203754630785948,-0.00019475607275037937,-1.7925630652598083e-06,0.9999576255859821,0.11763094272380348,0.00709530919555759,0.21842310714824148,-0.04102796056017581,-0.0016708738088366281,-0.6915971279909336,0.7211153355654559,0.1799554789821816,0.0,0.1797827349772174,0.0010000000000000009
9.70335340499878,1788958699.366675,home,0,0.0,-1.26,1.381,-0.12,0.0,0.0,-1.2640001773834229,1.3928545713424683,-0.1288543939590454,-0.01840776950120926,0.17940713500101313,0.0,0.17833136540807126,-0.009203754630785948,-0.00019475607275037937,-1.7925630652598083e-06,0.9999576255859821,0.11763094272380348,0.00709530919555759,0.21842310714824148,-0.04102796056017581,-0.0016708738088366281,-0.6915971279909336,0.7211153355654559,0.1799554789821816,0.0,0.1797827349772174,0.0010000000000000009
9.703763008117676,1788958699.400032,home,0,0.0,-1.26,1.381,-0.12,0.0,0.0,-1.2640001773834229,1.3928545713424683,-0.1288543939590454,-0.01840776950120926,0.17934403089797826,0.0,0.17848466496846077,-0.009203753024506047,-0.0006220523678072685,-5.725459973809735e-06,0.9999574510689616,0.11761442351126178,0.007098200273932192,0.21840770081179084,-0.04044998111231193,-0.0012152937613381708,-0.6916168518119177,0.7211299829981136,0.1799554789821816,0.0,0.1797827349772174,0.0010000000000000009
9.704209566116333,1788958699.400032,home,0,0.0,-1.26,1.381,-0.12,0.0,0.0,-1.2640001773834229,1.3928545713424683,-0.1288543939590454,-0.01840776950120926,0.17934403089797826,0.0,0.17848466496846077,-0.009203753024506047,-0.0006220523678072685,-5.725459973809735e-06,0.9999574510689616,0.11761442351126178,0.007098200273932192,0.21840770081179084,-0.04044998111231193,-0.0012152937613381708,-0.6916168518119177,0.7211299829981136,0.1799554789821816,0.0,0.1797827349772174,0.0010000000000000009
9.704523086547852,1788958699.400032,home,0,0.0,-1.26,1.381,-0.12,0.0,0.0,-1.2640001773834229,1.3928545713424683,-0.1288543939590454,-0.01840776950120926,0.17934403089797826,0.0,0.17848466496846077,-0.009203753024506047,-0.0006220523678072685,-5.725459973809735e-06,0.9999574510689616,0.11761442351126178,0.007098200273932192,0.21840770081179084,-0.04044998111231193,-0.0012152937613381708,-0.6916168518119177,0.7211299829981136,0.1799554789821816,0.0,0.1797827349772174,0.0010000000000000009
9.7051522731781,1788958699.400032,home,0,0.0,-1.26,1.381,-0.12,0.0,0.0,-1.2640001773834229,1.3928545713424683,-0.1288543939590454,-0.01840776950120926,0.17934403089797826,0.0,0.17848466496846077,-0.009203753024506047,-0.0006220523678072685,-5.725459973809735e-06,0.9999574510689616,0.11761442351126178,0.007098200273932192,0.21840770081179084,-0.04044998111231193,-0.0012152937613381708,-0.6916168518119177,0.7211299829981136,0.1799554789821816,0.0,0.1797827349772174,0.0010000000000000009
9.705456018447876,1788958699.400032,home,0,0.0,-1.26,1.381,-0.12,0.0,0.0,-1.2640001773834229,1.3928545713424683,-0.1288543939590454,-0.01840776950120926,0.17934403089797826,0.0,0.17848466496846077,-0.009203753024506047,-0.0006220523678072685,-5.725459973809735e-06,0.9999574510689616,0.11761442351126178,0.007098200273932192,0.21840770081179084,-0.04044998111231193,-0.0012152937613381708,-0.6916168518119177,0.7211299829981136,0.1799554789821816,0.0,0.1797827349772174,0.0010000000000000009
9.70591115951538,1788958699.400032,home,0,0.0,-1.26,1.381,-0.12,0.0,0.0,-1.2640001773834229,1.3928545713424683,-0.1288543939590454,-0.01840776950120926,0.17934403089797826,0.0,0.17848466496846077,-0.009203753024506047,-0.0006220523678072685,-5.725459973809735e-06,0.9999574510689616,0.11761442351126178,0.007098200273932192,0.21840770081179084,-0.04044998111231193,-0.0012152937613381708,-0.6916168518119177,0.7211299829981136,0.1799554789821816,0.0,0.1797827349772174,0.0010000000000000009
9.706301212310791,1788958699.400032,home,0,0.0,-1.26,1.381,-0.12,0.0,0.0,-1.2640001773834229,1.3928545713424683,-0.1288543939590454,-0.01840776950120926,0.17934403089797826,0.0,0.17848466496846077,-0.009203753024506047,-0.0006220523678072685,-5.725459973809735e-06,0.9999574510689616,0.11761442351126178,0.007098200273932192,0.21840770081179084,-0.04044998111231193,-0.0012152937613381708,-0.6916168518119177,0.7211299829981136,0.1799554789821816,0.0,0.1797827349772174,0.0010000000000000009
9.712167739868164,1788958699.400032,home,0,0.0,-1.26,1.381,-0.12,0.0,0.0,-1.2640001773834229,1.3928545713424683,-0.1288543939590454,-0.01840776950120926,0.17934403089797826,0.0,0.17848466496846077,-0.009203753024506047,-0.0006220523678072685,-5.725459973809735e-06,0.9999574510689616,0.11761442351126178,0.007098200273932192,0.21840770081179084,-0.04044998111231193,-0.0012152937613381708,-0.6916168518119177,0.7211299829981136,0.1799554789821816,0.0,0.1797827349772174,0.0010000000000000009
9.718628406524658,1788958699.400032,home,0,0.0,-1.26,1.381,-0.12,0.0,0.0,-1.2640001773834229,1.3928545713424683,-0.1288543939590454,-0.01840776950120926,0.17934403089797826,0.0,0.17848466496846077,-0.009203753024506047,-0.0006220523678072685,-5.725459973809735e-06,0.9999574510689616,0.11761442351126178,0.007098200273932192,0.21840770081179084,-0.04044998111231193,-0.0012152937613381708,-0.6916168518119177,0.7211299829981136,0.1799554789821816,0.0,0.1797827349772174,0.0010000000000000009
9.719076871871948,1788958699.4333892,home,0,0.0,-1.26,1.381,-0.12,0.0,0.0,-1.2655341625213623,1.3928545713424683,-0.1288543939590454,-0.01840776950120926,0.17937258540461098,0.0,0.17841534326144262,-0.009203753959088434,-0.0004288113603504451,-3.946841788668616e-06,0.9999575526082596,0.11767487435617024,0.007096076202890248,0.21847563869006292,-0.04064584653693382,-0.0013430480181545414,-0.6915898000598896,0.7211446871706392,0.1799554789821816,0.0,0.1797827349772174,0.0010000000000000009
9.721149682998657,1788958699.4333892,home,0,0.0,-1.26,1.381,-0.12,0.0,0.0,-1.2655341625213623,1.3928545713424683,-0.1288543939590454,-0.01840776950120926,0.17937258540461098,0.0,0.17841534326144262,-0.009203753959088434,-0.0004288113603504451,-3.946841788668616e-06,0.9999575526082596,0.11767487435617024,0.007096076202890248,0.21847563869006292,-0.04064584653693382,-0.0013430480181545414,-0.6915898000598896,0.7211446871706392,0.1799554789821816,0.0,0.1797827349772174,0.0010000000000000009
9.732268571853638,1788958699.4333892,home,0,0.0,-1.26,1.381,-0.12,0.0,0.0,-1.2655341625213623,1.3928545713424683,-0.1288543939590454,-0.01840776950120926,0.17937258540461098,0.0,0.17841534326144262,-0.009203753959088434,-0.0004288113603504451,-3.946841788668616e-06,0.9999575526082596,0.11767487435617024,0.007096076202890248,0.21847563869006292,-0.04064584653693382,-0.0013430480181545414,-0.6915898000598896,0.7211446871706392,0.1799554789821816,0.0,0.1797827349772174,0.0010000000000000009
9.742210865020752,1788958699.4333892,home,0,0.0,-1.26,1.381,-0.12,0.0,0.0,-1.2655341625213623,1.3928545713424683,-0.1288543939590454,-0.01840776950120926,0.17937258540461098,0.0,0.17841534326144262,-0.009203753959088434,-0.0004288113603504451,-3.946841788668616e-06,0.9999575526082596,0.11767487435617024,0.007096076202890248,0.21847563869006292,-0.04064584653693382,-0.0013430480181545414,-0.6915898000598896,0.7211446871706392,0.1799554789821816,0.0,0.1797827349772174,0.0010000000000000009
9.750041246414185,1788958699.4333892,home,0,0.0,-1.26,1.381,-0.12,0.0,0.0,-1.2655341625213623,1.3928545713424683,-0.1288543939590454,-0.01840776950120926,0.17937258540461098,0.0,0.17841534326144262,-0.009203753959088434,-0.0004288113603504451,-3.946841788668616e-06,0.9999575526082596,0.11767487435617024,0.007096076202890248,0.21847563869006292,-0.04064584653693382,-0.0013430480181545414,-0.6915898000598896,0.7211446871706392,0.1799554789821816,0.0,0.1797827349772174,0.0010000000000000009
9.75050973892212,1788958699.4667463,home,0,0.0,-1.26,1.381,-0.12,0.0,0.0,-1.2640001773834229,1.3928545713424683,-0.1288543939590454,-0.01840776950120926,0.1794358535541747,0.0,0.17826147559534627,-0.009203754805349615,3.3306690738754696e-16,1.734723475976807e-18,0.9999576445517495,0.11757250892022353,0.007096821364445184,0.21835307833909112,-0.040281249763877876,-0.0005894940234154007,-0.691784833358838,0.7209790688702007,0.1799554789821816,0.0,0.1797827349772174,0.0010000000000000009
9.812587976455688,1788958699.4667463,home,0,0.0,-1.26,1.381,-0.12,0.0,0.0,-1.2640001773834229,1.3928545713424683,-0.1288543939590454,-0.01840776950120926,0.17942550347365757,0.0,0.17828667260097442,-0.009203754782662488,-7.021078709645855e-05,-6.462302404985216e-07,0.9999576420868678,0.11757250892022353,0.007096821364445184,0.21835307833909112,-0.040281249763877876,-0.0005894940234154007,-0.691784833358838,0.7209790688702007,0.1799554789821816,0.0,0.1797827349772174,0.0010000000000000009
9.813112735748291,1788958699.4667463,home,0,0.0,-1.26,1.381,-0.12,0.0,0.0,-1.2640001773834229,1.3928545713424683,-0.1288543939590454,-0.01840776950120926,0.17942550347365757,0.0,0.17828667260097442,-0.009203754782662488,-7.021078709645855e-05,-6.462302404985216e-07,0.9999576420868678,0.11757250892022353,0.007096821364445184,0.21835307833909112,-0.040281249763877876,-0.0005894940234154007,-0.691784833358838,0.7209790688702007,0.1799554789821816,0.0,0.1797827349772174,0.0010000000000000009
9.81360673904419,1788958699.5001035,home,0,0.0,-1.26,1.381,-0.12,0.0,0.0,-1.2655341625213623,1.3928545713424683,-0.1288543939590454,-0.01840776950120926,0.17936151087979332,0.0,0.17844223789118996,-0.009203753637324527,-0.0005037791091958009,-4.63685579320163e-06,0.999957517649671,0.11753997807553068,0.0070959337122333856,0.2183170918404504,-0.040485946654250114,-0.0007968547342346708,-0.6917608772318095,0.7209903895874893,0.1799554789821816,0.0,0.1797827349772174,0.0010000000000000009
9.814170122146606,1788958699.5001035,home,0,0.0,-1.26,1.381,-0.12,0.0,0.0,-1.2655341625213623,1.3928545713424683,-0.1288543939590454,-0.01840776950120926,0.17936151087979332,0.0,0.17844223789118996,-0.009203753637324527,-0.0005037791091958009,-4.63685579320163e-06,0.999957517649671,0.11753997807553068,0.0070959337122333856,0.2183170918404504,-0.040485946654250114,-0.0007968547342346708,-0.6917608772318095,0.7209903895874893,0.1799554789821816,0.0,0.1797827349772174,0.0010000000000000009
9.814518213272095,1788958699.5001035,home,0,0.0,-1.26,1.381,-0.12,0.0,0.0,-1.2655341625213623,1.3928545713424683,-0.1288543939590454,-0.01840776950120926,0.17936151087979332,0.0,0.17844223789118996,-0.009203753637324527,-0.0005037791091958009,-4.63685579320163e-06,0.999957517649671,0.11753997807553068,0.0070959337122333856,0.2183170918404504,-0.040485946654250114,-0.0007968547342346708,-0.6917608772318095,0.7209903895874893,0.1799554789821816,0.0,0.1797827349772174,0.0010000000000000009
9.815199136734009,1788958699.5001035,home,0,0.0,-1.26,1.381,-0.12,0.0,0.0,-1.2655341625213623,1.3928545713424683,-0.1288543939590454,-0.01840776950120926,0.17936151087979332,0.0,0.17844223789118996,-0.009203753637324527,-0.0005037791091958009,-4.63685579320163e-06,0.999957517649671,0.11753997807553068,0.0070959337122333856,0.2183170918404504,-0.040485946654250114,-0.0007968547342346708,-0.6917608772318095,0.7209903895874893,0.1799554789821816,0.0,0.1797827349772174,0.0010000000000000009
9.81560492515564,1788958699.5001035,home,0,0.0,-1.26,1.381,-0.12,0.0,0.0,-1.2655341625213623,1.3928545713424683,-0.1288543939590454,-0.01840776950120926,0.17936151087979332,0.0,0.17844223789118996,-0.009203753637324527,-0.0005037791091958009,-4.63685579320163e-06,0.999957517649671,0.11753997807553068,0.0070959337122333856,0.2183170918404504,-0.040485946654250114,-0.0007968547342346708,-0.6917608772318095,0.7209903895874893,0.1799554789821816,0.0,0.1797827349772174,0.0010000000000000009
9.81612753868103,1788958699.5001035,home,0,0.0,-1.26,1.381,-0.12,0.0,0.0,-1.2655341625213623,1.3928545713424683,-0.1288543939590454,-0.01840776950120926,0.17936151087979332,0.0,0.17844223789118996,-0.009203753637324527,-0.0005037791091958009,-4.63685579320163e-06,0.999957517649671,0.11753997807553068,0.0070959337122333856,0.2183170918404504,-0.040485946654250114,-0.0007968547342346708,-0.6917608772318095,0.7209903895874893,0.1799554789821816,0.0,0.1797827349772174,0.0010000000000000009
9.81658411026001,1788958699.5001035,home,0,0.0,-1.26,1.381,-0.12,0.0,0.0,-1.2655341625213623,1.3928545713424683,-0.1288543939590454,-0.01840776950120926,0.17936151087979332,0.0,0.17844223789118996,-0.009203753637324527,-0.0005037791091958009,-4.63685579320163e-06,0.999957517649671,0.11753997807553068,0.0070959337122333856,0.2183170918404504,-0.040485946654250114,-0.0007968547342346708,-0.6917608772318095,0.7209903895874893,0.1799554789821816,0.0,0.1797827349772174,0.0010000000000000009
9.817656993865967,1788958699.5001035,home,0,0.0,-1.26,1.381,-0.12,0.0,0.0,-1.2655341625213623,1.3928545713424683,-0.1288543939590454,-0.01840776950120926,0.17936151087979332,0.0,0.17844223789118996,-0.009203753637324527,-0.0005037791091958009,-4.63685579320163e-06,0.999957517649671,0.11753997807553068,0.0070959337122333856,0.2183170918404504,-0.040485946654250114,-0.0007968547342346708,-0.6917608772318095,0.7209903895874893,0.1799554789821816,0.0,0.1797827349772174,0.0010000000000000009
9.818079710006714,1788958699.5334606,home,0,0.0,-1.26,1.381,-0.12,0.0,0.0,-1.2640001773834229,1.3928545713424683,-0.1288543939590454,-0.01840776950120926,0.17935232671771464,0.0,0.17846453306623508,-0.009203753331352508,-0.0005659295621890381,-5.208897552678483e-06,0.999957484406819,0.11764532458287924,0.007098388815135333,0.21844353077429085,-0.040270681477755095,-0.0011998101024303031,-0.6917671752691367,0.7209958445713784,0.1799554789821816,0.0,0.1797827349772174,0.0010000000000000009
9.821157932281494,1788958699.5334606,home,0,0.0,-1.26,1.381,-0.12,0.0,0.0,-1.2640001773834229,1.3928545713424683,-0.1288543939590454,-0.01840776950120926,0.17935232671771464,0.0,0.17846453306623508,-0.009203753331352508,-0.0005659295621890381,-5.208897552678483e-06,0.999957484406819,0.11764532458287924,0.007098388815135333,0.21844353077429085,-0.040270681477755095,-0.0011998101024303031,-0.6917671752691367,0.7209958445713784,0.1799554789821816,0.0,0.1797827349772174,0.0010000000000000009
9.832156658172607,1788958699.5334606,home,0,0.0,-1.26,1.381,-0.12,0.0,0.0,-1.2640001773834229,1.3928545713424683,-0.1288543939590454,-0.01840776950120926,0.17935232671771464,0.0,0.17846453306623508,-0.009203753331352508,-0.0005659295621890381,-5.208897552678483e-06,0.999957484406819,0.11764532458287924,0.007098388815135333,0.21844353077429085,-0.040270681477755095,-0.0011998101024303031,-0.6917671752691367,0.7209958445713784,0.1799554789821816,0.0,0.1797827349772174,0.0010000000000000009
9.840258598327637,1788958699.5334606,home,0,0.0,-1.26,1.381,-0.12,0.0,0.0,-1.2640001773834229,1.3928545713424683,-0.1288543939590454,-0.01840776950120926,0.17935232671771464,0.0,0.17846453306623508,-0.009203753331352508,-0.0005659295621890381,-5.208897552678483e-06,0.999957484406819,0.11764532458287924,0.007098388815135333,0.21844353077429085,-0.040270681477755095,-0.0011998101024303031,-0.6917671752691367,0.7209958445713784,0.1799554789821816,0.0,0.1797827349772174,0.0010000000000000009
9.840881109237671,1788958699.5668175,home,0,0.0,-1.26,1.381,-0.12,0.0,0.0,-1.2640001773834229,1.3928545713424683,-0.1288543939590454,-0.01840776950120926,0.1794278359348861,0.0,0.17828099516258314,-0.009203754791734657,-5.439040231591808e-05,-5.006171305433488e-07,0.9999576430725289,0.11761741901331124,0.007098128552714382,0.21841508465619902,-0.04066903082353703,-0.0010374398669478913,-0.6915338347609861,0.721197552014122,0.1799554789821816,0.0,0.1797827349772174,0.0010000000000000009
9.842202186584473,1788958699.5668175,home,0,0.0,-1.26,1.381,-0.12,0.0,0.0,-1.2640001773834229,1.3928545713424683,-0.1288543939590454,-0.01840776950120926,0.1794278359348861,0.0,0.17828099516258314,-0.009203754791734657,-5.439040231591808e-05,-5.006171305433488e-07,0.9999576430725289,0.11761741901331124,0.007098128552714382,0.21841508465619902,-0.04066903082353703,-0.0010374398669478913,-0.6915338347609861,0.721197552014122,0.1799554789821816,0.0,0.1797827349772174,0.0010000000000000009
9.852107048034668,1788958699.5668175,home,0,0.0,-1.26,1.381,-0.12,0.0,0.0,-1.2640001773834229,1.3928545713424683,-0.1288543939590454,-0.01840776950120926,0.1794278359348861,0.0,0.17828099516258314,-0.009203754791734657,-5.439040231591808e-05,-5.006171305433488e-07,0.9999576430725289,0.11761741901331124,0.007098128552714382,0.21841508465619902,-0.04066903082353703,-0.0010374398669478913,-0.6915338347609861,0.721197552014122,0.1799554789821816,0.0,0.1797827349772174,0.0010000000000000009
9.852891683578491,1788958699.5668175,home,0,0.0,-1.26,1.381,-0.12,0.0,0.0,-1.2640001773834229,1.3928545713424683,-0.1288543939590454,-0.01840776950120926,0.1794278359348861,0.0,0.17828099516258314,-0.009203754791734657,-5.439040231591808e-05,-5.006171305433488e-07,0.9999576430725289,0.11761741901331124,0.007098128552714382,0.21841508465619902,-0.04066903082353703,-0.0010374398669478913,-0.6915338347609861,0.721197552014122,0.1799554789821816,0.0,0.1797827349772174,0.0010000000000000009
9.861227750778198,1788958699.5668175,home,0,0.0,-1.26,1.381,-0.12,0.0,0.0,-1.2640001773834229,1.3928545713424683,-0.1288543939590454,-0.01840776950120926,0.1794278359348861,0.0,0.17828099516258314,-0.009203754791734657,-5.439040231591808e-05,-5.006171305433488e-07,0.9999576430725289,0.11761741901331124,0.007098128552714382,0.21841508465619902,-0.04066903082353703,-0.0010374398669478913,-0.6915338347609861,0.721197552014122,0.1799554789821816,0.0,0.1797827349772174,0.0010000000000000009
9.872177839279175,1788958699.5668175,home,0,0.0,-1.26,1.381,-0.12,0.0,0.0,-1.2640001773834229,1.3928545713424683,-0.1288543939590454,-0.01840776950120926,0.1794278359348861,0.0,0.17828099516258314,-0.009203754791734657,-5.439040231591808e-05,-5.006171305433488e-07,0.9999576430725289,0.11761741901331124,0.007098128552714382,0.21841508465619902,-0.04066903082353703,-0.0010374398669478913,-0.6915338347609861,0.721197552014122,0.1799554789821816,0.0,0.1797827349772174,0.0010000000000000009
9.882280349731445,1788958699.5668175,home,0,0.0,-1.26,1.381,-0.12,0.0,0.0,-1.2640001773834229,1.3928545713424683,-0.1288543939590454,-0.01840776950120926,0.1794278359348861,0.0,0.17828099516258314,-0.009203754791734657,-5.439040231591808e-05,-5.006171305433488e-07,0.9999576430725289,0.11761741901331124,0.007098128552714382,0.21841508465619902,-0.04066903082353703,-0.0010374398669478913,-0.6915338347609861,0.721197552014122,0.1799554789821816,0.0,0.1797827349772174,0.0010000000000000009
9.883804082870483,1788958699.5668175,home,0,0.0,-1.26,1.381,-0.12,0.0,0.0,-1.2640001773834229,1.3928545713424683,-0.1288543939590454,-0.01840776950120926,0.1794278359348861,0.0,0.17828099516258314,-0.009203754791734657,-5.439040231591808e-05,-5.006171305433488e-07,0.9999576430725289,0.11761741901331124,0.007098128552714382,0.21841508465619902,-0.04066903082353703,-0.0010374398669478913,-0.6915338347609861,0.721197552014122,0.1799554789821816,0.0,0.1797827349772174,0.0010000000000000009
9.884280681610107,1788958699.600175,home,0,0.0,-1.26,1.381,-0.12,0.0,0.0,-1.2655341625213623,1.3928545713424683,-0.1288543939590454,-0.01840776950120926,0.17936960210606914,0.0,0.17842258936858746,-0.009203753877490069,-0.00044900915081352844,-4.13274517372178e-06,0.9999575437428658,0.11764838672980799,0.007093071768024018,0.21844381902014148,-0.04060074220855645,-0.0015659651943859044,-0.6914846494634304,0.7212476045309001,0.1799554789821816,0.0,0.1797827349772174,0.0010000000000000009
9.892247915267944,1788958699.600175,home,0,0.0,-1.26,1.381,-0.12,0.0,0.0,-1.2655341625213623,1.3928545713424683,-0.1288543939590454,-0.01840776950120926,0.17936960210606914,0.0,0.17842258936858746,-0.009203753877490069,-0.00044900915081352844,-4.13274517372178e-06,0.9999575437428658,0.11764838672980799,0.007093071768024018,0.21844381902014148,-0.04060074220855645,-0.0015659651943859044,-0.6914846494634304,0.7212476045309001,0.1799554789821816,0.0,0.1797827349772174,0.0010000000000000009
9.902345418930054,1788958699.600175,home,0,0.0,-1.26,1.381,-0.12,0.0,0.0,-1.2655341625213623,1.3928545713424683,-0.1288543939590454,-0.01840776950120926,0.17936960210606914,0.0,0.17842258936858746,-0.009203753877490069,-0.00044900915081352844,-4.13274517372178e-06,0.9999575437428658,0.11764838672980799,0.007093071768024018,0.21844381902014148,-0.04060074220855645,-0.0015659651943859044,-0.6914846494634304,0.7212476045309001,0.1799554789821816,0.0,0.1797827349772174,0.0010000000000000009
9.9031240940094,1788958699.600175,home,0,0.0,-1.26,1.381,-0.12,0.0,0.0,-1.2655341625213623,1.3928545713424683,-0.1288543939590454,-0.01840776950120926,0.17936960210606914,0.0,0.17842258936858746,-0.009203753877490069,-0.00044900915081352844,-4.13274517372178e-06,0.9999575437428658,0.11764838672980799,0.007093071768024018,0.21844381902014148,-0.04060074220855645,-0.0015659651943859044,-0.6914846494634304,0.7212476045309001,0.1799554789821816,0.0,0.1797827349772174,0.0010000000000000009
9.912317752838135,1788958699.600175,home,0,0.0,-1.26,1.381,-0.12,0.0,0.0,-1.2655341625213623,1.3928545713424683,-0.1288543939590454,-0.01840776950120926,0.17936960210606914,0.0,0.17842258936858746,-0.009203753877490069,-0.00044900915081352844,-4.13274517372178e-06,0.9999575437428658,0.11764838672980799,0.007093071768024018,0.21844381902014148,-0.04060074220855645,-0.0015659651943859044,-0.6914846494634304,0.7212476045309001,0.1799554789821816,0.0,0.1797827349772174,0.0010000000000000009
9.91750955581665,1788958699.600175,home,0,0.0,-1.26,1.381,-0.12,0.0,0.0,-1.2655341625213623,1.3928545713424683,-0.1288543939590454,-0.01840776950120926,0.17936960210606914,0.0,0.17842258936858746,-0.009203753877490069,-0.00044900915081352844,-4.13274517372178e-06,0.9999575437428658,0.11764838672980799,0.007093071768024018,0.21844381902014148,-0.04060074220855645,-0.0015659651943859044,-0.6914846494634304,0.7212476045309001,0.1799554789821816,0.0,0.1797827349772174,0.0010000000000000009
9.917982339859009,1788958699.633532,home,0,0.0,-1.26,1.381,-0.12,0.0,0.0,-1.2655341625213623,1.3913205862045288,-0.1288543939590454,-0.01840776950120926,0.1793503475367303,0.0,0.17846933663158834,-0.009203753260772314,-0.0005793204885827795,-5.332149576217984e-06,0.9999574767385134,0.11746976429853329,0.007094894299539549,0.21822359536987063,-0.04083036585099284,-0.0010696305642071407,-0.6915505634896589,0.7211723478143528,0.1799554789821816,0.0,0.1797827349772174,0.0010000000000000009
9.922221183776855,1788958699.633532,home,0,0.0,-1.26,1.381,-0.12,0.0,0.0,-1.2655341625213623,1.3913205862045288,-0.1288543939590454,-0.01840776950120926,0.1793503475367303,0.0,0.17846933663158834,-0.009203753260772314,-0.0005793204885827795,-5.332149576217984e-06,0.9999574767385134,0.11746976429853329,0.007094894299539549,0.21822359536987063,-0.04083036585099284,-0.0010696305642071407,-0.6915505634896589,0.7211723478143528,0.1799554789821816,0.0,0.1797827349772174,0.0010000000000000009
9.932172298431396,1788958699.633532,home,0,0.0,-1.26,1.381,-0.12,0.0,0.0,-1.2655341625213623,1.3913205862045288,-0.1288543939590454,-0.01840776950120926,0.1793503475367303,0.0,0.17846933663158834,-0.009203753260772314,-0.0005793204885827795,-5.332149576217984e-06,0.9999574767385134,0.11746976429853329,0.007094894299539549,0.21822359536987063,-0.04083036585099284,-0.0010696305642071407,-0.6915505634896589,0.7211723478143528,0.1799554789821816,0.0,0.1797827349772174,0.0010000000000000009
9.942239761352539,1788958699.633532,home,0,0.0,-1.26,1.381,-0.12,0.0,0.0,-1.2655341625213623,1.3913205862045288,-0.1288543939590454,-0.01840776950120926,0.1793503475367303,0.0,0.17846933663158834,-0.009203753260772314,-0.0005793204885827795,-5.332149576217984e-06,0.9999574767385134,0.11746976429853329,0.007094894299539549,0.21822359536987063,-0.04083036585099284,-0.0010696305642071407,-0.6915505634896589,0.7211723478143528,0.1799554789821816,0.0,0.1797827349772174,0.0010000000000000009
9.952566385269165,1788958699.633532,home,0,0.0,-1.26,1.381,-0.12,0.0,0.0,-1.2655341625213623,1.3913205862045288,-0.1288543939590454,-0.01840776950120926,0.1793503475367303,0.0,0.17846933663158834,-0.009203753260772314,-0.0005793204885827795,-5.332149576217984e-06,0.9999574767385134,0.11746976429853329,0.007094894299539549,0.21822359536987063,-0.04083036585099284,-0.0010696305642071407,-0.6915505634896589,0.7211723478143528,0.1799554789821816,0.0,0.1797827349772174,0.0010000000000000009
9.954129934310913,1788958699.633532,home,0,0.0,-1.26,1.381,-0.12,0.0,0.0,-1.2655341625213623,1.3913205862045288,-0.1288543939590454,-0.01840776950120926,0.1793503475367303,0.0,0.17846933663158834,-0.009203753260772314,-0.0005793204885827795,-5.332149576217984e-06,0.9999574767385134,0.11746976429853329,0.007094894299539549,0.21822359536987063,-0.04083036585099284,-0.0010696305642071407,-0.6915505634896589,0.7211723478143528,0.1799554789821816,0.0,0.1797827349772174,0.0010000000000000009
9.954843044281006,1788958699.633532,home,0,0.0,-1.26,1.381,-0.12,0.0,0.0,-1.2655341625213623,1.3913205862045288,-0.1288543939590454,-0.01840776950120926,0.1793503475367303,0.0,0.17846933663158834,-0.009203753260772314,-0.0005793204885827795,-5.332149576217984e-06,0.9999574767385134,0.11746976429853329,0.007094894299539549,0.21822359536987063,-0.04083036585099284,-0.0010696305642071407,-0.6915505634896589,0.7211723478143528,0.1799554789821816,0.0,0.1797827349772174,0.0010000000000000009
9.955596685409546,1788958699.6668892,home,0,0.0,-1.26,1.381,-0.12,0.0,0.0,-1.2640001773834229,1.3928545713424683,-0.1288543939590454,-0.01840776950120926,0.1794257885608076,0.0,0.1782859786984281,-0.009203754783894881,-6.827719184560044e-05,-6.284331501129128e-07,0.9999576422207633,0.11770404945837781,0.0070994327779792445,0.21852332585505246,-0.04082477048209466,-0.001591826768808181,-0.6914338583232627,0.7212835945499033,0.1799554789821816,0.0,0.1797827349772174,0.0010000000000000009
9.962209463119507,1788958699.6668892,home,0,0.0,-1.26,1.381,-0.12,0.0,0.0,-1.2640001773834229,1.3928545713424683,-0.1288543939590454,-0.01840776950120926,0.1794257885608076,0.0,0.1782859786984281,-0.009203754783894881,-6.827719184560044e-05,-6.284331501129128e-07,0.9999576422207633,0.11770404945837781,0.0070994327779792445,0.21852332585505246,-0.04082477048209466,-0.001591826768808181,-0.6914338583232627,0.7212835945499033,0.1799554789821816,0.0,0.1797827349772174,0.0010000000000000009
9.972326278686523,1788958699.6668892,home,0,0.0,-1.26,1.381,-0.12,0.0,0.0,-1.2640001773834229,1.3928545713424683,-0.1288543939590454,-0.01840776950120926,0.1794257885608076,0.0,0.1782859786984281,-0.009203754783894881,-6.827719184560044e-05,-6.284331501129128e-07,0.9999576422207633,0.11770404945837781,0.0070994327779792445,0.21852332585505246,-0.04082477048209466,-0.001591826768808181,-0.6914338583232627,0.7212835945499033,0.1799554789821816,0.0,0.1797827349772174,0.0010000000000000009
9.973903179168701,1788958699.6668892,home,0,0.0,-1.26,1.381,-0.12,0.0,0.0,-1.2640001773834229,1.3928545713424683,-0.1288543939590454,-0.01840776950120926,0.1794257885608076,0.0,0.1782859786984281,-0.009203754783894881,-6.827719184560044e-05,-6.284331501129128e-07,0.9999576422207633,0.11770404945837781,0.0070994327779792445,0.21852332585505246,-0.04082477048209466,-0.001591826768808181,-0.6914338583232627,0.7212835945499033,0.1799554789821816,0.0,0.1797827349772174,0.0010000000000000009
9.974513053894043,1788958699.7002463,home,0,0.0,-1.26,1.381,-0.12,0.0,0.0,-1.2640001773834229,1.3928545713424683,-0.1288543939590454,-0.01840776950120926,0.1794358535541747,0.0,0.17826147559534627,-0.009203754805349615,3.3306690738754696e-16,1.734723475976807e-18,0.9999576445517495,0.11763339162269615,0.007095317995225111,0.2184299700663494,-0.04077782519274176,-0.0013053783073832328,-0.6915653426872979,0.7211607599930999,0.1799554789821816,0.0,0.1797827349772174,0.0010000000000000009
9.982146739959717,1788958699.7002463,home,0,0.0,-1.26,1.381,-0.12,0.0,0.0,-1.2640001773834229,1.3928545713424683,-0.1288543939590454,-0.01840776950120926,0.1794358535541747,0.0,0.17826147559534627,-0.009203754805349615,3.3306690738754696e-16,1.734723475976807e-18,0.9999576445517495,0.11763339162269615,0.007095317995225111,0.2184299700663494,-0.04077782519274176,-0.0013053783073832328,-0.6915653426872979,0.7211607599930999,0.1799554789821816,0.0,0.1797827349772174,0.0010000000000000009
9.992167949676514,1788958699.7002463,home,0,0.0,-1.26,1.381,-0.12,0.0,0.0,-1.2640001773834229,1.3928545713424683,-0.1288543939590454,-0.01840776950120926,0.1794358535541747,0.0,0.17826147559534627,-0.009203754805349615,3.3306690738754696e-16,1.734723475976807e-18,0.9999576445517495,0.11763339162269615,0.007095317995225111,0.2184299700663494,-0.04077782519274176,-0.0013053783073832328,-0.6915653426872979,0.7211607599930999,0.1799554789821816,0.0,0.1797827349772174,0.0010000000000000009
10.002222776412964,1788958699.7002463,home,0,0.0,-1.26,1.381,-0.12,0.0,0.0,-1.2640001773834229,1.3928545713424683,-0.1288543939590454,-0.01840776950120926,0.1794358535541747,0.0,0.17826147559534627,-0.009203754805349615,3.3306690738754696e-16,1.734723475976807e-18,0.9999576445517495,0.11763339162269615,0.007095317995225111,0.2184299700663494,-0.04077782519274176,-0.0013053783073832328,-0.6915653426872979,0.7211607599930999,0.1799554789821816,0.0,0.1797827349772174,0.0010000000000000009
10.012256622314453,1788958699.7002463,home,0,0.0,-1.26,1.381,-0.12,0.0,0.0,-1.2640001773834229,1.3928545713424683,-0.1288543939590454,-0.01840776950120926,0.1794358535541747,0.0,0.17826147559534627,-0.009203754805349615,3.3306690738754696e-16,1.734723475976807e-18,0.9999576445517495,0.11763339162269615,0.007095317995225111,0.2184299700663494,-0.04077782519274176,-0.0013053783073832328,-0.6915653426872979,0.7211607599930999,0.1799554789821816,0.0,0.1797827349772174,0.0010000000000000009
10.013100624084473,1788958699.7002463,home,0,0.0,-1.26,1.381,-0.12,0.0,0.0,-1.2640001773834229,1.3928545713424683,-0.1288543939590454,-0.01840776950120926,0.1794358535541747,0.0,0.17826147559534627,-0.009203754805349615,3.3306690738754696e-16,1.734723475976807e-18,0.9999576445517495,0.11763339162269615,0.007095317995225111,0.2184299700663494,-0.04077782519274176,-0.0013053783073832328,-0.6915653426872979,0.7211607599930999,0.1799554789821816,0.0,0.1797827349772174,0.0010000000000000009
10.017502784729004,1788958699.7002463,home,0,0.0,-1.26,1.381,-0.12,0.0,0.0,-1.2640001773834229,1.3928545713424683,-0.1288543939590454,-0.01840776950120926,0.1794358535541747,0.0,0.17826147559534627,-0.009203754805349615,3.3306690738754696e-16,1.734723475976807e-18,0.9999576445517495,0.11763339162269615,0.007095317995225111,0.2184299700663494,-0.04077782519274176,-0.0013053783073832328,-0.6915653426872979,0.7211607599930999,0.1799554789821816,0.0,0.1797827349772174,0.0010000000000000009
10.018021821975708,1788958699.7336035,home,0,0.0,-1.26,1.381,-0.12,0.0,0.0,-1.2655341625213623,1.3928545713424683,-0.1288543939590454,-0.01840776950120926,0.17943585355417474,0.0,0.17826147559534625,-0.009203754805349615,3.3306690738754696e-16,1.734723475976807e-18,0.9999576445517495,0.11753249185212056,0.00709870539056468,0.21829631376086417,-0.040234019657888836,-0.000402044776071777,-0.6918424977027583,0.7209265013817815,0.1799554789821816,0.0,0.1797827349772174,0.0010000000000000009
10.022192239761353,1788958699.7336035,home,0,0.0,-1.26,1.381,-0.12,0.0,0.0,-1.2655341625213623,1.3928545713424683,-0.1288543939590454,-0.01840776950120926,0.17943585355417474,0.0,0.17826147559534625,-0.009203754805349615,3.3306690738754696e-16,1.734723475976807e-18,0.9999576445517495,0.11753249185212056,0.00709870539056468,0.21829631376086417,-0.040234019657888836,-0.000402044776071777,-0.6918424977027583,0.7209265013817815,0.1799554789821816,0.0,0.1797827349772174,0.0010000000000000009
10.032275199890137,1788958699.7336035,home,0,0.0,-1.26,1.381,-0.12,0.0,0.0,-1.2655341625213623,1.3928545713424683,-0.1288543939590454,-0.01840776950120926,0.17943585355417474,0.0,0.17826147559534625,-0.009203754805349615,3.3306690738754696e-16,1.734723475976807e-18,0.9999576445517495,0.11753249185212056,0.00709870539056468,0.21829631376086417,-0.040234019657888836,-0.000402044776071777,-0.6918424977027583,0.7209265013817815,0.1799554789821816,0.0,0.1797827349772174,0.0010000000000000009
10.041099548339844,1788958699.7336035,home,0,0.0,-1.26,1.381,-0.12,0.0,0.0,-1.2655341625213623,1.3928545713424683,-0.1288543939590454,-0.01840776950120926,0.17943585355417474,0.0,0.17826147559534625,-0.009203754805349615,3.3306690738754696e-16,1.734723475976807e-18,0.9999576445517495,0.11753249185212056,0.00709870539056468,0.21829631376086417,-0.040234019657888836,-0.000402044776071777,-0.6918424977027583,0.7209265013817815,0.1799554789821816,0.0,0.1797827349772174,0.0010000000000000009
10.041820526123047,1788958699.7669604,home,0,0.0,-1.26,1.381,-0.12,0.0,0.0,-1.2655341625213623,1.3928545713424683,-0.1288543939590454,-0.01840776950120926,0.1794358535541747,0.0,0.17826147559534627,-0.009203754805349615,3.3306690738754696e-16,1.734723475976807e-18,0.9999576445517495,0.11764931202630913,0.0071001153522085355,0.21844087909793503,-0.04056635583475784,-0.001430818293036396,-0.691615599233303,0.7211242517281329,0.1799554789821816,0.0,0.1797827349772174,0.0010000000000000009
10.042334079742432,1788958699.7669604,home,0,0.0,-1.26,1.381,-0.12,0.0,0.0,-1.2655341625213623,1.3928545713424683,-0.1288543939590454,-0.01840776950120926,0.1794358535541747,0.0,0.17826147559534627,-0.009203754805349615,3.3306690738754696e-16,1.734723475976807e-18,0.9999576445517495,0.11764931202630913,0.0071001153522085355,0.21844087909793503,-0.04056635583475784,-0.001430818293036396,-0.691615599233303,0.7211242517281329,0.1799554789821816,0.0,0.1797827349772174,0.0010000000000000009
10.052114486694336,1788958699.7669604,home,0,0.0,-1.26,1.381,-0.12,0.0,0.0,-1.2655341625213623,1.3928545713424683,-0.1288543939590454,-0.01840776950120926,0.1794358535541747,0.0,0.17826147559534627,-0.009203754805349615,3.3306690738754696e-16,1.734723475976807e-18,0.9999576445517495,0.11764931202630913,0.0071001153522085355,0.21844087909793503,-0.04056635583475784,-0.001430818293036396,-0.691615599233303,0.7211242517281329,0.1799554789821816,0.0,0.1797827349772174,0.0010000000000000009
10.062160968780518,1788958699.7669604,home,0,0.0,-1.26,1.381,-0.12,0.0,0.0,-1.2655341625213623,1.3928545713424683,-0.1288543939590454,-0.01840776950120926,0.1794358535541747,0.0,0.17826147559534627,-0.009203754805349615,3.3306690738754696e-16,1.734723475976807e-18,0.9999576445517495,0.11764931202630913,0.0071001153522085355,0.21844087909793503,-0.04056635583475784,-0.001430818293036396,-0.691615599233303,0.7211242517281329,0.1799554789821816,0.0,0.1797827349772174,0.0010000000000000009
10.072271347045898,1788958699.7669604,home,0,0.0,-1.26,1.381,-0.12,0.0,0.0,-1.2655341625213623,1.3928545713424683,-0.1288543939590454,-0.01840776950120926,0.1794358535541747,0.0,0.17826147559534627,-0.009203754805349615,3.3306690738754696e-16,1.734723475976807e-18,0.9999576445517495,0.11764931202630913,0.0071001153522085355,0.21844087909793503,-0.04056635583475784,-0.001430818293036396,-0.691615599233303,0.7211242517281329,0.1799554789821816,0.0,0.1797827349772174,0.0010000000000000009
10.073161840438843,1788958699.7669604,home,0,0.0,-1.26,1.381,-0.12,0.0,0.0,-1.2655341625213623,1.3928545713424683,-0.1288543939590454,-0.01840776950120926,0.1794358535541747,0.0,0.17826147559534627,-0.009203754805349615,3.3306690738754696e-16,1.734723475976807e-18,0.9999576445517495,0.11764931202630913,0.0071001153522085355,0.21844087909793503,-0.04056635583475784,-0.001430818293036396,-0.691615599233303,0.7211242517281329,0.1799554789821816,0.0,0.1797827349772174,0.0010000000000000009
10.07398796081543,1788958699.7669604,home,0,0.0,-1.26,1.381,-0.12,0.0,0.0,-1.2655341625213623,1.3928545713424683,-0.1288543939590454,-0.01840776950120926,0.1794358535541747,0.0,0.17826147559534627,-0.009203754805349615,3.3306690738754696e-16,1.734723475976807e-18,0.9999576445517495,0.11764931202630913,0.0071001153522085355,0.21844087909793503,-0.04056635583475784,-0.001430818293036396,-0.691615599233303,0.7211242517281329,0.1799554789821816,0.0,0.1797827349772174,0.0010000000000000009
10.07452654838562,1788958699.8003175,home,0,0.0,-1.26,1.381,-0.12,0.0,0.0,-1.2655341625213623,1.3928545713424683,-0.1288543939590454,-0.01840776950120926,0.17940011366749264,0.0,0.17834844083623252,-0.0092037545350568,-0.00024234347396617784,-2.2305643896172733e-06,0.9999576151853256,0.11766267586615736,0.0070961319845316605,0.21845955975460785,-0.04051046912278359,-0.0011630692008501161,-0.6917288013719479,0.7210192885866609,0.1799554789821816,0.0,0.1797827349772174,0.0010000000000000009
10.082135677337646,1788958699.8003175,home,0,0.0,-1.26,1.381,-0.12,0.0,0.0,-1.2655341625213623,1.3928545713424683,-0.1288543939590454,-0.01840776950120926,0.17940011366749264,0.0,0.17834844083623252,-0.0092037545350568,-0.00024234347396617784,-2.2305643896172733e-06,0.9999576151853256,0.11766267586615736,0.0070961319845316605,0.21845955975460785,-0.04051046912278359,-0.0011630692008501161,-0.6917288013719479,0.7210192885866609,0.1799554789821816,0.0,0.1797827349772174,0.0010000000000000009
10.092164516448975,1788958699.8003175,home,0,0.0,-1.26,1.381,-0.12,0.0,0.0,-1.2655341625213623,1.3928545713424683,-0.1288543939590454,-0.01840776950120926,0.17940011366749264,0.0,0.17834844083623252,-0.0092037545350568,-0.00024234347396617784,-2.2305643896172733e-06,0.9999576151853256,0.11766267586615736,0.0070961319845316605,0.21845955975460785,-0.04051046912278359,-0.0011630692008501161,-0.6917288013719479,0.7210192885866609,0.1799554789821816,0.0,0.1797827349772174,0.0010000000000000009
10.102274417877197,1788958699.8003175,home,0,0.0,-1.26,1.381,-0.12,0.0,0.0,-1.2655341625213623,1.3928545713424683,-0.1288543939590454,-0.01840776950120926,0.17940011366749264,0.0,0.17834844083623252,-0.0092037545350568,-0.00024234347396617784,-2.2305643896172733e-06,0.9999576151853256,0.11766267586615736,0.0070961319845316605,0.21845955975460785,-0.04051046912278359,-0.0011630692008501161,-0.6917288013719479,0.7210192885866609,0.1799554789821816,0.0,0.1797827349772174,0.0010000000000000009
10.106958389282227,1788958699.8003175,home,0,0.0,-1.26,1.381,-0.12,0.0,0.0,-1.2655341625213623,1.3928545713424683,-0.1288543939590454,-0.01840776950120926,0.17940011366749264,0.0,0.17834844083623252,-0.0092037545350568,-0.00024234347396617784,-2.2305643896172733e-06,0.9999576151853256,0.11766267586615736,0.0070961319845316605,0.21845955975460785,-0.04051046912278359,-0.0011630692008501161,-0.6917288013719479,0.7210192885866609,0.1799554789821816,0.0,0.1797827349772174,0.0010000000000000009
10.10741114616394,1788958699.833675,home,0,0.0,-1.26,1.381,-0.12,0.0,0.0,-1.2655341625213623,1.3928545713424683,-0.1288543939590454,-0.01840776950120926,0.1793371298332885,0.0,0.17850140725897878,-0.009203752747230221,-0.0006687277433861105,-6.155066882278237e-06,0.9999574209438561,0.11760885860512138,0.0070936991717459805,0.21838806608458639,-0.04045330143401721,-0.001183768737707826,-0.6917576325887802,0.7209948036219337,0.1799554789821816,0.0,0.1797827349772174,0.0010000000000000009
10.112173557281494,1788958699.833675,home,0,0.0,-1.26,1.381,-0.12,0.0,0.0,-1.2655341625213623,1.3928545713424683,-0.1288543939590454,-0.01840776950120926,0.1793371298332885,0.0,0.17850140725897878,-0.009203752747230221,-0.0006687277433861105,-6.155066882278237e-06,0.9999574209438561,0.11760885860512138,0.0070936991717459805,0.21838806608458639,-0.04045330143401721,-0.001183768737707826,-0.6917576325887802,0.7209948036219337,0.1799554789821816,0.0,0.1797827349772174,0.0010000000000000009
10.122104406356812,1788958699.833675,home,0,0.0,-1.26,1.381,-0.12,0.0,0.0,-1.2655341625213623,1.3928545713424683,-0.1288543939590454,-0.01840776950120926,0.1793371298332885,0.0,0.17850140725897878,-0.009203752747230221,-0.0006687277433861105,-6.155066882278237e-06,0.9999574209438561,0.11760885860512138,0.0070936991717459805,0.21838806608458639,-0.04045330143401721,-0.001183768737707826,-0.6917576325887802,0.7209948036219337,0.1799554789821816,0.0,0.1797827349772174,0.0010000000000000009
10.132182598114014,1788958699.833675,home,0,0.0,-1.26,1.381,-0.12,0.0,0.0,-1.2655341625213623,1.3928545713424683,-0.1288543939590454,-0.01840776950120926,0.1793371298332885,0.0,0.17850140725897878,-0.009203752747230221,-0.0006687277433861105,-6.155066882278237e-06,0.9999574209438561,0.11760885860512138,0.0070936991717459805,0.21838806608458639,-0.04045330143401721,-0.001183768737707826,-0.6917576325887802,0.7209948036219337,0.1799554789821816,0.0,0.1797827349772174,0.0010000000000000009
10.133413076400757,1788958699.833675,home,0,0.0,-1.26,1.381,-0.12,0.0,0.0,-1.2655341625213623,1.3928545713424683,-0.1288543939590454,-0.01840776950120926,0.1793371298332885,0.0,0.17850140725897878,-0.009203752747230221,-0.0006687277433861105,-6.155066882278237e-06,0.9999574209438561,0.11760885860512138,0.0070936991717459805,0.21838806608458639,-0.04045330143401721,-0.001183768737707826,-0.6917576325887802,0.7209948036219337,0.1799554789821816,0.0,0.1797827349772174,0.0010000000000000009
10.141515970230103,1788958699.833675,home,0,0.0,-1.26,1.381,-0.12,0.0,0.0,-1.2655341625213623,1.3928545713424683,-0.1288543939590454,-0.01840776950120926,0.1793371298332885,0.0,0.17850140725897878,-0.009203752747230221,-0.0006687277433861105,-6.155066882278237e-06,0.9999574209438561,0.11760885860512138,0.0070936991717459805,0.21838806608458639,-0.04045330143401721,-0.001183768737707826,-0.6917576325887802,0.7209948036219337,0.1799554789821816,0.0,0.1797827349772174,0.0010000000000000009
10.142189741134644,1788958699.867032,home,0,0.0,-1.26,1.381,-0.12,0.0,0.0,-1.2655341625213623,1.3928545713424683,-0.1288543939590454,-0.01840776950120926,0.17937114871452955,0.0,0.17841883292892918,-0.009203753920260219,-0.00043853841345253825,-4.036370992448364e-06,0.9999575483897019,0.11748120586939154,0.007095732382157728,0.21823114250376402,-0.040561566955936476,-0.0005763889756371335,-0.6915882969603422,0.7211518942423445,0.1799554789821816,0.0,0.1797827349772174,0.0010000000000000009
10.142773628234863,1788958699.867032,home,0,0.0,-1.26,1.381,-0.12,0.0,0.0,-1.2655341625213623,1.3928545713424683,-0.1288543939590454,-0.01840776950120926,0.17937114871452955,0.0,0.17841883292892918,-0.009203753920260219,-0.00043853841345253825,-4.036370992448364e-06,0.9999575483897019,0.11748120586939154,0.007095732382157728,0.21823114250376402,-0.040561566955936476,-0.0005763889756371335,-0.6915882969603422,0.7211518942423445,0.1799554789821816,0.0,0.1797827349772174,0.0010000000000000009
10.152190208435059,1788958699.867032,home,0,0.0,-1.26,1.381,-0.12,0.0,0.0,-1.2655341625213623,1.3928545713424683,-0.1288543939590454,-0.01840776950120926,0.17937114871452955,0.0,0.17841883292892918,-0.009203753920260219,-0.00043853841345253825,-4.036370992448364e-06,0.9999575483897019,0.11748120586939154,0.007095732382157728,0.21823114250376402,-0.040561566955936476,-0.0005763889756371335,-0.6915882969603422,0.7211518942423445,0.1799554789821816,0.0,0.1797827349772174,0.0010000000000000009
10.162177324295044,1788958699.867032,home,0,0.0,-1.26,1.381,-0.12,0.0,0.0,-1.2655341625213623,1.3928545713424683,-0.1288543939590454,-0.01840776950120926,0.17937114871452955,0.0,0.17841883292892918,-0.009203753920260219,-0.00043853841345253825,-4.036370992448364e-06,0.9999575483897019,0.11748120586939154,0.007095732382157728,0.21823114250376402,-0.040561566955936476,-0.0005763889756371335,-0.6915882969603422,0.7211518942423445,0.1799554789821816,0.0,0.1797827349772174,0.0010000000000000009
10.172165393829346,1788958699.867032,home,0,0.0,-1.26,1.381,-0.12,0.0,0.0,-1.2655341625213623,1.3928545713424683,-0.1288543939590454,-0.01840776950120926,0.17937114871452955,0.0,0.17841883292892918,-0.009203753920260219,-0.00043853841345253825,-4.036370992448364e-06,0.9999575483897019,0.11748120586939154,0.007095732382157728,0.21823114250376402,-0.040561566955936476,-0.0005763889756371335,-0.6915882969603422,0.7211518942423445,0.1799554789821816,0.0,0.1797827349772174,0.0010000000000000009
10.182222843170166,1788958699.867032,home,0,0.0,-1.26,1.381,-0.12,0.0,0.0,-1.2655341625213623,1.3928545713424683,-0.1288543939590454,-0.01840776950120926,0.17937114871452955,0.0,0.17841883292892918,-0.009203753920260219,-0.00043853841345253825,-4.036370992448364e-06,0.9999575483897019,0.11748120586939154,0.007095732382157728,0.21823114250376402,-0.040561566955936476,-0.0005763889756371335,-0.6915882969603422,0.7211518942423445,0.1799554789821816,0.0,0.1797827349772174,0.0010000000000000009
10.18317198753357,1788958699.867032,home,0,0.0,-1.26,1.381,-0.12,0.0,0.0,-1.2655341625213623,1.3928545713424683,-0.1288543939590454,-0.01840776950120926,0.17937114871452955,0.0,0.17841883292892918,-0.009203753920260219,-0.00043853841345253825,-4.036370992448364e-06,0.9999575483897019,0.11748120586939154,0.007095732382157728,0.21823114250376402,-0.040561566955936476,-0.0005763889756371335,-0.6915882969603422,0.7211518942423445,0.1799554789821816,0.0,0.1797827349772174,0.0010000000000000009
10.183821678161621,1788958699.867032,home,0,0.0,-1.26,1.381,-0.12,0.0,0.0,-1.2655341625213623,1.3928545713424683,-0.1288543939590454,-0.01840776950120926,0.17937114871452955,0.0,0.17841883292892918,-0.009203753920260219,-0.00043853841345253825,-4.036370992448364e-06,0.9999575483897019,0.11748120586939154,0.007095732382157728,0.21823114250376402,-0.040561566955936476,-0.0005763889756371335,-0.6915882969603422,0.7211518942423445,0.1799554789821816,0.0,0.1797827349772174,0.0010000000000000009
10.184333324432373,1788958699.900389,home,0,0.0,-1.26,1.381,-0.12,0.0,0.0,-1.2640001773834229,1.3928545713424683,-0.1288543939590454,-0.01840776950120926,0.17943411343971014,0.0,0.17826571256348622,-0.009203754804708152,-1.1805915987761482e-05,-1.0866335849006595e-07,0.9999576444820567,0.11760277138882547,0.007097815312819219,0.21838468564879077,-0.04046470776552225,-0.0008590067514806303,-0.6917243031175769,0.7210266000705902,0.1799554789821816,0.0,0.1797827349772174,0.0010000000000000009
10.192127466201782,1788958699.900389,home,0,0.0,-1.26,1.381,-0.12,0.0,0.0,-1.2640001773834229,1.3928545713424683,-0.1288543939590454,-0.01840776950120926,0.17943411343971014,0.0,0.17826571256348622,-0.009203754804708152,-1.1805915987761482e-05,-1.0866335849006595e-07,0.9999576444820567,0.11760277138882547,0.007097815312819219,0.21838468564879077,-0.04046470776552225,-0.0008590067514806303,-0.6917243031175769,0.7210266000705902,0.1799554789821816,0.0,0.1797827349772174,0.0010000000000000009
10.20227575302124,1788958699.900389,home,0,0.0,-1.26,1.381,-0.12,0.0,0.0,-1.2640001773834229,1.3928545713424683,-0.1288543939590454,-0.01840776950120926,0.17943411343971014,0.0,0.17826571256348622,-0.009203754804708152,-1.1805915987761482e-05,-1.0866335849006595e-07,0.9999576444820567,0.11760277138882547,0.007097815312819219,0.21838468564879077,-0.04046470776552225,-0.0008590067514806303,-0.6917243031175769,0.7210266000705902,0.1799554789821816,0.0,0.1797827349772174,0.0010000000000000009
10.212175130844116,1788958699.900389,home,0,0.0,-1.26,1.381,-0.12,0.0,0.0,-1.2640001773834229,1.3928545713424683,-0.1288543939590454,-0.01840776950120926,0.17943411343971014,0.0,0.17826571256348622,-0.009203754804708152,-1.1805915987761482e-05,-1.0866335849006595e-07,0.9999576444820567,0.11760277138882547,0.007097815312819219,0.21838468564879077,-0.04046470776552225,-0.0008590067514806303,-0.6917243031175769,0.7210266000705902,0.1799554789821816,0.0,0.1797827349772174,0.0010000000000000009
10.217320442199707,1788958699.900389,home,0,0.0,-1.26,1.381,-0.12,0.0,0.0,-1.2640001773834229,1.3928545713424683,-0.1288543939590454,-0.01840776950120926,0.17943411343971014,0.0,0.17826571256348622,-0.009203754804708152,-1.1805915987761482e-05,-1.0866335849006595e-07,0.9999576444820567,0.11760277138882547,0.007097815312819219,0.21838468564879077,-0.04046470776552225,-0.0008590067514806303,-0.6917243031175769,0.7210266000705902,0.1799554789821816,0.0,0.1797827349772174,0.0010000000000000009
10.217906713485718,1788958699.933746,home,0,0.0,-1.26,1.381,-0.12,0.0,0.0,-1.2655341625213623,1.3928545713424683,-0.1288543939590454,-0.01840776950120926,0.17945486721299764,0.0,0.17856707655840776,-0.009203753667870334,-0.0004971481376155883,-4.575823371599785e-06,0.9999575209683721,0.11771383064775626,0.007098478892007688,0.21852219319799954,-0.04033525798190202,-0.0012509565226177216,-0.6917862077387115,0.7209738863882692,0.1799554789821816,0.0,0.1797827349772174,0.0010000000000000009
10.222335815429688,1788958699.933746,home,0,0.0,-1.26,1.381,-0.12,0.0,0.0,-1.2655341625213623,1.3928545713424683,-0.1288543939590454,-0.01840776950120926,0.17945486721299764,0.0,0.17856707655840776,-0.009203753667870334,-0.0004971481376155883,-4.575823371599785e-06,0.9999575209683721,0.11771383064775626,0.007098478892007688,0.21852219319799954,-0.04033525798190202,-0.0012509565226177216,-0.6917862077387115,0.7209738863882692,0.1799554789821816,0.0,0.1797827349772174,0.0010000000000000009
10.232088565826416,1788958699.933746,home,0,0.0,-1.26,1.381,-0.12,0.0,0.0,-1.2655341625213623,1.3928545713424683,-0.1288543939590454,-0.01840776950120926,0.17945486721299764,0.0,0.17856707655840776,-0.009203753667870334,-0.0004971481376155883,-4.575823371599785e-06,0.9999575209683721,0.11771383064775626,0.007098478892007688,0.21852219319799954,-0.04033525798190202,-0.0012509565226177216,-0.6917862077387115,0.7209738863882692,0.1799554789821816,0.0,0.1797827349772174,0.0010000000000000009
10.240694999694824,1788958699.933746,home,0,0.0,-1.26,1.381,-0.12,0.0,0.0,-1.2655341625213623,1.3928545713424683,-0.1288543939590454,-0.01840776950120926,0.17945486721299764,0.0,0.17856707655840776,-0.009203753667870334,-0.0004971481376155883,-4.575823371599785e-06,0.9999575209683721,0.11771383064775626,0.007098478892007688,0.21852219319799954,-0.04033525798190202,-0.0012509565226177216,-0.6917862077387115,0.7209738863882692,0.1799554789821816,0.0,0.1797827349772174,0.0010000000000000009
10.241206645965576,1788958699.967104,home,0,0.0,-1.26,1.381,-0.12,0.0,0.0,-1.2655341625213623,1.3928545713424683,-0.1288543939590454,-0.01840776950120926,0.17946505908082472,0.0,0.17873293998472944,-0.009203752098168351,-0.0007669600074579064,-7.059210850191704e-06,0.9999573504254219,0.1176061582003764,0.007098462953958414,0.21839473029592582,-0.040620805009640666,-0.0012748994675743708,-0.6916397870487849,0.7210982802661702,0.1799554789821816,0.0,0.1797827349772174,0.0010000000000000009
10.30312442779541,1788958699.967104,home,0,0.0,-1.26,1.381,-0.12,0.0,0.0,-1.2655341625213623,1.3928545713424683,-0.1288543939590454,-0.01840776950120926,0.17945745897701537,0.0,0.1786091168370889,-0.009203753333399952,-0.0005655363751452812,-5.205278602250957e-06,0.9999574846292674,0.1176061582003764,0.007098462953958414,0.21839473029592582,-0.040620805009640666,-0.0012748994675743708,-0.6916397870487849,0.7210982802661702,0.1799554789821816,0.0,0.1797827349772174,0.0010000000000000009
10.303646802902222,1788958699.967104,home,0,0.0,-1.26,1.381,-0.12,0.0,0.0,-1.2655341625213623,1.3928545713424683,-0.1288543939590454,-0.01840776950120926,0.17945745897701537,0.0,0.1786091168370889,-0.009203753333399952,-0.0005655363751452812,-5.205278602250957e-06,0.9999574846292674,0.1176061582003764,0.007098462953958414,0.21839473029592582,-0.040620805009640666,-0.0012748994675743708,-0.6916397870487849,0.7210982802661702,0.1799554789821816,0.0,0.1797827349772174,0.0010000000000000009
10.304068803787231,1788958700.000462,home,0,0.0,-1.26,1.381,-0.12,0.0,0.0,-1.2655341625213623,1.3928545713424683,-0.1288543939590454,-0.01840776950120926,0.179441202784305,0.0,0.1783469582826951,-0.00920375471634557,-0.00013906536149138623,-1.2799777031127783e-06,0.9999576348817525,0.11763764553816008,0.007098963956408473,0.21842558318103245,-0.04079366546418511,-0.001309854031373311,-0.6914777767304802,0.721243818294677,0.1799554789821816,0.0,0.1797827349772174,0.0010000000000000009
10.304576396942139,1788958700.000462,home,0,0.0,-1.26,1.381,-0.12,0.0,0.0,-1.2655341625213623,1.3928545713424683,-0.1288543939590454,-0.01840776950120926,0.179441202784305,0.0,0.1783469582826951,-0.00920375471634557,-0.00013906536149138623,-1.2799777031127783e-06,0.9999576348817525,0.11763764553816008,0.007098963956408473,0.21842558318103245,-0.04079366546418511,-0.001309854031373311,-0.6914777767304802,0.721243818294677,0.1799554789821816,0.0,0.1797827349772174,0.0010000000000000009
10.304909229278564,1788958700.000462,home,0,0.0,-1.26,1.381,-0.12,0.0,0.0,-1.2655341625213623,1.3928545713424683,-0.1288543939590454,-0.01840776950120926,0.179441202784305,0.0,0.1783469582826951,-0.00920375471634557,-0.00013906536149138623,-1.2799777031127783e-06,0.9999576348817525,0.11763764553816008,0.007098963956408473,0.21842558318103245,-0.04079366546418511,-0.001309854031373311,-0.6914777767304802,0.721243818294677,0.1799554789821816,0.0,0.1797827349772174,0.0010000000000000009
10.305575609207153,1788958700.000462,home,0,0.0,-1.26,1.381,-0.12,0.0,0.0,-1.2655341625213623,1.3928545713424683,-0.1288543939590454,-0.01840776950120926,0.179441202784305,0.0,0.1783469582826951,-0.00920375471634557,-0.00013906536149138623,-1.2799777031127783e-06,0.9999576348817525,0.11763764553816008,0.007098963956408473,0.21842558318103245,-0.04079366546418511,-0.001309854031373311,-0.6914777767304802,0.721243818294677,0.1799554789821816,0.0,0.1797827349772174,0.0010000000000000009
10.305989503860474,1788958700.000462,home,0,0.0,-1.26,1.381,-0.12,0.0,0.0,-1.2655341625213623,1.3928545713424683,-0.1288543939590454,-0.01840776950120926,0.179441202784305,0.0,0.1783469582826951,-0.00920375471634557,-0.00013906536149138623,-1.2799777031127783e-06,0.9999576348817525,0.11763764553816008,0.007098963956408473,0.21842558318103245,-0.04079366546418511,-0.001309854031373311,-0.6914777767304802,0.721243818294677,0.1799554789821816,0.0,0.1797827349772174,0.0010000000000000009
10.306469440460205,1788958700.000462,home,0,0.0,-1.26,1.381,-0.12,0.0,0.0,-1.2655341625213623,1.3928545713424683,-0.1288543939590454,-0.01840776950120926,0.179441202784305,0.0,0.1783469582826951,-0.00920375471634557,-0.00013906536149138623,-1.2799777031127783e-06,0.9999576348817525,0.11763764553816008,0.007098963956408473,0.21842558318103245,-0.04079366546418511,-0.001309854031373311,-0.6914777767304802,0.721243818294677,0.1799554789821816,0.0,0.1797827349772174,0.0010000000000000009
10.306951999664307,1788958700.000462,home,0,0.0,-1.26,1.381,-0.12,0.0,0.0,-1.2655341625213623,1.3928545713424683,-0.1288543939590454,-0.01840776950120926,0.179441202784305,0.0,0.1783469582826951,-0.00920375471634557,-0.00013906536149138623,-1.2799777031127783e-06,0.9999576348817525,0.11763764553816008,0.007098963956408473,0.21842558318103245,-0.04079366546418511,-0.001309854031373311,-0.6914777767304802,0.721243818294677,0.1799554789821816,0.0,0.1797827349772174,0.0010000000000000009
10.312165021896362,1788958700.000462,home,0,0.0,-1.26,1.381,-0.12,0.0,0.0,-1.2655341625213623,1.3928545713424683,-0.1288543939590454,-0.01840776950120926,0.179441202784305,0.0,0.1783469582826951,-0.00920375471634557,-0.00013906536149138623,-1.2799777031127783e-06,0.9999576348817525,0.11763764553816008,0.007098963956408473,0.21842558318103245,-0.04079366546418511,-0.001309854031373311,-0.6914777767304802,0.721243818294677,0.1799554789821816,0.0,0.1797827349772174,0.0010000000000000009
10.317573308944702,1788958700.000462,home,0,0.0,-1.26,1.381,-0.12,0.0,0.0,-1.2655341625213623,1.3928545713424683,-0.1288543939590454,-0.01840776950120926,0.179441202784305,0.0,0.1783469582826951,-0.00920375471634557,-0.00013906536149138623,-1.2799777031127783e-06,0.9999576348817525,0.11763764553816008,0.007098963956408473,0.21842558318103245,-0.04079366546418511,-0.001309854031373311,-0.6914777767304802,0.721243818294677,0.1799554789821816,0.0,0.1797827349772174,0.0010000000000000009
10.318155288696289,1788958700.0338202,home,0,0.0,-1.26,1.381,-0.12,0.0,0.0,-1.2655341625213623,1.3928545713424683,-0.1288543939590454,-0.01840776950120926,0.17939343875119235,0.0,0.17836466951722857,-0.009203754424750759,-0.0002875728069111626,-2.646861712512354e-06,0.9999576032009376,0.11763555392446534,0.007098811748011585,0.21842513502029726,-0.04031213251628786,-0.000874922548330248,-0.6917296346774444,0.7210300125456174,0.1799554789821816,0.0,0.1797827349772174,0.0010000000000000009
10.322090864181519,1788958700.0338202,home,0,0.0,-1.26,1.381,-0.12,0.0,0.0,-1.2655341625213623,1.3928545713424683,-0.1288543939590454,-0.01840776950120926,0.17939343875119235,0.0,0.17836466951722857,-0.009203754424750759,-0.0002875728069111626,-2.646861712512354e-06,0.9999576032009376,0.11763555392446534,0.007098811748011585,0.21842513502029726,-0.04031213251628786,-0.000874922548330248,-0.6917296346774444,0.7210300125456174,0.1799554789821816,0.0,0.1797827349772174,0.0010000000000000009
10.332224130630493,1788958700.0338202,home,0,0.0,-1.26,1.381,-0.12,0.0,0.0,-1.2655341625213623,1.3928545713424683,-0.1288543939590454,-0.01840776950120926,0.17939343875119235,0.0,0.17836466951722857,-0.009203754424750759,-0.0002875728069111626,-2.646861712512354e-06,0.9999576032009376,0.11763555392446534,0.007098811748011585,0.21842513502029726,-0.04031213251628786,-0.000874922548330248,-0.6917296346774444,0.7210300125456174,0.1799554789821816,0.0,0.1797827349772174,0.0010000000000000009
10.340542078018188,1788958700.0338202,home,0,0.0,-1.26,1.381,-0.12,0.0,0.0,-1.2655341625213623,1.3928545713424683,-0.1288543939590454,-0.01840776950120926,0.17939343875119235,0.0,0.17836466951722857,-0.009203754424750759,-0.0002875728069111626,-2.646861712512354e-06,0.9999576032009376,0.11763555392446534,0.007098811748011585,0.21842513502029726,-0.04031213251628786,-0.000874922548330248,-0.6917296346774444,0.7210300125456174,0.1799554789821816,0.0,0.1797827349772174,0.0010000000000000009
10.341074705123901,1788958700.067178,home,0,0.0,-1.26,1.381,-0.12,0.0,0.0,-1.2655341625213623,1.3928545713424683,-0.1288543939590454,-0.01840776950120926,0.1793303920254847,0.0,0.178517749202533,-0.009203752457233925,-0.0007142887336287208,-6.574416826915508e-06,0.999957389436714,0.1176224565922489,0.0070980785632959,0.21841669052862317,-0.04058949036270648,-0.0011198609390271484,-0.6916997351034636,0.7210427973715374,0.1799554789821816,0.0,0.1797827349772174,0.0010000000000000009
10.342235326766968,1788958700.067178,home,0,0.0,-1.26,1.381,-0.12,0.0,0.0,-1.2655341625213623,1.3928545713424683,-0.1288543939590454,-0.01840776950120926,0.1793303920254847,0.0,0.178517749202533,-0.009203752457233925,-0.0007142887336287208,-6.574416826915508e-06,0.999957389436714,0.1176224565922489,0.0070980785632959,0.21841669052862317,-0.04058949036270648,-0.0011198609390271484,-0.6916997351034636,0.7210427973715374,0.1799554789821816,0.0,0.1797827349772174,0.0010000000000000009
10.352267503738403,1788958700.067178,home,0,0.0,-1.26,1.381,-0.12,0.0,0.0,-1.2655341625213623,1.3928545713424683,-0.1288543939590454,-0.01840776950120926,0.1793303920254847,0.0,0.178517749202533,-0.009203752457233925,-0.0007142887336287208,-6.574416826915508e-06,0.999957389436714,0.1176224565922489,0.0070980785632959,0.21841669052862317,-0.04058949036270648,-0.0011198609390271484,-0.6916997351034636,0.7210427973715374,0.1799554789821816,0.0,0.1797827349772174,0.0010000000000000009
10.352970838546753,1788958700.067178,home,0,0.0,-1.26,1.381,-0.12,0.0,0.0,-1.2655341625213623,1.3928545713424683,-0.1288543939590454,-0.01840776950120926,0.1793303920254847,0.0,0.178517749202533,-0.009203752457233925,-0.0007142887336287208,-6.574416826915508e-06,0.999957389436714,0.1176224565922489,0.0070980785632959,0.21841669052862317,-0.04058949036270648,-0.0011198609390271484,-0.6916997351034636,0.7210427973715374,0.1799554789821816,0.0,0.1797827349772174,0.0010000000000000009
10.361218690872192,1788958700.067178,home,0,0.0,-1.26,1.381,-0.12,0.0,0.0,-1.2655341625213623,1.3928545713424683,-0.1288543939590454,-0.01840776950120926,0.1793303920254847,0.0,0.178517749202533,-0.009203752457233925,-0.0007142887336287208,-6.574416826915508e-06,0.999957389436714,0.1176224565922489,0.0070980785632959,0.21841669052862317,-0.04058949036270648,-0.0011198609390271484,-0.6916997351034636,0.7210427973715374,0.1799554789821816,0.0,0.1797827349772174,0.0010000000000000009
10.372360467910767,1788958700.067178,home,0,0.0,-1.26,1.381,-0.12,0.0,0.0,-1.2655341625213623,1.3928545713424683,-0.1288543939590454,-0.01840776950120926,0.1793303920254847,0.0,0.178517749202533,-0.009203752457233925,-0.0007142887336287208,-6.574416826915508e-06,0.999957389436714,0.1176224565922489,0.0070980785632959,0.21841669052862317,-0.04058949036270648,-0.0011198609390271484,-0.6916997351034636,0.7210427973715374,0.1799554789821816,0.0,0.1797827349772174,0.0010000000000000009
10.37411117553711,1788958700.067178,home,0,0.0,-1.26,1.381,-0.12,0.0,0.0,-1.2655341625213623,1.3928545713424683,-0.1288543939590454,-0.01840776950120926,0.1793303920254847,0.0,0.178517749202533,-0.009203752457233925,-0.0007142887336287208,-6.574416826915508e-06,0.999957389436714,0.1176224565922489,0.0070980785632959,0.21841669052862317,-0.04058949036270648,-0.0011198609390271484,-0.6916997351034636,0.7210427973715374,0.1799554789821816,0.0,0.1797827349772174,0.0010000000000000009
10.374637603759766,1788958700.100536,home,0,0.0,-1.26,1.381,-0.12,0.0,0.0,-1.2640001773834229,1.3928545713424683,-0.1288543939590454,-0.01840776950120926,0.17932260085400636,0.0,0.17853664071789022,-0.00920375209816835,-0.00076696000745774,-7.059210850191706e-06,0.9999573504254219,0.11757105136469626,0.007099826238111983,0.2183503674355689,-0.04043768802209014,-0.0010062605641955702,-0.6917356801995929,0.7210170105940027,0.1799554789821816,0.0,0.1797827349772174,0.0010000000000000009
10.382269620895386,1788958700.100536,home,0,0.0,-1.26,1.381,-0.12,0.0,0.0,-1.2640001773834229,1.3928545713424683,-0.1288543939590454,-0.01840776950120926,0.17932260085400636,0.0,0.17853664071789022,-0.00920375209816835,-0.00076696000745774,-7.059210850191706e-06,0.9999573504254219,0.11757105136469626,0.007099826238111983,0.2183503674355689,-0.04043768802209014,-0.0010062605641955702,-0.6917356801995929,0.7210170105940027,0.1799554789821816,0.0,0.1797827349772174,0.0010000000000000009
10.392307996749878,1788958700.100536,home,0,0.0,-1.26,1.381,-0.12,0.0,0.0,-1.2640001773834229,1.3928545713424683,-0.1288543939590454,-0.01840776950120926,0.17932260085400636,0.0,0.17853664071789022,-0.00920375209816835,-0.00076696000745774,-7.059210850191706e-06,0.9999573504254219,0.11757105136469626,0.007099826238111983,0.2183503674355689,-0.04043768802209014,-0.0010062605641955702,-0.6917356801995929,0.7210170105940027,0.1799554789821816,0.0,0.1797827349772174,0.0010000000000000009
10.402352333068848,1788958700.100536,home,0,0.0,-1.26,1.381,-0.12,0.0,0.0,-1.2640001773834229,1.3928545713424683,-0.1288543939590454,-0.01840776950120926,0.17932260085400636,0.0,0.17853664071789022,-0.00920375209816835,-0.00076696000745774,-7.059210850191706e-06,0.9999573504254219,0.11757105136469626,0.007099826238111983,0.2183503674355689,-0.04043768802209014,-0.0010062605641955702,-0.6917356801995929,0.7210170105940027,0.1799554789821816,0.0,0.1797827349772174,0.0010000000000000009
10.407492399215698,1788958700.100536,home,0,0.0,-1.26,1.381,-0.12,0.0,0.0,-1.2640001773834229,1.3928545713424683,-0.1288543939590454,-0.01840776950120926,0.17932260085400636,0.0,0.17853664071789022,-0.00920375209816835,-0.00076696000745774,-7.059210850191706e-06,0.9999573504254219,0.11757105136469626,0.007099826238111983,0.2183503674355689,-0.04043768802209014,-0.0010062605641955702,-0.6917356801995929,0.7210170105940027,0.1799554789821816,0.0,0.1797827349772174,0.0010000000000000009
10.408071279525757,1788958700.133894,home,0,0.0,-1.26,1.381,-0.12,0.0,0.0,-1.2655341625213623,1.3928545713424683,-0.1288543939590454,-0.01840776950120926,0.17932260085400636,0.0,0.17853664071789022,-0.00920375209816835,-0.00076696000745774,-7.059210850191706e-06,0.9999573504254219,0.11767003911294593,0.007096173994553642,0.21847043146021644,-0.040378764379643654,-0.0013877078163796268,-0.6917006441868266,0.7210532910164954,0.1799554789821816,0.0,0.1797827349772174,0.0010000000000000009
10.4699866771698,1788958700.133894,home,0,0.0,-1.26,1.381,-0.12,0.0,0.0,-1.2655341625213623,1.3928545713424683,-0.1288543939590454,-0.01840776950120926,0.17932260085400636,0.0,0.17853664071789022,-0.00920375209816835,-0.00076696000745774,-7.059210850191706e-06,0.9999573504254219,0.11767003911294593,0.007096173994553642,0.21847043146021644,-0.040378764379643654,-0.0013877078163796268,-0.6917006441868266,0.7210532910164954,0.1799554789821816,0.0,0.1797827349772174,0.0010000000000000009
10.47046446800232,1788958700.133894,home,0,0.0,-1.26,1.381,-0.12,0.0,0.0,-1.2655341625213623,1.3928545713424683,-0.1288543939590454,-0.01840776950120926,0.17932260085400636,0.0,0.17853664071789022,-0.00920375209816835,-0.00076696000745774,-7.059210850191706e-06,0.9999573504254219,0.11767003911294593,0.007096173994553642,0.21847043146021644,-0.040378764379643654,-0.0013877078163796268,-0.6917006441868266,0.7210532910164954,0.1799554789821816,0.0,0.1797827349772174,0.0010000000000000009
10.47095513343811,1788958700.167252,home,0,0.0,-1.26,1.381,-0.12,0.0,0.0,-1.2640001773834229,1.3928545713424683,-0.1288543939590454,-0.01840776950120926,0.17932260085400636,0.0,0.17853664071789022,-0.00920375209816835,-0.00076696000745774,-7.059210850191706e-06,0.9999573504254219,0.11769989608572062,0.007099362907340032,0.2185054419444109,-0.04063278796293707,-0.0014431785202753936,-0.6915191324153839,0.7212129943931908,0.1799554789821816,0.0,0.1797827349772174,0.0010000000000000009
10.47140622138977,1788958700.167252,home,0,0.0,-1.26,1.381,-0.12,0.0,0.0,-1.2640001773834229,1.3928545713424683,-0.1288543939590454,-0.01840776950120926,0.17932260085400636,0.0,0.17853664071789022,-0.00920375209816835,-0.00076696000745774,-7.059210850191706e-06,0.9999573504254219,0.11769989608572062,0.007099362907340032,0.2185054419444109,-0.04063278796293707,-0.0014431785202753936,-0.6915191324153839,0.7212129943931908,0.1799554789821816,0.0,0.1797827349772174,0.0010000000000000009
10.471932411193848,1788958700.167252,home,0,0.0,-1.26,1.381,-0.12,0.0,0.0,-1.2640001773834229,1.3928545713424683,-0.1288543939590454,-0.01840776950120926,0.17932260085400636,0.0,0.17853664071789022,-0.00920375209816835,-0.00076696000745774,-7.059210850191706e-06,0.9999573504254219,0.11769989608572062,0.007099362907340032,0.2185054419444109,-0.04063278796293707,-0.0014431785202753936,-0.6915191324153839,0.7212129943931908,0.1799554789821816,0.0,0.1797827349772174,0.0010000000000000009
10.472695112228394,1788958700.167252,home,0,0.0,-1.26,1.381,-0.12,0.0,0.0,-1.2640001773834229,1.3928545713424683,-0.1288543939590454,-0.01840776950120926,0.17932260085400636,0.0,0.17853664071789022,-0.00920375209816835,-0.00076696000745774,-7.059210850191706e-06,0.9999573504254219,0.11769989608572062,0.007099362907340032,0.2185054419444109,-0.04063278796293707,-0.0014431785202753936,-0.6915191324153839,0.7212129943931908,0.1799554789821816,0.0,0.1797827349772174,0.0010000000000000009
10.47303056716919,1788958700.167252,home,0,0.0,-1.26,1.381,-0.12,0.0,0.0,-1.2640001773834229,1.3928545713424683,-0.1288543939590454,-0.01840776950120926,0.17932260085400636,0.0,0.17853664071789022,-0.00920375209816835,-0.00076696000745774,-7.059210850191706e-06,0.9999573504254219,0.11769989608572062,0.007099362907340032,0.2185054419444109,-0.04063278796293707,-0.0014431785202753936,-0.6915191324153839,0.7212129943931908,0.1799554789821816,0.0,0.1797827349772174,0.0010000000000000009
10.47347116470337,1788958700.167252,home,0,0.0,-1.26,1.381,-0.12,0.0,0.0,-1.2640001773834229,1.3928545713424683,-0.1288543939590454,-0.01840776950120926,0.17932260085400636,0.0,0.17853664071789022,-0.00920375209816835,-0.00076696000745774,-7.059210850191706e-06,0.9999573504254219,0.11769989608572062,0.007099362907340032,0.2185054419444109,-0.04063278796293707,-0.0014431785202753936,-0.6915191324153839,0.7212129943931908,0.1799554789821816,0.0,0.1797827349772174,0.0010000000000000009
10.473957777023315,1788958700.167252,home,0,0.0,-1.26,1.381,-0.12,0.0,0.0,-1.2640001773834229,1.3928545713424683,-0.1288543939590454,-0.01840776950120926,0.17932260085400636,0.0,0.17853664071789022,-0.00920375209816835,-0.00076696000745774,-7.059210850191706e-06,0.9999573504254219,0.11769989608572062,0.007099362907340032,0.2185054419444109,-0.04063278796293707,-0.0014431785202753936,-0.6915191324153839,0.7212129943931908,0.1799554789821816,0.0,0.1797827349772174,0.0010000000000000009
10.474478960037231,1788958700.167252,home,0,0.0,-1.26,1.381,-0.12,0.0,0.0,-1.2640001773834229,1.3928545713424683,-0.1288543939590454,-0.01840776950120926,0.17932260085400636,0.0,0.17853664071789022,-0.00920375209816835,-0.00076696000745774,-7.059210850191706e-06,0.9999573504254219,0.11769989608572062,0.007099362907340032,0.2185054419444109,-0.04063278796293707,-0.0014431785202753936,-0.6915191324153839,0.7212129943931908,0.1799554789821816,0.0,0.1797827349772174,0.0010000000000000009
10.474814414978027,1788958700.167252,home,0,0.0,-1.26,1.381,-0.12,0.0,0.0,-1.2640001773834229,1.3928545713424683,-0.1288543939590454,-0.01840776950120926,0.17932260085400636,0.0,0.17853664071789022,-0.00920375209816835,-0.00076696000745774,-7.059210850191706e-06,0.9999573504254219,0.11769989608572062,0.007099362907340032,0.2185054419444109,-0.04063278796293707,-0.0014431785202753936,-0.6915191324153839,0.7212129943931908,0.1799554789821816,0.0,0.1797827349772174,0.0010000000000000009
10.475210428237915,1788958700.2006102,home,0,0.0,-1.26,1.381,-0.12,0.0,0.0,-1.2640001773834229,1.3928545713424683,-0.1288543939590454,-0.01840776950120926,0.1793663572664971,0.0,0.17843046978649735,-0.009203753784484636,-0.00047097539949919604,-4.334925704064552e-06,0.9999575336381321,0.11766060183181931,0.007096284750168077,0.218452817329578,-0.040257541010320454,-0.0007952052343153593,-0.6918064311552544,0.7209594717129862,0.1799554789821816,0.0,0.1797827349772174,0.0010000000000000009
10.481135606765747,1788958700.2006102,home,0,0.0,-1.26,1.381,-0.12,0.0,0.0,-1.2640001773834229,1.3928545713424683,-0.1288543939590454,-0.01840776950120926,0.1793663572664971,0.0,0.17843046978649735,-0.009203753784484636,-0.00047097539949919604,-4.334925704064552e-06,0.9999575336381321,0.11766060183181931,0.007096284750168077,0.218452817329578,-0.040257541010320454,-0.0007952052343153593,-0.6918064311552544,0.7209594717129862,0.1799554789821816,0.0,0.1797827349772174,0.0010000000000000009
10.492146253585815,1788958700.2006102,home,0,0.0,-1.26,1.381,-0.12,0.0,0.0,-1.2640001773834229,1.3928545713424683,-0.1288543939590454,-0.01840776950120926,0.1793663572664971,0.0,0.17843046978649735,-0.009203753784484636,-0.00047097539949919604,-4.334925704064552e-06,0.9999575336381321,0.11766060183181931,0.007096284750168077,0.218452817329578,-0.040257541010320454,-0.0007952052343153593,-0.6918064311552544,0.7209594717129862,0.1799554789821816,0.0,0.1797827349772174,0.0010000000000000009
10.502198219299316,1788958700.2006102,home,0,0.0,-1.26,1.381,-0.12,0.0,0.0,-1.2640001773834229,1.3928545713424683,-0.1288543939590454,-0.01840776950120926,0.1793663572664971,0.0,0.17843046978649735,-0.009203753784484636,-0.00047097539949919604,-4.334925704064552e-06,0.9999575336381321,0.11766060183181931,0.007096284750168077,0.218452817329578,-0.040257541010320454,-0.0007952052343153593,-0.6918064311552544,0.7209594717129862,0.1799554789821816,0.0,0.1797827349772174,0.0010000000000000009
10.512228012084961,1788958700.2006102,home,0,0.0,-1.26,1.381,-0.12,0.0,0.0,-1.2640001773834229,1.3928545713424683,-0.1288543939590454,-0.01840776950120926,0.1793663572664971,0.0,0.17843046978649735,-0.009203753784484636,-0.00047097539949919604,-4.334925704064552e-06,0.9999575336381321,0.11766060183181931,0.007096284750168077,0.218452817329578,-0.040257541010320454,-0.0007952052343153593,-0.6918064311552544,0.7209594717129862,0.1799554789821816,0.0,0.1797827349772174,0.0010000000000000009
10.518101930618286,1788958700.2006102,home,0,0.0,-1.26,1.381,-0.12,0.0,0.0,-1.2640001773834229,1.3928545713424683,-0.1288543939590454,-0.01840776950120926,0.1793663572664971,0.0,0.17843046978649735,-0.009203753784484636,-0.00047097539949919604,-4.334925704064552e-06,0.9999575336381321,0.11766060183181931,0.007096284750168077,0.218452817329578,-0.040257541010320454,-0.0007952052343153593,-0.6918064311552544,0.7209594717129862,0.1799554789821816,0.0,0.1797827349772174,0.0010000000000000009
10.518688201904297,1788958700.233968,home,0,0.0,-1.26,1.381,-0.12,0.0,0.0,-1.2640001773834229,1.3928545713424683,-0.1288543939590454,-0.01840776950120926,0.1794358535541747,0.0,0.17826147559534627,-0.009203754805349615,3.3306690738754696e-16,1.734723475976807e-18,0.9999576445517495,0.11766534892422259,0.007098049945442232,0.21846653923486486,-0.04086621928003928,-0.0017010945624387295,-0.6914091534931988,0.7213046796360495,0.1799554789821816,0.0,0.1797827349772174,0.0010000000000000009
10.58037519454956,1788958700.233968,home,0,0.0,-1.26,1.381,-0.12,0.0,0.0,-1.2640001773834229,1.3928545713424683,-0.1288543939590454,-0.01840776950120926,0.1794358535541747,0.0,0.17826147559534627,-0.009203754805349615,3.3306690738754696e-16,1.734723475976807e-18,0.9999576445517495,0.11766534892422259,0.007098049945442232,0.21846653923486486,-0.04086621928003928,-0.0017010945624387295,-0.6914091534931988,0.7213046796360495,0.1799554789821816,0.0,0.1797827349772174,0.0010000000000000009
10.580825567245483,1788958700.233968,home,0,0.0,-1.26,1.381,-0.12,0.0,0.0,-1.2640001773834229,1.3928545713424683,-0.1288543939590454,-0.01840776950120926,0.1794358535541747,0.0,0.17826147559534627,-0.009203754805349615,3.3306690738754696e-16,1.734723475976807e-18,0.9999576445517495,0.11766534892422259,0.007098049945442232,0.21846653923486486,-0.04086621928003928,-0.0017010945624387295,-0.6914091534931988,0.7213046796360495,0.1799554789821816,0.0,0.1797827349772174,0.0010000000000000009
10.581244945526123,1788958700.2673259,home,0,0.0,-1.26,1.381,-0.12,0.0,0.0,-1.2640001773834229,1.3928545713424683,-0.1288543939590454,-0.01840776950120926,0.1794358535541747,0.0,0.17826147559534627,-0.009203754805349615,3.3306690738754696e-16,1.734723475976807e-18,0.9999576445517495,0.11771116141797183,0.007095580164831344,0.21851597332218897,-0.040632963868028116,-0.001518247012959485,-0.6914661257525064,0.721263650900367,0.1799554789821816,0.0,0.1797827349772174,0.0010000000000000009
10.581711769104004,1788958700.2673259,home,0,0.0,-1.26,1.381,-0.12,0.0,0.0,-1.2640001773834229,1.3928545713424683,-0.1288543939590454,-0.01840776950120926,0.1794358535541747,0.0,0.17826147559534627,-0.009203754805349615,3.3306690738754696e-16,1.734723475976807e-18,0.9999576445517495,0.11771116141797183,0.007095580164831344,0.21851597332218897,-0.040632963868028116,-0.001518247012959485,-0.6914661257525064,0.721263650900367,0.1799554789821816,0.0,0.1797827349772174,0.0010000000000000009
10.582076072692871,1788958700.2673259,home,0,0.0,-1.26,1.381,-0.12,0.0,0.0,-1.2640001773834229,1.3928545713424683,-0.1288543939590454,-0.01840776950120926,0.1794358535541747,0.0,0.17826147559534627,-0.009203754805349615,3.3306690738754696e-16,1.734723475976807e-18,0.9999576445517495,0.11771116141797183,0.007095580164831344,0.21851597332218897,-0.040632963868028116,-0.001518247012959485,-0.6914661257525064,0.721263650900367,0.1799554789821816,0.0,0.1797827349772174,0.0010000000000000009
10.582489728927612,1788958700.300684,home,0,0.0,-1.26,1.381,-0.12,0.0,0.0,-1.2640001773834229,1.3928545713424683,-0.1288543939590454,-0.01840776950120926,0.1794358535541747,0.0,0.17826147559534627,-0.009203754805349615,3.3306690738754696e-16,1.734723475976807e-18,0.9999576445517495,0.11762383794672099,0.0071005994660615175,0.21841408447260952,-0.04039473366025181,-0.0006931249887390996,-0.6917339456222834,0.7210214515145132,0.1799554789821816,0.0,0.1797827349772174,0.0010000000000000009
10.644177436828613,1788958700.300684,home,0,0.0,-1.26,1.381,-0.12,0.0,0.0,-1.2640001773834229,1.3928545713424683,-0.1288543939590454,-0.01840776950120926,0.1794358535541747,0.0,0.17826147559534627,-0.009203754805349615,3.3306690738754696e-16,1.734723475976807e-18,0.9999576445517495,0.11762383794672099,0.0071005994660615175,0.21841408447260952,-0.04039473366025181,-0.0006931249887390996,-0.6917339456222834,0.7210214515145132,0.1799554789821816,0.0,0.1797827349772174,0.0010000000000000009
10.705482244491577,1788958700.300684,home,0,0.0,-1.26,1.381,-0.12,0.0,0.0,-1.2640001773834229,1.3928545713424683,-0.1288543939590454,-0.01840776950120926,0.1794358535541747,0.0,0.17826147559534627,-0.009203754805349615,3.3306690738754696e-16,1.734723475976807e-18,0.9999576445517495,0.11762383794672099,0.0071005994660615175,0.21841408447260952,-0.04039473366025181,-0.0006931249887390996,-0.6917339456222834,0.7210214515145132,0.1799554789821816,0.0,0.1797827349772174,0.0010000000000000009
10.766868114471436,1788958700.334042,home,0,0.0,-1.26,1.381,-0.12,0.0,0.0,-1.2655341625213623,1.3928545713424683,-0.1288543939590454,-0.01840776950120926,0.1794358535541747,0.0,0.17826147559534627,-0.009203754805349615,3.3306690738754696e-16,1.734723475976807e-18,0.9999576445517495,0.11760452784484093,0.007100366941098004,0.2183853464941785,-0.0408083326032045,-0.0013268624737074169,-0.69136911705193,0.7213471171446915,0.1799554789821816,0.0,0.1797827349772174,0.0010000000000000009
10.82856822013855,1788958700.334042,home,0,0.0,-1.26,1.381,-0.12,0.0,0.0,-1.2655341625213623,1.3928545713424683,-0.1288543939590454,-0.01840776950120926,0.1793552467615591,0.0,0.1784574453153918,-0.009203753432479131,-0.0005461712686216645,-5.0270393606279334e-06,0.9999574953938934,0.11760452784484093,0.007100366941098004,0.2183853464941785,-0.0408083326032045,-0.0013268624737074169,-0.69136911705193,0.7213471171446915,0.1799554789821816,0.0,0.1797827349772174,0.0010000000000000009
10.829001188278198,1788958700.334042,home,0,0.0,-1.26,1.381,-0.12,0.0,0.0,-1.2655341625213623,1.3928545713424683,-0.1288543939590454,-0.01840776950120926,0.1793552467615591,0.0,0.1784574453153918,-0.009203753432479131,-0.0005461712686216645,-5.0270393606279334e-06,0.9999574953938934,0.11760452784484093,0.007100366941098004,0.2183853464941785,-0.0408083326032045,-0.0013268624737074169,-0.69136911705193,0.7213471171446915,0.1799554789821816,0.0,0.1797827349772174,0.0010000000000000009
10.829393863677979,1788958700.400758,home,0,0.0,-1.26,1.381,-0.12,0.0,0.0,-1.2655341625213623,1.3928545713424683,-0.1288543939590454,-0.01840776950120926,0.17932260085400636,0.0,0.17853664071789022,-0.00920375209816835,-0.00076696000745774,-7.059210850191706e-06,0.9999573504254219,0.11757496211294577,0.007096486633612379,0.21834041573138208,-0.04095239030203781,-0.0011417966627720148,-0.6915269350152645,0.7211879756189263,0.1799554789821816,0.0,0.1797827349772174,0.0010000000000000009
10.890988111495972,1788958700.400758,home,0,0.0,-1.26,1.381,-0.12,0.0,0.0,-1.2655341625213623,1.3928545713424683,-0.1288543939590454,-0.01840776950120926,0.17932260085400636,0.0,0.17853664071789022,-0.00920375209816835,-0.00076696000745774,-7.059210850191706e-06,0.9999573504254219,0.11757496211294577,0.007096486633612379,0.21834041573138208,-0.04095239030203781,-0.0011417966627720148,-0.6915269350152645,0.7211879756189263,0.1799554789821816,0.0,0.1797827349772174,0.0010000000000000009
10.952385663986206,1788958700.400758,home,0,0.0,-1.26,1.381,-0.12,0.0,0.0,-1.2655341625213623,1.3928545713424683,-0.1288543939590454,-0.01840776950120926,0.17932260085400636,0.0,0.17853664071789022,-0.00920375209816835,-0.00076696000745774,-7.059210850191706e-06,0.9999573504254219,0.11757496211294577,0.007096486633612379,0.21834041573138208,-0.04095239030203781,-0.0011417966627720148,-0.6915269350152645,0.7211879756189263,0.1799554789821816,0.0,0.1797827349772174,0.0010000000000000009
11.013843059539795,1788958700.600906,home,0,0.0,-1.26,1.381,-0.12,0.0,0.0,-1.2640001773834229,1.3928545713424683,-0.1288543939590454,-0.01840776950120926,0.17932260085400636,0.0,0.17853664071789022,-0.00920375209816835,-0.00076696000745774,-7.059210850191706e-06,0.9999573504254219,0.11756751075004196,0.007096353013545444,0.21833856840691124,-0.04073081705056655,-0.0009921783029320029,-0.6915276291043013,0.7212000792498519,0.1799554789821816,0.0,0.1797827349772174,0.0010000000000000009
11.07571792602539,1788958700.600906,home,0,0.0,-1.26,1.381,-0.12,0.0,0.0,-1.2640001773834229,1.3928545713424683,-0.1288543939590454,-0.01840776950120926,0.1794358535541747,0.0,0.17826147559534627,-0.009203754805349615,3.3306690738754696e-16,1.734723475976807e-18,0.9999576445517495,0.11756751075004196,0.007096353013545444,0.21833856840691124,-0.04073081705056655,-0.0009921783029320029,-0.6915276291043013,0.7212000792498519,0.1799554789821816,0.0,0.1797827349772174,0.0010000000000000009
11.137127161026001,1788958700.600906,home,0,0.0,-1.26,1.381,-0.12,0.0,0.0,-1.2640001773834229,1.3928545713424683,-0.1288543939590454,-0.01840776950120926,0.1794358535541747,0.0,0.17826147559534627,-0.009203754805349615,3.3306690738754696e-16,1.734723475976807e-18,0.9999576445517495,0.11756751075004196,0.007096353013545444,0.21833856840691124,-0.04073081705056655,-0.0009921783029320029,-0.6915276291043013,0.7212000792498519,0.1799554789821816,0.0,0.1797827349772174,0.0010000000000000009
11.198686599731445,1788958700.7676964,home,0,0.0,-1.26,1.381,-0.12,0.0,0.0,-1.2640001773834229,1.3928545713424683,-0.1288543939590454,-0.01840776950120926,0.1794358535541747,0.0,0.17826147559534627,-0.009203754805349615,3.3306690738754696e-16,1.734723475976807e-18,0.9999576445517495,0.11767733282174514,0.007100573399738479,0.21847965780150902,-0.04062720595529907,-0.001500878584431441,-0.6916702151588972,0.7210682984029917,0.1799554789821816,0.0,0.1797827349772174,0.0010000000000000009
11.260306596755981,1788958700.7676964,home,0,0.0,-1.26,1.381,-0.12,0.0,0.0,-1.2640001773834229,1.3928545713424683,-0.1288543939590454,-0.01840776950120926,0.1794358535541747,0.0,0.17826147559534627,-0.009203754805349615,3.3306690738754696e-16,1.734723475976807e-18,0.9999576445517495,0.11767733282174514,0.007100573399738479,0.21847965780150902,-0.04062720595529907,-0.001500878584431441,-0.6916702151588972,0.7210682984029917,0.1799554789821816,0.0,0.1797827349772174,0.0010000000000000009
11.321749925613403,1788958700.7676964,home,0,0.0,-1.26,1.381,-0.12,0.0,0.0,-1.2640001773834229,1.3928545713424683,-0.1288543939590454,-0.01840776950120926,0.1794358535541747,0.0,0.17826147559534627,-0.009203754805349615,3.3306690738754696e-16,1.734723475976807e-18,0.9999576445517495,0.11767733282174514,0.007100573399738479,0.21847965780150902,-0.04062720595529907,-0.001500878584431441,-0.6916702151588972,0.7210682984029917,0.1799554789821816,0.0,0.1797827349772174,0.0010000000000000009
11.383268356323242,1788958700.9678435,home,0,0.0,-1.26,1.381,-0.12,0.0,0.0,-1.2640001773834229,1.3913205862045288,-0.1288543939590454,-0.01840776950120926,0.1794358535541747,0.0,0.17826147559534627,-0.009203754805349615,3.3306690738754696e-16,1.734723475976807e-18,0.9999576445517495,0.11763629158034389,0.007099551063929066,0.2184289506718795,-0.040487653644462884,-0.0007826190306867493,-0.691836043504041,0.7209181828186148,0.1799554789821816,0.0,0.1797827349772174,0.0010000000000000009
16.445314168930054,1788958706.1716611,reach_far,0,0.0,-0.9,1.0,0.3,0.0,0.0015339808305725455,-0.9004467725753784,1.0170292854309082,0.2991262674331665,-0.01840776950120926,0.20762424715295552,0.00031849186490883353,0.15524355911281706,-0.009163340126839652,0.20683817407202124,0.00265420201094237,0.9783286554915772,0.16627436102320203,0.009477846476185822,0.21574972704617051,-0.17902140118158888,0.13696413278969913,-0.6780540559455265,0.6995962131572522,0.20888933388512207,0.0,0.1602508145933554,0.39999999999999997
16.45190739631653,1788958706.1716611,reach_far,0,0.0,-0.9,1.0,0.3,0.0,0.0015339808305725455,-0.9004467725753784,1.0170292854309082,0.2991262674331665,-0.01840776950120926,0.20762424715295552,0.00031849186490883353,0.15524355911281706,-0.009163340126839652,0.20683817407202124,0.00265420201094237,0.9783286554915772,0.16627436102320203,0.009477846476185822,0.21574972704617051,-0.17902140118158888,0.13696413278969913,-0.6780540559455265,0.6995962131572522,0.20888933388512207,0.0,0.1602508145933554,0.39999999999999997
16.461955785751343,1788958706.1716611,reach_far,0,0.0,-0.9,1.0,0.3,0.0,0.0015339808305725455,-0.9004467725753784,1.0170292854309082,0.2991262674331665,-0.01840776950120926,0.20762424715295552,0.00031849186490883353,0.15524355911281706,-0.009163340126839652,0.20683817407202124,0.00265420201094237,0.9783286554915772,0.16627436102320203,0.009477846476185822,0.21574972704617051,-0.17902140118158888,0.13696413278969913,-0.6780540559455265,0.6995962131572522,0.20888933388512207,0.0,0.1602508145933554,0.39999999999999997
16.471951246261597,1788958706.1716611,reach_far,0,0.0,-0.9,1.0,0.3,0.0,0.0015339808305725455,-0.9004467725753784,1.0170292854309082,0.2991262674331665,-0.01840776950120926,0.20762424715295552,0.00031849186490883353,0.15524355911281706,-0.009163340126839652,0.20683817407202124,0.00265420201094237,0.9783286554915772,0.16627436102320203,0.009477846476185822,0.21574972704617051,-0.17902140118158888,0.13696413278969913,-0.6780540559455265,0.6995962131572522,0.20888933388512207,0.0,0.1602508145933554,0.39999999999999997
16.478755235671997,1788958706.1716611,reach_far,0,0.0,-0.9,1.0,0.3,0.0,0.0015339808305725455,-0.9004467725753784,1.0170292854309082,0.2991262674331665,-0.01840776950120926,0.20762424715295552,0.00031849186490883353,0.15524355911281706,-0.009163340126839652,0.20683817407202124,0.00265420201094237,0.9783286554915772,0.16627436102320203,0.009477846476185822,0.21574972704617051,-0.17902140118158888,0.13696413278969913,-0.6780540559455265,0.6995962131572522,0.20888933388512207,0.0,0.1602508145933554,0.39999999999999997
16.479268789291382,1788958706.2050204,reach_far,0,0.0,-0.9,1.0,0.3,0.0,0.0015339808305725455,-0.9004467725753784,1.0170292854309082,0.2991262674331665,-0.01840776950120926,0.20758089180579098,0.00031842535858521507,0.1554208701839329,-0.009163831870306558,0.2064203646224492,0.002650424119410713,0.9784169011758613,0.16625710764669943,0.009480812543805105,0.21571914749751858,-0.17915058759315,0.13648564881980715,-0.6779969430424316,0.6997119977936518,0.20888933388512207,0.0,0.1602508145933554,0.39999999999999997
16.48191213607788,1788958706.2050204,reach_far,0,0.0,-0.9,1.0,0.3,0.0,0.0015339808305725455,-0.9004467725753784,1.0170292854309082,0.2991262674331665,-0.01840776950120926,0.20758089180579098,0.00031842535858521507,0.1554208701839329,-0.009163831870306558,0.2064203646224492,0.002650424119410713,0.9784169011758613,0.16625710764669943,0.009480812543805105,0.21571914749751858,-0.17915058759315,0.13648564881980715,-0.6779969430424316,0.6997119977936518,0.20888933388512207,0.0,0.1602508145933554,0.39999999999999997
16.492024183273315,1788958706.2050204,reach_far,0,0.0,-0.9,1.0,0.3,0.0,0.0015339808305725455,-0.9004467725753784,1.0170292854309082,0.2991262674331665,-0.01840776950120926,0.20758089180579098,0.00031842535858521507,0.1554208701839329,-0.009163831870306558,0.2064203646224492,0.002650424119410713,0.9784169011758613,0.16625710764669943,0.009480812543805105,0.21571914749751858,-0.17915058759315,0.13648564881980715,-0.6779969430424316,0.6997119977936518,0.20888933388512207,0.0,0.1602508145933554,0.39999999999999997
16.492851972579956,1788958706.2050204,reach_far,0,0.0,-0.9,1.0,0.3,0.0,0.0015339808305725455,-0.9004467725753784,1.0170292854309082,0.2991262674331665,-0.01840776950120926,0.20758089180579098,0.00031842535858521507,0.1554208701839329,-0.009163831870306558,0.2064203646224492,0.002650424119410713,0.9784169011758613,0.16625710764669943,0.009480812543805105,0.21571914749751858,-0.17915058759315,0.13648564881980715,-0.6779969430424316,0.6997119977936518,0.20888933388512207,0.0,0.1602508145933554,0.39999999999999997
16.502142667770386,1788958706.2050204,reach_far,0,0.0,-0.9,1.0,0.3,0.0,0.0015339808305725455,-0.9004467725753784,1.0170292854309082,0.2991262674331665,-0.01840776950120926,0.20758089180579098,0.00031842535858521507,0.1554208701839329,-0.009163831870306558,0.2064203646224492,0.002650424119410713,0.9784169011758613,0.16625710764669943,0.009480812543805105,0.21571914749751858,-0.17915058759315,0.13648564881980715,-0.6779969430424316,0.6997119977936518,0.20888933388512207,0.0,0.1602508145933554,0.39999999999999997
16.512025356292725,1788958706.2050204,reach_far,0,0.0,-0.9,1.0,0.3,0.0,0.0015339808305725455,-0.9004467725753784,1.0170292854309082,0.2991262674331665,-0.01840776950120926,0.20758089180579098,0.00031842535858521507,0.1554208701839329,-0.009163831870306558,0.2064203646224492,0.002650424119410713,0.9784169011758613,0.16625710764669943,0.009480812543805105,0.21571914749751858,-0.17915058759315,0.13648564881980715,-0.6779969430424316,0.6997119977936518,0.20888933388512207,0.0,0.1602508145933554,0.39999999999999997
16.52197289466858,1788958706.2050204,reach_far,0,0.0,-0.9,1.0,0.3,0.0,0.0015339808305725455,-0.9004467725753784,1.0170292854309082,0.2991262674331665,-0.01840776950120926,0.20758089180579098,0.00031842535858521507,0.1554208701839329,-0.009163831870306558,0.2064203646224492,0.002650424119410713,0.9784169011758613,0.16625710764669943,0.009480812543805105,0.21571914749751858,-0.17915058759315,0.13648564881980715,-0.6779969430424316,0.6997119977936518,0.20888933388512207,0.0,0.1602508145933554,0.39999999999999997
16.52264165878296,1788958706.2050204,reach_far,0,0.0,-0.9,1.0,0.3,0.0,0.0015339808305725455,-0.9004467725753784,1.0170292854309082,0.2991262674331665,-0.01840776950120926,0.20758089180579098,0.00031842535858521507,0.1554208701839329,-0.009163831870306558,0.2064203646224492,0.002650424119410713,0.9784169011758613,0.16625710764669943,0.009480812543805105,0.21571914749751858,-0.17915058759315,0.13648564881980715,-0.6779969430424316,0.6997119977936518,0.20888933388512207,0.0,0.1602508145933554,0.39999999999999997
16.523072957992554,1788958706.2383797,reach_far,0,0.0,-0.9,1.0,0.3,0.0,0.0015339808305725455,-0.898912787437439,1.0170292854309082,0.2991262674331665,-0.01840776950120926,0.2075730806511215,0.0003184133764142891,0.15545274597527553,-0.009163920106295001,0.20634524039439164,0.0026497448204610852,0.9784327484233408,0.16629047752343884,0.009479122380696314,0.2157636094562136,-0.17828420086224714,0.1362399635005242,-0.6782223493201673,0.6997627176057032,0.20888933388512207,0.0,0.1602508145933554,0.39999999999999997
16.531866788864136,1788958706.2383797,reach_far,0,0.0,-0.9,1.0,0.3,0.0,0.0015339808305725455,-0.898912787437439,1.0170292854309082,0.2991262674331665,-0.01840776950120926,0.2075730806511215,0.0003184133764142891,0.15545274597527553,-0.009163920106295001,0.20634524039439164,0.0026497448204610852,0.9784327484233408,0.16629047752343884,0.009479122380696314,0.2157636094562136,-0.17828420086224714,0.1362399635005242,-0.6782223493201673,0.6997627176057032,0.20888933388512207,0.0,0.1602508145933554,0.39999999999999997
16.542178630828857,1788958706.2383797,reach_far,0,0.0,-0.9,1.0,0.3,0.0,0.0015339808305725455,-0.898912787437439,1.0170292854309082,0.2991262674331665,-0.01840776950120926,0.2075730806511215,0.0003184133764142891,0.15545274597527553,-0.009163920106295001,0.20634524039439164,0.0026497448204610852,0.9784327484233408,0.16629047752343884,0.009479122380696314,0.2157636094562136,-0.17828420086224714,0.1362399635005242,-0.6782223493201673,0.6997627176057032,0.20888933388512207,0.0,0.1602508145933554,0.39999999999999997
16.54531455039978,1788958706.2383797,reach_far,0,0.0,-0.9,1.0,0.3,0.0,0.0015339808305725455,-0.898912787437439,1.0170292854309082,0.2991262674331665,-0.01840776950120926,0.2075730806511215,0.0003184133764142891,0.15545274597527553,-0.009163920106295001,0.20634524039439164,0.0026497448204610852,0.9784327484233408,0.16629047752343884,0.009479122380696314,0.2157636094562136,-0.17828420086224714,0.1362399635005242,-0.6782223493201673,0.6997627176057032,0.20888933388512207,0.0,0.1602508145933554,0.39999999999999997
16.545788288116455,1788958706.2717388,reach_far,0,0.0,-0.9,1.0,0.3,0.0,0.0015339808305725455,-0.9004467725753784,1.0170292854309082,0.2991262674331665,-0.01840776950120926,0.2075730806511215,0.0003184133764142891,0.15545274597527553,-0.009163920106295001,0.20634524039439164,0.0026497448204610852,0.9784327484233408,0.16627912057875144,0.009479332061899989,0.21574950382151253,-0.17885628828299655,0.13658199718365452,-0.6780579140821386,0.6997094049228818,0.20888933388512207,0.0,0.1602508145933554,0.39999999999999997
16.60759449005127,1788958706.2717388,reach_far,0,0.0,-0.9,1.0,0.3,0.0,0.0015339808305725455,-0.9004467725753784,1.0170292854309082,0.2991262674331665,-0.01840776950120926,0.20758698966806444,0.000318434712596387,0.1553959712739898,-0.009163762911887408,0.2064790430634827,0.0026509547067178544,0.9784045189307059,0.16627912057875144,0.009479332061899989,0.21574950382151253,-0.17885628828299655,0.13658199718365452,-0.6780579140821386,0.6997094049228818,0.20888933388512207,0.0,0.1602508145933554,0.39999999999999997
16.60802960395813,1788958706.2717388,reach_far,0,0.0,-0.9,1.0,0.3,0.0,0.0015339808305725455,-0.9004467725753784,1.0170292854309082,0.2991262674331665,-0.01840776950120926,0.20758698966806444,0.000318434712596387,0.1553959712739898,-0.009163762911887408,0.2064790430634827,0.0026509547067178544,0.9784045189307059,0.16627912057875144,0.009479332061899989,0.21574950382151253,-0.17885628828299655,0.13658199718365452,-0.6780579140821386,0.6997094049228818,0.20888933388512207,0.0,0.1602508145933554,0.39999999999999997
16.608445644378662,1788958706.305098,reach_far,0,0.0,-0.9,1.0,0.3,0.0,0.0015339808305725455,-0.898912787437439,1.0170292854309082,0.2991262674331665,-0.01840776950120926,0.2076302620755495,0.00031850109169202724,0.15521890782191597,-0.009163271636312028,0.2068962516027373,0.0026547271447870434,0.9783163741599354,0.1663735669766126,0.009484157362822519,0.21589508101789756,-0.1789160118505371,0.1345537621639466,-0.6778895589896189,0.7002500207810685,0.20888933388512207,0.0,0.1602508145933554,0.39999999999999997
16.608910083770752,1788958706.305098,reach_far,0,0.0,-0.9,1.0,0.3,0.0,0.0015339808305725455,-0.898912787437439,1.0170292854309082,0.2991262674331665,-0.01840776950120926,0.2076302620755495,0.00031850109169202724,0.15521890782191597,-0.009163271636312028,0.2068962516027373,0.0026547271447870434,0.9783163741599354,0.1663735669766126,0.009484157362822519,0.21589508101789756,-0.1789160118505371,0.1345537621639466,-0.6778895589896189,0.7002500207810685,0.20888933388512207,0.0,0.1602508145933554,0.39999999999999997
16.60921549797058,1788958706.305098,reach_far,0,0.0,-0.9,1.0,0.3,0.0,0.0015339808305725455,-0.898912787437439,1.0170292854309082,0.2991262674331665,-0.01840776950120926,0.2076302620755495,0.00031850109169202724,0.15521890782191597,-0.009163271636312028,0.2068962516027373,0.0026547271447870434,0.9783163741599354,0.1663735669766126,0.009484157362822519,0.21589508101789756,-0.1789160118505371,0.1345537621639466,-0.6778895589896189,0.7002500207810685,0.20888933388512207,0.0,0.1602508145933554,0.39999999999999997
16.609813690185547,1788958706.305098,reach_far,0,0.0,-0.9,1.0,0.3,0.0,0.0015339808305725455,-0.898912787437439,1.0170292854309082,0.2991262674331665,-0.01840776950120926,0.2076302620755495,0.00031850109169202724,0.15521890782191597,-0.009163271636312028,0.2068962516027373,0.0026547271447870434,0.9783163741599354,0.1663735669766126,0.009484157362822519,0.21589508101789756,-0.1789160118505371,0.1345537621639466,-0.6778895589896189,0.7002500207810685,0.20888933388512207,0.0,0.1602508145933554,0.39999999999999997
16.610151529312134,1788958706.305098,reach_far,0,0.0,-0.9,1.0,0.3,0.0,0.0015339808305725455,-0.898912787437439,1.0170292854309082,0.2991262674331665,-0.01840776950120926,0.2076302620755495,0.00031850109169202724,0.15521890782191597,-0.009163271636312028,0.2068962516027373,0.0026547271447870434,0.9783163741599354,0.1663735669766126,0.009484157362822519,0.21589508101789756,-0.1789160118505371,0.1345537621639466,-0.6778895589896189,0.7002500207810685,0.20888933388512207,0.0,0.1602508145933554,0.39999999999999997
16.610624313354492,1788958706.305098,reach_far,0,0.0,-0.9,1.0,0.3,0.0,0.0015339808305725455,-0.898912787437439,1.0170292854309082,0.2991262674331665,-0.01840776950120926,0.2076302620755495,0.00031850109169202724,0.15521890782191597,-0.009163271636312028,0.2068962516027373,0.0026547271447870434,0.9783163741599354,0.1663735669766126,0.009484157362822519,0.21589508101789756,-0.1789160118505371,0.1345537621639466,-0.6778895589896189,0.7002500207810685,0.20888933388512207,0.0,0.1602508145933554,0.39999999999999997
16.61105966567993,1788958706.305098,reach_far,0,0.0,-0.9,1.0,0.3,0.0,0.0015339808305725455,-0.898912787437439,1.0170292854309082,0.2991262674331665,-0.01840776950120926,0.2076302620755495,0.00031850109169202724,0.15521890782191597,-0.009163271636312028,0.2068962516027373,0.0026547271447870434,0.9783163741599354,0.1663735669766126,0.009484157362822519,0.21589508101789756,-0.1789160118505371,0.1345537621639466,-0.6778895589896189,0.7002500207810685,0.20888933388512207,0.0,0.1602508145933554,0.39999999999999997
16.611826419830322,1788958706.305098,reach_far,0,0.0,-0.9,1.0,0.3,0.0,0.0015339808305725455,-0.898912787437439,1.0170292854309082,0.2991262674331665,-0.01840776950120926,0.2076302620755495,0.00031850109169202724,0.15521890782191597,-0.009163271636312028,0.2068962516027373,0.0026547271447870434,0.9783163741599354,0.1663735669766126,0.009484157362822519,0.21589508101789756,-0.1789160118505371,0.1345537621639466,-0.6778895589896189,0.7002500207810685,0.20888933388512207,0.0,0.1602508145933554,0.39999999999999997
16.622019290924072,1788958706.305098,reach_far,0,0.0,-0.9,1.0,0.3,0.0,0.0015339808305725455,-0.898912787437439,1.0170292854309082,0.2991262674331665,-0.01840776950120926,0.2076302620755495,0.00031850109169202724,0.15521890782191597,-0.009163271636312028,0.2068962516027373,0.0026547271447870434,0.9783163741599354,0.1663735669766126,0.009484157362822519,0.21589508101789756,-0.1789160118505371,0.1345537621639466,-0.6778895589896189,0.7002500207810685,0.20888933388512207,0.0,0.1602508145933554,0.39999999999999997
16.62272024154663,1788958706.305098,reach_far,0,0.0,-0.9,1.0,0.3,0.0,0.0015339808305725455,-0.898912787437439,1.0170292854309082,0.2991262674331665,-0.01840776950120926,0.2076302620755495,0.00031850109169202724,0.15521890782191597,-0.009163271636312028,0.2068962516027373,0.0026547271447870434,0.9783163741599354,0.1663735669766126,0.009484157362822519,0.21589508101789756,-0.1789160118505371,0.1345537621639466,-0.6778895589896189,0.7002500207810685,0.20888933388512207,0.0,0.1602508145933554,0.39999999999999997
16.623167514801025,1788958706.3384573,reach_far,0,0.0,-0.9,1.0,0.3,0.0,0.0015339808305725455,-0.9004467725753784,1.0170292854309082,0.2991262674331665,-0.01840776950120926,0.20765088968364034,0.0003185327340722384,0.15513427183842013,-0.009163036255176988,0.207095632508571,0.0026565299149686203,0.978274184782197,0.16626262245740053,0.009476990614248868,0.21571304271904063,-0.17970113382075178,0.1355566461566663,-0.6776747459822254,0.7000634520129009,0.20888933388512207,0.0,0.1602508145933554,0.39999999999999997
16.632030725479126,1788958706.3384573,reach_far,0,0.0,-0.9,1.0,0.3,0.0,0.0015339808305725455,-0.9004467725753784,1.0170292854309082,0.2991262674331665,-0.01840776950120926,0.20765088968364034,0.0003185327340722384,0.15513427183842013,-0.009163036255176988,0.207095632508571,0.0026565299149686203,0.978274184782197,0.16626262245740053,0.009476990614248868,0.21571304271904063,-0.17970113382075178,0.1355566461566663,-0.6776747459822254,0.7000634520129009,0.20888933388512207,0.0,0.1602508145933554,0.39999999999999997
16.642011880874634,1788958706.3384573,reach_far,0,0.0,-0.9,1.0,0.3,0.0,0.0015339808305725455,-0.9004467725753784,1.0170292854309082,0.2991262674331665,-0.01840776950120926,0.20765088968364034,0.0003185327340722384,0.15513427183842013,-0.009163036255176988,0.207095632508571,0.0026565299149686203,0.978274184782197,0.16626262245740053,0.009476990614248868,0.21571304271904063,-0.17970113382075178,0.1355566461566663,-0.6776747459822254,0.7000634520129009,0.20888933388512207,0.0,0.1602508145933554,0.39999999999999997
16.64552330970764,1788958706.3384573,reach_far,0,0.0,-0.9,1.0,0.3,0.0,0.0015339808305725455,-0.9004467725753784,1.0170292854309082,0.2991262674331665,-0.01840776950120926,0.20765088968364034,0.0003185327340722384,0.15513427183842013,-0.009163036255176988,0.207095632508571,0.0026565299149686203,0.978274184782197,0.16626262245740053,0.009476990614248868,0.21571304271904063,-0.17970113382075178,0.1355566461566663,-0.6776747459822254,0.7000634520129009,0.20888933388512207,0.0,0.1602508145933554,0.39999999999999997
16.646005392074585,1788958706.3718166,reach_far,0,0.0,-0.9,1.0,0.3,0.0,0.0015339808305725455,-0.898912787437439,1.0170292854309082,0.2991262674331665,-0.01840776950120926,0.20765088968364034,0.0003185327340722384,0.15513427183842013,-0.009163036255176988,0.207095632508571,0.0026565299149686203,0.978274184782197,0.1663084952743918,0.009476987080654684,0.21579343499098153,-0.1785167550232104,0.1363557615988815,-0.6782141057723902,0.6996888602701414,0.20888933388512207,0.0,0.1602508145933554,0.39999999999999997
16.707767963409424,1788958706.3718166,reach_far,0,0.0,-0.9,1.0,0.3,0.0,0.0015339808305725455,-0.898912787437439,1.0170292854309082,0.2991262674331665,-0.01840776950120926,0.20764989190037514,0.00031853120349063595,0.155138369241005,-0.009163047658691314,0.20708598072171672,0.002656442645809523,0.9782762280964405,0.1663084952743918,0.009476987080654684,0.21579343499098153,-0.1785167550232104,0.1363557615988815,-0.6782141057723902,0.6996888602701414,0.20888933388512207,0.0,0.1602508145933554,0.39999999999999997
16.708228826522827,1788958706.3718166,reach_far,0,0.0,-0.9,1.0,0.3,0.0,0.0015339808305725455,-0.898912787437439,1.0170292854309082,0.2991262674331665,-0.01840776950120926,0.20764989190037514,0.00031853120349063595,0.155138369241005,-0.009163047658691314,0.20708598072171672,0.002656442645809523,0.9782762280964405,0.1663084952743918,0.009476987080654684,0.21579343499098153,-0.1785167550232104,0.1363557615988815,-0.6782141057723902,0.6996888602701414,0.20888933388512207,0.0,0.1602508145933554,0.39999999999999997
16.70865273475647,1788958706.405176,reach_far,0,0.0,-0.9,1.0,0.3,0.0,0.0015339808305725455,-0.898912787437439,1.0170292854309082,0.2991262674331665,-0.01840776950120926,0.2076066282144906,0.00031846483777377415,0.15531569476928167,-0.009163540372615226,0.20666821127162602,0.0026526652007580866,0.9783645758841428,0.16624337090794056,0.009474880561540068,0.2156757786187578,-0.17915016709092535,0.137509106230568,-0.6780717287852486,0.6994391996143399,0.20888933388512207,0.0,0.1602508145933554,0.39999999999999997
16.70914101600647,1788958706.405176,reach_far,0,0.0,-0.9,1.0,0.3,0.0,0.0015339808305725455,-0.898912787437439,1.0170292854309082,0.2991262674331665,-0.01840776950120926,0.2076066282144906,0.00031846483777377415,0.15531569476928167,-0.009163540372615226,0.20666821127162602,0.0026526652007580866,0.9783645758841428,0.16624337090794056,0.009474880561540068,0.2156757786187578,-0.17915016709092535,0.137509106230568,-0.6780717287852486,0.6994391996143399,0.20888933388512207,0.0,0.1602508145933554,0.39999999999999997
16.709454774856567,1788958706.405176,reach_far,0,0.0,-0.9,1.0,0.3,0.0,0.0015339808305725455,-0.898912787437439,1.0170292854309082,0.2991262674331665,-0.01840776950120926,0.2076066282144906,0.00031846483777377415,0.15531569476928167,-0.009163540372615226,0.20666821127162602,0.0026526652007580866,0.9783645758841428,0.16624337090794056,0.009474880561540068,0.2156757786187578,-0.17915016709092535,0.137509106230568,-0.6780717287852486,0.6994391996143399,0.20888933388512207,0.0,0.1602508145933554,0.39999999999999997
16.709866046905518,1788958706.405176,reach_far,0,0.0,-0.9,1.0,0.3,0.0,0.0015339808305725455,-0.898912787437439,1.0170292854309082,0.2991262674331665,-0.01840776950120926,0.2076066282144906,0.00031846483777377415,0.15531569476928167,-0.009163540372615226,0.20666821127162602,0.0026526652007580866,0.9783645758841428,0.16624337090794056,0.009474880561540068,0.2156757786187578,-0.17915016709092535,0.137509106230568,-0.6780717287852486,0.6994391996143399,0.20888933388512207,0.0,0.1602508145933554,0.39999999999999997
16.710251092910767,1788958706.405176,reach_far,0,0.0,-0.9,1.0,0.3,0.0,0.0015339808305725455,-0.898912787437439,1.0170292854309082,0.2991262674331665,-0.01840776950120926,0.2076066282144906,0.00031846483777377415,0.15531569476928167,-0.009163540372615226,0.20666821127162602,0.0026526652007580866,0.9783645758841428,0.16624337090794056,0.009474880561540068,0.2156757786187578,-0.17915016709092535,0.137509106230568,-0.6780717287852486,0.6994391996143399,0.20888933388512207,0.0,0.1602508145933554,0.39999999999999997
16.710665941238403,1788958706.405176,reach_far,0,0.0,-0.9,1.0,0.3,0.0,0.0015339808305725455,-0.898912787437439,1.0170292854309082,0.2991262674331665,-0.01840776950120926,0.2076066282144906,0.00031846483777377415,0.15531569476928167,-0.009163540372615226,0.20666821127162602,0.0026526652007580866,0.9783645758841428,0.16624337090794056,0.009474880561540068,0.2156757786187578,-0.17915016709092535,0.137509106230568,-0.6780717287852486,0.6994391996143399,0.20888933388512207,0.0,0.1602508145933554,0.39999999999999997
16.711917877197266,1788958706.405176,reach_far,0,0.0,-0.9,1.0,0.3,0.0,0.0015339808305725455,-0.898912787437439,1.0170292854309082,0.2991262674331665,-0.01840776950120926,0.2076066282144906,0.00031846483777377415,0.15531569476928167,-0.009163540372615226,0.20666821127162602,0.0026526652007580866,0.9783645758841428,0.16624337090794056,0.009474880561540068,0.2156757786187578,-0.17915016709092535,0.137509106230568,-0.6780717287852486,0.6994391996143399,0.20888933388512207,0.0,0.1602508145933554,0.39999999999999997
16.712628602981567,1788958706.405176,reach_far,0,0.0,-0.9,1.0,0.3,0.0,0.0015339808305725455,-0.898912787437439,1.0170292854309082,0.2991262674331665,-0.01840776950120926,0.2076066282144906,0.00031846483777377415,0.15531569476928167,-0.009163540372615226,0.20666821127162602,0.0026526652007580866,0.9783645758841428,0.16624337090794056,0.009474880561540068,0.2156757786187578,-0.17915016709092535,0.137509106230568,-0.6780717287852486,0.6994391996143399,0.20888933388512207,0.0,0.1602508145933554,0.39999999999999997
16.72191023826599,1788958706.405176,reach_far,0,0.0,-0.9,1.0,0.3,0.0,0.0015339808305725455,-0.898912787437439,1.0170292854309082,0.2991262674331665,-0.01840776950120926,0.2076066282144906,0.00031846483777377415,0.15531569476928167,-0.009163540372615226,0.20666821127162602,0.0026526652007580866,0.9783645758841428,0.16624337090794056,0.009474880561540068,0.2156757786187578,-0.17915016709092535,0.137509106230568,-0.6780717287852486,0.6994391996143399,0.20888933388512207,0.0,0.1602508145933554,0.39999999999999997
16.722437858581543,1788958706.405176,reach_far,0,0.0,-0.9,1.0,0.3,0.0,0.0015339808305725455,-0.898912787437439,1.0170292854309082,0.2991262674331665,-0.01840776950120926,0.2076066282144906,0.00031846483777377415,0.15531569476928167,-0.009163540372615226,0.20666821127162602,0.0026526652007580866,0.9783645758841428,0.16624337090794056,0.009474880561540068,0.2156757786187578,-0.17915016709092535,0.137509106230568,-0.6780717287852486,0.6994391996143399,0.20888933388512207,0.0,0.1602508145933554,0.39999999999999997
16.722877979278564,1788958706.4385352,reach_far,0,0.0,-0.9,1.0,0.3,0.0,0.0015339808305725455,-0.898912787437439,1.0170292854309082,0.2991262674331665,-0.01840776950120926,0.2075730806511215,0.0003184133764142891,0.15545274597527553,-0.009163920106295001,0.20634524039439164,0.0026497448204610852,0.9784327484233408,0.16630880105133916,0.009478972536101332,0.2157874451062891,-0.17929271783097117,0.13663674669598141,-0.6781001530679241,0.6995460693866989,0.20888933388512207,0.0,0.1602508145933554,0.39999999999999997
16.732093334197998,1788958706.4385352,reach_far,0,0.0,-0.9,1.0,0.3,0.0,0.0015339808305725455,-0.898912787437439,1.0170292854309082,0.2991262674331665,-0.01840776950120926,0.2075730806511215,0.0003184133764142891,0.15545274597527553,-0.009163920106295001,0.20634524039439164,0.0026497448204610852,0.9784327484233408,0.16630880105133916,0.009478972536101332,0.2157874451062891,-0.17929271783097117,0.13663674669598141,-0.6781001530679241,0.6995460693866989,0.20888933388512207,0.0,0.1602508145933554,0.39999999999999997
16.742085456848145,1788958706.4385352,reach_far,0,0.0,-0.9,1.0,0.3,0.0,0.0015339808305725455,-0.898912787437439,1.0170292854309082,0.2991262674331665,-0.01840776950120926,0.2075730806511215,0.0003184133764142891,0.15545274597527553,-0.009163920106295001,0.20634524039439164,0.0026497448204610852,0.9784327484233408,0.16630880105133916,0.009478972536101332,0.2157874451062891,-0.17929271783097117,0.13663674669598141,-0.6781001530679241,0.6995460693866989,0.20888933388512207,0.0,0.1602508145933554,0.39999999999999997
16.752106189727783,1788958706.4385352,reach_far,0,0.0,-0.9,1.0,0.3,0.0,0.0015339808305725455,-0.898912787437439,1.0170292854309082,0.2991262674331665,-0.01840776950120926,0.2075730806511215,0.0003184133764142891,0.15545274597527553,-0.009163920106295001,0.20634524039439164,0.0026497448204610852,0.9784327484233408,0.16630880105133916,0.009478972536101332,0.2157874451062891,-0.17929271783097117,0.13663674669598141,-0.6781001530679241,0.6995460693866989,0.20888933388512207,0.0,0.1602508145933554,0.39999999999999997
16.75560975074768,1788958706.4385352,reach_far,0,0.0,-0.9,1.0,0.3,0.0,0.0015339808305725455,-0.898912787437439,1.0170292854309082,0.2991262674331665,-0.01840776950120926,0.2075730806511215,0.0003184133764142891,0.15545274597527553,-0.009163920106295001,0.20634524039439164,0.0026497448204610852,0.9784327484233408,0.16630880105133916,0.009478972536101332,0.2157874451062891,-0.17929271783097117,0.13663674669598141,-0.6781001530679241,0.6995460693866989,0.20888933388512207,0.0,0.1602508145933554,0.39999999999999997
16.7560875415802,1788958706.4718945,reach_far,0,0.0,-0.9,1.0,0.3,0.0,0.0015339808305725455,-0.9004467725753784,1.0170292854309082,0.2991262674331665,-0.01840776950120926,0.2075730806511215,0.0003184133764142891,0.15545274597527553,-0.009163920106295001,0.20634524039439164,0.0026497448204610852,0.9784327484233408,0.16622303004107603,0.00947273970391981,0.2156534994377734,-0.17885735913916018,0.13774674611816543,-0.6781509109961169,0.6993906068362373,0.20888933388512207,0.0,0.1602508145933554,0.39999999999999997
16.762268781661987,1788958706.4718945,reach_far,0,0.0,-0.9,1.0,0.3,0.0,0.0015339808305725455,-0.9004467725753784,1.0170292854309082,0.2991262674331665,-0.01840776950120926,0.2075730806511215,0.0003184133764142891,0.15545274597527553,-0.009163920106295001,0.20634524039439164,0.0026497448204610852,0.9784327484233408,0.16622303004107603,0.00947273970391981,0.2156534994377734,-0.17885735913916018,0.13774674611816543,-0.6781509109961169,0.6993906068362373,0.20888933388512207,0.0,0.1602508145933554,0.39999999999999997
16.76259446144104,1788958706.4718945,reach_far,0,0.0,-0.9,1.0,0.3,0.0,0.0015339808305725455,-0.9004467725753784,1.0170292854309082,0.2991262674331665,-0.01840776950120926,0.2075730806511215,0.0003184133764142891,0.15545274597527553,-0.009163920106295001,0.20634524039439164,0.0026497448204610852,0.9784327484233408,0.16622303004107603,0.00947273970391981,0.2156534994377734,-0.17885735913916018,0.13774674611816543,-0.6781509109961169,0.6993906068362373,0.20888933388512207,0.0,0.1602508145933554,0.39999999999999997
16.771929502487183,1788958706.4718945,reach_far,0,0.0,-0.9,1.0,0.3,0.0,0.0015339808305725455,-0.9004467725753784,1.0170292854309082,0.2991262674331665,-0.01840776950120926,0.2075730806511215,0.0003184133764142891,0.15545274597527553,-0.009163920106295001,0.20634524039439164,0.0026497448204610852,0.9784327484233408,0.16622303004107603,0.00947273970391981,0.2156534994377734,-0.17885735913916018,0.13774674611816543,-0.6781509109961169,0.6993906068362373,0.20888933388512207,0.0,0.1602508145933554,0.39999999999999997
16.781816720962524,1788958706.4718945,reach_far,0,0.0,-0.9,1.0,0.3,0.0,0.0015339808305725455,-0.9004467725753784,1.0170292854309082,0.2991262674331665,-0.01840776950120926,0.2075730806511215,0.0003184133764142891,0.15545274597527553,-0.009163920106295001,0.20634524039439164,0.0026497448204610852,0.9784327484233408,0.16622303004107603,0.00947273970391981,0.2156534994377734,-0.17885735913916018,0.13774674611816543,-0.6781509109961169,0.6993906068362373,0.20888933388512207,0.0,0.1602508145933554,0.39999999999999997
16.789427995681763,1788958706.4718945,reach_far,0,0.0,-0.9,1.0,0.3,0.0,0.0015339808305725455,-0.9004467725753784,1.0170292854309082,0.2991262674331665,-0.01840776950120926,0.2075730806511215,0.0003184133764142891,0.15545274597527553,-0.009163920106295001,0.20634524039439164,0.0026497448204610852,0.9784327484233408,0.16622303004107603,0.00947273970391981,0.2156534994377734,-0.17885735913916018,0.13774674611816543,-0.6781509109961169,0.6993906068362373,0.20888933388512207,0.0,0.1602508145933554,0.39999999999999997
16.789933443069458,1788958706.5052538,reach_far,0,0.0,-0.9,1.0,0.3,0.0,0.0015339808305725455,-0.9004467725753784,1.0170292854309082,0.2991262674331665,-0.01840776950120926,0.20757308065112154,0.0003184133764142891,0.1554527459752755,-0.009163920106295001,0.20634524039439164,0.0026497448204610852,0.9784327484233408,0.16632018113321384,0.009476440524251641,0.21580529429295836,-0.1789848188261935,0.13684989549063956,-0.6780391784743456,0.6996423466227516,0.20888933388512207,0.0,0.1602508145933554,0.39999999999999997
16.791892051696777,1788958706.5052538,reach_far,0,0.0,-0.9,1.0,0.3,0.0,0.0015339808305725455,-0.9004467725753784,1.0170292854309082,0.2991262674331665,-0.01840776950120926,0.20757308065112154,0.0003184133764142891,0.1554527459752755,-0.009163920106295001,0.20634524039439164,0.0026497448204610852,0.9784327484233408,0.16632018113321384,0.009476440524251641,0.21580529429295836,-0.1789848188261935,0.13684989549063956,-0.6780391784743456,0.6996423466227516,0.20888933388512207,0.0,0.1602508145933554,0.39999999999999997
16.801930904388428,1788958706.5052538,reach_far,0,0.0,-0.9,1.0,0.3,0.0,0.0015339808305725455,-0.9004467725753784,1.0170292854309082,0.2991262674331665,-0.01840776950120926,0.20757308065112154,0.0003184133764142891,0.1554527459752755,-0.009163920106295001,0.20634524039439164,0.0026497448204610852,0.9784327484233408,0.16632018113321384,0.009476440524251641,0.21580529429295836,-0.1789848188261935,0.13684989549063956,-0.6780391784743456,0.6996423466227516,0.20888933388512207,0.0,0.1602508145933554,0.39999999999999997
16.81216526031494,1788958706.5052538,reach_far,0,0.0,-0.9,1.0,0.3,0.0,0.0015339808305725455,-0.9004467725753784,1.0170292854309082,0.2991262674331665,-0.01840776950120926,0.20757308065112154,0.0003184133764142891,0.1554527459752755,-0.009163920106295001,0.20634524039439164,0.0026497448204610852,0.9784327484233408,0.16632018113321384,0.009476440524251641,0.21580529429295836,-0.1789848188261935,0.13684989549063956,-0.6780391784743456,0.6996423466227516,0.20888933388512207,0.0,0.1602508145933554,0.39999999999999997
16.8131103515625,1788958706.5052538,reach_far,0,0.0,-0.9,1.0,0.3,0.0,0.0015339808305725455,-0.9004467725753784,1.0170292854309082,0.2991262674331665,-0.01840776950120926,0.20757308065112154,0.0003184133764142891,0.1554527459752755,-0.009163920106295001,0.20634524039439164,0.0026497448204610852,0.9784327484233408,0.16632018113321384,0.009476440524251641,0.21580529429295836,-0.1789848188261935,0.13684989549063956,-0.6780391784743456,0.6996423466227516,0.20888933388512207,0.0,0.1602508145933554,0.39999999999999997
16.81354570388794,1788958706.538613,reach_far,0,0.0,-0.9,1.0,0.3,0.0,0.0015339808305725455,-0.9004467725753784,1.0170292854309082,0.2991262674331665,-0.01840776950120926,0.2075730806511215,0.0003184133764142891,0.15545274597527553,-0.009163920106295001,0.20634524039439164,0.0026497448204610852,0.9784327484233408,0.166336384088896,0.009475566439834465,0.21582667882702855,-0.17928969612168605,0.13611695770995144,-0.6778144629414896,0.6999249477734889,0.20888933388512207,0.0,0.1602508145933554,0.39999999999999997
16.814006805419922,1788958706.538613,reach_far,0,0.0,-0.9,1.0,0.3,0.0,0.0015339808305725455,-0.9004467725753784,1.0170292854309082,0.2991262674331665,-0.01840776950120926,0.2075730806511215,0.0003184133764142891,0.15545274597527553,-0.009163920106295001,0.20634524039439164,0.0026497448204610852,0.9784327484233408,0.166336384088896,0.009475566439834465,0.21582667882702855,-0.17928969612168605,0.13611695770995144,-0.6778144629414896,0.6999249477734889,0.20888933388512207,0.0,0.1602508145933554,0.39999999999999997
16.821834802627563,1788958706.538613,reach_far,0,0.0,-0.9,1.0,0.3,0.0,0.0015339808305725455,-0.9004467725753784,1.0170292854309082,0.2991262674331665,-0.01840776950120926,0.2075730806511215,0.0003184133764142891,0.15545274597527553,-0.009163920106295001,0.20634524039439164,0.0026497448204610852,0.9784327484233408,0.166336384088896,0.009475566439834465,0.21582667882702855,-0.17928969612168605,0.13611695770995144,-0.6778144629414896,0.6999249477734889,0.20888933388512207,0.0,0.1602508145933554,0.39999999999999997
16.83181619644165,1788958706.538613,reach_far,0,0.0,-0.9,1.0,0.3,0.0,0.0015339808305725455,-0.9004467725753784,1.0170292854309082,0.2991262674331665,-0.01840776950120926,0.2075730806511215,0.0003184133764142891,0.15545274597527553,-0.009163920106295001,0.20634524039439164,0.0026497448204610852,0.9784327484233408,0.166336384088896,0.009475566439834465,0.21582667882702855,-0.17928969612168605,0.13611695770995144,-0.6778144629414896,0.6999249477734889,0.20888933388512207,0.0,0.1602508145933554,0.39999999999999997
16.841944456100464,1788958706.538613,reach_far,0,0.0,-0.9,1.0,0.3,0.0,0.0015339808305725455,-0.9004467725753784,1.0170292854309082,0.2991262674331665,-0.01840776950120926,0.2075730806511215,0.0003184133764142891,0.15545274597527553,-0.009163920106295001,0.20634524039439164,0.0026497448204610852,0.9784327484233408,0.166336384088896,0.009475566439834465,0.21582667882702855,-0.17928969612168605,0.13611695770995144,-0.6778144629414896,0.6999249477734889,0.20888933388512207,0.0,0.1602508145933554,0.39999999999999997
16.8520610332489,1788958706.538613,reach_far,0,0.0,-0.9,1.0,0.3,0.0,0.0015339808305725455,-0.9004467725753784,1.0170292854309082,0.2991262674331665,-0.01840776950120926,0.2075730806511215,0.0003184133764142891,0.15545274597527553,-0.009163920106295001,0.20634524039439164,0.0026497448204610852,0.9784327484233408,0.166336384088896,0.009475566439834465,0.21582667882702855,-0.17928969612168605,0.13611695770995144,-0.6778144629414896,0.6999249477734889,0.20888933388512207,0.0,0.1602508145933554,0.39999999999999997
16.855977535247803,1788958706.538613,reach_far,0,0.0,-0.9,1.0,0.3,0.0,0.0015339808305725455,-0.9004467725753784,1.0170292854309082,0.2991262674331665,-0.01840776950120926,0.2075730806511215,0.0003184133764142891,0.15545274597527553,-0.009163920106295001,0.20634524039439164,0.0026497448204610852,0.9784327484233408,0.166336384088896,0.009475566439834465,0.21582667882702855,-0.17928969612168605,0.13611695770995144,-0.6778144629414896,0.6999249477734889,0.20888933388512207,0.0,0.1602508145933554,0.39999999999999997
16.85652995109558,1788958706.5719724,reach_far,0,0.0,-0.9,1.0,0.3,0.0,0.0015339808305725455,-0.9004467725753784,1.0170292854309082,0.2991262674331665,-0.01840776950120926,0.2075730806511215,0.0003184133764142891,0.15545274597527553,-0.009163920106295001,0.20634524039439164,0.0026497448204610852,0.9784327484233408,0.16625851454223384,0.009480137549766622,0.2157038226679161,-0.1789409700119412,0.13596477581323044,-0.6778944678423906,0.6999662845151371,0.20888933388512207,0.0,0.1602508145933554,0.39999999999999997
16.862016201019287,1788958706.5719724,reach_far,0,0.0,-0.9,1.0,0.3,0.0,0.0015339808305725455,-0.9004467725753784,1.0170292854309082,0.2991262674331665,-0.01840776950120926,0.2075730806511215,0.0003184133764142891,0.15545274597527553,-0.009163920106295001,0.20634524039439164,0.0026497448204610852,0.9784327484233408,0.16625851454223384,0.009480137549766622,0.2157038226679161,-0.1789409700119412,0.13596477581323044,-0.6778944678423906,0.6999662845151371,0.20888933388512207,0.0,0.1602508145933554,0.39999999999999997
16.871996641159058,1788958706.5719724,reach_far,0,0.0,-0.9,1.0,0.3,0.0,0.0015339808305725455,-0.9004467725753784,1.0170292854309082,0.2991262674331665,-0.01840776950120926,0.2075730806511215,0.0003184133764142891,0.15545274597527553,-0.009163920106295001,0.20634524039439164,0.0026497448204610852,0.9784327484233408,0.16625851454223384,0.009480137549766622,0.2157038226679161,-0.1789409700119412,0.13596477581323044,-0.6778944678423906,0.6999662845151371,0.20888933388512207,0.0,0.1602508145933554,0.39999999999999997
16.872934341430664,1788958706.5719724,reach_far,0,0.0,-0.9,1.0,0.3,0.0,0.0015339808305725455,-0.9004467725753784,1.0170292854309082,0.2991262674331665,-0.01840776950120926,0.2075730806511215,0.0003184133764142891,0.15545274597527553,-0.009163920106295001,0.20634524039439164,0.0026497448204610852,0.9784327484233408,0.16625851454223384,0.009480137549766622,0.2157038226679161,-0.1789409700119412,0.13596477581323044,-0.6778944678423906,0.6999662845151371,0.20888933388512207,0.0,0.1602508145933554,0.39999999999999997
16.881897687911987,1788958706.5719724,reach_far,0,0.0,-0.9,1.0,0.3,0.0,0.0015339808305725455,-0.9004467725753784,1.0170292854309082,0.2991262674331665,-0.01840776950120926,0.2075730806511215,0.0003184133764142891,0.15545274597527553,-0.009163920106295001,0.20634524039439164,0.0026497448204610852,0.9784327484233408,0.16625851454223384,0.009480137549766622,0.2157038226679161,-0.1789409700119412,0.13596477581323044,-0.6778944678423906,0.6999662845151371,0.20888933388512207,0.0,0.1602508145933554,0.39999999999999997
16.88981604576111,1788958706.5719724,reach_far,0,0.0,-0.9,1.0,0.3,0.0,0.0015339808305725455,-0.9004467725753784,1.0170292854309082,0.2991262674331665,-0.01840776950120926,0.2075730806511215,0.0003184133764142891,0.15545274597527553,-0.009163920106295001,0.20634524039439164,0.0026497448204610852,0.9784327484233408,0.16625851454223384,0.009480137549766622,0.2157038226679161,-0.1789409700119412,0.13596477581323044,-0.6778944678423906,0.6999662845151371,0.20888933388512207,0.0,0.1602508145933554,0.39999999999999997
16.890254259109497,1788958706.605332,reach_far,0,0.0,-0.9,1.0,0.3,0.0,0.0015339808305725455,-0.9004467725753784,1.0170292854309082,0.2991262674331665,-0.01840776950120926,0.2075730806511215,0.0003184133764142891,0.15545274597527553,-0.009163920106295001,0.20634524039439164,0.0026497448204610852,0.9784327484233408,0.16627418799790816,0.009479514846645415,0.2157358111119923,-0.17994421923819523,0.1361588099248712,-0.6778288284386923,0.6997349039315026,0.20888933388512207,0.0,0.1602508145933554,0.39999999999999997
16.891896963119507,1788958706.605332,reach_far,0,0.0,-0.9,1.0,0.3,0.0,0.0015339808305725455,-0.9004467725753784,1.0170292854309082,0.2991262674331665,-0.01840776950120926,0.2075730806511215,0.0003184133764142891,0.15545274597527553,-0.009163920106295001,0.20634524039439164,0.0026497448204610852,0.9784327484233408,0.16627418799790816,0.009479514846645415,0.2157358111119923,-0.17994421923819523,0.1361588099248712,-0.6778288284386923,0.6997349039315026,0.20888933388512207,0.0,0.1602508145933554,0.39999999999999997
16.901856184005737,1788958706.605332,reach_far,0,0.0,-0.9,1.0,0.3,0.0,0.0015339808305725455,-0.9004467725753784,1.0170292854309082,0.2991262674331665,-0.01840776950120926,0.2075730806511215,0.0003184133764142891,0.15545274597527553,-0.009163920106295001,0.20634524039439164,0.0026497448204610852,0.9784327484233408,0.16627418799790816,0.009479514846645415,0.2157358111119923,-0.17994421923819523,0.1361588099248712,-0.6778288284386923,0.6997349039315026,0.20888933388512207,0.0,0.1602508145933554,0.39999999999999997
16.91191530227661,1788958706.605332,reach_far,0,0.0,-0.9,1.0,0.3,0.0,0.0015339808305725455,-0.9004467725753784,1.0170292854309082,0.2991262674331665,-0.01840776950120926,0.2075730806511215,0.0003184133764142891,0.15545274597527553,-0.009163920106295001,0.20634524039439164,0.0026497448204610852,0.9784327484233408,0.16627418799790816,0.009479514846645415,0.2157358111119923,-0.17994421923819523,0.1361588099248712,-0.6778288284386923,0.6997349039315026,0.20888933388512207,0.0,0.1602508145933554,0.39999999999999997
16.921854734420776,1788958706.605332,reach_far,0,0.0,-0.9,1.0,0.3,0.0,0.0015339808305725455,-0.9004467725753784,1.0170292854309082,0.2991262674331665,-0.01840776950120926,0.2075730806511215,0.0003184133764142891,0.15545274597527553,-0.009163920106295001,0.20634524039439164,0.0026497448204610852,0.9784327484233408,0.16627418799790816,0.009479514846645415,0.2157358111119923,-0.17994421923819523,0.1361588099248712,-0.6778288284386923,0.6997349039315026,0.20888933388512207,0.0,0.1602508145933554,0.39999999999999997
16.92259669303894,1788958706.605332,reach_far,0,0.0,-0.9,1.0,0.3,0.0,0.0015339808305725455,-0.9004467725753784,1.0170292854309082,0.2991262674331665,-0.01840776950120926,0.2075730806511215,0.0003184133764142891,0.15545274597527553,-0.009163920106295001,0.20634524039439164,0.0026497448204610852,0.9784327484233408,0.16627418799790816,0.009479514846645415,0.2157358111119923,-0.17994421923819523,0.1361588099248712,-0.6778288284386923,0.6997349039315026,0.20888933388512207,0.0,0.1602508145933554,0.39999999999999997
16.92315101623535,1788958706.6386912,reach_far,0,0.0,-0.9,1.0,0.3,0.0,0.0015339808305725455,-0.9004467725753784,1.0170292854309082,0.2991262674331665,-0.01840776950120926,0.2075730806511215,0.0003184133764142891,0.15545274597527553,-0.009163920106295001,0.20634524039439164,0.0026497448204610852,0.9784327484233408,0.1662649038252087,0.009485687286865838,0.21572095610033243,-0.17965208982148995,0.1377527938197532,-0.6780212365547069,0.6993114450646796,0.20888933388512207,0.0,0.1602508145933554,0.39999999999999997
16.931904792785645,1788958706.6386912,reach_far,0,0.0,-0.9,1.0,0.3,0.0,0.0015339808305725455,-0.9004467725753784,1.0170292854309082,0.2991262674331665,-0.01840776950120926,0.2075730806511215,0.0003184133764142891,0.15545274597527553,-0.009163920106295001,0.20634524039439164,0.0026497448204610852,0.9784327484233408,0.1662649038252087,0.009485687286865838,0.21572095610033243,-0.17965208982148995,0.1377527938197532,-0.6780212365547069,0.6993114450646796,0.20888933388512207,0.0,0.1602508145933554,0.39999999999999997
16.9327232837677,1788958706.6386912,reach_far,0,0.0,-0.9,1.0,0.3,0.0,0.0015339808305725455,-0.9004467725753784,1.0170292854309082,0.2991262674331665,-0.01840776950120926,0.2075730806511215,0.0003184133764142891,0.15545274597527553,-0.009163920106295001,0.20634524039439164,0.0026497448204610852,0.9784327484233408,0.1662649038252087,0.009485687286865838,0.21572095610033243,-0.17965208982148995,0.1377527938197532,-0.6780212365547069,0.6993114450646796,0.20888933388512207,0.0,0.1602508145933554,0.39999999999999997
16.94194722175598,1788958706.6386912,reach_far,0,0.0,-0.9,1.0,0.3,0.0,0.0015339808305725455,-0.9004467725753784,1.0170292854309082,0.2991262674331665,-0.01840776950120926,0.2075730806511215,0.0003184133764142891,0.15545274597527553,-0.009163920106295001,0.20634524039439164,0.0026497448204610852,0.9784327484233408,0.1662649038252087,0.009485687286865838,0.21572095610033243,-0.17965208982148995,0.1377527938197532,-0.6780212365547069,0.6993114450646796,0.20888933388512207,0.0,0.1602508145933554,0.39999999999999997
16.951918840408325,1788958706.6386912,reach_far,0,0.0,-0.9,1.0,0.3,0.0,0.0015339808305725455,-0.9004467725753784,1.0170292854309082,0.2991262674331665,-0.01840776950120926,0.2075730806511215,0.0003184133764142891,0.15545274597527553,-0.009163920106295001,0.20634524039439164,0.0026497448204610852,0.9784327484233408,0.1662649038252087,0.009485687286865838,0.21572095610033243,-0.17965208982148995,0.1377527938197532,-0.6780212365547069,0.6993114450646796,0.20888933388512207,0.0,0.1602508145933554,0.39999999999999997
16.956061124801636,1788958706.6386912,reach_far,0,0.0,-0.9,1.0,0.3,0.0,0.0015339808305725455,-0.9004467725753784,1.0170292854309082,0.2991262674331665,-0.01840776950120926,0.2075730806511215,0.0003184133764142891,0.15545274597527553,-0.009163920106295001,0.20634524039439164,0.0026497448204610852,0.9784327484233408,0.1662649038252087,0.009485687286865838,0.21572095610033243,-0.17965208982148995,0.1377527938197532,-0.6780212365547069,0.6993114450646796,0.20888933388512207,0.0,0.1602508145933554,0.39999999999999997
16.956645965576172,1788958706.6720505,reach_far,0,0.0,-0.9,1.0,0.3,0.0,0.0015339808305725455,-0.898912787437439,1.0170292854309082,0.2991262674331665,-0.01840776950120926,0.2075730806511215,0.0003184133764142891,0.15545274597527553,-0.009163920106295001,0.20634524039439164,0.0026497448204610852,0.9784327484233408,0.16629392938904725,0.009475657963563689,0.21578363420343133,-0.1789923040618749,0.13634586511924252,-0.6779079327504445,0.6998659835036461,0.20888933388512207,0.0,0.1602508145933554,0.39999999999999997
16.96198797225952,1788958706.6720505,reach_far,0,0.0,-0.9,1.0,0.3,0.0,0.0015339808305725455,-0.898912787437439,1.0170292854309082,0.2991262674331665,-0.01840776950120926,0.2075730806511215,0.0003184133764142891,0.15545274597527553,-0.009163920106295001,0.20634524039439164,0.0026497448204610852,0.9784327484233408,0.16629392938904725,0.009475657963563689,0.21578363420343133,-0.1789923040618749,0.13634586511924252,-0.6779079327504445,0.6998659835036461,0.20888933388512207,0.0,0.1602508145933554,0.39999999999999997
16.97187304496765,1788958706.6720505,reach_far,0,0.0,-0.9,1.0,0.3,0.0,0.0015339808305725455,-0.898912787437439,1.0170292854309082,0.2991262674331665,-0.01840776950120926,0.2075730806511215,0.0003184133764142891,0.15545274597527553,-0.009163920106295001,0.20634524039439164,0.0026497448204610852,0.9784327484233408,0.16629392938904725,0.009475657963563689,0.21578363420343133,-0.1789923040618749,0.13634586511924252,-0.6779079327504445,0.6998659835036461,0.20888933388512207,0.0,0.1602508145933554,0.39999999999999997
16.979445457458496,1788958706.6720505,reach_far,0,0.0,-0.9,1.0,0.3,0.0,0.0015339808305725455,-0.898912787437439,1.0170292854309082,0.2991262674331665,-0.01840776950120926,0.2075730806511215,0.0003184133764142891,0.15545274597527553,-0.009163920106295001,0.20634524039439164,0.0026497448204610852,0.9784327484233408,0.16629392938904725,0.009475657963563689,0.21578363420343133,-0.1789923040618749,0.13634586511924252,-0.6779079327504445,0.6998659835036461,0.20888933388512207,0.0,0.1602508145933554,0.39999999999999997
16.980046033859253,1788958706.70541,reach_far,0,0.0,-0.9,1.0,0.3,0.0,0.0015339808305725455,-0.9004467725753784,1.0170292854309082,0.2991262674331665,-0.01840776950120926,0.2075730806511215,0.0003184133764142891,0.15545274597527553,-0.009163920106295001,0.20634524039439164,0.0026497448204610852,0.9784327484233408,0.16621488545648927,0.009479734536555652,0.21564835716218322,-0.17928295580687356,0.1376847899620814,-0.6781518347816968,0.6992929352942634,0.20888933388512207,0.0,0.1602508145933554,0.39999999999999997
17.04181456565857,1788958706.70541,reach_far,0,0.0,-0.9,1.0,0.3,0.0,0.0015339808305725455,-0.9004467725753784,1.0170292854309082,0.2991262674331665,-0.01840776950120926,0.20757994021065543,0.00031842389885537373,0.1554247545901175,-0.009163842625518559,0.20641121014791908,0.00265034134177002,0.9784188326092147,0.16621488545648927,0.009479734536555652,0.21564835716218322,-0.17928295580687356,0.1376847899620814,-0.6781518347816968,0.6992929352942634,0.20888933388512207,0.0,0.1602508145933554,0.39999999999999997
17.04232096672058,1788958706.70541,reach_far,0,0.0,-0.9,1.0,0.3,0.0,0.0015339808305725455,-0.9004467725753784,1.0170292854309082,0.2991262674331665,-0.01840776950120926,0.20757994021065543,0.00031842389885537373,0.1554247545901175,-0.009163842625518559,0.20641121014791908,0.00265034134177002,0.9784188326092147,0.16621488545648927,0.009479734536555652,0.21564835716218322,-0.17928295580687356,0.1376847899620814,-0.6781518347816968,0.6992929352942634,0.20888933388512207,0.0,0.1602508145933554,0.39999999999999997
17.04277491569519,1788958706.7387693,reach_far,0,0.0,-0.9,1.0,0.3,0.0,0.0015339808305725455,-0.9004467725753784,1.0170292854309082,0.2991262674331665,-0.01840776950120926,0.20763186058183256,0.00031850354377194634,0.15521235443656567,-0.00916325342345119,0.20691169073081103,0.0026548667440707227,0.9783131087275617,0.1662689223525312,0.009483629418622418,0.2157187206135016,-0.17945796231102565,0.13556537719226353,-0.6777879982238187,0.7000144982310316,0.20888933388512207,0.0,0.1602508145933554,0.39999999999999997
17.04326343536377,1788958706.7387693,reach_far,0,0.0,-0.9,1.0,0.3,0.0,0.0015339808305725455,-0.9004467725753784,1.0170292854309082,0.2991262674331665,-0.01840776950120926,0.20763186058183256,0.00031850354377194634,0.15521235443656567,-0.00916325342345119,0.20691169073081103,0.0026548667440707227,0.9783131087275617,0.1662689223525312,0.009483629418622418,0.2157187206135016,-0.17945796231102565,0.13556537719226353,-0.6777879982238187,0.7000144982310316,0.20888933388512207,0.0,0.1602508145933554,0.39999999999999997
17.0436053276062,1788958706.7387693,reach_far,0,0.0,-0.9,1.0,0.3,0.0,0.0015339808305725455,-0.9004467725753784,1.0170292854309082,0.2991262674331665,-0.01840776950120926,0.20763186058183256,0.00031850354377194634,0.15521235443656567,-0.00916325342345119,0.20691169073081103,0.0026548667440707227,0.9783131087275617,0.1662689223525312,0.009483629418622418,0.2157187206135016,-0.17945796231102565,0.13556537719226353,-0.6777879982238187,0.7000144982310316,0.20888933388512207,0.0,0.1602508145933554,0.39999999999999997
17.04425549507141,1788958706.7387693,reach_far,0,0.0,-0.9,1.0,0.3,0.0,0.0015339808305725455,-0.9004467725753784,1.0170292854309082,0.2991262674331665,-0.01840776950120926,0.20763186058183256,0.00031850354377194634,0.15521235443656567,-0.00916325342345119,0.20691169073081103,0.0026548667440707227,0.9783131087275617,0.1662689223525312,0.009483629418622418,0.2157187206135016,-0.17945796231102565,0.13556537719226353,-0.6777879982238187,0.7000144982310316,0.20888933388512207,0.0,0.1602508145933554,0.39999999999999997
17.044617652893066,1788958706.7387693,reach_far,0,0.0,-0.9,1.0,0.3,0.0,0.0015339808305725455,-0.9004467725753784,1.0170292854309082,0.2991262674331665,-0.01840776950120926,0.20763186058183256,0.00031850354377194634,0.15521235443656567,-0.00916325342345119,0.20691169073081103,0.0026548667440707227,0.9783131087275617,0.1662689223525312,0.009483629418622418,0.2157187206135016,-0.17945796231102565,0.13556537719226353,-0.6777879982238187,0.7000144982310316,0.20888933388512207,0.0,0.1602508145933554,0.39999999999999997
17.045085430145264,1788958706.7387693,reach_far,0,0.0,-0.9,1.0,0.3,0.0,0.0015339808305725455,-0.9004467725753784,1.0170292854309082,0.2991262674331665,-0.01840776950120926,0.20763186058183256,0.00031850354377194634,0.15521235443656567,-0.00916325342345119,0.20691169073081103,0.0026548667440707227,0.9783131087275617,0.1662689223525312,0.009483629418622418,0.2157187206135016,-0.17945796231102565,0.13556537719226353,-0.6777879982238187,0.7000144982310316,0.20888933388512207,0.0,0.1602508145933554,0.39999999999999997
17.04553508758545,1788958706.7387693,reach_far,0,0.0,-0.9,1.0,0.3,0.0,0.0015339808305725455,-0.9004467725753784,1.0170292854309082,0.2991262674331665,-0.01840776950120926,0.20763186058183256,0.00031850354377194634,0.15521235443656567,-0.00916325342345119,0.20691169073081103,0.0026548667440707227,0.9783131087275617,0.1662689223525312,0.009483629418622418,0.2157187206135016,-0.17945796231102565,0.13556537719226353,-0.6777879982238187,0.7000144982310316,0.20888933388512207,0.0,0.1602508145933554,0.39999999999999997
17.04596710205078,1788958706.7387693,reach_far,0,0.0,-0.9,1.0,0.3,0.0,0.0015339808305725455,-0.9004467725753784,1.0170292854309082,0.2991262674331665,-0.01840776950120926,0.20763186058183256,0.00031850354377194634,0.15521235443656567,-0.00916325342345119,0.20691169073081103,0.0026548667440707227,0.9783131087275617,0.1662689223525312,0.009483629418622418,0.2157187206135016,-0.17945796231102565,0.13556537719226353,-0.6777879982238187,0.7000144982310316,0.20888933388512207,0.0,0.1602508145933554,0.39999999999999997
17.046350717544556,1788958706.7721286,reach_far,0,0.0,-0.9,1.0,0.3,0.0,0.0015339808305725455,-0.898912787437439,1.0170292854309082,0.2991262674331665,-0.01840776950120926,0.20765088968364034,0.0003185327340722384,0.15513427183842013,-0.009163036255176988,0.207095632508571,0.0026565299149686203,0.978274184782197,0.16625014331105104,0.009479847570079998,0.21569850748214547,-0.17909098616585511,0.13604847338805312,-0.6780386843417927,0.6997719443497095,0.20888933388512207,0.0,0.1602508145933554,0.39999999999999997
17.051836729049683,1788958706.7721286,reach_far,0,0.0,-0.9,1.0,0.3,0.0,0.0015339808305725455,-0.898912787437439,1.0170292854309082,0.2991262674331665,-0.01840776950120926,0.20765088968364034,0.0003185327340722384,0.15513427183842013,-0.009163036255176988,0.207095632508571,0.0026565299149686203,0.978274184782197,0.16625014331105104,0.009479847570079998,0.21569850748214547,-0.17909098616585511,0.13604847338805312,-0.6780386843417927,0.6997719443497095,0.20888933388512207,0.0,0.1602508145933554,0.39999999999999997
17.061949491500854,1788958706.7721286,reach_far,0,0.0,-0.9,1.0,0.3,0.0,0.0015339808305725455,-0.898912787437439,1.0170292854309082,0.2991262674331665,-0.01840776950120926,0.20765088968364034,0.0003185327340722384,0.15513427183842013,-0.009163036255176988,0.207095632508571,0.0026565299149686203,0.978274184782197,0.16625014331105104,0.009479847570079998,0.21569850748214547,-0.17909098616585511,0.13604847338805312,-0.6780386843417927,0.6997719443497095,0.20888933388512207,0.0,0.1602508145933554,0.39999999999999997
17.071803092956543,1788958706.7721286,reach_far,0,0.0,-0.9,1.0,0.3,0.0,0.0015339808305725455,-0.898912787437439,1.0170292854309082,0.2991262674331665,-0.01840776950120926,0.20765088968364034,0.0003185327340722384,0.15513427183842013,-0.009163036255176988,0.207095632508571,0.0026565299149686203,0.978274184782197,0.16625014331105104,0.009479847570079998,0.21569850748214547,-0.17909098616585511,0.13604847338805312,-0.6780386843417927,0.6997719443497095,0.20888933388512207,0.0,0.1602508145933554,0.39999999999999997
17.078345775604248,1788958706.7721286,reach_far,0,0.0,-0.9,1.0,0.3,0.0,0.0015339808305725455,-0.898912787437439,1.0170292854309082,0.2991262674331665,-0.01840776950120926,0.20765088968364034,0.0003185327340722384,0.15513427183842013,-0.009163036255176988,0.207095632508571,0.0026565299149686203,0.978274184782197,0.16625014331105104,0.009479847570079998,0.21569850748214547,-0.17909098616585511,0.13604847338805312,-0.6780386843417927,0.6997719443497095,0.20888933388512207,0.0,0.1602508145933554,0.39999999999999997
17.078895092010498,1788958706.805488,reach_far,0,0.0,-0.9,1.0,0.3,0.0,0.0015339808305725455,-0.9004467725753784,1.0170292854309082,0.2991262674331665,-0.01840776950120926,0.20765088968364034,0.0003185327340722384,0.15513427183842013,-0.009163036255176988,0.207095632508571,0.0026565299149686203,0.978274184782197,0.16629883068778506,0.009481822375944526,0.21577519329407552,-0.17923891246962473,0.13664337684468242,-0.6779235522151119,0.699729702937665,0.20888933388512207,0.0,0.1602508145933554,0.39999999999999997
17.081860780715942,1788958706.805488,reach_far,0,0.0,-0.9,1.0,0.3,0.0,0.0015339808305725455,-0.9004467725753784,1.0170292854309082,0.2991262674331665,-0.01840776950120926,0.20765088968364034,0.0003185327340722384,0.15513427183842013,-0.009163036255176988,0.207095632508571,0.0026565299149686203,0.978274184782197,0.16629883068778506,0.009481822375944526,0.21577519329407552,-0.17923891246962473,0.13664337684468242,-0.6779235522151119,0.699729702937665,0.20888933388512207,0.0,0.1602508145933554,0.39999999999999997
17.091802835464478,1788958706.805488,reach_far,0,0.0,-0.9,1.0,0.3,0.0,0.0015339808305725455,-0.9004467725753784,1.0170292854309082,0.2991262674331665,-0.01840776950120926,0.20765088968364034,0.0003185327340722384,0.15513427183842013,-0.009163036255176988,0.207095632508571,0.0026565299149686203,0.978274184782197,0.16629883068778506,0.009481822375944526,0.21577519329407552,-0.17923891246962473,0.13664337684468242,-0.6779235522151119,0.699729702937665,0.20888933388512207,0.0,0.1602508145933554,0.39999999999999997
17.092475414276123,1788958706.805488,reach_far,0,0.0,-0.9,1.0,0.3,0.0,0.0015339808305725455,-0.9004467725753784,1.0170292854309082,0.2991262674331665,-0.01840776950120926,0.20765088968364034,0.0003185327340722384,0.15513427183842013,-0.009163036255176988,0.207095632508571,0.0026565299149686203,0.978274184782197,0.16629883068778506,0.009481822375944526,0.21577519329407552,-0.17923891246962473,0.13664337684468242,-0.6779235522151119,0.699729702937665,0.20888933388512207,0.0,0.1602508145933554,0.39999999999999997
17.101780652999878,1788958706.805488,reach_far,0,0.0,-0.9,1.0,0.3,0.0,0.0015339808305725455,-0.9004467725753784,1.0170292854309082,0.2991262674331665,-0.01840776950120926,0.20765088968364034,0.0003185327340722384,0.15513427183842013,-0.009163036255176988,0.207095632508571,0.0026565299149686203,0.978274184782197,0.16629883068778506,0.009481822375944526,0.21577519329407552,-0.17923891246962473,0.13664337684468242,-0.6779235522151119,0.699729702937665,0.20888933388512207,0.0,0.1602508145933554,0.39999999999999997
17.11189079284668,1788958706.805488,reach_far,0,0.0,-0.9,1.0,0.3,0.0,0.0015339808305725455,-0.9004467725753784,1.0170292854309082,0.2991262674331665,-0.01840776950120926,0.20765088968364034,0.0003185327340722384,0.15513427183842013,-0.009163036255176988,0.207095632508571,0.0026565299149686203,0.978274184782197,0.16629883068778506,0.009481822375944526,0.21577519329407552,-0.17923891246962473,0.13664337684468242,-0.6779235522151119,0.699729702937665,0.20888933388512207,0.0,0.1602508145933554,0.39999999999999997
17.121960639953613,1788958706.805488,reach_far,0,0.0,-0.9,1.0,0.3,0.0,0.0015339808305725455,-0.9004467725753784,1.0170292854309082,0.2991262674331665,-0.01840776950120926,0.20765088968364034,0.0003185327340722384,0.15513427183842013,-0.009163036255176988,0.207095632508571,0.0026565299149686203,0.978274184782197,0.16629883068778506,0.009481822375944526,0.21577519329407552,-0.17923891246962473,0.13664337684468242,-0.6779235522151119,0.699729702937665,0.20888933388512207,0.0,0.1602508145933554,0.39999999999999997
17.1225528717041,1788958706.805488,reach_far,0,0.0,-0.9,1.0,0.3,0.0,0.0015339808305725455,-0.9004467725753784,1.0170292854309082,0.2991262674331665,-0.01840776950120926,0.20765088968364034,0.0003185327340722384,0.15513427183842013,-0.009163036255176988,0.207095632508571,0.0026565299149686203,0.978274184782197,0.16629883068778506,0.009481822375944526,0.21577519329407552,-0.17923891246962473,0.13664337684468242,-0.6779235522151119,0.699729702937665,0.20888933388512207,0.0,0.1602508145933554,0.39999999999999997
17.12301993370056,1788958706.8388474,reach_far,0,0.0,-0.9,1.0,0.3,0.0,0.0015339808305725455,-0.898912787437439,1.0170292854309082,0.2991262674331665,-0.01840776950120926,0.20765088968364034,0.0003185327340722384,0.15513427183842013,-0.009163036255176988,0.207095632508571,0.0026565299149686203,0.978274184782197,0.16623506368455554,0.009480097999032279,0.21567300835667336,-0.17998552442864152,0.137419065637161,-0.6777348873858041,0.6995688914007745,0.20888933388512207,0.0,0.1602508145933554,0.39999999999999997
17.131879568099976,1788958706.8388474,reach_far,0,0.0,-0.9,1.0,0.3,0.0,0.0015339808305725455,-0.898912787437439,1.0170292854309082,0.2991262674331665,-0.01840776950120926,0.20765088968364034,0.0003185327340722384,0.15513427183842013,-0.009163036255176988,0.207095632508571,0.0026565299149686203,0.978274184782197,0.16623506368455554,0.009480097999032279,0.21567300835667336,-0.17998552442864152,0.137419065637161,-0.6777348873858041,0.6995688914007745,0.20888933388512207,0.0,0.1602508145933554,0.39999999999999997
17.141891717910767,1788958706.8388474,reach_far,0,0.0,-0.9,1.0,0.3,0.0,0.0015339808305725455,-0.898912787437439,1.0170292854309082,0.2991262674331665,-0.01840776950120926,0.20765088968364034,0.0003185327340722384,0.15513427183842013,-0.009163036255176988,0.207095632508571,0.0026565299149686203,0.978274184782197,0.16623506368455554,0.009480097999032279,0.21567300835667336,-0.17998552442864152,0.137419065637161,-0.6777348873858041,0.6995688914007745,0.20888933388512207,0.0,0.1602508145933554,0.39999999999999997
17.145530700683594,1788958706.8388474,reach_far,0,0.0,-0.9,1.0,0.3,0.0,0.0015339808305725455,-0.898912787437439,1.0170292854309082,0.2991262674331665,-0.01840776950120926,0.20765088968364034,0.0003185327340722384,0.15513427183842013,-0.009163036255176988,0.207095632508571,0.0026565299149686203,0.978274184782197,0.16623506368455554,0.009480097999032279,0.21567300835667336,-0.17998552442864152,0.137419065637161,-0.6777348873858041,0.6995688914007745,0.20888933388512207,0.0,0.1602508145933554,0.39999999999999997
17.14598798751831,1788958706.8722067,reach_far,0,0.0,-0.9,1.0,0.3,0.0,0.0015339808305725455,-0.9004467725753784,1.0170292854309082,0.2991262674331665,-0.01840776950120926,0.20765088968364034,0.0003185327340722384,0.15513427183842013,-0.009163036255176988,0.207095632508571,0.0026565299149686203,0.978274184782197,0.16627453269916953,0.009479821198164396,0.21574612332925563,-0.17798219631605516,0.13626035256891755,-0.6783456084007075,0.6997161493604259,0.20888933388512207,0.0,0.1602508145933554,0.39999999999999997
17.20767068862915,1788958706.8722067,reach_far,0,0.0,-0.9,1.0,0.3,0.0,0.0015339808305725455,-0.9004467725753784,1.0170292854309082,0.2991262674331665,-0.01840776950120926,0.20763640939676828,0.0003185105215723328,0.15519370077271094,-0.009163201570339492,0.2069556359862377,0.0026552640922660065,0.9783038127509845,0.16627453269916953,0.009479821198164396,0.21574612332925563,-0.17798219631605516,0.13626035256891755,-0.6783456084007075,0.6997161493604259,0.20888933388512207,0.0,0.1602508145933554,0.39999999999999997
17.208105087280273,1788958706.8722067,reach_far,0,0.0,-0.9,1.0,0.3,0.0,0.0015339808305725455,-0.9004467725753784,1.0170292854309082,0.2991262674331665,-0.01840776950120926,0.20763640939676828,0.0003185105215723328,0.15519370077271094,-0.009163201570339492,0.2069556359862377,0.0026552640922660065,0.9783038127509845,0.16627453269916953,0.009479821198164396,0.21574612332925563,-0.17798219631605516,0.13626035256891755,-0.6783456084007075,0.6997161493604259,0.20888933388512207,0.0,0.1602508145933554,0.39999999999999997
17.208576917648315,1788958706.9055662,reach_far,0,0.0,-0.9,1.0,0.3,0.0,0.0015339808305725455,-0.9004467725753784,1.0170292854309082,0.2991262674331665,-0.01840776950120926,0.20759312991999757,0.00031844413163253525,0.15537088620697237,-0.009163693406618463,0.20653815772121245,0.0026514892355704567,0.9783920409187263,0.16626453093616905,0.009476223003125867,0.21572342343037676,-0.17794872297300546,0.1378790457941279,-0.678382093143301,0.699372115847988,0.20888933388512207,0.0,0.1602508145933554,0.39999999999999997
17.20902395248413,1788958706.9055662,reach_far,0,0.0,-0.9,1.0,0.3,0.0,0.0015339808305725455,-0.9004467725753784,1.0170292854309082,0.2991262674331665,-0.01840776950120926,0.20759312991999757,0.00031844413163253525,0.15537088620697237,-0.009163693406618463,0.20653815772121245,0.0026514892355704567,0.9783920409187263,0.16626453093616905,0.009476223003125867,0.21572342343037676,-0.17794872297300546,0.1378790457941279,-0.678382093143301,0.699372115847988,0.20888933388512207,0.0,0.1602508145933554,0.39999999999999997
17.20932936668396,1788958706.9055662,reach_far,0,0.0,-0.9,1.0,0.3,0.0,0.0015339808305725455,-0.9004467725753784,1.0170292854309082,0.2991262674331665,-0.01840776950120926,0.20759312991999757,0.00031844413163253525,0.15537088620697237,-0.009163693406618463,0.20653815772121245,0.0026514892355704567,0.9783920409187263,0.16626453093616905,0.009476223003125867,0.21572342343037676,-0.17794872297300546,0.1378790457941279,-0.678382093143301,0.699372115847988,0.20888933388512207,0.0,0.1602508145933554,0.39999999999999997
17.210033893585205,1788958706.9055662,reach_far,0,0.0,-0.9,1.0,0.3,0.0,0.0015339808305725455,-0.9004467725753784,1.0170292854309082,0.2991262674331665,-0.01840776950120926,0.20759312991999757,0.00031844413163253525,0.15537088620697237,-0.009163693406618463,0.20653815772121245,0.0026514892355704567,0.9783920409187263,0.16626453093616905,0.009476223003125867,0.21572342343037676,-0.17794872297300546,0.1378790457941279,-0.678382093143301,0.699372115847988,0.20888933388512207,0.0,0.1602508145933554,0.39999999999999997
17.210426330566406,1788958706.9055662,reach_far,0,0.0,-0.9,1.0,0.3,0.0,0.0015339808305725455,-0.9004467725753784,1.0170292854309082,0.2991262674331665,-0.01840776950120926,0.20759312991999757,0.00031844413163253525,0.15537088620697237,-0.009163693406618463,0.20653815772121245,0.0026514892355704567,0.9783920409187263,0.16626453093616905,0.009476223003125867,0.21572342343037676,-0.17794872297300546,0.1378790457941279,-0.678382093143301,0.699372115847988,0.20888933388512207,0.0,0.1602508145933554,0.39999999999999997
17.211044788360596,1788958706.9055662,reach_far,0,0.0,-0.9,1.0,0.3,0.0,0.0015339808305725455,-0.9004467725753784,1.0170292854309082,0.2991262674331665,-0.01840776950120926,0.20759312991999757,0.00031844413163253525,0.15537088620697237,-0.009163693406618463,0.20653815772121245,0.0026514892355704567,0.9783920409187263,0.16626453093616905,0.009476223003125867,0.21572342343037676,-0.17794872297300546,0.1378790457941279,-0.678382093143301,0.699372115847988,0.20888933388512207,0.0,0.1602508145933554,0.39999999999999997
17.211695432662964,1788958706.9055662,reach_far,0,0.0,-0.9,1.0,0.3,0.0,0.0015339808305725455,-0.9004467725753784,1.0170292854309082,0.2991262674331665,-0.01840776950120926,0.20759312991999757,0.00031844413163253525,0.15537088620697237,-0.009163693406618463,0.20653815772121245,0.0026514892355704567,0.9783920409187263,0.16626453093616905,0.009476223003125867,0.21572342343037676,-0.17794872297300546,0.1378790457941279,-0.678382093143301,0.699372115847988,0.20888933388512207,0.0,0.1602508145933554,0.39999999999999997
17.212406158447266,1788958706.9055662,reach_far,0,0.0,-0.9,1.0,0.3,0.0,0.0015339808305725455,-0.9004467725753784,1.0170292854309082,0.2991262674331665,-0.01840776950120926,0.20759312991999757,0.00031844413163253525,0.15537088620697237,-0.009163693406618463,0.20653815772121245,0.0026514892355704567,0.9783920409187263,0.16626453093616905,0.009476223003125867,0.21572342343037676,-0.17794872297300546,0.1378790457941279,-0.678382093143301,0.699372115847988,0.20888933388512207,0.0,0.1602508145933554,0.39999999999999997
17.212960481643677,1788958706.9055662,reach_far,0,0.0,-0.9,1.0,0.3,0.0,0.0015339808305725455,-0.9004467725753784,1.0170292854309082,0.2991262674331665,-0.01840776950120926,0.20759312991999757,0.00031844413163253525,0.15537088620697237,-0.009163693406618463,0.20653815772121245,0.0026514892355704567,0.9783920409187263,0.16626453093616905,0.009476223003125867,0.21572342343037676,-0.17794872297300546,0.1378790457941279,-0.678382093143301,0.699372115847988,0.20888933388512207,0.0,0.1602508145933554,0.39999999999999997
17.213350534439087,1788958706.9389255,reach_far,0,0.0,-0.9,1.0,0.3,0.0,0.0015339808305725455,-0.898912787437439,1.0170292854309082,0.2991262674331665,-0.01840776950120926,0.2075730806511215,0.0003184133764142891,0.15545274597527553,-0.009163920106295001,0.20634524039439164,0.0026497448204610852,0.9784327484233408,0.1662704784008343,0.009479664893327109,0.2157253381342038,-0.17970557684810562,0.13658731223473347,-0.6778405450785707,0.6997013700385096,0.20888933388512207,0.0,0.1602508145933554,0.39999999999999997
17.22196674346924,1788958706.9389255,reach_far,0,0.0,-0.9,1.0,0.3,0.0,0.0015339808305725455,-0.898912787437439,1.0170292854309082,0.2991262674331665,-0.01840776950120926,0.2075730806511215,0.0003184133764142891,0.15545274597527553,-0.009163920106295001,0.20634524039439164,0.0026497448204610852,0.9784327484233408,0.1662704784008343,0.009479664893327109,0.2157253381342038,-0.17970557684810562,0.13658731223473347,-0.6778405450785707,0.6997013700385096,0.20888933388512207,0.0,0.1602508145933554,0.39999999999999997
17.23185133934021,1788958706.9389255,reach_far,0,0.0,-0.9,1.0,0.3,0.0,0.0015339808305725455,-0.898912787437439,1.0170292854309082,0.2991262674331665,-0.01840776950120926,0.2075730806511215,0.0003184133764142891,0.15545274597527553,-0.009163920106295001,0.20634524039439164,0.0026497448204610852,0.9784327484233408,0.1662704784008343,0.009479664893327109,0.2157253381342038,-0.17970557684810562,0.13658731223473347,-0.6778405450785707,0.6997013700385096,0.20888933388512207,0.0,0.1602508145933554,0.39999999999999997
17.241984128952026,1788958706.9389255,reach_far,0,0.0,-0.9,1.0,0.3,0.0,0.0015339808305725455,-0.898912787437439,1.0170292854309082,0.2991262674331665,-0.01840776950120926,0.2075730806511215,0.0003184133764142891,0.15545274597527553,-0.009163920106295001,0.20634524039439164,0.0026497448204610852,0.9784327484233408,0.1662704784008343,0.009479664893327109,0.2157253381342038,-0.17970557684810562,0.13658731223473347,-0.6778405450785707,0.6997013700385096,0.20888933388512207,0.0,0.1602508145933554,0.39999999999999997
17.24619483947754,1788958706.9389255,reach_far,0,0.0,-0.9,1.0,0.3,0.0,0.0015339808305725455,-0.898912787437439,1.0170292854309082,0.2991262674331665,-0.01840776950120926,0.2075730806511215,0.0003184133764142891,0.15545274597527553,-0.009163920106295001,0.20634524039439164,0.0026497448204610852,0.9784327484233408,0.1662704784008343,0.009479664893327109,0.2157253381342038,-0.17970557684810562,0.13658731223473347,-0.6778405450785707,0.6997013700385096,0.20888933388512207,0.0,0.1602508145933554,0.39999999999999997
17.2467098236084,1788958706.972283,reach_far,0,0.0,-0.9,1.0,0.3,0.0,0.0015339808305725455,-0.9004467725753784,1.0170292854309082,0.2991262674331665,-0.01840776950120926,0.2075730806511215,0.0003184133764142891,0.15545274597527553,-0.009163920106295001,0.20634524039439164,0.0026497448204610852,0.9784327484233408,0.1662793828350282,0.009473858533453672,0.215743497587915,-0.17913068568466545,0.1354750830855513,-0.6779981688680005,0.6999122675884052,0.20888933388512207,0.0,0.1602508145933554,0.39999999999999997
17.308486223220825,1788958706.972283,reach_far,0,0.0,-0.9,1.0,0.3,0.0,0.0015339808305725455,-0.9004467725753784,1.0170292854309082,0.2991262674331665,-0.01840776950120926,0.2075730806511215,0.0003184133764142891,0.15545274597527553,-0.009163920106295001,0.20634524039439164,0.0026497448204610852,0.9784327484233408,0.1662793828350282,0.009473858533453672,0.215743497587915,-0.17913068568466545,0.1354750830855513,-0.6779981688680005,0.6999122675884052,0.20888933388512207,0.0,0.1602508145933554,0.39999999999999997
17.308974504470825,1788958706.972283,reach_far,0,0.0,-0.9,1.0,0.3,0.0,0.0015339808305725455,-0.9004467725753784,1.0170292854309082,0.2991262674331665,-0.01840776950120926,0.2075730806511215,0.0003184133764142891,0.15545274597527553,-0.009163920106295001,0.20634524039439164,0.0026497448204610852,0.9784327484233408,0.1662793828350282,0.009473858533453672,0.215743497587915,-0.17913068568466545,0.1354750830855513,-0.6779981688680005,0.6999122675884052,0.20888933388512207,0.0,0.1602508145933554,0.39999999999999997
17.30940055847168,1788958707.0056403,reach_far,0,0.0,-0.9,1.0,0.3,0.0,0.0015339808305725455,-0.9004467725753784,1.0170292854309082,0.2991262674331665,-0.01840776950120926,0.2075730806511215,0.0003184133764142891,0.15545274597527553,-0.009163920106295001,0.20634524039439164,0.0026497448204610852,0.9784327484233408,0.16620835861921246,0.009478399767875859,0.2156424043054706,-0.1793373306623417,0.13745759412961037,-0.6780555095645494,0.6994170841466233,0.20888933388512207,0.0,0.1602508145933554,0.39999999999999997
17.309935808181763,1788958707.0056403,reach_far,0,0.0,-0.9,1.0,0.3,0.0,0.0015339808305725455,-0.9004467725753784,1.0170292854309082,0.2991262674331665,-0.01840776950120926,0.2075730806511215,0.0003184133764142891,0.15545274597527553,-0.009163920106295001,0.20634524039439164,0.0026497448204610852,0.9784327484233408,0.16620835861921246,0.009478399767875859,0.2156424043054706,-0.1793373306623417,0.13745759412961037,-0.6780555095645494,0.6994170841466233,0.20888933388512207,0.0,0.1602508145933554,0.39999999999999997
17.310264825820923,1788958707.0056403,reach_far,0,0.0,-0.9,1.0,0.3,0.0,0.0015339808305725455,-0.9004467725753784,1.0170292854309082,0.2991262674331665,-0.01840776950120926,0.2075730806511215,0.0003184133764142891,0.15545274597527553,-0.009163920106295001,0.20634524039439164,0.0026497448204610852,0.9784327484233408,0.16620835861921246,0.009478399767875859,0.2156424043054706,-0.1793373306623417,0.13745759412961037,-0.6780555095645494,0.6994170841466233,0.20888933388512207,0.0,0.1602508145933554,0.39999999999999997
17.31071162223816,1788958707.0056403,reach_far,0,0.0,-0.9,1.0,0.3,0.0,0.0015339808305725455,-0.9004467725753784,1.0170292854309082,0.2991262674331665,-0.01840776950120926,0.2075730806511215,0.0003184133764142891,0.15545274597527553,-0.009163920106295001,0.20634524039439164,0.0026497448204610852,0.9784327484233408,0.16620835861921246,0.009478399767875859,0.2156424043054706,-0.1793373306623417,0.13745759412961037,-0.6780555095645494,0.6994170841466233,0.20888933388512207,0.0,0.1602508145933554,0.39999999999999997
17.311323881149292,1788958707.0056403,reach_far,0,0.0,-0.9,1.0,0.3,0.0,0.0015339808305725455,-0.9004467725753784,1.0170292854309082,0.2991262674331665,-0.01840776950120926,0.2075730806511215,0.0003184133764142891,0.15545274597527553,-0.009163920106295001,0.20634524039439164,0.0026497448204610852,0.9784327484233408,0.16620835861921246,0.009478399767875859,0.2156424043054706,-0.1793373306623417,0.13745759412961037,-0.6780555095645494,0.6994170841466233,0.20888933388512207,0.0,0.1602508145933554,0.39999999999999997
17.31231379508972,1788958707.0056403,reach_far,0,0.0,-0.9,1.0,0.3,0.0,0.0015339808305725455,-0.9004467725753784,1.0170292854309082,0.2991262674331665,-0.01840776950120926,0.2075730806511215,0.0003184133764142891,0.15545274597527553,-0.009163920106295001,0.20634524039439164,0.0026497448204610852,0.9784327484233408,0.16620835861921246,0.009478399767875859,0.2156424043054706,-0.1793373306623417,0.13745759412961037,-0.6780555095645494,0.6994170841466233,0.20888933388512207,0.0,0.1602508145933554,0.39999999999999997
17.312763690948486,1788958707.0056403,reach_far,0,0.0,-0.9,1.0,0.3,0.0,0.0015339808305725455,-0.9004467725753784,1.0170292854309082,0.2991262674331665,-0.01840776950120926,0.2075730806511215,0.0003184133764142891,0.15545274597527553,-0.009163920106295001,0.20634524039439164,0.0026497448204610852,0.9784327484233408,0.16620835861921246,0.009478399767875859,0.2156424043054706,-0.1793373306623417,0.13745759412961037,-0.6780555095645494,0.6994170841466233,0.20888933388512207,0.0,0.1602508145933554,0.39999999999999997
17.31319546699524,1788958707.0056403,reach_far,0,0.0,-0.9,1.0,0.3,0.0,0.0015339808305725455,-0.9004467725753784,1.0170292854309082,0.2991262674331665,-0.01840776950120926,0.2075730806511215,0.0003184133764142891,0.15545274597527553,-0.009163920106295001,0.20634524039439164,0.0026497448204610852,0.9784327484233408,0.16620835861921246,0.009478399767875859,0.2156424043054706,-0.1793373306623417,0.13745759412961037,-0.6780555095645494,0.6994170841466233,0.20888933388512207,0.0,0.1602508145933554,0.39999999999999997
17.31349492073059,1788958707.0056403,reach_far,0,0.0,-0.9,1.0,0.3,0.0,0.0015339808305725455,-0.9004467725753784,1.0170292854309082,0.2991262674331665,-0.01840776950120926,0.2075730806511215,0.0003184133764142891,0.15545274597527553,-0.009163920106295001,0.20634524039439164,0.0026497448204610852,0.9784327484233408,0.16620835861921246,0.009478399767875859,0.2156424043054706,-0.1793373306623417,0.13745759412961037,-0.6780555095645494,0.6994170841466233,0.20888933388512207,0.0,0.1602508145933554,0.39999999999999997
17.313870668411255,1788958707.038998,reach_far,0,0.0,-0.9,1.0,0.3,0.0,0.0015339808305725455,-0.9004467725753784,1.0170292854309082,0.2991262674331665,-0.01840776950120926,0.2075730806511215,0.0003184133764142891,0.15545274597527553,-0.009163920106295001,0.20634524039439164,0.0026497448204610852,0.9784327484233408,0.1663235642694143,0.009478649943281835,0.2158110277984705,-0.17864106102039828,0.1357874235912873,-0.6780911656366928,0.6998867894148442,0.20888933388512207,0.0,0.1602508145933554,0.39999999999999997
17.321849822998047,1788958707.038998,reach_far,0,0.0,-0.9,1.0,0.3,0.0,0.0015339808305725455,-0.9004467725753784,1.0170292854309082,0.2991262674331665,-0.01840776950120926,0.2075730806511215,0.0003184133764142891,0.15545274597527553,-0.009163920106295001,0.20634524039439164,0.0026497448204610852,0.9784327484233408,0.1663235642694143,0.009478649943281835,0.2158110277984705,-0.17864106102039828,0.1357874235912873,-0.6780911656366928,0.6998867894148442,0.20888933388512207,0.0,0.1602508145933554,0.39999999999999997
17.331915378570557,1788958707.038998,reach_far,0,0.0,-0.9,1.0,0.3,0.0,0.0015339808305725455,-0.9004467725753784,1.0170292854309082,0.2991262674331665,-0.01840776950120926,0.2075730806511215,0.0003184133764142891,0.15545274597527553,-0.009163920106295001,0.20634524039439164,0.0026497448204610852,0.9784327484233408,0.1663235642694143,0.009478649943281835,0.2158110277984705,-0.17864106102039828,0.1357874235912873,-0.6780911656366928,0.6998867894148442,0.20888933388512207,0.0,0.1602508145933554,0.39999999999999997
17.34204626083374,1788958707.038998,reach_far,0,0.0,-0.9,1.0,0.3,0.0,0.0015339808305725455,-0.9004467725753784,1.0170292854309082,0.2991262674331665,-0.01840776950120926,0.2075730806511215,0.0003184133764142891,0.15545274597527553,-0.009163920106295001,0.20634524039439164,0.0026497448204610852,0.9784327484233408,0.1663235642694143,0.009478649943281835,0.2158110277984705,-0.17864106102039828,0.1357874235912873,-0.6780911656366928,0.6998867894148442,0.20888933388512207,0.0,0.1602508145933554,0.39999999999999997
17.345751523971558,1788958707.038998,reach_far,0,0.0,-0.9,1.0,0.3,0.0,0.0015339808305725455,-0.9004467725753784,1.0170292854309082,0.2991262674331665,-0.01840776950120926,0.2075730806511215,0.0003184133764142891,0.15545274597527553,-0.009163920106295001,0.20634524039439164,0.0026497448204610852,0.9784327484233408,0.1663235642694143,0.009478649943281835,0.2158110277984705,-0.17864106102039828,0.1357874235912873,-0.6780911656366928,0.6998867894148442,0.20888933388512207,0.0,0.1602508145933554,0.39999999999999997
17.346256971359253,1788958707.072355,reach_far,0,0.0,-0.9,1.0,0.3,0.0,0.0015339808305725455,-0.898912787437439,1.0170292854309082,0.2991262674331665,-0.01840776950120926,0.2075730806511215,0.0003184133764142891,0.15545274597527553,-0.009163920106295001,0.20634524039439164,0.0026497448204610852,0.9784327484233408,0.1662980845542577,0.009483482922208632,0.21577737980759698,-0.1798938432938517,0.13512927585308657,-0.6777357176716899,0.7000375568099381,0.20888933388512207,0.0,0.1602508145933554,0.39999999999999997
17.351895809173584,1788958707.072355,reach_far,0,0.0,-0.9,1.0,0.3,0.0,0.0015339808305725455,-0.898912787437439,1.0170292854309082,0.2991262674331665,-0.01840776950120926,0.2075730806511215,0.0003184133764142891,0.15545274597527553,-0.009163920106295001,0.20634524039439164,0.0026497448204610852,0.9784327484233408,0.1662980845542577,0.009483482922208632,0.21577737980759698,-0.1798938432938517,0.13512927585308657,-0.6777357176716899,0.7000375568099381,0.20888933388512207,0.0,0.1602508145933554,0.39999999999999997
17.3619647026062,1788958707.072355,reach_far,0,0.0,-0.9,1.0,0.3,0.0,0.0015339808305725455,-0.898912787437439,1.0170292854309082,0.2991262674331665,-0.01840776950120926,0.2075730806511215,0.0003184133764142891,0.15545274597527553,-0.009163920106295001,0.20634524039439164,0.0026497448204610852,0.9784327484233408,0.1662980845542577,0.009483482922208632,0.21577737980759698,-0.1798938432938517,0.13512927585308657,-0.6777357176716899,0.7000375568099381,0.20888933388512207,0.0,0.1602508145933554,0.39999999999999997
17.372125387191772,1788958707.072355,reach_far,0,0.0,-0.9,1.0,0.3,0.0,0.0015339808305725455,-0.898912787437439,1.0170292854309082,0.2991262674331665,-0.01840776950120926,0.2075730806511215,0.0003184133764142891,0.15545274597527553,-0.009163920106295001,0.20634524039439164,0.0026497448204610852,0.9784327484233408,0.1662980845542577,0.009483482922208632,0.21577737980759698,-0.1798938432938517,0.13512927585308657,-0.6777357176716899,0.7000375568099381,0.20888933388512207,0.0,0.1602508145933554,0.39999999999999997
17.372469186782837,1788958707.072355,reach_far,0,0.0,-0.9,1.0,0.3,0.0,0.0015339808305725455,-0.898912787437439,1.0170292854309082,0.2991262674331665,-0.01840776950120926,0.2075730806511215,0.0003184133764142891,0.15545274597527553,-0.009163920106295001,0.20634524039439164,0.0026497448204610852,0.9784327484233408,0.1662980845542577,0.009483482922208632,0.21577737980759698,-0.1798938432938517,0.13512927585308657,-0.6777357176716899,0.7000375568099381,0.20888933388512207,0.0,0.1602508145933554,0.39999999999999997
17.379136085510254,1788958707.072355,reach_far,0,0.0,-0.9,1.0,0.3,0.0,0.0015339808305725455,-0.898912787437439,1.0170292854309082,0.2991262674331665,-0.01840776950120926,0.2075730806511215,0.0003184133764142891,0.15545274597527553,-0.009163920106295001,0.20634524039439164,0.0026497448204610852,0.9784327484233408,0.1662980845542577,0.009483482922208632,0.21577737980759698,-0.1798938432938517,0.13512927585308657,-0.6777357176716899,0.7000375568099381,0.20888933388512207,0.0,0.1602508145933554,0.39999999999999997
17.3795964717865,1788958707.1057124,reach_far,0,0.0,-0.9,1.0,0.3,0.0,0.0015339808305725455,-0.9004467725753784,1.0170292854309082,0.2991262674331665,-0.01840776950120926,0.2075730806511215,0.0003184133764142891,0.15545274597527553,-0.009163920106295001,0.20634524039439164,0.0026497448204610852,0.9784327484233408,0.16626346063727698,0.009474215807351593,0.21572657864508837,-0.17974388138906316,0.13625653080671976,-0.6778116385662293,0.6997840220667199,0.20888933388512207,0.0,0.1602508145933554,0.39999999999999997
17.38190197944641,1788958707.1057124,reach_far,0,0.0,-0.9,1.0,0.3,0.0,0.0015339808305725455,-0.9004467725753784,1.0170292854309082,0.2991262674331665,-0.01840776950120926,0.2075730806511215,0.0003184133764142891,0.15545274597527553,-0.009163920106295001,0.20634524039439164,0.0026497448204610852,0.9784327484233408,0.16626346063727698,0.009474215807351593,0.21572657864508837,-0.17974388138906316,0.13625653080671976,-0.6778116385662293,0.6997840220667199,0.20888933388512207,0.0,0.1602508145933554,0.39999999999999997
17.391847848892212,1788958707.1057124,reach_far,0,0.0,-0.9,1.0,0.3,0.0,0.0015339808305725455,-0.9004467725753784,1.0170292854309082,0.2991262674331665,-0.01840776950120926,0.2075730806511215,0.0003184133764142891,0.15545274597527553,-0.009163920106295001,0.20634524039439164,0.0026497448204610852,0.9784327484233408,0.16626346063727698,0.009474215807351593,0.21572657864508837,-0.17974388138906316,0.13625653080671976,-0.6778116385662293,0.6997840220667199,0.20888933388512207,0.0,0.1602508145933554,0.39999999999999997
17.401817798614502,1788958707.1057124,reach_far,0,0.0,-0.9,1.0,0.3,0.0,0.0015339808305725455,-0.9004467725753784,1.0170292854309082,0.2991262674331665,-0.01840776950120926,0.2075730806511215,0.0003184133764142891,0.15545274597527553,-0.009163920106295001,0.20634524039439164,0.0026497448204610852,0.9784327484233408,0.16626346063727698,0.009474215807351593,0.21572657864508837,-0.17974388138906316,0.13625653080671976,-0.6778116385662293,0.6997840220667199,0.20888933388512207,0.0,0.1602508145933554,0.39999999999999997
17.411893367767334,1788958707.1057124,reach_far,0,0.0,-0.9,1.0,0.3,0.0,0.0015339808305725455,-0.9004467725753784,1.0170292854309082,0.2991262674331665,-0.01840776950120926,0.2075730806511215,0.0003184133764142891,0.15545274597527553,-0.009163920106295001,0.20634524039439164,0.0026497448204610852,0.9784327484233408,0.16626346063727698,0.009474215807351593,0.21572657864508837,-0.17974388138906316,0.13625653080671976,-0.6778116385662293,0.6997840220667199,0.20888933388512207,0.0,0.1602508145933554,0.39999999999999997
17.4126238822937,1788958707.1057124,reach_far,0,0.0,-0.9,1.0,0.3,0.0,0.0015339808305725455,-0.9004467725753784,1.0170292854309082,0.2991262674331665,-0.01840776950120926,0.2075730806511215,0.0003184133764142891,0.15545274597527553,-0.009163920106295001,0.20634524039439164,0.0026497448204610852,0.9784327484233408,0.16626346063727698,0.009474215807351593,0.21572657864508837,-0.17974388138906316,0.13625653080671976,-0.6778116385662293,0.6997840220667199,0.20888933388512207,0.0,0.1602508145933554,0.39999999999999997
17.41307830810547,1788958707.1390698,reach_far,0,0.0,-0.9,1.0,0.3,0.0,0.0015339808305725455,-0.9004467725753784,1.0170292854309082,0.2991262674331665,-0.01840776950120926,0.2075730806511215,0.0003184133764142891,0.15545274597527553,-0.009163920106295001,0.20634524039439164,0.0026497448204610852,0.9784327484233408,0.16634484565745822,0.009475870683750848,0.21584118537834424,-0.1784154510966953,0.1358290861922877,-0.6783333626170999,0.6997015330229807,0.20888933388512207,0.0,0.1602508145933554,0.39999999999999997
17.421846389770508,1788958707.1390698,reach_far,0,0.0,-0.9,1.0,0.3,0.0,0.0015339808305725455,-0.9004467725753784,1.0170292854309082,0.2991262674331665,-0.01840776950120926,0.2075730806511215,0.0003184133764142891,0.15545274597527553,-0.009163920106295001,0.20634524039439164,0.0026497448204610852,0.9784327484233408,0.16634484565745822,0.009475870683750848,0.21584118537834424,-0.1784154510966953,0.1358290861922877,-0.6783333626170999,0.6997015330229807,0.20888933388512207,0.0,0.1602508145933554,0.39999999999999997
17.431856870651245,1788958707.1390698,reach_far,0,0.0,-0.9,1.0,0.3,0.0,0.0015339808305725455,-0.9004467725753784,1.0170292854309082,0.2991262674331665,-0.01840776950120926,0.2075730806511215,0.0003184133764142891,0.15545274597527553,-0.009163920106295001,0.20634524039439164,0.0026497448204610852,0.9784327484233408,0.16634484565745822,0.009475870683750848,0.21584118537834424,-0.1784154510966953,0.1358290861922877,-0.6783333626170999,0.6997015330229807,0.20888933388512207,0.0,0.1602508145933554,0.39999999999999997
17.432592153549194,1788958707.1390698,reach_far,0,0.0,-0.9,1.0,0.3,0.0,0.0015339808305725455,-0.9004467725753784,1.0170292854309082,0.2991262674331665,-0.01840776950120926,0.2075730806511215,0.0003184133764142891,0.15545274597527553,-0.009163920106295001,0.20634524039439164,0.0026497448204610852,0.9784327484233408,0.16634484565745822,0.009475870683750848,0.21584118537834424,-0.1784154510966953,0.1358290861922877,-0.6783333626170999,0.6997015330229807,0.20888933388512207,0.0,0.1602508145933554,0.39999999999999997
17.442038536071777,1788958707.1390698,reach_far,0,0.0,-0.9,1.0,0.3,0.0,0.0015339808305725455,-0.9004467725753784,1.0170292854309082,0.2991262674331665,-0.01840776950120926,0.2075730806511215,0.0003184133764142891,0.15545274597527553,-0.009163920106295001,0.20634524039439164,0.0026497448204610852,0.9784327484233408,0.16634484565745822,0.009475870683750848,0.21584118537834424,-0.1784154510966953,0.1358290861922877,-0.6783333626170999,0.6997015330229807,0.20888933388512207,0.0,0.1602508145933554,0.39999999999999997
17.452032327651978,1788958707.1390698,reach_far,0,0.0,-0.9,1.0,0.3,0.0,0.0015339808305725455,-0.9004467725753784,1.0170292854309082,0.2991262674331665,-0.01840776950120926,0.2075730806511215,0.0003184133764142891,0.15545274597527553,-0.009163920106295001,0.20634524039439164,0.0026497448204610852,0.9784327484233408,0.16634484565745822,0.009475870683750848,0.21584118537834424,-0.1784154510966953,0.1358290861922877,-0.6783333626170999,0.6997015330229807,0.20888933388512207,0.0,0.1602508145933554,0.39999999999999997
17.456045627593994,1788958707.1390698,reach_far,0,0.0,-0.9,1.0,0.3,0.0,0.0015339808305725455,-0.9004467725753784,1.0170292854309082,0.2991262674331665,-0.01840776950120926,0.2075730806511215,0.0003184133764142891,0.15545274597527553,-0.009163920106295001,0.20634524039439164,0.0026497448204610852,0.9784327484233408,0.16634484565745822,0.009475870683750848,0.21584118537834424,-0.1784154510966953,0.1358290861922877,-0.6783333626170999,0.6997015330229807,0.20888933388512207,0.0,0.1602508145933554,0.39999999999999997
17.456581830978394,1788958707.1724272,reach_far,0,0.0,-0.9,1.0,0.3,0.0,0.0015339808305725455,-0.9004467725753784,1.0170292854309082,0.2991262674331665,-0.01840776950120926,0.20761393374412626,0.00031847604432498253,0.1552857975818034,-0.009163457410681506,0.20673865619206627,0.0026533021693116074,0.978349691609181,0.16635733219793286,0.009480729696613935,0.21586967177100785,-0.17821396777533022,0.1354310121681306,-0.6781359629412146,0.7000213128174607,0.20888933388512207,0.0,0.1602508145933554,0.39999999999999997
17.46183943748474,1788958707.1724272,reach_far,0,0.0,-0.9,1.0,0.3,0.0,0.0015339808305725455,-0.9004467725753784,1.0170292854309082,0.2991262674331665,-0.01840776950120926,0.20761393374412626,0.00031847604432498253,0.1552857975818034,-0.009163457410681506,0.20673865619206627,0.0026533021693116074,0.978349691609181,0.16635733219793286,0.009480729696613935,0.21586967177100785,-0.17821396777533022,0.1354310121681306,-0.6781359629412146,0.7000213128174607,0.20888933388512207,0.0,0.1602508145933554,0.39999999999999997
17.471928119659424,1788958707.1724272,reach_far,0,0.0,-0.9,1.0,0.3,0.0,0.0015339808305725455,-0.9004467725753784,1.0170292854309082,0.2991262674331665,-0.01840776950120926,0.20761393374412626,0.00031847604432498253,0.1552857975818034,-0.009163457410681506,0.20673865619206627,0.0026533021693116074,0.978349691609181,0.16635733219793286,0.009480729696613935,0.21586967177100785,-0.17821396777533022,0.1354310121681306,-0.6781359629412146,0.7000213128174607,0.20888933388512207,0.0,0.1602508145933554,0.39999999999999997
17.479356050491333,1788958707.1724272,reach_far,0,0.0,-0.9,1.0,0.3,0.0,0.0015339808305725455,-0.9004467725753784,1.0170292854309082,0.2991262674331665,-0.01840776950120926,0.20761393374412626,0.00031847604432498253,0.1552857975818034,-0.009163457410681506,0.20673865619206627,0.0026533021693116074,0.978349691609181,0.16635733219793286,0.009480729696613935,0.21586967177100785,-0.17821396777533022,0.1354310121681306,-0.6781359629412146,0.7000213128174607,0.20888933388512207,0.0,0.1602508145933554,0.39999999999999997
17.479958534240723,1788958707.2057846,reach_far,0,0.0,-0.9,1.0,0.3,0.0,0.0015339808305725455,-0.898912787437439,1.0170292854309082,0.2991262674331665,-0.01840776950120926,0.20765088968364034,0.0003185327340722384,0.15513427183842013,-0.009163036255176988,0.207095632508571,0.0026565299149686203,0.978274184782197,0.16628659134074425,0.009478630288311002,0.2157417311921465,-0.17885784813077898,0.13740042559634538,-0.6781766663680228,0.6994336297333195,0.20888933388512207,0.0,0.1602508145933554,0.39999999999999997
17.542020559310913,1788958707.2057846,reach_far,0,0.0,-0.9,1.0,0.3,0.0,0.0015339808305725455,-0.898912787437439,1.0170292854309082,0.2991262674331665,-0.01840776950120926,0.2076434064365771,0.0003185212549056891,0.15516499326696614,-0.009163121735841018,0.20702326390042783,0.0026558755733822803,0.9782895030250538,0.16628659134074425,0.009478630288311002,0.2157417311921465,-0.17885784813077898,0.13740042559634538,-0.6781766663680228,0.6994336297333195,0.20888933388512207,0.0,0.1602508145933554,0.39999999999999997
17.542684078216553,1788958707.2057846,reach_far,0,0.0,-0.9,1.0,0.3,0.0,0.0015339808305725455,-0.898912787437439,1.0170292854309082,0.2991262674331665,-0.01840776950120926,0.2076434064365771,0.0003185212549056891,0.15516499326696614,-0.009163121735841018,0.20702326390042783,0.0026558755733822803,0.9782895030250538,0.16628659134074425,0.009478630288311002,0.2157417311921465,-0.17885784813077898,0.13740042559634538,-0.6781766663680228,0.6994336297333195,0.20888933388512207,0.0,0.1602508145933554,0.39999999999999997
17.543174266815186,1788958707.239142,reach_far,0,0.0,-0.9,1.0,0.3,0.0,0.0,-0.898912787437439,1.0170292854309082,0.2991262674331665,-0.01840776950120926,0.2075915635238557,0.00031844172880899583,0.15537728672785048,-0.009163711144054227,0.20652307469847547,0.002651352851548765,0.9783952250206523,0.16632313675578503,0.00948578373491111,0.21580219116689087,-0.1787640003733675,0.1358401899308209,-0.67809448563463,0.69984194181399,0.20888933388512207,0.0,0.1602508145933554,0.39999999999999997
17.543704509735107,1788958707.239142,reach_far,0,0.0,-0.9,1.0,0.3,0.0,0.0,-0.898912787437439,1.0170292854309082,0.2991262674331665,-0.01840776950120926,0.2075915635238557,0.00031844172880899583,0.15537728672785048,-0.009163711144054227,0.20652307469847547,0.002651352851548765,0.9783952250206523,0.16632313675578503,0.00948578373491111,0.21580219116689087,-0.1787640003733675,0.1358401899308209,-0.67809448563463,0.69984194181399,0.20888933388512207,0.0,0.1602508145933554,0.39999999999999997
17.544087409973145,1788958707.239142,reach_far,0,0.0,-0.9,1.0,0.3,0.0,0.0,-0.898912787437439,1.0170292854309082,0.2991262674331665,-0.01840776950120926,0.2075915635238557,0.00031844172880899583,0.15537728672785048,-0.009163711144054227,0.20652307469847547,0.002651352851548765,0.9783952250206523,0.16632313675578503,0.00948578373491111,0.21580219116689087,-0.1787640003733675,0.1358401899308209,-0.67809448563463,0.69984194181399,0.20888933388512207,0.0,0.1602508145933554,0.39999999999999997
17.544785261154175,1788958707.239142,reach_far,0,0.0,-0.9,1.0,0.3,0.0,0.0,-0.898912787437439,1.0170292854309082,0.2991262674331665,-0.01840776950120926,0.2075915635238557,0.00031844172880899583,0.15537728672785048,-0.009163711144054227,0.20652307469847547,0.002651352851548765,0.9783952250206523,0.16632313675578503,0.00948578373491111,0.21580219116689087,-0.1787640003733675,0.1358401899308209,-0.67809448563463,0.69984194181399,0.20888933388512207,0.0,0.1602508145933554,0.39999999999999997
17.545109510421753,1788958707.239142,reach_far,0,0.0,-0.9,1.0,0.3,0.0,0.0,-0.898912787437439,1.0170292854309082,0.2991262674331665,-0.01840776950120926,0.2075915635238557,0.00031844172880899583,0.15537728672785048,-0.009163711144054227,0.20652307469847547,0.002651352851548765,0.9783952250206523,0.16632313675578503,0.00948578373491111,0.21580219116689087,-0.1787640003733675,0.1358401899308209,-0.67809448563463,0.69984194181399,0.20888933388512207,0.0,0.1602508145933554,0.39999999999999997
17.545588970184326,1788958707.239142,reach_far,0,0.0,-0.9,1.0,0.3,0.0,0.0,-0.898912787437439,1.0170292854309082,0.2991262674331665,-0.01840776950120926,0.2075915635238557,0.00031844172880899583,0.15537728672785048,-0.009163711144054227,0.20652307469847547,0.002651352851548765,0.9783952250206523,0.16632313675578503,0.00948578373491111,0.21580219116689087,-0.1787640003733675,0.1358401899308209,-0.67809448563463,0.69984194181399,0.20888933388512207,0.0,0.1602508145933554,0.39999999999999997
17.546026468276978,1788958707.239142,reach_far,0,0.0,-0.9,1.0,0.3,0.0,0.0,-0.898912787437439,1.0170292854309082,0.2991262674331665,-0.01840776950120926,0.2075915635238557,0.00031844172880899583,0.15537728672785048,-0.009163711144054227,0.20652307469847547,0.002651352851548765,0.9783952250206523,0.16632313675578503,0.00948578373491111,0.21580219116689087,-0.1787640003733675,0.1358401899308209,-0.67809448563463,0.69984194181399,0.20888933388512207,0.0,0.1602508145933554,0.39999999999999997
17.546459436416626,1788958707.239142,reach_far,0,0.0,-0.9,1.0,0.3,0.0,0.0,-0.898912787437439,1.0170292854309082,0.2991262674331665,-0.01840776950120926,0.2075915635238557,0.00031844172880899583,0.15537728672785048,-0.009163711144054227,0.20652307469847547,0.002651352851548765,0.9783952250206523,0.16632313675578503,0.00948578373491111,0.21580219116689087,-0.1787640003733675,0.1358401899308209,-0.67809448563463,0.69984194181399,0.20888933388512207,0.0,0.1602508145933554,0.39999999999999997
17.54685378074646,1788958707.2724993,reach_far,0,0.0,-0.9,1.0,0.3,0.0,0.0,-0.9004467725753784,1.0170292854309082,0.2991262674331665,-0.01840776950120926,0.20760099165117948,0.00031845619138692264,0.1553387491195209,-0.00916360431585847,0.20661388728648566,0.0026521739962035882,0.9783760503555898,0.1662931551011138,0.009477027998342047,0.21575694641301973,-0.1804449804058874,0.13673428747688365,-0.6776185273736325,0.6996974167699193,0.20888933388512207,0.0,0.1602508145933554,0.39999999999999997
17.551746368408203,1788958707.2724993,reach_far,0,0.0,-0.9,1.0,0.3,0.0,0.0,-0.9004467725753784,1.0170292854309082,0.2991262674331665,-0.01840776950120926,0.20760099165117948,0.00031845619138692264,0.1553387491195209,-0.00916360431585847,0.20661388728648566,0.0026521739962035882,0.9783760503555898,0.1662931551011138,0.009477027998342047,0.21575694641301973,-0.1804449804058874,0.13673428747688365,-0.6776185273736325,0.6996974167699193,0.20888933388512207,0.0,0.1602508145933554,0.39999999999999997
17.561797618865967,1788958707.2724993,reach_far,0,0.0,-0.9,1.0,0.3,0.0,0.0,-0.9004467725753784,1.0170292854309082,0.2991262674331665,-0.01840776950120926,0.20760099165117948,0.00031845619138692264,0.1553387491195209,-0.00916360431585847,0.20661388728648566,0.0026521739962035882,0.9783760503555898,0.1662931551011138,0.009477027998342047,0.21575694641301973,-0.1804449804058874,0.13673428747688365,-0.6776185273736325,0.6996974167699193,0.20888933388512207,0.0,0.1602508145933554,0.39999999999999997
17.5719051361084,1788958707.2724993,reach_far,0,0.0,-0.9,1.0,0.3,0.0,0.0,-0.9004467725753784,1.0170292854309082,0.2991262674331665,-0.01840776950120926,0.20760099165117948,0.00031845619138692264,0.1553387491195209,-0.00916360431585847,0.20661388728648566,0.0026521739962035882,0.9783760503555898,0.1662931551011138,0.009477027998342047,0.21575694641301973,-0.1804449804058874,0.13673428747688365,-0.6776185273736325,0.6996974167699193,0.20888933388512207,0.0,0.1602508145933554,0.39999999999999997
17.5797700881958,1788958707.2724993,reach_far,0,0.0,-0.9,1.0,0.3,0.0,0.0,-0.9004467725753784,1.0170292854309082,0.2991262674331665,-0.01840776950120926,0.20760099165117948,0.00031845619138692264,0.1553387491195209,-0.00916360431585847,0.20661388728648566,0.0026521739962035882,0.9783760503555898,0.1662931551011138,0.009477027998342047,0.21575694641301973,-0.1804449804058874,0.13673428747688365,-0.6776185273736325,0.6996974167699193,0.20888933388512207,0.0,0.1602508145933554,0.39999999999999997
17.580456972122192,1788958707.3058567,reach_far,0,0.0,-0.9,1.0,0.3,0.0,0.0015339808305725455,-0.9004467725753784,1.0170292854309082,0.2991262674331665,-0.01840776950120926,0.20764417469944596,0.00031852243340712715,0.1551618401810519,-0.009163112964722333,0.20703069160619472,0.0026559427333180236,0.9782879310622481,0.16623693712066728,0.009479655249387696,0.21566812734273033,-0.1787855766251794,0.13716162153136677,-0.6782472821797133,0.6994305050435825,0.20888933388512207,0.0,0.1602508145933554,0.39999999999999997
17.58197784423828,1788958707.3058567,reach_far,0,0.0,-0.9,1.0,0.3,0.0,0.0015339808305725455,-0.9004467725753784,1.0170292854309082,0.2991262674331665,-0.01840776950120926,0.20764417469944596,0.00031852243340712715,0.1551618401810519,-0.009163112964722333,0.20703069160619472,0.0026559427333180236,0.9782879310622481,0.16623693712066728,0.009479655249387696,0.21566812734273033,-0.1787855766251794,0.13716162153136677,-0.6782472821797133,0.6994305050435825,0.20888933388512207,0.0,0.1602508145933554,0.39999999999999997
17.59194278717041,1788958707.3058567,reach_far,0,0.0,-0.9,1.0,0.3,0.0,0.0015339808305725455,-0.9004467725753784,1.0170292854309082,0.2991262674331665,-0.01840776950120926,0.20764417469944596,0.00031852243340712715,0.1551618401810519,-0.009163112964722333,0.20703069160619472,0.0026559427333180236,0.9782879310622481,0.16623693712066728,0.009479655249387696,0.21566812734273033,-0.1787855766251794,0.13716162153136677,-0.6782472821797133,0.6994305050435825,0.20888933388512207,0.0,0.1602508145933554,0.39999999999999997
17.601956129074097,1788958707.3058567,reach_far,0,0.0,-0.9,1.0,0.3,0.0,0.0015339808305725455,-0.9004467725753784,1.0170292854309082,0.2991262674331665,-0.01840776950120926,0.20764417469944596,0.00031852243340712715,0.1551618401810519,-0.009163112964722333,0.20703069160619472,0.0026559427333180236,0.9782879310622481,0.16623693712066728,0.009479655249387696,0.21566812734273033,-0.1787855766251794,0.13716162153136677,-0.6782472821797133,0.6994305050435825,0.20888933388512207,0.0,0.1602508145933554,0.39999999999999997
17.602730751037598,1788958707.3058567,reach_far,0,0.0,-0.9,1.0,0.3,0.0,0.0015339808305725455,-0.9004467725753784,1.0170292854309082,0.2991262674331665,-0.01840776950120926,0.20764417469944596,0.00031852243340712715,0.1551618401810519,-0.009163112964722333,0.20703069160619472,0.0026559427333180236,0.9782879310622481,0.16623693712066728,0.009479655249387696,0.21566812734273033,-0.1787855766251794,0.13716162153136677,-0.6782472821797133,0.6994305050435825,0.20888933388512207,0.0,0.1602508145933554,0.39999999999999997
17.612061500549316,1788958707.3058567,reach_far,0,0.0,-0.9,1.0,0.3,0.0,0.0015339808305725455,-0.9004467725753784,1.0170292854309082,0.2991262674331665,-0.01840776950120926,0.20764417469944596,0.00031852243340712715,0.1551618401810519,-0.009163112964722333,0.20703069160619472,0.0026559427333180236,0.9782879310622481,0.16623693712066728,0.009479655249387696,0.21566812734273033,-0.1787855766251794,0.13716162153136677,-0.6782472821797133,0.6994305050435825,0.20888933388512207,0.0,0.1602508145933554,0.39999999999999997
17.612889766693115,1788958707.3058567,reach_far,0,0.0,-0.9,1.0,0.3,0.0,0.0015339808305725455,-0.9004467725753784,1.0170292854309082,0.2991262674331665,-0.01840776950120926,0.20764417469944596,0.00031852243340712715,0.1551618401810519,-0.009163112964722333,0.20703069160619472,0.0026559427333180236,0.9782879310622481,0.16623693712066728,0.009479655249387696,0.21566812734273033,-0.1787855766251794,0.13716162153136677,-0.6782472821797133,0.6994305050435825,0.20888933388512207,0.0,0.1602508145933554,0.39999999999999997
17.61333131790161,1788958707.339214,reach_far,0,0.0,-0.9,1.0,0.3,0.0,0.0015339808305725455,-0.898912787437439,1.0170292854309082,0.2991262674331665,-0.01840776950120926,0.20761442649001952,0.00031847680018833003,0.15528378039357507,-0.009163451811564824,0.20674340904187946,0.0026533451448099285,0.9783486871909124,0.16625735149698173,0.009476702099178162,0.21570147949821855,-0.17948599679609703,0.13666654299482078,-0.677859137052055,0.6997242480398974,0.20888933388512207,0.0,0.1602508145933554,0.39999999999999997
17.621899604797363,1788958707.339214,reach_far,0,0.0,-0.9,1.0,0.3,0.0,0.0015339808305725455,-0.898912787437439,1.0170292854309082,0.2991262674331665,-0.01840776950120926,0.20761442649001952,0.00031847680018833003,0.15528378039357507,-0.009163451811564824,0.20674340904187946,0.0026533451448099285,0.9783486871909124,0.16625735149698173,0.009476702099178162,0.21570147949821855,-0.17948599679609703,0.13666654299482078,-0.677859137052055,0.6997242480398974,0.20888933388512207,0.0,0.1602508145933554,0.39999999999999997
17.63188648223877,1788958707.339214,reach_far,0,0.0,-0.9,1.0,0.3,0.0,0.0015339808305725455,-0.898912787437439,1.0170292854309082,0.2991262674331665,-0.01840776950120926,0.20761442649001952,0.00031847680018833003,0.15528378039357507,-0.009163451811564824,0.20674340904187946,0.0026533451448099285,0.9783486871909124,0.16625735149698173,0.009476702099178162,0.21570147949821855,-0.17948599679609703,0.13666654299482078,-0.677859137052055,0.6997242480398974,0.20888933388512207,0.0,0.1602508145933554,0.39999999999999997
17.641968488693237,1788958707.339214,reach_far,0,0.0,-0.9,1.0,0.3,0.0,0.0015339808305725455,-0.898912787437439,1.0170292854309082,0.2991262674331665,-0.01840776950120926,0.20761442649001952,0.00031847680018833003,0.15528378039357507,-0.009163451811564824,0.20674340904187946,0.0026533451448099285,0.9783486871909124,0.16625735149698173,0.009476702099178162,0.21570147949821855,-0.17948599679609703,0.13666654299482078,-0.677859137052055,0.6997242480398974,0.20888933388512207,0.0,0.1602508145933554,0.39999999999999997
17.646286249160767,1788958707.339214,reach_far,0,0.0,-0.9,1.0,0.3,0.0,0.0015339808305725455,-0.898912787437439,1.0170292854309082,0.2991262674331665,-0.01840776950120926,0.20761442649001952,0.00031847680018833003,0.15528378039357507,-0.009163451811564824,0.20674340904187946,0.0026533451448099285,0.9783486871909124,0.16625735149698173,0.009476702099178162,0.21570147949821855,-0.17948599679609703,0.13666654299482078,-0.677859137052055,0.6997242480398974,0.20888933388512207,0.0,0.1602508145933554,0.39999999999999997
17.646724224090576,1788958707.3725712,reach_far,0,0.0,-0.9,1.0,0.3,0.0,0.0015339808305725455,-0.9004467725753784,1.0170292854309082,0.2991262674331665,-0.01840776950120926,0.2075730806511215,0.0003184133764142891,0.15545274597527553,-0.009163920106295001,0.20634524039439164,0.0026497448204610852,0.9784327484233408,0.16626075595074696,0.009479658878827154,0.21572369198735525,-0.17887380077180975,0.1368255665047914,-0.6779939828939412,0.6997192915074589,0.20888933388512207,0.0,0.1602508145933554,0.39999999999999997
17.708498239517212,1788958707.3725712,reach_far,0,0.0,-0.9,1.0,0.3,0.0,0.0015339808305725455,-0.9004467725753784,1.0170292854309082,0.2991262674331665,-0.01840776950120926,0.2075730806511215,0.0003184133764142891,0.15545274597527553,-0.009163920106295001,0.20634524039439164,0.0026497448204610852,0.9784327484233408,0.16626075595074696,0.009479658878827154,0.21572369198735525,-0.17887380077180975,0.1368255665047914,-0.6779939828939412,0.6997192915074589,0.20888933388512207,0.0,0.1602508145933554,0.39999999999999997
17.708946704864502,1788958707.3725712,reach_far,0,0.0,-0.9,1.0,0.3,0.0,0.0015339808305725455,-0.9004467725753784,1.0170292854309082,0.2991262674331665,-0.01840776950120926,0.2075730806511215,0.0003184133764142891,0.15545274597527553,-0.009163920106295001,0.20634524039439164,0.0026497448204610852,0.9784327484233408,0.16626075595074696,0.009479658878827154,0.21572369198735525,-0.17887380077180975,0.1368255665047914,-0.6779939828939412,0.6997192915074589,0.20888933388512207,0.0,0.1602508145933554,0.39999999999999997
17.709381103515625,1788958707.4059286,reach_far,0,0.0,-0.9,1.0,0.3,0.0,0.0015339808305725455,-0.898912787437439,1.0170292854309082,0.2991262674331665,-0.01840776950120926,0.2075730806511215,0.0003184133764142891,0.15545274597527553,-0.009163920106295001,0.20634524039439164,0.0026497448204610852,0.9784327484233408,0.1662786720484664,0.00948303853519948,0.215741465343399,-0.1789827617321535,0.13660962290410675,-0.678185974983095,0.6995475432513205,0.20888933388512207,0.0,0.1602508145933554,0.39999999999999997
17.70984435081482,1788958707.4059286,reach_far,0,0.0,-0.9,1.0,0.3,0.0,0.0015339808305725455,-0.898912787437439,1.0170292854309082,0.2991262674331665,-0.01840776950120926,0.2075730806511215,0.0003184133764142891,0.15545274597527553,-0.009163920106295001,0.20634524039439164,0.0026497448204610852,0.9784327484233408,0.1662786720484664,0.00948303853519948,0.215741465343399,-0.1789827617321535,0.13660962290410675,-0.678185974983095,0.6995475432513205,0.20888933388512207,0.0,0.1602508145933554,0.39999999999999997
17.71014165878296,1788958707.4059286,reach_far,0,0.0,-0.9,1.0,0.3,0.0,0.0015339808305725455,-0.898912787437439,1.0170292854309082,0.2991262674331665,-0.01840776950120926,0.2075730806511215,0.0003184133764142891,0.15545274597527553,-0.009163920106295001,0.20634524039439164,0.0026497448204610852,0.9784327484233408,0.1662786720484664,0.00948303853519948,0.215741465343399,-0.1789827617321535,0.13660962290410675,-0.678185974983095,0.6995475432513205,0.20888933388512207,0.0,0.1602508145933554,0.39999999999999997
17.710582494735718,1788958707.4059286,reach_far,0,0.0,-0.9,1.0,0.3,0.0,0.0015339808305725455,-0.898912787437439,1.0170292854309082,0.2991262674331665,-0.01840776950120926,0.2075730806511215,0.0003184133764142891,0.15545274597527553,-0.009163920106295001,0.20634524039439164,0.0026497448204610852,0.9784327484233408,0.1662786720484664,0.00948303853519948,0.215741465343399,-0.1789827617321535,0.13660962290410675,-0.678185974983095,0.6995475432513205,0.20888933388512207,0.0,0.1602508145933554,0.39999999999999997
17.71098041534424,1788958707.4059286,reach_far,0,0.0,-0.9,1.0,0.3,0.0,0.0015339808305725455,-0.898912787437439,1.0170292854309082,0.2991262674331665,-0.01840776950120926,0.2075730806511215,0.0003184133764142891,0.15545274597527553,-0.009163920106295001,0.20634524039439164,0.0026497448204610852,0.9784327484233408,0.1662786720484664,0.00948303853519948,0.215741465343399,-0.1789827617321535,0.13660962290410675,-0.678185974983095,0.6995475432513205,0.20888933388512207,0.0,0.1602508145933554,0.39999999999999997
17.711416006088257,1788958707.4059286,reach_far,0,0.0,-0.9,1.0,0.3,0.0,0.0015339808305725455,-0.898912787437439,1.0170292854309082,0.2991262674331665,-0.01840776950120926,0.2075730806511215,0.0003184133764142891,0.15545274597527553,-0.009163920106295001,0.20634524039439164,0.0026497448204610852,0.9784327484233408,0.1662786720484664,0.00948303853519948,0.215741465343399,-0.1789827617321535,0.13660962290410675,-0.678185974983095,0.6995475432513205,0.20888933388512207,0.0,0.1602508145933554,0.39999999999999997
17.711888790130615,1788958707.4059286,reach_far,0,0.0,-0.9,1.0,0.3,0.0,0.0015339808305725455,-0.898912787437439,1.0170292854309082,0.2991262674331665,-0.01840776950120926,0.2075730806511215,0.0003184133764142891,0.15545274597527553,-0.009163920106295001,0.20634524039439164,0.0026497448204610852,0.9784327484233408,0.1662786720484664,0.00948303853519948,0.215741465343399,-0.1789827617321535,0.13660962290410675,-0.678185974983095,0.6995475432513205,0.20888933388512207,0.0,0.1602508145933554,0.39999999999999997
17.712674379348755,1788958707.4059286,reach_far,0,0.0,-0.9,1.0,0.3,0.0,0.0015339808305725455,-0.898912787437439,1.0170292854309082,0.2991262674331665,-0.01840776950120926,0.2075730806511215,0.0003184133764142891,0.15545274597527553,-0.009163920106295001,0.20634524039439164,0.0026497448204610852,0.9784327484233408,0.1662786720484664,0.00948303853519948,0.215741465343399,-0.1789827617321535,0.13660962290410675,-0.678185974983095,0.6995475432513205,0.20888933388512207,0.0,0.1602508145933554,0.39999999999999997
17.713053941726685,1788958707.4392862,reach_far,0,0.0,-0.9,1.0,0.3,0.0,0.0015339808305725455,-0.9004467725753784,1.0170292854309082,0.2991262674331665,-0.01840776950120926,0.2075730806511215,0.0003184133764142891,0.15545274597527553,-0.009163920106295001,0.20634524039439164,0.0026497448204610852,0.9784327484233408,0.16618997666867097,0.00948150579115886,0.21559602744060913,-0.18029980954987115,0.13756896922412973,-0.6777081710742875,0.6994843759813619,0.20888933388512207,0.0,0.1602508145933554,0.39999999999999997
17.774774074554443,1788958707.4392862,reach_far,0,0.0,-0.9,1.0,0.3,0.0,0.0015339808305725455,-0.9004467725753784,1.0170292854309082,0.2991262674331665,-0.01840776950120926,0.2075730806511215,0.0003184133764142891,0.15545274597527553,-0.009163920106295001,0.20634524039439164,0.0026497448204610852,0.9784327484233408,0.16618997666867097,0.00948150579115886,0.21559602744060913,-0.18029980954987115,0.13756896922412973,-0.6777081710742875,0.6994843759813619,0.20888933388512207,0.0,0.1602508145933554,0.39999999999999997
17.775259017944336,1788958707.4392862,reach_far,0,0.0,-0.9,1.0,0.3,0.0,0.0015339808305725455,-0.9004467725753784,1.0170292854309082,0.2991262674331665,-0.01840776950120926,0.2075730806511215,0.0003184133764142891,0.15545274597527553,-0.009163920106295001,0.20634524039439164,0.0026497448204610852,0.9784327484233408,0.16618997666867097,0.00948150579115886,0.21559602744060913,-0.18029980954987115,0.13756896922412973,-0.6777081710742875,0.6994843759813619,0.20888933388512207,0.0,0.1602508145933554,0.39999999999999997
17.775701999664307,1788958707.4726434,reach_far,0,0.0,-0.9,1.0,0.3,0.0,0.0015339808305725455,-0.898912787437439,1.0170292854309082,0.2991262674331665,-0.01840776950120926,0.2075730806511215,0.0003184133764142891,0.15545274597527553,-0.009163920106295001,0.20634524039439164,0.0026497448204610852,0.9784327484233408,0.16627154023358814,0.00948070058036053,0.21573668128702755,-0.17898444186810897,0.13666691464068428,-0.6780691621383066,0.69964915162445,0.20888933388512207,0.0,0.1602508145933554,0.39999999999999997
17.776136875152588,1788958707.4726434,reach_far,0,0.0,-0.9,1.0,0.3,0.0,0.0015339808305725455,-0.898912787437439,1.0170292854309082,0.2991262674331665,-0.01840776950120926,0.2075730806511215,0.0003184133764142891,0.15545274597527553,-0.009163920106295001,0.20634524039439164,0.0026497448204610852,0.9784327484233408,0.16627154023358814,0.00948070058036053,0.21573668128702755,-0.17898444186810897,0.13666691464068428,-0.6780691621383066,0.69964915162445,0.20888933388512207,0.0,0.1602508145933554,0.39999999999999997
17.77643084526062,1788958707.4726434,reach_far,0,0.0,-0.9,1.0,0.3,0.0,0.0015339808305725455,-0.898912787437439,1.0170292854309082,0.2991262674331665,-0.01840776950120926,0.2075730806511215,0.0003184133764142891,0.15545274597527553,-0.009163920106295001,0.20634524039439164,0.0026497448204610852,0.9784327484233408,0.16627154023358814,0.00948070058036053,0.21573668128702755,-0.17898444186810897,0.13666691464068428,-0.6780691621383066,0.69964915162445,0.20888933388512207,0.0,0.1602508145933554,0.39999999999999997
17.777058124542236,1788958707.4726434,reach_far,0,0.0,-0.9,1.0,0.3,0.0,0.0015339808305725455,-0.898912787437439,1.0170292854309082,0.2991262674331665,-0.01840776950120926,0.2075730806511215,0.0003184133764142891,0.15545274597527553,-0.009163920106295001,0.20634524039439164,0.0026497448204610852,0.9784327484233408,0.16627154023358814,0.00948070058036053,0.21573668128702755,-0.17898444186810897,0.13666691464068428,-0.6780691621383066,0.69964915162445,0.20888933388512207,0.0,0.1602508145933554,0.39999999999999997
17.77736520767212,1788958707.4726434,reach_far,0,0.0,-0.9,1.0,0.3,0.0,0.0015339808305725455,-0.898912787437439,1.0170292854309082,0.2991262674331665,-0.01840776950120926,0.2075730806511215,0.0003184133764142891,0.15545274597527553,-0.009163920106295001,0.20634524039439164,0.0026497448204610852,0.9784327484233408,0.16627154023358814,0.00948070058036053,0.21573668128702755,-0.17898444186810897,0.13666691464068428,-0.6780691621383066,0.69964915162445,0.20888933388512207,0.0,0.1602508145933554,0.39999999999999997
17.777780294418335,1788958707.4726434,reach_far,0,0.0,-0.9,1.0,0.3,0.0,0.0015339808305725455,-0.898912787437439,1.0170292854309082,0.2991262674331665,-0.01840776950120926,0.2075730806511215,0.0003184133764142891,0.15545274597527553,-0.009163920106295001,0.20634524039439164,0.0026497448204610852,0.9784327484233408,0.16627154023358814,0.00948070058036053,0.21573668128702755,-0.17898444186810897,0.13666691464068428,-0.6780691621383066,0.69964915162445,0.20888933388512207,0.0,0.1602508145933554,0.39999999999999997
17.778218746185303,1788958707.4726434,reach_far,0,0.0,-0.9,1.0,0.3,0.0,0.0015339808305725455,-0.898912787437439,1.0170292854309082,0.2991262674331665,-0.01840776950120926,0.2075730806511215,0.0003184133764142891,0.15545274597527553,-0.009163920106295001,0.20634524039439164,0.0026497448204610852,0.9784327484233408,0.16627154023358814,0.00948070058036053,0.21573668128702755,-0.17898444186810897,0.13666691464068428,-0.6780691621383066,0.69964915162445,0.20888933388512207,0.0,0.1602508145933554,0.39999999999999997
17.77962899208069,1788958707.4726434,reach_far,0,0.0,-0.9,1.0,0.3,0.0,0.0015339808305725455,-0.898912787437439,1.0170292854309082,0.2991262674331665,-0.01840776950120926,0.2075730806511215,0.0003184133764142891,0.15545274597527553,-0.009163920106295001,0.20634524039439164,0.0026497448204610852,0.9784327484233408,0.16627154023358814,0.00948070058036053,0.21573668128702755,-0.17898444186810897,0.13666691464068428,-0.6780691621383066,0.69964915162445,0.20888933388512207,0.0,0.1602508145933554,0.39999999999999997
17.780057668685913,1788958707.5060008,reach_far,0,0.0,-0.9,1.0,0.3,0.0,0.0015339808305725455,-0.9004467725753784,1.0170292854309082,0.2991262674331665,-0.01840776950120926,0.20759650031512172,0.0003184493017581024,0.15535711138680336,-0.009163655226231814,0.20657061795275078,0.0026517827475188373,0.9783851875768426,0.16625430396858853,0.009476988962659855,0.21569278878941028,-0.17876882146782755,0.13725852395134153,-0.6783227113781187,0.6993426236848007,0.20888933388512207,0.0,0.1602508145933554,0.39999999999999997
17.781795501708984,1788958707.5060008,reach_far,0,0.0,-0.9,1.0,0.3,0.0,0.0015339808305725455,-0.9004467725753784,1.0170292854309082,0.2991262674331665,-0.01840776950120926,0.20759650031512172,0.0003184493017581024,0.15535711138680336,-0.009163655226231814,0.20657061795275078,0.0026517827475188373,0.9783851875768426,0.16625430396858853,0.009476988962659855,0.21569278878941028,-0.17876882146782755,0.13725852395134153,-0.6783227113781187,0.6993426236848007,0.20888933388512207,0.0,0.1602508145933554,0.39999999999999997
17.79185938835144,1788958707.5060008,reach_far,0,0.0,-0.9,1.0,0.3,0.0,0.0015339808305725455,-0.9004467725753784,1.0170292854309082,0.2991262674331665,-0.01840776950120926,0.20759650031512172,0.0003184493017581024,0.15535711138680336,-0.009163655226231814,0.20657061795275078,0.0026517827475188373,0.9783851875768426,0.16625430396858853,0.009476988962659855,0.21569278878941028,-0.17876882146782755,0.13725852395134153,-0.6783227113781187,0.6993426236848007,0.20888933388512207,0.0,0.1602508145933554,0.39999999999999997
17.80198860168457,1788958707.5060008,reach_far,0,0.0,-0.9,1.0,0.3,0.0,0.0015339808305725455,-0.9004467725753784,1.0170292854309082,0.2991262674331665,-0.01840776950120926,0.20759650031512172,0.0003184493017581024,0.15535711138680336,-0.009163655226231814,0.20657061795275078,0.0026517827475188373,0.9783851875768426,0.16625430396858853,0.009476988962659855,0.21569278878941028,-0.17876882146782755,0.13725852395134153,-0.6783227113781187,0.6993426236848007,0.20888933388512207,0.0,0.1602508145933554,0.39999999999999997
17.811925411224365,1788958707.5060008,reach_far,0,0.0,-0.9,1.0,0.3,0.0,0.0015339808305725455,-0.9004467725753784,1.0170292854309082,0.2991262674331665,-0.01840776950120926,0.20759650031512172,0.0003184493017581024,0.15535711138680336,-0.009163655226231814,0.20657061795275078,0.0026517827475188373,0.9783851875768426,0.16625430396858853,0.009476988962659855,0.21569278878941028,-0.17876882146782755,0.13725852395134153,-0.6783227113781187,0.6993426236848007,0.20888933388512207,0.0,0.1602508145933554,0.39999999999999997
17.82192373275757,1788958707.5060008,reach_far,0,0.0,-0.9,1.0,0.3,0.0,0.0015339808305725455,-0.9004467725753784,1.0170292854309082,0.2991262674331665,-0.01840776950120926,0.20759650031512172,0.0003184493017581024,0.15535711138680336,-0.009163655226231814,0.20657061795275078,0.0026517827475188373,0.9783851875768426,0.16625430396858853,0.009476988962659855,0.21569278878941028,-0.17876882146782755,0.13725852395134153,-0.6783227113781187,0.6993426236848007,0.20888933388512207,0.0,0.1602508145933554,0.39999999999999997
17.823625802993774,1788958707.5060008,reach_far,0,0.0,-0.9,1.0,0.3,0.0,0.0015339808305725455,-0.9004467725753784,1.0170292854309082,0.2991262674331665,-0.01840776950120926,0.20759650031512172,0.0003184493017581024,0.15535711138680336,-0.009163655226231814,0.20657061795275078,0.0026517827475188373,0.9783851875768426,0.16625430396858853,0.009476988962659855,0.21569278878941028,-0.17876882146782755,0.13725852395134153,-0.6783227113781187,0.6993426236848007,0.20888933388512207,0.0,0.1602508145933554,0.39999999999999997
17.82402515411377,1788958707.5393581,reach_far,0,0.0,-0.9,1.0,0.3,0.0,0.0015339808305725455,-0.898912787437439,1.0170292854309082,0.2991262674331665,-0.01840776950120926,0.2076483560184117,0.00031852884747529805,0.15514467566167875,-0.009163065208505992,0.20707112527131108,0.002656308326214218,0.9782793728485405,0.16629164062732765,0.009485767182413441,0.21576724044644707,-0.17923373893513586,0.13624784342584803,-0.6780556647511602,0.6996801465584113,0.20888933388512207,0.0,0.1602508145933554,0.39999999999999997
17.831846714019775,1788958707.5393581,reach_far,0,0.0,-0.9,1.0,0.3,0.0,0.0015339808305725455,-0.898912787437439,1.0170292854309082,0.2991262674331665,-0.01840776950120926,0.2076483560184117,0.00031852884747529805,0.15514467566167875,-0.009163065208505992,0.20707112527131108,0.002656308326214218,0.9782793728485405,0.16629164062732765,0.009485767182413441,0.21576724044644707,-0.17923373893513586,0.13624784342584803,-0.6780556647511602,0.6996801465584113,0.20888933388512207,0.0,0.1602508145933554,0.39999999999999997
17.832506895065308,1788958707.5393581,reach_far,0,0.0,-0.9,1.0,0.3,0.0,0.0015339808305725455,-0.898912787437439,1.0170292854309082,0.2991262674331665,-0.01840776950120926,0.2076483560184117,0.00031852884747529805,0.15514467566167875,-0.009163065208505992,0.20707112527131108,0.002656308326214218,0.9782793728485405,0.16629164062732765,0.009485767182413441,0.21576724044644707,-0.17923373893513586,0.13624784342584803,-0.6780556647511602,0.6996801465584113,0.20888933388512207,0.0,0.1602508145933554,0.39999999999999997
17.841925382614136,1788958707.5393581,reach_far,0,0.0,-0.9,1.0,0.3,0.0,0.0015339808305725455,-0.898912787437439,1.0170292854309082,0.2991262674331665,-0.01840776950120926,0.2076483560184117,0.00031852884747529805,0.15514467566167875,-0.009163065208505992,0.20707112527131108,0.002656308326214218,0.9782793728485405,0.16629164062732765,0.009485767182413441,0.21576724044644707,-0.17923373893513586,0.13624784342584803,-0.6780556647511602,0.6996801465584113,0.20888933388512207,0.0,0.1602508145933554,0.39999999999999997
17.851945877075195,1788958707.5393581,reach_far,0,0.0,-0.9,1.0,0.3,0.0,0.0015339808305725455,-0.898912787437439,1.0170292854309082,0.2991262674331665,-0.01840776950120926,0.2076483560184117,0.00031852884747529805,0.15514467566167875,-0.009163065208505992,0.20707112527131108,0.002656308326214218,0.9782793728485405,0.16629164062732765,0.009485767182413441,0.21576724044644707,-0.17923373893513586,0.13624784342584803,-0.6780556647511602,0.6996801465584113,0.20888933388512207,0.0,0.1602508145933554,0.39999999999999997
17.85637068748474,1788958707.5393581,reach_far,0,0.0,-0.9,1.0,0.3,0.0,0.0015339808305725455,-0.898912787437439,1.0170292854309082,0.2991262674331665,-0.01840776950120926,0.2076483560184117,0.00031852884747529805,0.15514467566167875,-0.009163065208505992,0.20707112527131108,0.002656308326214218,0.9782793728485405,0.16629164062732765,0.009485767182413441,0.21576724044644707,-0.17923373893513586,0.13624784342584803,-0.6780556647511602,0.6996801465584113,0.20888933388512207,0.0,0.1602508145933554,0.39999999999999997
17.856887578964233,1788958707.5727153,reach_far,0,0.0,-0.9,1.0,0.3,0.0,0.0015339808305725455,-0.898912787437439,1.0170292854309082,0.2991262674331665,-0.01840776950120926,0.20760978529080956,0.0003184696806721267,0.15530277702458392,-0.00916350453253755,0.20669864900166826,0.00265294042162405,0.9783581453602186,0.16633513097591573,0.009479972209791814,0.2158142552772867,-0.1789049619747257,0.13559445168697606,-0.6780699732797606,0.6998773253856104,0.20888933388512207,0.0,0.1602508145933554,0.39999999999999997
17.861823081970215,1788958707.5727153,reach_far,0,0.0,-0.9,1.0,0.3,0.0,0.0015339808305725455,-0.898912787437439,1.0170292854309082,0.2991262674331665,-0.01840776950120926,0.20760978529080956,0.0003184696806721267,0.15530277702458392,-0.00916350453253755,0.20669864900166826,0.00265294042162405,0.9783581453602186,0.16633513097591573,0.009479972209791814,0.2158142552772867,-0.1789049619747257,0.13559445168697606,-0.6780699732797606,0.6998773253856104,0.20888933388512207,0.0,0.1602508145933554,0.39999999999999997
17.87189245223999,1788958707.5727153,reach_far,0,0.0,-0.9,1.0,0.3,0.0,0.0015339808305725455,-0.898912787437439,1.0170292854309082,0.2991262674331665,-0.01840776950120926,0.20760978529080956,0.0003184696806721267,0.15530277702458392,-0.00916350453253755,0.20669864900166826,0.00265294042162405,0.9783581453602186,0.16633513097591573,0.009479972209791814,0.2158142552772867,-0.1789049619747257,0.13559445168697606,-0.6780699732797606,0.6998773253856104,0.20888933388512207,0.0,0.1602508145933554,0.39999999999999997
17.878971338272095,1788958707.5727153,reach_far,0,0.0,-0.9,1.0,0.3,0.0,0.0015339808305725455,-0.898912787437439,1.0170292854309082,0.2991262674331665,-0.01840776950120926,0.20760978529080956,0.0003184696806721267,0.15530277702458392,-0.00916350453253755,0.20669864900166826,0.00265294042162405,0.9783581453602186,0.16633513097591573,0.009479972209791814,0.2158142552772867,-0.1789049619747257,0.13559445168697606,-0.6780699732797606,0.6998773253856104,0.20888933388512207,0.0,0.1602508145933554,0.39999999999999997
17.879416942596436,1788958707.6060727,reach_far,0,0.0,-0.9,1.0,0.3,0.0,0.0015339808305725455,-0.9004467725753784,1.0170292854309082,0.2991262674331665,-0.01840776950120926,0.2075730806511215,0.0003184133764142891,0.15545274597527553,-0.009163920106295001,0.20634524039439164,0.0026497448204610852,0.9784327484233408,0.16631299324982934,0.009482933378206018,0.2157858963896861,-0.17856785096743114,0.13506963784852974,-0.6780579086311669,0.7000765587241647,0.20888933388512207,0.0,0.1602508145933554,0.39999999999999997
17.941047191619873,1788958707.6060727,reach_far,0,0.0,-0.9,1.0,0.3,0.0,0.0015339808305725455,-0.9004467725753784,1.0170292854309082,0.2991262674331665,-0.01840776950120926,0.2075730806511215,0.0003184133764142891,0.15545274597527553,-0.009163920106295001,0.20634524039439164,0.0026497448204610852,0.9784327484233408,0.16631299324982934,0.009482933378206018,0.2157858963896861,-0.17856785096743114,0.13506963784852974,-0.6780579086311669,0.7000765587241647,0.20888933388512207,0.0,0.1602508145933554,0.39999999999999997
17.94151282310486,1788958707.6060727,reach_far,0,0.0,-0.9,1.0,0.3,0.0,0.0015339808305725455,-0.9004467725753784,1.0170292854309082,0.2991262674331665,-0.01840776950120926,0.2075730806511215,0.0003184133764142891,0.15545274597527553,-0.009163920106295001,0.20634524039439164,0.0026497448204610852,0.9784327484233408,0.16631299324982934,0.009482933378206018,0.2157858963896861,-0.17856785096743114,0.13506963784852974,-0.6780579086311669,0.7000765587241647,0.20888933388512207,0.0,0.1602508145933554,0.39999999999999997
17.94204068183899,1788958707.6394303,reach_far,0,0.0,-0.9,1.0,0.3,0.0,0.0015339808305725455,-0.9004467725753784,1.0170292854309082,0.2991262674331665,-0.01840776950120926,0.2075730806511215,0.0003184133764142891,0.15545274597527553,-0.009163920106295001,0.20634524039439164,0.0026497448204610852,0.9784327484233408,0.16630122683636206,0.009475016525313946,0.21576698236901953,-0.17858922990545936,0.13740489800321806,-0.6782027274353551,0.6994761192962531,0.20888933388512207,0.0,0.1602508145933554,0.39999999999999997
17.94252109527588,1788958707.6394303,reach_far,0,0.0,-0.9,1.0,0.3,0.0,0.0015339808305725455,-0.9004467725753784,1.0170292854309082,0.2991262674331665,-0.01840776950120926,0.2075730806511215,0.0003184133764142891,0.15545274597527553,-0.009163920106295001,0.20634524039439164,0.0026497448204610852,0.9784327484233408,0.16630122683636206,0.009475016525313946,0.21576698236901953,-0.17858922990545936,0.13740489800321806,-0.6782027274353551,0.6994761192962531,0.20888933388512207,0.0,0.1602508145933554,0.39999999999999997
17.94286584854126,1788958707.6394303,reach_far,0,0.0,-0.9,1.0,0.3,0.0,0.0015339808305725455,-0.9004467725753784,1.0170292854309082,0.2991262674331665,-0.01840776950120926,0.2075730806511215,0.0003184133764142891,0.15545274597527553,-0.009163920106295001,0.20634524039439164,0.0026497448204610852,0.9784327484233408,0.16630122683636206,0.009475016525313946,0.21576698236901953,-0.17858922990545936,0.13740489800321806,-0.6782027274353551,0.6994761192962531,0.20888933388512207,0.0,0.1602508145933554,0.39999999999999997
17.94346594810486,1788958707.6394303,reach_far,0,0.0,-0.9,1.0,0.3,0.0,0.0015339808305725455,-0.9004467725753784,1.0170292854309082,0.2991262674331665,-0.01840776950120926,0.2075730806511215,0.0003184133764142891,0.15545274597527553,-0.009163920106295001,0.20634524039439164,0.0026497448204610852,0.9784327484233408,0.16630122683636206,0.009475016525313946,0.21576698236901953,-0.17858922990545936,0.13740489800321806,-0.6782027274353551,0.6994761192962531,0.20888933388512207,0.0,0.1602508145933554,0.39999999999999997
17.94383454322815,1788958707.6394303,reach_far,0,0.0,-0.9,1.0,0.3,0.0,0.0015339808305725455,-0.9004467725753784,1.0170292854309082,0.2991262674331665,-0.01840776950120926,0.2075730806511215,0.0003184133764142891,0.15545274597527553,-0.009163920106295001,0.20634524039439164,0.0026497448204610852,0.9784327484233408,0.16630122683636206,0.009475016525313946,0.21576698236901953,-0.17858922990545936,0.13740489800321806,-0.6782027274353551,0.6994761192962531,0.20888933388512207,0.0,0.1602508145933554,0.39999999999999997
17.944242238998413,1788958707.6394303,reach_far,0,0.0,-0.9,1.0,0.3,0.0,0.0015339808305725455,-0.9004467725753784,1.0170292854309082,0.2991262674331665,-0.01840776950120926,0.2075730806511215,0.0003184133764142891,0.15545274597527553,-0.009163920106295001,0.20634524039439164,0.0026497448204610852,0.9784327484233408,0.16630122683636206,0.009475016525313946,0.21576698236901953,-0.17858922990545936,0.13740489800321806,-0.6782027274353551,0.6994761192962531,0.20888933388512207,0.0,0.1602508145933554,0.39999999999999997
17.944632530212402,1788958707.6394303,reach_far,0,0.0,-0.9,1.0,0.3,0.0,0.0015339808305725455,-0.9004467725753784,1.0170292854309082,0.2991262674331665,-0.01840776950120926,0.2075730806511215,0.0003184133764142891,0.15545274597527553,-0.009163920106295001,0.20634524039439164,0.0026497448204610852,0.9784327484233408,0.16630122683636206,0.009475016525313946,0.21576698236901953,-0.17858922990545936,0.13740489800321806,-0.6782027274353551,0.6994761192962531,0.20888933388512207,0.0,0.1602508145933554,0.39999999999999997
17.945045709609985,1788958707.6394303,reach_far,0,0.0,-0.9,1.0,0.3,0.0,0.0015339808305725455,-0.9004467725753784,1.0170292854309082,0.2991262674331665,-0.01840776950120926,0.2075730806511215,0.0003184133764142891,0.15545274597527553,-0.009163920106295001,0.20634524039439164,0.0026497448204610852,0.9784327484233408,0.16630122683636206,0.009475016525313946,0.21576698236901953,-0.17858922990545936,0.13740489800321806,-0.6782027274353551,0.6994761192962531,0.20888933388512207,0.0,0.1602508145933554,0.39999999999999997
17.951905012130737,1788958707.6394303,reach_far,0,0.0,-0.9,1.0,0.3,0.0,0.0015339808305725455,-0.9004467725753784,1.0170292854309082,0.2991262674331665,-0.01840776950120926,0.2075730806511215,0.0003184133764142891,0.15545274597527553,-0.009163920106295001,0.20634524039439164,0.0026497448204610852,0.9784327484233408,0.16630122683636206,0.009475016525313946,0.21576698236901953,-0.17858922990545936,0.13740489800321806,-0.6782027274353551,0.6994761192962531,0.20888933388512207,0.0,0.1602508145933554,0.39999999999999997
17.95646381378174,1788958707.6394303,reach_far,0,0.0,-0.9,1.0,0.3,0.0,0.0015339808305725455,-0.9004467725753784,1.0170292854309082,0.2991262674331665,-0.01840776950120926,0.2075730806511215,0.0003184133764142891,0.15545274597527553,-0.009163920106295001,0.20634524039439164,0.0026497448204610852,0.9784327484233408,0.16630122683636206,0.009475016525313946,0.21576698236901953,-0.17858922990545936,0.13740489800321806,-0.6782027274353551,0.6994761192962531,0.20888933388512207,0.0,0.1602508145933554,0.39999999999999997
17.956955671310425,1788958707.6727874,reach_far,0,0.0,-0.9,1.0,0.3,0.0,0.0015339808305725455,-0.9004467725753784,1.0170292854309082,0.2991262674331665,-0.01840776950120926,0.2075730806511215,0.0003184133764142891,0.15545274597527553,-0.009163920106295001,0.20634524039439164,0.0026497448204610852,0.9784327484233408,0.16630173481468918,0.009477925753405983,0.21575807321835083,-0.17952472959594432,0.13540562580282822,-0.6777860098608425,0.7000302227771069,0.20888933388512207,0.0,0.1602508145933554,0.39999999999999997
17.96181607246399,1788958707.6727874,reach_far,0,0.0,-0.9,1.0,0.3,0.0,0.0015339808305725455,-0.9004467725753784,1.0170292854309082,0.2991262674331665,-0.01840776950120926,0.2075730806511215,0.0003184133764142891,0.15545274597527553,-0.009163920106295001,0.20634524039439164,0.0026497448204610852,0.9784327484233408,0.16630173481468918,0.009477925753405983,0.21575807321835083,-0.17952472959594432,0.13540562580282822,-0.6777860098608425,0.7000302227771069,0.20888933388512207,0.0,0.1602508145933554,0.39999999999999997
17.971834421157837,1788958707.6727874,reach_far,0,0.0,-0.9,1.0,0.3,0.0,0.0015339808305725455,-0.9004467725753784,1.0170292854309082,0.2991262674331665,-0.01840776950120926,0.2075730806511215,0.0003184133764142891,0.15545274597527553,-0.009163920106295001,0.20634524039439164,0.0026497448204610852,0.9784327484233408,0.16630173481468918,0.009477925753405983,0.21575807321835083,-0.17952472959594432,0.13540562580282822,-0.6777860098608425,0.7000302227771069,0.20888933388512207,0.0,0.1602508145933554,0.39999999999999997
17.981876611709595,1788958707.6727874,reach_far,0,0.0,-0.9,1.0,0.3,0.0,0.0015339808305725455,-0.9004467725753784,1.0170292854309082,0.2991262674331665,-0.01840776950120926,0.2075730806511215,0.0003184133764142891,0.15545274597527553,-0.009163920106295001,0.20634524039439164,0.0026497448204610852,0.9784327484233408,0.16630173481468918,0.009477925753405983,0.21575807321835083,-0.17952472959594432,0.13540562580282822,-0.6777860098608425,0.7000302227771069,0.20888933388512207,0.0,0.1602508145933554,0.39999999999999997
17.989617586135864,1788958707.6727874,reach_far,0,0.0,-0.9,1.0,0.3,0.0,0.0015339808305725455,-0.9004467725753784,1.0170292854309082,0.2991262674331665,-0.01840776950120926,0.2075730806511215,0.0003184133764142891,0.15545274597527553,-0.009163920106295001,0.20634524039439164,0.0026497448204610852,0.9784327484233408,0.16630173481468918,0.009477925753405983,0.21575807321835083,-0.17952472959594432,0.13540562580282822,-0.6777860098608425,0.7000302227771069,0.20888933388512207,0.0,0.1602508145933554,0.39999999999999997
17.990103006362915,1788958707.7061448,reach_far,0,0.0,-0.9,1.0,0.3,0.0,0.0015339808305725455,-0.9004467725753784,1.0170292854309082,0.2991262674331665,-0.01840776950120926,0.2075730806511215,0.0003184133764142891,0.15545274597527553,-0.009163920106295001,0.20634524039439164,0.0026497448204610852,0.9784327484233408,0.1662700453285078,0.009479347779203647,0.21572219648884344,-0.1791716302223805,0.13551908380372302,-0.6779225223643749,0.6999665410000524,0.20888933388512207,0.0,0.1602508145933554,0.39999999999999997
17.991806507110596,1788958707.7061448,reach_far,0,0.0,-0.9,1.0,0.3,0.0,0.0015339808305725455,-0.9004467725753784,1.0170292854309082,0.2991262674331665,-0.01840776950120926,0.2075730806511215,0.0003184133764142891,0.15545274597527553,-0.009163920106295001,0.20634524039439164,0.0026497448204610852,0.9784327484233408,0.1662700453285078,0.009479347779203647,0.21572219648884344,-0.1791716302223805,0.13551908380372302,-0.6779225223643749,0.6999665410000524,0.20888933388512207,0.0,0.1602508145933554,0.39999999999999997
17.992513418197632,1788958707.7061448,reach_far,0,0.0,-0.9,1.0,0.3,0.0,0.0015339808305725455,-0.9004467725753784,1.0170292854309082,0.2991262674331665,-0.01840776950120926,0.2075730806511215,0.0003184133764142891,0.15545274597527553,-0.009163920106295001,0.20634524039439164,0.0026497448204610852,0.9784327484233408,0.1662700453285078,0.009479347779203647,0.21572219648884344,-0.1791716302223805,0.13551908380372302,-0.6779225223643749,0.6999665410000524,0.20888933388512207,0.0,0.1602508145933554,0.39999999999999997
18.001770496368408,1788958707.7061448,reach_far,0,0.0,-0.9,1.0,0.3,0.0,0.0015339808305725455,-0.9004467725753784,1.0170292854309082,0.2991262674331665,-0.01840776950120926,0.2075730806511215,0.0003184133764142891,0.15545274597527553,-0.009163920106295001,0.20634524039439164,0.0026497448204610852,0.9784327484233408,0.1662700453285078,0.009479347779203647,0.21572219648884344,-0.1791716302223805,0.13551908380372302,-0.6779225223643749,0.6999665410000524,0.20888933388512207,0.0,0.1602508145933554,0.39999999999999997
18.011812686920166,1788958707.7061448,reach_far,0,0.0,-0.9,1.0,0.3,0.0,0.0015339808305725455,-0.9004467725753784,1.0170292854309082,0.2991262674331665,-0.01840776950120926,0.2075730806511215,0.0003184133764142891,0.15545274597527553,-0.009163920106295001,0.20634524039439164,0.0026497448204610852,0.9784327484233408,0.1662700453285078,0.009479347779203647,0.21572219648884344,-0.1791716302223805,0.13551908380372302,-0.6779225223643749,0.6999665410000524,0.20888933388512207,0.0,0.1602508145933554,0.39999999999999997
18.021888732910156,1788958707.7061448,reach_far,0,0.0,-0.9,1.0,0.3,0.0,0.0015339808305725455,-0.9004467725753784,1.0170292854309082,0.2991262674331665,-0.01840776950120926,0.2075730806511215,0.0003184133764142891,0.15545274597527553,-0.009163920106295001,0.20634524039439164,0.0026497448204610852,0.9784327484233408,0.1662700453285078,0.009479347779203647,0.21572219648884344,-0.1791716302223805,0.13551908380372302,-0.6779225223643749,0.6999665410000524,0.20888933388512207,0.0,0.1602508145933554,0.39999999999999997
18.02289128303528,1788958707.7061448,reach_far,0,0.0,-0.9,1.0,0.3,0.0,0.0015339808305725455,-0.9004467725753784,1.0170292854309082,0.2991262674331665,-0.01840776950120926,0.2075730806511215,0.0003184133764142891,0.15545274597527553,-0.009163920106295001,0.20634524039439164,0.0026497448204610852,0.9784327484233408,0.1662700453285078,0.009479347779203647,0.21572219648884344,-0.1791716302223805,0.13551908380372302,-0.6779225223643749,0.6999665410000524,0.20888933388512207,0.0,0.1602508145933554,0.39999999999999997
18.023396015167236,1788958707.7395022,reach_far,0,0.0,-0.9,1.0,0.3,0.0,0.0015339808305725455,-0.898912787437439,1.0170292854309082,0.2991262674331665,-0.01840776950120926,0.2075730806511215,0.0003184133764142891,0.15545274597527553,-0.009163920106295001,0.20634524039439164,0.0026497448204610852,0.9784327484233408,0.16633066397615565,0.00948237496248313,0.2158131370685547,-0.17934782420454412,0.13490416568294405,-0.6778625606858829,0.7000982594285339,0.20888933388512207,0.0,0.1602508145933554,0.39999999999999997
18.0318546295166,1788958707.7395022,reach_far,0,0.0,-0.9,1.0,0.3,0.0,0.0015339808305725455,-0.898912787437439,1.0170292854309082,0.2991262674331665,-0.01840776950120926,0.2075730806511215,0.0003184133764142891,0.15545274597527553,-0.009163920106295001,0.20634524039439164,0.0026497448204610852,0.9784327484233408,0.16633066397615565,0.00948237496248313,0.2158131370685547,-0.17934782420454412,0.13490416568294405,-0.6778625606858829,0.7000982594285339,0.20888933388512207,0.0,0.1602508145933554,0.39999999999999997
18.04188561439514,1788958707.7395022,reach_far,0,0.0,-0.9,1.0,0.3,0.0,0.0015339808305725455,-0.898912787437439,1.0170292854309082,0.2991262674331665,-0.01840776950120926,0.2075730806511215,0.0003184133764142891,0.15545274597527553,-0.009163920106295001,0.20634524039439164,0.0026497448204610852,0.9784327484233408,0.16633066397615565,0.00948237496248313,0.2158131370685547,-0.17934782420454412,0.13490416568294405,-0.6778625606858829,0.7000982594285339,0.20888933388512207,0.0,0.1602508145933554,0.39999999999999997
18.052337169647217,1788958707.7395022,reach_far,0,0.0,-0.9,1.0,0.3,0.0,0.0015339808305725455,-0.898912787437439,1.0170292854309082,0.2991262674331665,-0.01840776950120926,0.2075730806511215,0.0003184133764142891,0.15545274597527553,-0.009163920106295001,0.20634524039439164,0.0026497448204610852,0.9784327484233408,0.16633066397615565,0.00948237496248313,0.2158131370685547,-0.17934782420454412,0.13490416568294405,-0.6778625606858829,0.7000982594285339,0.20888933388512207,0.0,0.1602508145933554,0.39999999999999997
18.052952766418457,1788958707.7395022,reach_far,0,0.0,-0.9,1.0,0.3,0.0,0.0015339808305725455,-0.898912787437439,1.0170292854309082,0.2991262674331665,-0.01840776950120926,0.2075730806511215,0.0003184133764142891,0.15545274597527553,-0.009163920106295001,0.20634524039439164,0.0026497448204610852,0.9784327484233408,0.16633066397615565,0.00948237496248313,0.2158131370685547,-0.17934782420454412,0.13490416568294405,-0.6778625606858829,0.7000982594285339,0.20888933388512207,0.0,0.1602508145933554,0.39999999999999997
18.057287454605103,1788958707.7395022,reach_far,0,0.0,-0.9,1.0,0.3,0.0,0.0015339808305725455,-0.898912787437439,1.0170292854309082,0.2991262674331665,-0.01840776950120926,0.2075730806511215,0.0003184133764142891,0.15545274597527553,-0.009163920106295001,0.20634524039439164,0.0026497448204610852,0.9784327484233408,0.16633066397615565,0.00948237496248313,0.2158131370685547,-0.17934782420454412,0.13490416568294405,-0.6778625606858829,0.7000982594285339,0.20888933388512207,0.0,0.1602508145933554,0.39999999999999997
18.057811975479126,1788958707.7728593,reach_far,0,0.0,-0.9,1.0,0.3,0.0,0.0015339808305725455,-0.9004467725753784,1.0170292854309082,0.2991262674331665,-0.01840776950120926,0.2075730806511215,0.0003184133764142891,0.15545274597527553,-0.009163920106295001,0.20634524039439164,0.0026497448204610852,0.9784327484233408,0.16631791533995371,0.009482080507979464,0.21579251099304586,-0.1794565804182457,0.1357351992570544,-0.677972774908332,0.699802977923311,0.20888933388512207,0.0,0.1602508145933554,0.39999999999999997
18.061831951141357,1788958707.7728593,reach_far,0,0.0,-0.9,1.0,0.3,0.0,0.0015339808305725455,-0.9004467725753784,1.0170292854309082,0.2991262674331665,-0.01840776950120926,0.2075730806511215,0.0003184133764142891,0.15545274597527553,-0.009163920106295001,0.20634524039439164,0.0026497448204610852,0.9784327484233408,0.16631791533995371,0.009482080507979464,0.21579251099304586,-0.1794565804182457,0.1357351992570544,-0.677972774908332,0.699802977923311,0.20888933388512207,0.0,0.1602508145933554,0.39999999999999997
18.071966409683228,1788958707.7728593,reach_far,0,0.0,-0.9,1.0,0.3,0.0,0.0015339808305725455,-0.9004467725753784,1.0170292854309082,0.2991262674331665,-0.01840776950120926,0.2075730806511215,0.0003184133764142891,0.15545274597527553,-0.009163920106295001,0.20634524039439164,0.0026497448204610852,0.9784327484233408,0.16631791533995371,0.009482080507979464,0.21579251099304586,-0.1794565804182457,0.1357351992570544,-0.677972774908332,0.699802977923311,0.20888933388512207,0.0,0.1602508145933554,0.39999999999999997
18.081981897354126,1788958707.7728593,reach_far,0,0.0,-0.9,1.0,0.3,0.0,0.0015339808305725455,-0.9004467725753784,1.0170292854309082,0.2991262674331665,-0.01840776950120926,0.2075730806511215,0.0003184133764142891,0.15545274597527553,-0.009163920106295001,0.20634524039439164,0.0026497448204610852,0.9784327484233408,0.16631791533995371,0.009482080507979464,0.21579251099304586,-0.1794565804182457,0.1357351992570544,-0.677972774908332,0.699802977923311,0.20888933388512207,0.0,0.1602508145933554,0.39999999999999997
18.090211153030396,1788958707.7728593,reach_far,0,0.0,-0.9,1.0,0.3,0.0,0.0015339808305725455,-0.9004467725753784,1.0170292854309082,0.2991262674331665,-0.01840776950120926,0.2075730806511215,0.0003184133764142891,0.15545274597527553,-0.009163920106295001,0.20634524039439164,0.0026497448204610852,0.9784327484233408,0.16631791533995371,0.009482080507979464,0.21579251099304586,-0.1794565804182457,0.1357351992570544,-0.677972774908332,0.699802977923311,0.20888933388512207,0.0,0.1602508145933554,0.39999999999999997
18.090705394744873,1788958707.8062167,reach_far,0,0.0,-0.9,1.0,0.3,0.0,0.0015339808305725455,-0.898912787437439,1.0170292854309082,0.2991262674331665,-0.01840776950120926,0.2075730806511215,0.0003184133764142891,0.15545274597527553,-0.009163920106295001,0.20634524039439164,0.0026497448204610852,0.9784327484233408,0.16616462850890962,0.009477390508891854,0.21556400622966848,-0.1788244924121002,0.1394990910104785,-0.678188390208464,0.6990152444026222,0.20888933388512207,0.0,0.1602508145933554,0.39999999999999997
18.091795921325684,1788958707.8062167,reach_far,0,0.0,-0.9,1.0,0.3,0.0,0.0015339808305725455,-0.898912787437439,1.0170292854309082,0.2991262674331665,-0.01840776950120926,0.2075730806511215,0.0003184133764142891,0.15545274597527553,-0.009163920106295001,0.20634524039439164,0.0026497448204610852,0.9784327484233408,0.16616462850890962,0.009477390508891854,0.21556400622966848,-0.1788244924121002,0.1394990910104785,-0.678188390208464,0.6990152444026222,0.20888933388512207,0.0,0.1602508145933554,0.39999999999999997
18.10174298286438,1788958707.8062167,reach_far,0,0.0,-0.9,1.0,0.3,0.0,0.0015339808305725455,-0.898912787437439,1.0170292854309082,0.2991262674331665,-0.01840776950120926,0.2075730806511215,0.0003184133764142891,0.15545274597527553,-0.009163920106295001,0.20634524039439164,0.0026497448204610852,0.9784327484233408,0.16616462850890962,0.009477390508891854,0.21556400622966848,-0.1788244924121002,0.1394990910104785,-0.678188390208464,0.6990152444026222,0.20888933388512207,0.0,0.1602508145933554,0.39999999999999997
18.111865520477295,1788958707.8062167,reach_far,0,0.0,-0.9,1.0,0.3,0.0,0.0015339808305725455,-0.898912787437439,1.0170292854309082,0.2991262674331665,-0.01840776950120926,0.2075730806511215,0.0003184133764142891,0.15545274597527553,-0.009163920106295001,0.20634524039439164,0.0026497448204610852,0.9784327484233408,0.16616462850890962,0.009477390508891854,0.21556400622966848,-0.1788244924121002,0.1394990910104785,-0.678188390208464,0.6990152444026222,0.20888933388512207,0.0,0.1602508145933554,0.39999999999999997
18.11277413368225,1788958707.8062167,reach_far,0,0.0,-0.9,1.0,0.3,0.0,0.0015339808305725455,-0.898912787437439,1.0170292854309082,0.2991262674331665,-0.01840776950120926,0.2075730806511215,0.0003184133764142891,0.15545274597527553,-0.009163920106295001,0.20634524039439164,0.0026497448204610852,0.9784327484233408,0.16616462850890962,0.009477390508891854,0.21556400622966848,-0.1788244924121002,0.1394990910104785,-0.678188390208464,0.6990152444026222,0.20888933388512207,0.0,0.1602508145933554,0.39999999999999997
18.11328434944153,1788958707.8062167,reach_far,0,0.0,-0.9,1.0,0.3,0.0,0.0015339808305725455,-0.898912787437439,1.0170292854309082,0.2991262674331665,-0.01840776950120926,0.2075730806511215,0.0003184133764142891,0.15545274597527553,-0.009163920106295001,0.20634524039439164,0.0026497448204610852,0.9784327484233408,0.16616462850890962,0.009477390508891854,0.21556400622966848,-0.1788244924121002,0.1394990910104785,-0.678188390208464,0.6990152444026222,0.20888933388512207,0.0,0.1602508145933554,0.39999999999999997
18.113723278045654,1788958707.8395739,reach_far,0,0.0,-0.9,1.0,0.3,0.0,0.0015339808305725455,-0.9004467725753784,1.0170292854309082,0.2991262674331665,-0.01840776950120926,0.2075730806511215,0.0003184133764142891,0.15545274597527553,-0.009163920106295001,0.20634524039439164,0.0026497448204610852,0.9784327484233408,0.16620102816319143,0.009483193658142547,0.2156028452744338,-0.17917167249241361,0.13826074318604537,-0.6781662214751607,0.699193860613791,0.20888933388512207,0.0,0.1602508145933554,0.39999999999999997
18.121920585632324,1788958707.8395739,reach_far,0,0.0,-0.9,1.0,0.3,0.0,0.0015339808305725455,-0.9004467725753784,1.0170292854309082,0.2991262674331665,-0.01840776950120926,0.2075730806511215,0.0003184133764142891,0.15545274597527553,-0.009163920106295001,0.20634524039439164,0.0026497448204610852,0.9784327484233408,0.16620102816319143,0.009483193658142547,0.2156028452744338,-0.17917167249241361,0.13826074318604537,-0.6781662214751607,0.699193860613791,0.20888933388512207,0.0,0.1602508145933554,0.39999999999999997
18.1318519115448,1788958707.8395739,reach_far,0,0.0,-0.9,1.0,0.3,0.0,0.0015339808305725455,-0.9004467725753784,1.0170292854309082,0.2991262674331665,-0.01840776950120926,0.2075730806511215,0.0003184133764142891,0.15545274597527553,-0.009163920106295001,0.20634524039439164,0.0026497448204610852,0.9784327484233408,0.16620102816319143,0.009483193658142547,0.2156028452744338,-0.17917167249241361,0.13826074318604537,-0.6781662214751607,0.699193860613791,0.20888933388512207,0.0,0.1602508145933554,0.39999999999999997
18.141995906829834,1788958707.8395739,reach_far,0,0.0,-0.9,1.0,0.3,0.0,0.0015339808305725455,-0.9004467725753784,1.0170292854309082,0.2991262674331665,-0.01840776950120926,0.2075730806511215,0.0003184133764142891,0.15545274597527553,-0.009163920106295001,0.20634524039439164,0.0026497448204610852,0.9784327484233408,0.16620102816319143,0.009483193658142547,0.2156028452744338,-0.17917167249241361,0.13826074318604537,-0.6781662214751607,0.699193860613791,0.20888933388512207,0.0,0.1602508145933554,0.39999999999999997
18.14588475227356,1788958707.8395739,reach_far,0,0.0,-0.9,1.0,0.3,0.0,0.0015339808305725455,-0.9004467725753784,1.0170292854309082,0.2991262674331665,-0.01840776950120926,0.2075730806511215,0.0003184133764142891,0.15545274597527553,-0.009163920106295001,0.20634524039439164,0.0026497448204610852,0.9784327484233408,0.16620102816319143,0.009483193658142547,0.2156028452744338,-0.17917167249241361,0.13826074318604537,-0.6781662214751607,0.699193860613791,0.20888933388512207,0.0,0.1602508145933554,0.39999999999999997
18.146320819854736,1788958707.8729315,reach_far,0,0.0,-0.9,1.0,0.3,0.0,0.0015339808305725455,-0.898912787437439,1.0170292854309082,0.2991262674331665,-0.01840776950120926,0.2075730806511215,0.0003184133764142891,0.15545274597527553,-0.009163920106295001,0.20634524039439164,0.0026497448204610852,0.9784327484233408,0.16626365367958135,0.009482445929335415,0.21572634908466098,-0.17856311143569367,0.1362459512358829,-0.6781868158279765,0.6997248736777506,0.20888933388512207,0.0,0.1602508145933554,0.39999999999999997
18.151849031448364,1788958707.8729315,reach_far,0,0.0,-0.9,1.0,0.3,0.0,0.0015339808305725455,-0.898912787437439,1.0170292854309082,0.2991262674331665,-0.01840776950120926,0.2075730806511215,0.0003184133764142891,0.15545274597527553,-0.009163920106295001,0.20634524039439164,0.0026497448204610852,0.9784327484233408,0.16626365367958135,0.009482445929335415,0.21572634908466098,-0.17856311143569367,0.1362459512358829,-0.6781868158279765,0.6997248736777506,0.20888933388512207,0.0,0.1602508145933554,0.39999999999999997
18.161850929260254,1788958707.8729315,reach_far,0,0.0,-0.9,1.0,0.3,0.0,0.0015339808305725455,-0.898912787437439,1.0170292854309082,0.2991262674331665,-0.01840776950120926,0.2075730806511215,0.0003184133764142891,0.15545274597527553,-0.009163920106295001,0.20634524039439164,0.0026497448204610852,0.9784327484233408,0.16626365367958135,0.009482445929335415,0.21572634908466098,-0.17856311143569367,0.1362459512358829,-0.6781868158279765,0.6997248736777506,0.20888933388512207,0.0,0.1602508145933554,0.39999999999999997
18.171945333480835,1788958707.8729315,reach_far,0,0.0,-0.9,1.0,0.3,0.0,0.0015339808305725455,-0.898912787437439,1.0170292854309082,0.2991262674331665,-0.01840776950120926,0.2075730806511215,0.0003184133764142891,0.15545274597527553,-0.009163920106295001,0.20634524039439164,0.0026497448204610852,0.9784327484233408,0.16626365367958135,0.009482445929335415,0.21572634908466098,-0.17856311143569367,0.1362459512358829,-0.6781868158279765,0.6997248736777506,0.20888933388512207,0.0,0.1602508145933554,0.39999999999999997
18.172795057296753,1788958707.8729315,reach_far,0,0.0,-0.9,1.0,0.3,0.0,0.0015339808305725455,-0.898912787437439,1.0170292854309082,0.2991262674331665,-0.01840776950120926,0.2075730806511215,0.0003184133764142891,0.15545274597527553,-0.009163920106295001,0.20634524039439164,0.0026497448204610852,0.9784327484233408,0.16626365367958135,0.009482445929335415,0.21572634908466098,-0.17856311143569367,0.1362459512358829,-0.6781868158279765,0.6997248736777506,0.20888933388512207,0.0,0.1602508145933554,0.39999999999999997
18.179921865463257,1788958707.8729315,reach_far,0,0.0,-0.9,1.0,0.3,0.0,0.0015339808305725455,-0.898912787437439,1.0170292854309082,0.2991262674331665,-0.01840776950120926,0.2075730806511215,0.0003184133764142891,0.15545274597527553,-0.009163920106295001,0.20634524039439164,0.0026497448204610852,0.9784327484233408,0.16626365367958135,0.009482445929335415,0.21572634908466098,-0.17856311143569367,0.1362459512358829,-0.6781868158279765,0.6997248736777506,0.20888933388512207,0.0,0.1602508145933554,0.39999999999999997
18.180626392364502,1788958707.9062886,reach_far,0,0.0,-0.9,1.0,0.3,0.0,0.0,-0.898912787437439,1.0170292854309082,0.2991262674331665,-0.01840776950120926,0.2075730806511215,0.0003184133764142891,0.15545274597527553,-0.009163920106295001,0.20634524039439164,0.0026497448204610852,0.9784327484233408,0.16632758537297432,0.009481172400123701,0.21581695721504163,-0.17939235363828493,0.13478785893338158,-0.6777257492811046,0.7002416906337675,0.20888933388512207,0.0,0.1602508145933554,0.39999999999999997
18.181936502456665,1788958707.9062886,reach_far,0,0.0,-0.9,1.0,0.3,0.0,0.0,-0.898912787437439,1.0170292854309082,0.2991262674331665,-0.01840776950120926,0.2075730806511215,0.0003184133764142891,0.15545274597527553,-0.009163920106295001,0.20634524039439164,0.0026497448204610852,0.9784327484233408,0.16632758537297432,0.009481172400123701,0.21581695721504163,-0.17939235363828493,0.13478785893338158,-0.6777257492811046,0.7002416906337675,0.20888933388512207,0.0,0.1602508145933554,0.39999999999999997
18.191898822784424,1788958707.9062886,reach_far,0,0.0,-0.9,1.0,0.3,0.0,0.0,-0.898912787437439,1.0170292854309082,0.2991262674331665,-0.01840776950120926,0.2075730806511215,0.0003184133764142891,0.15545274597527553,-0.009163920106295001,0.20634524039439164,0.0026497448204610852,0.9784327484233408,0.16632758537297432,0.009481172400123701,0.21581695721504163,-0.17939235363828493,0.13478785893338158,-0.6777257492811046,0.7002416906337675,0.20888933388512207,0.0,0.1602508145933554,0.39999999999999997
18.20185375213623,1788958707.9062886,reach_far,0,0.0,-0.9,1.0,0.3,0.0,0.0,-0.898912787437439,1.0170292854309082,0.2991262674331665,-0.01840776950120926,0.2075730806511215,0.0003184133764142891,0.15545274597527553,-0.009163920106295001,0.20634524039439164,0.0026497448204610852,0.9784327484233408,0.16632758537297432,0.009481172400123701,0.21581695721504163,-0.17939235363828493,0.13478785893338158,-0.6777257492811046,0.7002416906337675,0.20888933388512207,0.0,0.1602508145933554,0.39999999999999997
18.211820363998413,1788958707.9062886,reach_far,0,0.0,-0.9,1.0,0.3,0.0,0.0,-0.898912787437439,1.0170292854309082,0.2991262674331665,-0.01840776950120926,0.2075730806511215,0.0003184133764142891,0.15545274597527553,-0.009163920106295001,0.20634524039439164,0.0026497448204610852,0.9784327484233408,0.16632758537297432,0.009481172400123701,0.21581695721504163,-0.17939235363828493,0.13478785893338158,-0.6777257492811046,0.7002416906337675,0.20888933388512207,0.0,0.1602508145933554,0.39999999999999997
18.213115453720093,1788958707.9062886,reach_far,0,0.0,-0.9,1.0,0.3,0.0,0.0,-0.898912787437439,1.0170292854309082,0.2991262674331665,-0.01840776950120926,0.2075730806511215,0.0003184133764142891,0.15545274597527553,-0.009163920106295001,0.20634524039439164,0.0026497448204610852,0.9784327484233408,0.16632758537297432,0.009481172400123701,0.21581695721504163,-0.17939235363828493,0.13478785893338158,-0.6777257492811046,0.7002416906337675,0.20888933388512207,0.0,0.1602508145933554,0.39999999999999997
18.213613033294678,1788958707.939646,reach_far,0,0.0,-0.9,1.0,0.3,0.0,0.0015339808305725455,-0.9004467725753784,1.0170292854309082,0.2991262674331665,-0.01840776950120926,0.2075730806511215,0.0003184133764142891,0.15545274597527553,-0.009163920106295001,0.20634524039439164,0.0026497448204610852,0.9784327484233408,0.16629986984797773,0.0094788812114484,0.21575545195696882,-0.17831441224722736,0.1371496987855191,-0.6782369006716371,0.6995631759000037,0.20888933388512207,0.0,0.1602508145933554,0.39999999999999997
18.2218279838562,1788958707.939646,reach_far,0,0.0,-0.9,1.0,0.3,0.0,0.0015339808305725455,-0.9004467725753784,1.0170292854309082,0.2991262674331665,-0.01840776950120926,0.2075730806511215,0.0003184133764142891,0.15545274597527553,-0.009163920106295001,0.20634524039439164,0.0026497448204610852,0.9784327484233408,0.16629986984797773,0.0094788812114484,0.21575545195696882,-0.17831441224722736,0.1371496987855191,-0.6782369006716371,0.6995631759000037,0.20888933388512207,0.0,0.1602508145933554,0.39999999999999997
18.231813669204712,1788958707.939646,reach_far,0,0.0,-0.9,1.0,0.3,0.0,0.0015339808305725455,-0.9004467725753784,1.0170292854309082,0.2991262674331665,-0.01840776950120926,0.2075730806511215,0.0003184133764142891,0.15545274597527553,-0.009163920106295001,0.20634524039439164,0.0026497448204610852,0.9784327484233408,0.16629986984797773,0.0094788812114484,0.21575545195696882,-0.17831441224722736,0.1371496987855191,-0.6782369006716371,0.6995631759000037,0.20888933388512207,0.0,0.1602508145933554,0.39999999999999997
18.232568740844727,1788958707.939646,reach_far,0,0.0,-0.9,1.0,0.3,0.0,0.0015339808305725455,-0.9004467725753784,1.0170292854309082,0.2991262674331665,-0.01840776950120926,0.2075730806511215,0.0003184133764142891,0.15545274597527553,-0.009163920106295001,0.20634524039439164,0.0026497448204610852,0.9784327484233408,0.16629986984797773,0.0094788812114484,0.21575545195696882,-0.17831441224722736,0.1371496987855191,-0.6782369006716371,0.6995631759000037,0.20888933388512207,0.0,0.1602508145933554,0.39999999999999997
18.241810083389282,1788958707.939646,reach_far,0,0.0,-0.9,1.0,0.3,0.0,0.0015339808305725455,-0.9004467725753784,1.0170292854309082,0.2991262674331665,-0.01840776950120926,0.2075730806511215,0.0003184133764142891,0.15545274597527553,-0.009163920106295001,0.20634524039439164,0.0026497448204610852,0.9784327484233408,0.16629986984797773,0.0094788812114484,0.21575545195696882,-0.17831441224722736,0.1371496987855191,-0.6782369006716371,0.6995631759000037,0.20888933388512207,0.0,0.1602508145933554,0.39999999999999997
18.246633529663086,1788958707.939646,reach_far,0,0.0,-0.9,1.0,0.3,0.0,0.0015339808305725455,-0.9004467725753784,1.0170292854309082,0.2991262674331665,-0.01840776950120926,0.2075730806511215,0.0003184133764142891,0.15545274597527553,-0.009163920106295001,0.20634524039439164,0.0026497448204610852,0.9784327484233408,0.16629986984797773,0.0094788812114484,0.21575545195696882,-0.17831441224722736,0.1371496987855191,-0.6782369006716371,0.6995631759000037,0.20888933388512207,0.0,0.1602508145933554,0.39999999999999997
18.2471866607666,1788958707.9730046,reach_far,0,0.0,-0.9,1.0,0.3,0.0,0.0015339808305725455,-0.9004467725753784,1.0170292854309082,0.2991262674331665,-0.01840776950120926,0.2075730806511215,0.0003184133764142891,0.15545274597527553,-0.009163920106295001,0.20634524039439164,0.0026497448204610852,0.9784327484233408,0.16628058704059617,0.009479860108729867,0.21574040299169067,-0.1796599194323354,0.136177847324431,-0.6779381245445856,0.6996983682535074,0.20888933388512207,0.0,0.1602508145933554,0.39999999999999997
18.251860857009888,1788958707.9730046,reach_far,0,0.0,-0.9,1.0,0.3,0.0,0.0015339808305725455,-0.9004467725753784,1.0170292854309082,0.2991262674331665,-0.01840776950120926,0.2075730806511215,0.0003184133764142891,0.15545274597527553,-0.009163920106295001,0.20634524039439164,0.0026497448204610852,0.9784327484233408,0.16628058704059617,0.009479860108729867,0.21574040299169067,-0.1796599194323354,0.136177847324431,-0.6779381245445856,0.6996983682535074,0.20888933388512207,0.0,0.1602508145933554,0.39999999999999997
18.261792421340942,1788958707.9730046,reach_far,0,0.0,-0.9,1.0,0.3,0.0,0.0015339808305725455,-0.9004467725753784,1.0170292854309082,0.2991262674331665,-0.01840776950120926,0.2075730806511215,0.0003184133764142891,0.15545274597527553,-0.009163920106295001,0.20634524039439164,0.0026497448204610852,0.9784327484233408,0.16628058704059617,0.009479860108729867,0.21574040299169067,-0.1796599194323354,0.136177847324431,-0.6779381245445856,0.6996983682535074,0.20888933388512207,0.0,0.1602508145933554,0.39999999999999997
18.271891832351685,1788958707.9730046,reach_far,0,0.0,-0.9,1.0,0.3,0.0,0.0015339808305725455,-0.9004467725753784,1.0170292854309082,0.2991262674331665,-0.01840776950120926,0.2075730806511215,0.0003184133764142891,0.15545274597527553,-0.009163920106295001,0.20634524039439164,0.0026497448204610852,0.9784327484233408,0.16628058704059617,0.009479860108729867,0.21574040299169067,-0.1796599194323354,0.136177847324431,-0.6779381245445856,0.6996983682535074,0.20888933388512207,0.0,0.1602508145933554,0.39999999999999997
18.27975845336914,1788958707.9730046,reach_far,0,0.0,-0.9,1.0,0.3,0.0,0.0015339808305725455,-0.9004467725753784,1.0170292854309082,0.2991262674331665,-0.01840776950120926,0.2075730806511215,0.0003184133764142891,0.15545274597527553,-0.009163920106295001,0.20634524039439164,0.0026497448204610852,0.9784327484233408,0.16628058704059617,0.009479860108729867,0.21574040299169067,-0.1796599194323354,0.136177847324431,-0.6779381245445856,0.6996983682535074,0.20888933388512207,0.0,0.1602508145933554,0.39999999999999997
18.28033185005188,1788958708.0063636,reach_far,0,0.0,-0.9,1.0,0.3,0.0,0.0,-0.9004467725753784,1.0170292854309082,0.2991262674331665,-0.01840776950120926,0.2075730806511215,0.0003184133764142891,0.15545274597527553,-0.009163920106295001,0.20634524039439164,0.0026497448204610852,0.9784327484233408,0.1663226723444613,0.009481750253690118,0.2157895323950358,-0.17868177952143735,0.136355026249388,-0.6782042759518866,0.6996564075059691,0.20888933388512207,0.0,0.1602508145933554,0.39999999999999997
18.342345476150513,1788958708.0063636,reach_far,0,0.0,-0.9,1.0,0.3,0.0,0.0,-0.9004467725753784,1.0170292854309082,0.2991262674331665,-0.01840776950120926,0.20757308065112154,0.0003184133764142891,0.1554527459752755,-0.009163920106295001,0.20634524039439164,0.0026497448204610852,0.9784327484233408,0.1663226723444613,0.009481750253690118,0.2157895323950358,-0.17868177952143735,0.136355026249388,-0.6782042759518866,0.6996564075059691,0.20888933388512207,0.0,0.1602508145933554,0.39999999999999997
18.342814207077026,1788958708.0063636,reach_far,0,0.0,-0.9,1.0,0.3,0.0,0.0,-0.9004467725753784,1.0170292854309082,0.2991262674331665,-0.01840776950120926,0.20757308065112154,0.0003184133764142891,0.1554527459752755,-0.009163920106295001,0.20634524039439164,0.0026497448204610852,0.9784327484233408,0.1663226723444613,0.009481750253690118,0.2157895323950358,-0.17868177952143735,0.136355026249388,-0.6782042759518866,0.6996564075059691,0.20888933388512207,0.0,0.1602508145933554,0.39999999999999997
18.34323000907898,1788958708.0397222,reach_far,0,0.0,-0.9,1.0,0.3,0.0,0.0015339808305725455,-0.9004467725753784,1.0170292854309082,0.2991262674331665,-0.01840776950120926,0.2075730806511215,0.0003184133764142891,0.15545274597527553,-0.009163920106295001,0.20634524039439164,0.0026497448204610852,0.9784327484233408,0.1662519331475939,0.00947965832534324,0.21568343958563668,-0.17992525722911096,0.13646955977401673,-0.6777408411378079,0.6997644698896489,0.20888933388512207,0.0,0.1602508145933554,0.39999999999999997
18.343693017959595,1788958708.0397222,reach_far,0,0.0,-0.9,1.0,0.3,0.0,0.0015339808305725455,-0.9004467725753784,1.0170292854309082,0.2991262674331665,-0.01840776950120926,0.2075730806511215,0.0003184133764142891,0.15545274597527553,-0.009163920106295001,0.20634524039439164,0.0026497448204610852,0.9784327484233408,0.1662519331475939,0.00947965832534324,0.21568343958563668,-0.17992525722911096,0.13646955977401673,-0.6777408411378079,0.6997644698896489,0.20888933388512207,0.0,0.1602508145933554,0.39999999999999997
18.344011783599854,1788958708.0397222,reach_far,0,0.0,-0.9,1.0,0.3,0.0,0.0015339808305725455,-0.9004467725753784,1.0170292854309082,0.2991262674331665,-0.01840776950120926,0.2075730806511215,0.0003184133764142891,0.15545274597527553,-0.009163920106295001,0.20634524039439164,0.0026497448204610852,0.9784327484233408,0.1662519331475939,0.00947965832534324,0.21568343958563668,-0.17992525722911096,0.13646955977401673,-0.6777408411378079,0.6997644698896489,0.20888933388512207,0.0,0.1602508145933554,0.39999999999999997
18.344636917114258,1788958708.0397222,reach_far,0,0.0,-0.9,1.0,0.3,0.0,0.0015339808305725455,-0.9004467725753784,1.0170292854309082,0.2991262674331665,-0.01840776950120926,0.2075730806511215,0.0003184133764142891,0.15545274597527553,-0.009163920106295001,0.20634524039439164,0.0026497448204610852,0.9784327484233408,0.1662519331475939,0.00947965832534324,0.21568343958563668,-0.17992525722911096,0.13646955977401673,-0.6777408411378079,0.6997644698896489,0.20888933388512207,0.0,0.1602508145933554,0.39999999999999997
18.34498691558838,1788958708.0397222,reach_far,0,0.0,-0.9,1.0,0.3,0.0,0.0015339808305725455,-0.9004467725753784,1.0170292854309082,0.2991262674331665,-0.01840776950120926,0.2075730806511215,0.0003184133764142891,0.15545274597527553,-0.009163920106295001,0.20634524039439164,0.0026497448204610852,0.9784327484233408,0.1662519331475939,0.00947965832534324,0.21568343958563668,-0.17992525722911096,0.13646955977401673,-0.6777408411378079,0.6997644698896489,0.20888933388512207,0.0,0.1602508145933554,0.39999999999999997
18.345396757125854,1788958708.0397222,reach_far,0,0.0,-0.9,1.0,0.3,0.0,0.0015339808305725455,-0.9004467725753784,1.0170292854309082,0.2991262674331665,-0.01840776950120926,0.2075730806511215,0.0003184133764142891,0.15545274597527553,-0.009163920106295001,0.20634524039439164,0.0026497448204610852,0.9784327484233408,0.1662519331475939,0.00947965832534324,0.21568343958563668,-0.17992525722911096,0.13646955977401673,-0.6777408411378079,0.6997644698896489,0.20888933388512207,0.0,0.1602508145933554,0.39999999999999997
18.345811128616333,1788958708.0397222,reach_far,0,0.0,-0.9,1.0,0.3,0.0,0.0015339808305725455,-0.9004467725753784,1.0170292854309082,0.2991262674331665,-0.01840776950120926,0.2075730806511215,0.0003184133764142891,0.15545274597527553,-0.009163920106295001,0.20634524039439164,0.0026497448204610852,0.9784327484233408,0.1662519331475939,0.00947965832534324,0.21568343958563668,-0.17992525722911096,0.13646955977401673,-0.6777408411378079,0.6997644698896489,0.20888933388512207,0.0,0.1602508145933554,0.39999999999999997
18.35187268257141,1788958708.0397222,reach_far,0,0.0,-0.9,1.0,0.3,0.0,0.0015339808305725455,-0.9004467725753784,1.0170292854309082,0.2991262674331665,-0.01840776950120926,0.2075730806511215,0.0003184133764142891,0.15545274597527553,-0.009163920106295001,0.20634524039439164,0.0026497448204610852,0.9784327484233408,0.1662519331475939,0.00947965832534324,0.21568343958563668,-0.17992525722911096,0.13646955977401673,-0.6777408411378079,0.6997644698896489,0.20888933388512207,0.0,0.1602508145933554,0.39999999999999997
18.357090711593628,1788958708.0397222,reach_far,0,0.0,-0.9,1.0,0.3,0.0,0.0015339808305725455,-0.9004467725753784,1.0170292854309082,0.2991262674331665,-0.01840776950120926,0.2075730806511215,0.0003184133764142891,0.15545274597527553,-0.009163920106295001,0.20634524039439164,0.0026497448204610852,0.9784327484233408,0.1662519331475939,0.00947965832534324,0.21568343958563668,-0.17992525722911096,0.13646955977401673,-0.6777408411378079,0.6997644698896489,0.20888933388512207,0.0,0.1602508145933554,0.39999999999999997
18.35751247406006,1788958708.0730808,reach_far,0,0.0,-0.9,1.0,0.3,0.0,0.0015339808305725455,-0.9004467725753784,1.0170292854309082,0.2991262674331665,-0.01840776950120926,0.207601825800935,0.0003184574709576612,0.15533533802721244,-0.009163594856568973,0.2066219251272932,0.002652246675560211,0.9783743527778965,0.1661633993604678,0.009476013289923334,0.21554870513326918,-0.17944496374946353,0.13818082112871577,-0.6780385323469306,0.6992634083876892,0.20888933388512207,0.0,0.1602508145933554,0.39999999999999997
18.361937522888184,1788958708.0730808,reach_far,0,0.0,-0.9,1.0,0.3,0.0,0.0015339808305725455,-0.9004467725753784,1.0170292854309082,0.2991262674331665,-0.01840776950120926,0.207601825800935,0.0003184574709576612,0.15533533802721244,-0.009163594856568973,0.2066219251272932,0.002652246675560211,0.9783743527778965,0.1661633993604678,0.009476013289923334,0.21554870513326918,-0.17944496374946353,0.13818082112871577,-0.6780385323469306,0.6992634083876892,0.20888933388512207,0.0,0.1602508145933554,0.39999999999999997
18.371887683868408,1788958708.0730808,reach_far,0,0.0,-0.9,1.0,0.3,0.0,0.0015339808305725455,-0.9004467725753784,1.0170292854309082,0.2991262674331665,-0.01840776950120926,0.207601825800935,0.0003184574709576612,0.15533533802721244,-0.009163594856568973,0.2066219251272932,0.002652246675560211,0.9783743527778965,0.1661633993604678,0.009476013289923334,0.21554870513326918,-0.17944496374946353,0.13818082112871577,-0.6780385323469306,0.6992634083876892,0.20888933388512207,0.0,0.1602508145933554,0.39999999999999997
18.379570484161377,1788958708.0730808,reach_far,0,0.0,-0.9,1.0,0.3,0.0,0.0015339808305725455,-0.9004467725753784,1.0170292854309082,0.2991262674331665,-0.01840776950120926,0.207601825800935,0.0003184574709576612,0.15533533802721244,-0.009163594856568973,0.2066219251272932,0.002652246675560211,0.9783743527778965,0.1661633993604678,0.009476013289923334,0.21554870513326918,-0.17944496374946353,0.13818082112871577,-0.6780385323469306,0.6992634083876892,0.20888933388512207,0.0,0.1602508145933554,0.39999999999999997
18.38010263442993,1788958708.1064396,reach_far,0,0.0,-0.9,1.0,0.3,0.0,0.0015339808305725455,-0.898912787437439,1.0170292854309082,0.2991262674331665,-0.01840776950120926,0.20764509450169097,0.0003185238443672456,0.15515806487704487,-0.009163102462091972,0.2070395850155786,0.002656023145814143,0.9782860488276908,0.16620454407651547,0.009483363857777063,0.21561237564659297,-0.17859182275040836,0.1393275196670055,-0.6782596572317732,0.6990397989256154,0.20888933388512207,0.0,0.1602508145933554,0.39999999999999997
18.3820321559906,1788958708.1064396,reach_far,0,0.0,-0.9,1.0,0.3,0.0,0.0015339808305725455,-0.898912787437439,1.0170292854309082,0.2991262674331665,-0.01840776950120926,0.20764509450169097,0.0003185238443672456,0.15515806487704487,-0.009163102462091972,0.2070395850155786,0.002656023145814143,0.9782860488276908,0.16620454407651547,0.009483363857777063,0.21561237564659297,-0.17859182275040836,0.1393275196670055,-0.6782596572317732,0.6990397989256154,0.20888933388512207,0.0,0.1602508145933554,0.39999999999999997
18.39239263534546,1788958708.1064396,reach_far,0,0.0,-0.9,1.0,0.3,0.0,0.0015339808305725455,-0.898912787437439,1.0170292854309082,0.2991262674331665,-0.01840776950120926,0.20764509450169097,0.0003185238443672456,0.15515806487704487,-0.009163102462091972,0.2070395850155786,0.002656023145814143,0.9782860488276908,0.16620454407651547,0.009483363857777063,0.21561237564659297,-0.17859182275040836,0.1393275196670055,-0.6782596572317732,0.6990397989256154,0.20888933388512207,0.0,0.1602508145933554,0.39999999999999997
18.392768383026123,1788958708.1064396,reach_far,0,0.0,-0.9,1.0,0.3,0.0,0.0015339808305725455,-0.898912787437439,1.0170292854309082,0.2991262674331665,-0.01840776950120926,0.20764509450169097,0.0003185238443672456,0.15515806487704487,-0.009163102462091972,0.2070395850155786,0.002656023145814143,0.9782860488276908,0.16620454407651547,0.009483363857777063,0.21561237564659297,-0.17859182275040836,0.1393275196670055,-0.6782596572317732,0.6990397989256154,0.20888933388512207,0.0,0.1602508145933554,0.39999999999999997
18.401849269866943,1788958708.1064396,reach_far,0,0.0,-0.9,1.0,0.3,0.0,0.0015339808305725455,-0.898912787437439,1.0170292854309082,0.2991262674331665,-0.01840776950120926,0.20764509450169097,0.0003185238443672456,0.15515806487704487,-0.009163102462091972,0.2070395850155786,0.002656023145814143,0.9782860488276908,0.16620454407651547,0.009483363857777063,0.21561237564659297,-0.17859182275040836,0.1393275196670055,-0.6782596572317732,0.6990397989256154,0.20888933388512207,0.0,0.1602508145933554,0.39999999999999997
18.4118754863739,1788958708.1064396,reach_far,0,0.0,-0.9,1.0,0.3,0.0,0.0015339808305725455,-0.898912787437439,1.0170292854309082,0.2991262674331665,-0.01840776950120926,0.20764509450169097,0.0003185238443672456,0.15515806487704487,-0.009163102462091972,0.2070395850155786,0.002656023145814143,0.9782860488276908,0.16620454407651547,0.009483363857777063,0.21561237564659297,-0.17859182275040836,0.1393275196670055,-0.6782596572317732,0.6990397989256154,0.20888933388512207,0.0,0.1602508145933554,0.39999999999999997
18.421881198883057,1788958708.1064396,reach_far,0,0.0,-0.9,1.0,0.3,0.0,0.0015339808305725455,-0.898912787437439,1.0170292854309082,0.2991262674331665,-0.01840776950120926,0.20764509450169097,0.0003185238443672456,0.15515806487704487,-0.009163102462091972,0.2070395850155786,0.002656023145814143,0.9782860488276908,0.16620454407651547,0.009483363857777063,0.21561237564659297,-0.17859182275040836,0.1393275196670055,-0.6782596572317732,0.6990397989256154,0.20888933388512207,0.0,0.1602508145933554,0.39999999999999997
18.423548221588135,1788958708.1064396,reach_far,0,0.0,-0.9,1.0,0.3,0.0,0.0015339808305725455,-0.898912787437439,1.0170292854309082,0.2991262674331665,-0.01840776950120926,0.20764509450169097,0.0003185238443672456,0.15515806487704487,-0.009163102462091972,0.2070395850155786,0.002656023145814143,0.9782860488276908,0.16620454407651547,0.009483363857777063,0.21561237564659297,-0.17859182275040836,0.1393275196670055,-0.6782596572317732,0.6990397989256154,0.20888933388512207,0.0,0.1602508145933554,0.39999999999999997
18.424149751663208,1788958708.1397984,reach_far,0,0.0,-0.9,1.0,0.3,0.0,0.0015339808305725455,-0.9004467725753784,1.0170292854309082,0.2991262674331665,-0.01840776950120926,0.20765088968364034,0.0003185327340722384,0.15513427183842013,-0.009163036255176988,0.207095632508571,0.0026565299149686203,0.978274184782197,0.1662851237443534,0.009482529568207873,0.21574431158900798,-0.17888618476447893,0.13619342115035568,-0.6781006190577933,0.6997361183826433,0.20888933388512207,0.0,0.1602508145933554,0.39999999999999997
18.43186593055725,1788958708.1397984,reach_far,0,0.0,-0.9,1.0,0.3,0.0,0.0015339808305725455,-0.9004467725753784,1.0170292854309082,0.2991262674331665,-0.01840776950120926,0.20765088968364034,0.0003185327340722384,0.15513427183842013,-0.009163036255176988,0.207095632508571,0.0026565299149686203,0.978274184782197,0.1662851237443534,0.009482529568207873,0.21574431158900798,-0.17888618476447893,0.13619342115035568,-0.6781006190577933,0.6997361183826433,0.20888933388512207,0.0,0.1602508145933554,0.39999999999999997
18.441892862319946,1788958708.1397984,reach_far,0,0.0,-0.9,1.0,0.3,0.0,0.0015339808305725455,-0.9004467725753784,1.0170292854309082,0.2991262674331665,-0.01840776950120926,0.20765088968364034,0.0003185327340722384,0.15513427183842013,-0.009163036255176988,0.207095632508571,0.0026565299149686203,0.978274184782197,0.1662851237443534,0.009482529568207873,0.21574431158900798,-0.17888618476447893,0.13619342115035568,-0.6781006190577933,0.6997361183826433,0.20888933388512207,0.0,0.1602508145933554,0.39999999999999997
18.451764822006226,1788958708.1397984,reach_far,0,0.0,-0.9,1.0,0.3,0.0,0.0015339808305725455,-0.9004467725753784,1.0170292854309082,0.2991262674331665,-0.01840776950120926,0.20765088968364034,0.0003185327340722384,0.15513427183842013,-0.009163036255176988,0.207095632508571,0.0026565299149686203,0.978274184782197,0.1662851237443534,0.009482529568207873,0.21574431158900798,-0.17888618476447893,0.13619342115035568,-0.6781006190577933,0.6997361183826433,0.20888933388512207,0.0,0.1602508145933554,0.39999999999999997
23.471641302108765,1788958713.1768165,reach_low,0,0.0,-0.55,0.95,0.55,0.0,0.0,-0.5537670850753784,0.954136073589325,0.5414952039718628,-0.01840776950120926,0.1950937820511038,0.0,0.07190708681988395,-0.008203559290951411,0.4533408961480575,0.004172615184370697,0.8912896963261492,0.18882820892766192,0.00666650321234309,0.1435951933477836,-0.3685816401517404,0.3116103763534702,-0.6121767083110465,0.626327570599725,0.1946226867755445,0.0,0.07118292473718632,0.95
23.48163938522339,1788958713.1768165,reach_low,0,0.0,-0.55,0.95,0.55,0.0,0.0,-0.5537670850753784,0.954136073589325,0.5414952039718628,-0.01840776950120926,0.1950937820511038,0.0,0.07190708681988395,-0.008203559290951411,0.4533408961480575,0.004172615184370697,0.8912896963261492,0.18882820892766192,0.00666650321234309,0.1435951933477836,-0.3685816401517404,0.3116103763534702,-0.6121767083110465,0.626327570599725,0.1946226867755445,0.0,0.07118292473718632,0.95
23.482506036758423,1788958713.1768165,reach_low,0,0.0,-0.55,0.95,0.55,0.0,0.0,-0.5537670850753784,0.954136073589325,0.5414952039718628,-0.01840776950120926,0.1950937820511038,0.0,0.07190708681988395,-0.008203559290951411,0.4533408961480575,0.004172615184370697,0.8912896963261492,0.18882820892766192,0.00666650321234309,0.1435951933477836,-0.3685816401517404,0.3116103763534702,-0.6121767083110465,0.626327570599725,0.1946226867755445,0.0,0.07118292473718632,0.95
23.491552591323853,1788958713.1768165,reach_low,0,0.0,-0.55,0.95,0.55,0.0,0.0,-0.5537670850753784,0.954136073589325,0.5414952039718628,-0.01840776950120926,0.1950937820511038,0.0,0.07190708681988395,-0.008203559290951411,0.4533408961480575,0.004172615184370697,0.8912896963261492,0.18882820892766192,0.00666650321234309,0.1435951933477836,-0.3685816401517404,0.3116103763534702,-0.6121767083110465,0.626327570599725,0.1946226867755445,0.0,0.07118292473718632,0.95
23.493669748306274,1788958713.1768165,reach_low,0,0.0,-0.55,0.95,0.55,0.0,0.0,-0.5537670850753784,0.954136073589325,0.5414952039718628,-0.01840776950120926,0.1950937820511038,0.0,0.07190708681988395,-0.008203559290951411,0.4533408961480575,0.004172615184370697,0.8912896963261492,0.18882820892766192,0.00666650321234309,0.1435951933477836,-0.3685816401517404,0.3116103763534702,-0.6121767083110465,0.626327570599725,0.1946226867755445,0.0,0.07118292473718632,0.95
23.494112014770508,1788958713.2101736,reach_low,0,0.0,-0.55,0.95,0.55,0.0,0.0,-0.5537670850753784,0.954136073589325,0.5414952039718628,-0.01840776950120926,0.19510820917672062,0.0,0.07199337641393108,-0.00820448182594324,0.45314378452053417,0.004170800940438573,0.8913899267143929,0.18886407437009856,0.006669530069649344,0.1436639439418499,-0.3682419992636374,0.3121096365839548,-0.6123425426018904,0.6261166147369062,0.1946226867755445,0.0,0.07118292473718632,0.95
23.501614570617676,1788958713.2101736,reach_low,0,0.0,-0.55,0.95,0.55,0.0,0.0,-0.5537670850753784,0.954136073589325,0.5414952039718628,-0.01840776950120926,0.19510820917672062,0.0,0.07199337641393108,-0.00820448182594324,0.45314378452053417,0.004170800940438573,0.8913899267143929,0.18886407437009856,0.006669530069649344,0.1436639439418499,-0.3682419992636374,0.3121096365839548,-0.6123425426018904,0.6261166147369062,0.1946226867755445,0.0,0.07118292473718632,0.95
23.511712551116943,1788958713.2101736,reach_low,0,0.0,-0.55,0.95,0.55,0.0,0.0,-0.5537670850753784,0.954136073589325,0.5414952039718628,-0.01840776950120926,0.19510820917672062,0.0,0.07199337641393108,-0.00820448182594324,0.45314378452053417,0.004170800940438573,0.8913899267143929,0.18886407437009856,0.006669530069649344,0.1436639439418499,-0.3682419992636374,0.3121096365839548,-0.6123425426018904,0.6261166147369062,0.1946226867755445,0.0,0.07118292473718632,0.95
23.51738691329956,1788958713.2101736,reach_low,0,0.0,-0.55,0.95,0.55,0.0,0.0,-0.5537670850753784,0.954136073589325,0.5414952039718628,-0.01840776950120926,0.19510820917672062,0.0,0.07199337641393108,-0.00820448182594324,0.45314378452053417,0.004170800940438573,0.8913899267143929,0.18886407437009856,0.006669530069649344,0.1436639439418499,-0.3682419992636374,0.3121096365839548,-0.6123425426018904,0.6261166147369062,0.1946226867755445,0.0,0.07118292473718632,0.95
23.517918586730957,1788958713.2435308,reach_low,0,0.0,-0.55,0.95,0.55,0.0,0.0,-0.5537670850753784,0.954136073589325,0.5414952039718628,-0.01840776950120926,0.19507477199982712,0.0,0.0717937430198187,-0.008202346801905682,0.45359979628853436,0.004174998138713814,0.89115796338499,0.18884643502269285,0.00667318734567786,0.14362712522829102,-0.3684842538578599,0.31173052905384124,-0.612240475451662,0.6262627500764768,0.1946226867755445,0.0,0.07118292473718632,0.95
23.52151393890381,1788958713.2435308,reach_low,0,0.0,-0.55,0.95,0.55,0.0,0.0,-0.5537670850753784,0.954136073589325,0.5414952039718628,-0.01840776950120926,0.19507477199982712,0.0,0.0717937430198187,-0.008202346801905682,0.45359979628853436,0.004174998138713814,0.89115796338499,0.18884643502269285,0.00667318734567786,0.14362712522829102,-0.3684842538578599,0.31173052905384124,-0.612240475451662,0.6262627500764768,0.1946226867755445,0.0,0.07118292473718632,0.95
23.53150725364685,1788958713.2435308,reach_low,0,0.0,-0.55,0.95,0.55,0.0,0.0,-0.5537670850753784,0.954136073589325,0.5414952039718628,-0.01840776950120926,0.19507477199982712,0.0,0.0717937430198187,-0.008202346801905682,0.45359979628853436,0.004174998138713814,0.89115796338499,0.18884643502269285,0.00667318734567786,0.14362712522829102,-0.3684842538578599,0.31173052905384124,-0.612240475451662,0.6262627500764768,0.1946226867755445,0.0,0.07118292473718632,0.95
23.541536569595337,1788958713.2435308,reach_low,0,0.0,-0.55,0.95,0.55,0.0,0.0,-0.5537670850753784,0.954136073589325,0.5414952039718628,-0.01840776950120926,0.19507477199982712,0.0,0.0717937430198187,-0.008202346801905682,0.45359979628853436,0.004174998138713814,0.89115796338499,0.18884643502269285,0.00667318734567786,0.14362712522829102,-0.3684842538578599,0.31173052905384124,-0.612240475451662,0.6262627500764768,0.1946226867755445,0.0,0.07118292473718632,0.95
23.54252600669861,1788958713.2435308,reach_low,0,0.0,-0.55,0.95,0.55,0.0,0.0,-0.5537670850753784,0.954136073589325,0.5414952039718628,-0.01840776950120926,0.19507477199982712,0.0,0.0717937430198187,-0.008202346801905682,0.45359979628853436,0.004174998138713814,0.89115796338499,0.18884643502269285,0.00667318734567786,0.14362712522829102,-0.3684842538578599,0.31173052905384124,-0.612240475451662,0.6262627500764768,0.1946226867755445,0.0,0.07118292473718632,0.95
23.551583528518677,1788958713.2435308,reach_low,0,0.0,-0.55,0.95,0.55,0.0,0.0,-0.5537670850753784,0.954136073589325,0.5414952039718628,-0.01840776950120926,0.19507477199982712,0.0,0.0717937430198187,-0.008202346801905682,0.45359979628853436,0.004174998138713814,0.89115796338499,0.18884643502269285,0.00667318734567786,0.14362712522829102,-0.3684842538578599,0.31173052905384124,-0.612240475451662,0.6262627500764768,0.1946226867755445,0.0,0.07118292473718632,0.95
23.560705184936523,1788958713.2435308,reach_low,0,0.0,-0.55,0.95,0.55,0.0,0.0,-0.5537670850753784,0.954136073589325,0.5414952039718628,-0.01840776950120926,0.19507477199982712,0.0,0.0717937430198187,-0.008202346801905682,0.45359979628853436,0.004174998138713814,0.89115796338499,0.18884643502269285,0.00667318734567786,0.14362712522829102,-0.3684842538578599,0.31173052905384124,-0.612240475451662,0.6262627500764768,0.1946226867755445,0.0,0.07118292473718632,0.95
23.561213493347168,1788958713.276888,reach_low,0,0.0,-0.55,0.95,0.55,0.0,0.0,-0.5537670850753784,0.954136073589325,0.5414952039718628,-0.01840776950120926,0.1950675507818626,0.0,0.07175079336149626,-0.008201887138538783,0.4536978985840693,0.004175901086432517,0.8911080224742018,0.18883055999266313,0.00666996839224997,0.14359205973656403,-0.3680887692545855,0.31208838079486395,-0.6124579078167017,0.626104473450137,0.1946226867755445,0.0,0.07118292473718632,0.95
23.561708688735962,1788958713.276888,reach_low,0,0.0,-0.55,0.95,0.55,0.0,0.0,-0.5537670850753784,0.954136073589325,0.5414952039718628,-0.01840776950120926,0.1950675507818626,0.0,0.07175079336149626,-0.008201887138538783,0.4536978985840693,0.004175901086432517,0.8911080224742018,0.18883055999266313,0.00666996839224997,0.14359205973656403,-0.3680887692545855,0.31208838079486395,-0.6124579078167017,0.626104473450137,0.1946226867755445,0.0,0.07118292473718632,0.95
23.57159686088562,1788958713.276888,reach_low,0,0.0,-0.55,0.95,0.55,0.0,0.0,-0.5537670850753784,0.954136073589325,0.5414952039718628,-0.01840776950120926,0.1950675507818626,0.0,0.07175079336149626,-0.008201887138538783,0.4536978985840693,0.004175901086432517,0.8911080224742018,0.18883055999266313,0.00666996839224997,0.14359205973656403,-0.3680887692545855,0.31208838079486395,-0.6124579078167017,0.626104473450137,0.1946226867755445,0.0,0.07118292473718632,0.95
23.58159327507019,1788958713.276888,reach_low,0,0.0,-0.55,0.95,0.55,0.0,0.0,-0.5537670850753784,0.954136073589325,0.5414952039718628,-0.01840776950120926,0.1950675507818626,0.0,0.07175079336149626,-0.008201887138538783,0.4536978985840693,0.004175901086432517,0.8911080224742018,0.18883055999266313,0.00666996839224997,0.14359205973656403,-0.3680887692545855,0.31208838079486395,-0.6124579078167017,0.626104473450137,0.1946226867755445,0.0,0.07118292473718632,0.95
23.591687202453613,1788958713.276888,reach_low,0,0.0,-0.55,0.95,0.55,0.0,0.0,-0.5537670850753784,0.954136073589325,0.5414952039718628,-0.01840776950120926,0.1950675507818626,0.0,0.07175079336149626,-0.008201887138538783,0.4536978985840693,0.004175901086432517,0.8911080224742018,0.18883055999266313,0.00666996839224997,0.14359205973656403,-0.3680887692545855,0.31208838079486395,-0.6124579078167017,0.626104473450137,0.1946226867755445,0.0,0.07118292473718632,0.95
23.592462062835693,1788958713.276888,reach_low,0,0.0,-0.55,0.95,0.55,0.0,0.0,-0.5537670850753784,0.954136073589325,0.5414952039718628,-0.01840776950120926,0.1950675507818626,0.0,0.07175079336149626,-0.008201887138538783,0.4536978985840693,0.004175901086432517,0.8911080224742018,0.18883055999266313,0.00666996839224997,0.14359205973656403,-0.3680887692545855,0.31208838079486395,-0.6124579078167017,0.626104473450137,0.1946226867755445,0.0,0.07118292473718632,0.95
23.59359121322632,1788958713.276888,reach_low,0,0.0,-0.55,0.95,0.55,0.0,0.0,-0.5537670850753784,0.954136073589325,0.5414952039718628,-0.01840776950120926,0.1950675507818626,0.0,0.07175079336149626,-0.008201887138538783,0.4536978985840693,0.004175901086432517,0.8911080224742018,0.18883055999266313,0.00666996839224997,0.14359205973656403,-0.3680887692545855,0.31208838079486395,-0.6124579078167017,0.626104473450137,0.1946226867755445,0.0,0.07118292473718632,0.95
23.594045639038086,1788958713.310245,reach_low,0,0.0,-0.55,0.95,0.55,0.0,0.0,-0.5537670850753784,0.954136073589325,0.5414952039718628,-0.01840776950120926,0.19506755078186264,0.0,0.07175079336149623,-0.008201887138538783,0.4536978985840693,0.004175901086432517,0.8911080224742018,0.1888161789655008,0.00667213095116549,0.14356970242751543,-0.36779055174480374,0.31170809092833107,-0.6125938519660086,0.6263361307081976,0.1946226867755445,0.0,0.07118292473718632,0.95
23.601567029953003,1788958713.310245,reach_low,0,0.0,-0.55,0.95,0.55,0.0,0.0,-0.5537670850753784,0.954136073589325,0.5414952039718628,-0.01840776950120926,0.19506755078186264,0.0,0.07175079336149623,-0.008201887138538783,0.4536978985840693,0.004175901086432517,0.8911080224742018,0.1888161789655008,0.00667213095116549,0.14356970242751543,-0.36779055174480374,0.31170809092833107,-0.6125938519660086,0.6263361307081976,0.1946226867755445,0.0,0.07118292473718632,0.95
23.61167883872986,1788958713.310245,reach_low,0,0.0,-0.55,0.95,0.55,0.0,0.0,-0.5537670850753784,0.954136073589325,0.5414952039718628,-0.01840776950120926,0.19506755078186264,0.0,0.07175079336149623,-0.008201887138538783,0.4536978985840693,0.004175901086432517,0.8911080224742018,0.1888161789655008,0.00667213095116549,0.14356970242751543,-0.36779055174480374,0.31170809092833107,-0.6125938519660086,0.6263361307081976,0.1946226867755445,0.0,0.07118292473718632,0.95
23.62156867980957,1788958713.310245,reach_low,0,0.0,-0.55,0.95,0.55,0.0,0.0,-0.5537670850753784,0.954136073589325,0.5414952039718628,-0.01840776950120926,0.19506755078186264,0.0,0.07175079336149623,-0.008201887138538783,0.4536978985840693,0.004175901086432517,0.8911080224742018,0.1888161789655008,0.00667213095116549,0.14356970242751543,-0.36779055174480374,0.31170809092833107,-0.6125938519660086,0.6263361307081976,0.1946226867755445,0.0,0.07118292473718632,0.95
23.627100229263306,1788958713.310245,reach_low,0,0.0,-0.55,0.95,0.55,0.0,0.0,-0.5537670850753784,0.954136073589325,0.5414952039718628,-0.01840776950120926,0.19506755078186264,0.0,0.07175079336149623,-0.008201887138538783,0.4536978985840693,0.004175901086432517,0.8911080224742018,0.1888161789655008,0.00667213095116549,0.14356970242751543,-0.36779055174480374,0.31170809092833107,-0.6125938519660086,0.6263361307081976,0.1946226867755445,0.0,0.07118292473718632,0.95
23.6276433467865,1788958713.3436022,reach_low,0,0.0,-0.55,0.95,0.55,0.0,0.0,-0.5537670850753784,0.954136073589325,0.5414952039718628,-0.01840776950120926,0.19506755078186264,0.0,0.07175079336149623,-0.008201887138538783,0.4536978985840693,0.004175901086432517,0.8911080224742018,0.18889245918727784,0.006669239909126193,0.14372183188124876,-0.36895784102777535,0.3114138158790093,-0.6120160166389716,0.6263608721824534,0.1946226867755445,0.0,0.07118292473718632,0.95
23.631595134735107,1788958713.3436022,reach_low,0,0.0,-0.55,0.95,0.55,0.0,0.0,-0.5537670850753784,0.954136073589325,0.5414952039718628,-0.01840776950120926,0.19506755078186264,0.0,0.07175079336149623,-0.008201887138538783,0.4536978985840693,0.004175901086432517,0.8911080224742018,0.18889245918727784,0.006669239909126193,0.14372183188124876,-0.36895784102777535,0.3114138158790093,-0.6120160166389716,0.6263608721824534,0.1946226867755445,0.0,0.07118292473718632,0.95
23.641525506973267,1788958713.3436022,reach_low,0,0.0,-0.55,0.95,0.55,0.0,0.0,-0.5537670850753784,0.954136073589325,0.5414952039718628,-0.01840776950120926,0.19506755078186264,0.0,0.07175079336149623,-0.008201887138538783,0.4536978985840693,0.004175901086432517,0.8911080224742018,0.18889245918727784,0.006669239909126193,0.14372183188124876,-0.36895784102777535,0.3114138158790093,-0.6120160166389716,0.6263608721824534,0.1946226867755445,0.0,0.07118292473718632,0.95
23.65163826942444,1788958713.3436022,reach_low,0,0.0,-0.55,0.95,0.55,0.0,0.0,-0.5537670850753784,0.954136073589325,0.5414952039718628,-0.01840776950120926,0.19506755078186264,0.0,0.07175079336149623,-0.008201887138538783,0.4536978985840693,0.004175901086432517,0.8911080224742018,0.18889245918727784,0.006669239909126193,0.14372183188124876,-0.36895784102777535,0.3114138158790093,-0.6120160166389716,0.6263608721824534,0.1946226867755445,0.0,0.07118292473718632,0.95
23.652382612228394,1788958713.3436022,reach_low,0,0.0,-0.55,0.95,0.55,0.0,0.0,-0.5537670850753784,0.954136073589325,0.5414952039718628,-0.01840776950120926,0.19506755078186264,0.0,0.07175079336149623,-0.008201887138538783,0.4536978985840693,0.004175901086432517,0.8911080224742018,0.18889245918727784,0.006669239909126193,0.14372183188124876,-0.36895784102777535,0.3114138158790093,-0.6120160166389716,0.6263608721824534,0.1946226867755445,0.0,0.07118292473718632,0.95
23.660462379455566,1788958713.3436022,reach_low,0,0.0,-0.55,0.95,0.55,0.0,0.0,-0.5537670850753784,0.954136073589325,0.5414952039718628,-0.01840776950120926,0.19506755078186264,0.0,0.07175079336149623,-0.008201887138538783,0.4536978985840693,0.004175901086432517,0.8911080224742018,0.18889245918727784,0.006669239909126193,0.14372183188124876,-0.36895784102777535,0.3114138158790093,-0.6120160166389716,0.6263608721824534,0.1946226867755445,0.0,0.07118292473718632,0.95
23.660941123962402,1788958713.3769596,reach_low,0,0.0,-0.55,0.95,0.55,0.0,0.0,-0.5537670850753784,0.954136073589325,0.5414952039718628,-0.01840776950120926,0.1950675507818626,0.0,0.0717507933614962,-0.008201887138538783,0.4536978985840693,0.004175901086432517,0.8911080224742018,0.18883936719065994,0.006670487026284868,0.1436170574582023,-0.36868221061252376,0.311411778774973,-0.612173934718757,0.6263698629955189,0.1946226867755445,0.0,0.07118292473718632,0.95
23.66157341003418,1788958713.3769596,reach_low,0,0.0,-0.55,0.95,0.55,0.0,0.0,-0.5537670850753784,0.954136073589325,0.5414952039718628,-0.01840776950120926,0.1950675507818626,0.0,0.0717507933614962,-0.008201887138538783,0.4536978985840693,0.004175901086432517,0.8911080224742018,0.18883936719065994,0.006670487026284868,0.1436170574582023,-0.36868221061252376,0.311411778774973,-0.612173934718757,0.6263698629955189,0.1946226867755445,0.0,0.07118292473718632,0.95
23.671607732772827,1788958713.3769596,reach_low,0,0.0,-0.55,0.95,0.55,0.0,0.0,-0.5537670850753784,0.954136073589325,0.5414952039718628,-0.01840776950120926,0.1950675507818626,0.0,0.0717507933614962,-0.008201887138538783,0.4536978985840693,0.004175901086432517,0.8911080224742018,0.18883936719065994,0.006670487026284868,0.1436170574582023,-0.36868221061252376,0.311411778774973,-0.612173934718757,0.6263698629955189,0.1946226867755445,0.0,0.07118292473718632,0.95
23.68161916732788,1788958713.3769596,reach_low,0,0.0,-0.55,0.95,0.55,0.0,0.0,-0.5537670850753784,0.954136073589325,0.5414952039718628,-0.01840776950120926,0.1950675507818626,0.0,0.0717507933614962,-0.008201887138538783,0.4536978985840693,0.004175901086432517,0.8911080224742018,0.18883936719065994,0.006670487026284868,0.1436170574582023,-0.36868221061252376,0.311411778774973,-0.612173934718757,0.6263698629955189,0.1946226867755445,0.0,0.07118292473718632,0.95
23.691683053970337,1788958713.3769596,reach_low,0,0.0,-0.55,0.95,0.55,0.0,0.0,-0.5537670850753784,0.954136073589325,0.5414952039718628,-0.01840776950120926,0.1950675507818626,0.0,0.0717507933614962,-0.008201887138538783,0.4536978985840693,0.004175901086432517,0.8911080224742018,0.18883936719065994,0.006670487026284868,0.1436170574582023,-0.36868221061252376,0.311411778774973,-0.612173934718757,0.6263698629955189,0.1946226867755445,0.0,0.07118292473718632,0.95
23.694283723831177,1788958713.3769596,reach_low,0,0.0,-0.55,0.95,0.55,0.0,0.0,-0.5537670850753784,0.954136073589325,0.5414952039718628,-0.01840776950120926,0.1950675507818626,0.0,0.0717507933614962,-0.008201887138538783,0.4536978985840693,0.004175901086432517,0.8911080224742018,0.18883936719065994,0.006670487026284868,0.1436170574582023,-0.36868221061252376,0.311411778774973,-0.612173934718757,0.6263698629955189,0.1946226867755445,0.0,0.07118292473718632,0.95
23.69478440284729,1788958713.4103167,reach_low,0,0.0,-0.55,0.95,0.55,0.0,0.0,-0.5537670850753784,0.954136073589325,0.5414952039718628,-0.01840776950120926,0.19506755078186264,0.0,0.07175079336149623,-0.008201887138538783,0.4536978985840693,0.004175901086432517,0.8911080224742018,0.18890828355996558,0.00666794278498664,0.14375429644221144,-0.3693106575126449,0.31102357525641156,-0.6121048456370275,0.6262600353127833,0.1946226867755445,0.0,0.07118292473718632,0.95
23.701585054397583,1788958713.4103167,reach_low,0,0.0,-0.55,0.95,0.55,0.0,0.0,-0.5537670850753784,0.954136073589325,0.5414952039718628,-0.01840776950120926,0.19506755078186264,0.0,0.07175079336149623,-0.008201887138538783,0.4536978985840693,0.004175901086432517,0.8911080224742018,0.18890828355996558,0.00666794278498664,0.14375429644221144,-0.3693106575126449,0.31102357525641156,-0.6121048456370275,0.6262600353127833,0.1946226867755445,0.0,0.07118292473718632,0.95
23.71167516708374,1788958713.4103167,reach_low,0,0.0,-0.55,0.95,0.55,0.0,0.0,-0.5537670850753784,0.954136073589325,0.5414952039718628,-0.01840776950120926,0.19506755078186264,0.0,0.07175079336149623,-0.008201887138538783,0.4536978985840693,0.004175901086432517,0.8911080224742018,0.18890828355996558,0.00666794278498664,0.14375429644221144,-0.3693106575126449,0.31102357525641156,-0.6121048456370275,0.6262600353127833,0.1946226867755445,0.0,0.07118292473718632,0.95
23.712536096572876,1788958713.4103167,reach_low,0,0.0,-0.55,0.95,0.55,0.0,0.0,-0.5537670850753784,0.954136073589325,0.5414952039718628,-0.01840776950120926,0.19506755078186264,0.0,0.07175079336149623,-0.008201887138538783,0.4536978985840693,0.004175901086432517,0.8911080224742018,0.18890828355996558,0.00666794278498664,0.14375429644221144,-0.3693106575126449,0.31102357525641156,-0.6121048456370275,0.6262600353127833,0.1946226867755445,0.0,0.07118292473718632,0.95
23.72167134284973,1788958713.4103167,reach_low,0,0.0,-0.55,0.95,0.55,0.0,0.0,-0.5537670850753784,0.954136073589325,0.5414952039718628,-0.01840776950120926,0.19506755078186264,0.0,0.07175079336149623,-0.008201887138538783,0.4536978985840693,0.004175901086432517,0.8911080224742018,0.18890828355996558,0.00666794278498664,0.14375429644221144,-0.3693106575126449,0.31102357525641156,-0.6121048456370275,0.6262600353127833,0.1946226867755445,0.0,0.07118292473718632,0.95
23.728312015533447,1788958713.4103167,reach_low,0,0.0,-0.55,0.95,0.55,0.0,0.0,-0.5537670850753784,0.954136073589325,0.5414952039718628,-0.01840776950120926,0.19506755078186264,0.0,0.07175079336149623,-0.008201887138538783,0.4536978985840693,0.004175901086432517,0.8911080224742018,0.18890828355996558,0.00666794278498664,0.14375429644221144,-0.3693106575126449,0.31102357525641156,-0.6121048456370275,0.6262600353127833,0.1946226867755445,0.0,0.07118292473718632,0.95
23.72896981239319,1788958713.4436738,reach_low,0,0.0,-0.55,0.95,0.55,0.0,0.0,-0.5537670850753784,0.954136073589325,0.5414952039718628,-0.01840776950120926,0.19506755078186264,0.0,0.0717507933614962,-0.008201887138538783,0.4536978985840693,0.004175901086432517,0.8911080224742018,0.18882644179757974,0.006669363222166056,0.14358553030808452,-0.3684572224191254,0.3116896039934871,-0.6123790292167407,0.626163549390356,0.1946226867755445,0.0,0.07118292473718632,0.95
23.731607913970947,1788958713.4436738,reach_low,0,0.0,-0.55,0.95,0.55,0.0,0.0,-0.5537670850753784,0.954136073589325,0.5414952039718628,-0.01840776950120926,0.19506755078186264,0.0,0.0717507933614962,-0.008201887138538783,0.4536978985840693,0.004175901086432517,0.8911080224742018,0.18882644179757974,0.006669363222166056,0.14358553030808452,-0.3684572224191254,0.3116896039934871,-0.6123790292167407,0.626163549390356,0.1946226867755445,0.0,0.07118292473718632,0.95
23.741560220718384,1788958713.4436738,reach_low,0,0.0,-0.55,0.95,0.55,0.0,0.0,-0.5537670850753784,0.954136073589325,0.5414952039718628,-0.01840776950120926,0.19506755078186264,0.0,0.0717507933614962,-0.008201887138538783,0.4536978985840693,0.004175901086432517,0.8911080224742018,0.18882644179757974,0.006669363222166056,0.14358553030808452,-0.3684572224191254,0.3116896039934871,-0.6123790292167407,0.626163549390356,0.1946226867755445,0.0,0.07118292473718632,0.95
23.751624822616577,1788958713.4436738,reach_low,0,0.0,-0.55,0.95,0.55,0.0,0.0,-0.5537670850753784,0.954136073589325,0.5414952039718628,-0.01840776950120926,0.19506755078186264,0.0,0.0717507933614962,-0.008201887138538783,0.4536978985840693,0.004175901086432517,0.8911080224742018,0.18882644179757974,0.006669363222166056,0.14358553030808452,-0.3684572224191254,0.3116896039934871,-0.6123790292167407,0.626163549390356,0.1946226867755445,0.0,0.07118292473718632,0.95
23.76115894317627,1788958713.4436738,reach_low,0,0.0,-0.55,0.95,0.55,0.0,0.0,-0.5537670850753784,0.954136073589325,0.5414952039718628,-0.01840776950120926,0.19506755078186264,0.0,0.0717507933614962,-0.008201887138538783,0.4536978985840693,0.004175901086432517,0.8911080224742018,0.18882644179757974,0.006669363222166056,0.14358553030808452,-0.3684572224191254,0.3116896039934871,-0.6123790292167407,0.626163549390356,0.1946226867755445,0.0,0.07118292473718632,0.95
23.76174783706665,1788958713.4770308,reach_low,0,0.0,-0.55,0.95,0.55,0.0,0.0,-0.5537670850753784,0.954136073589325,0.5414952039718628,-0.01840776950120926,0.19506755078186264,0.0,0.07175079336149623,-0.008201887138538783,0.4536978985840693,0.004175901086432517,0.8911080224742018,0.18887563386286538,0.006671070523362223,0.14369235761021631,-0.3684923131009867,0.31181407994709764,-0.6122769957841293,0.6261807048814192,0.1946226867755445,0.0,0.07118292473718632,0.95
23.762229204177856,1788958713.4770308,reach_low,0,0.0,-0.55,0.95,0.55,0.0,0.0,-0.5537670850753784,0.954136073589325,0.5414952039718628,-0.01840776950120926,0.19506755078186264,0.0,0.07175079336149623,-0.008201887138538783,0.4536978985840693,0.004175901086432517,0.8911080224742018,0.18887563386286538,0.006671070523362223,0.14369235761021631,-0.3684923131009867,0.31181407994709764,-0.6122769957841293,0.6261807048814192,0.1946226867755445,0.0,0.07118292473718632,0.95
23.771438360214233,1788958713.4770308,reach_low,0,0.0,-0.55,0.95,0.55,0.0,0.0,-0.5537670850753784,0.954136073589325,0.5414952039718628,-0.01840776950120926,0.19506755078186264,0.0,0.07175079336149623,-0.008201887138538783,0.4536978985840693,0.004175901086432517,0.8911080224742018,0.18887563386286538,0.006671070523362223,0.14369235761021631,-0.3684923131009867,0.31181407994709764,-0.6122769957841293,0.6261807048814192,0.1946226867755445,0.0,0.07118292473718632,0.95
23.772122144699097,1788958713.4770308,reach_low,0,0.0,-0.55,0.95,0.55,0.0,0.0,-0.5537670850753784,0.954136073589325,0.5414952039718628,-0.01840776950120926,0.19506755078186264,0.0,0.07175079336149623,-0.008201887138538783,0.4536978985840693,0.004175901086432517,0.8911080224742018,0.18887563386286538,0.006671070523362223,0.14369235761021631,-0.3684923131009867,0.31181407994709764,-0.6122769957841293,0.6261807048814192,0.1946226867755445,0.0,0.07118292473718632,0.95
23.781794548034668,1788958713.4770308,reach_low,0,0.0,-0.55,0.95,0.55,0.0,0.0,-0.5537670850753784,0.954136073589325,0.5414952039718628,-0.01840776950120926,0.19506755078186264,0.0,0.07175079336149623,-0.008201887138538783,0.4536978985840693,0.004175901086432517,0.8911080224742018,0.18887563386286538,0.006671070523362223,0.14369235761021631,-0.3684923131009867,0.31181407994709764,-0.6122769957841293,0.6261807048814192,0.1946226867755445,0.0,0.07118292473718632,0.95
23.78449034690857,1788958713.4770308,reach_low,0,0.0,-0.55,0.95,0.55,0.0,0.0,-0.5537670850753784,0.954136073589325,0.5414952039718628,-0.01840776950120926,0.19506755078186264,0.0,0.07175079336149623,-0.008201887138538783,0.4536978985840693,0.004175901086432517,0.8911080224742018,0.18887563386286538,0.006671070523362223,0.14369235761021631,-0.3684923131009867,0.31181407994709764,-0.6122769957841293,0.6261807048814192,0.1946226867755445,0.0,0.07118292473718632,0.95
23.785020112991333,1788958713.510388,reach_low,0,0.0,-0.55,0.95,0.55,0.0,0.0,-0.5537670850753784,0.954136073589325,0.5414952039718628,-0.01840776950120926,0.19506755078186264,0.0,0.07175079336149623,-0.008201887138538783,0.4536978985840693,0.004175901086432517,0.8911080224742018,0.18883331763895336,0.006666600748824988,0.1436064579074583,-0.3684286115144016,0.3113062448329678,-0.612350390592647,0.6263990575396802,0.1946226867755445,0.0,0.07118292473718632,0.95
23.79154324531555,1788958713.510388,reach_low,0,0.0,-0.55,0.95,0.55,0.0,0.0,-0.5537670850753784,0.954136073589325,0.5414952039718628,-0.01840776950120926,0.19506755078186264,0.0,0.07175079336149623,-0.008201887138538783,0.4536978985840693,0.004175901086432517,0.8911080224742018,0.18883331763895336,0.006666600748824988,0.1436064579074583,-0.3684286115144016,0.3113062448329678,-0.612350390592647,0.6263990575396802,0.1946226867755445,0.0,0.07118292473718632,0.95
23.801562309265137,1788958713.510388,reach_low,0,0.0,-0.55,0.95,0.55,0.0,0.0,-0.5537670850753784,0.954136073589325,0.5414952039718628,-0.01840776950120926,0.19506755078186264,0.0,0.07175079336149623,-0.008201887138538783,0.4536978985840693,0.004175901086432517,0.8911080224742018,0.18883331763895336,0.006666600748824988,0.1436064579074583,-0.3684286115144016,0.3113062448329678,-0.612350390592647,0.6263990575396802,0.1946226867755445,0.0,0.07118292473718632,0.95
23.81201672554016,1788958713.510388,reach_low,0,0.0,-0.55,0.95,0.55,0.0,0.0,-0.5537670850753784,0.954136073589325,0.5414952039718628,-0.01840776950120926,0.19506755078186264,0.0,0.07175079336149623,-0.008201887138538783,0.4536978985840693,0.004175901086432517,0.8911080224742018,0.18883331763895336,0.006666600748824988,0.1436064579074583,-0.3684286115144016,0.3113062448329678,-0.612350390592647,0.6263990575396802,0.1946226867755445,0.0,0.07118292473718632,0.95
23.817359685897827,1788958713.510388,reach_low,0,0.0,-0.55,0.95,0.55,0.0,0.0,-0.5537670850753784,0.954136073589325,0.5414952039718628,-0.01840776950120926,0.19506755078186264,0.0,0.07175079336149623,-0.008201887138538783,0.4536978985840693,0.004175901086432517,0.8911080224742018,0.18883331763895336,0.006666600748824988,0.1436064579074583,-0.3684286115144016,0.3113062448329678,-0.612350390592647,0.6263990575396802,0.1946226867755445,0.0,0.07118292473718632,0.95
23.817936897277832,1788958713.543745,reach_low,0,0.0,-0.55,0.95,0.55,0.0,0.0,-0.5537670850753784,0.954136073589325,0.5414952039718628,-0.01840776950120926,0.19506755078186264,0.0,0.07175079336149623,-0.008201887138538783,0.4536978985840693,0.004175901086432517,0.8911080224742018,0.18882844838841248,0.0066686611848390375,0.14359769811162298,-0.3682628622235835,0.3115547884128688,-0.6124209931728531,0.6263039240217827,0.1946226867755445,0.0,0.07118292473718632,0.95
23.87985372543335,1788958713.543745,reach_low,0,0.0,-0.55,0.95,0.55,0.0,0.0,-0.5537670850753784,0.954136073589325,0.5414952039718628,-0.01840776950120926,0.19508516467107534,0.0,0.07177262922204916,-0.00820208412884209,0.4536558597816446,0.004175514155214043,0.8911294248218156,0.18882844838841248,0.0066686611848390375,0.14359769811162298,-0.3682628622235835,0.3115547884128688,-0.6124209931728531,0.6263039240217827,0.1946226867755445,0.0,0.07118292473718632,0.95
23.880340099334717,1788958713.543745,reach_low,0,0.0,-0.55,0.95,0.55,0.0,0.0,-0.5537670850753784,0.954136073589325,0.5414952039718628,-0.01840776950120926,0.19508516467107534,0.0,0.07177262922204916,-0.00820208412884209,0.4536558597816446,0.004175514155214043,0.8911294248218156,0.18882844838841248,0.0066686611848390375,0.14359769811162298,-0.3682628622235835,0.3115547884128688,-0.6124209931728531,0.6263039240217827,0.1946226867755445,0.0,0.07118292473718632,0.95
23.880810499191284,1788958713.5771022,reach_low,0,0.0,-0.55,0.95,0.55,0.0,0.0,-0.5537670850753784,0.954136073589325,0.5414952039718628,-0.01840776950120926,0.19527595776818185,0.0,0.07200942510400968,-0.008204218229169637,0.45320011641788754,0.00417131942737028,0.8913612877931687,0.1888614203600365,0.006676034439553437,0.1436410266033617,-0.36874948171884503,0.3112333971374953,-0.6123888535885353,0.626208818397551,0.1946226867755445,0.0,0.07118292473718632,0.95
23.881303310394287,1788958713.5771022,reach_low,0,0.0,-0.55,0.95,0.55,0.0,0.0,-0.5537670850753784,0.954136073589325,0.5414952039718628,-0.01840776950120926,0.19527595776818185,0.0,0.07200942510400968,-0.008204218229169637,0.45320011641788754,0.00417131942737028,0.8913612877931687,0.1888614203600365,0.006676034439553437,0.1436410266033617,-0.36874948171884503,0.3112333971374953,-0.6123888535885353,0.626208818397551,0.1946226867755445,0.0,0.07118292473718632,0.95
23.88168501853943,1788958713.5771022,reach_low,0,0.0,-0.55,0.95,0.55,0.0,0.0,-0.5537670850753784,0.954136073589325,0.5414952039718628,-0.01840776950120926,0.19527595776818185,0.0,0.07200942510400968,-0.008204218229169637,0.45320011641788754,0.00417131942737028,0.8913612877931687,0.1888614203600365,0.006676034439553437,0.1436410266033617,-0.36874948171884503,0.3112333971374953,-0.6123888535885353,0.626208818397551,0.1946226867755445,0.0,0.07118292473718632,0.95
23.882325172424316,1788958713.5771022,reach_low,0,0.0,-0.55,0.95,0.55,0.0,0.0,-0.5537670850753784,0.954136073589325,0.5414952039718628,-0.01840776950120926,0.19527595776818185,0.0,0.07200942510400968,-0.008204218229169637,0.45320011641788754,0.00417131942737028,0.8913612877931687,0.1888614203600365,0.006676034439553437,0.1436410266033617,-0.36874948171884503,0.3112333971374953,-0.6123888535885353,0.626208818397551,0.1946226867755445,0.0,0.07118292473718632,0.95
23.882658004760742,1788958713.5771022,reach_low,0,0.0,-0.55,0.95,0.55,0.0,0.0,-0.5537670850753784,0.954136073589325,0.5414952039718628,-0.01840776950120926,0.19527595776818185,0.0,0.07200942510400968,-0.008204218229169637,0.45320011641788754,0.00417131942737028,0.8913612877931687,0.1888614203600365,0.006676034439553437,0.1436410266033617,-0.36874948171884503,0.3112333971374953,-0.6123888535885353,0.626208818397551,0.1946226867755445,0.0,0.07118292473718632,0.95
23.88309097290039,1788958713.5771022,reach_low,0,0.0,-0.55,0.95,0.55,0.0,0.0,-0.5537670850753784,0.954136073589325,0.5414952039718628,-0.01840776950120926,0.19527595776818185,0.0,0.07200942510400968,-0.008204218229169637,0.45320011641788754,0.00417131942737028,0.8913612877931687,0.1888614203600365,0.006676034439553437,0.1436410266033617,-0.36874948171884503,0.3112333971374953,-0.6123888535885353,0.626208818397551,0.1946226867755445,0.0,0.07118292473718632,0.95
23.883492946624756,1788958713.5771022,reach_low,0,0.0,-0.55,0.95,0.55,0.0,0.0,-0.5537670850753784,0.954136073589325,0.5414952039718628,-0.01840776950120926,0.19527595776818185,0.0,0.07200942510400968,-0.008204218229169637,0.45320011641788754,0.00417131942737028,0.8913612877931687,0.1888614203600365,0.006676034439553437,0.1436410266033617,-0.36874948171884503,0.3112333971374953,-0.6123888535885353,0.626208818397551,0.1946226867755445,0.0,0.07118292473718632,0.95
23.883930444717407,1788958713.5771022,reach_low,0,0.0,-0.55,0.95,0.55,0.0,0.0,-0.5537670850753784,0.954136073589325,0.5414952039718628,-0.01840776950120926,0.19527595776818185,0.0,0.07200942510400968,-0.008204218229169637,0.45320011641788754,0.00417131942737028,0.8913612877931687,0.1888614203600365,0.006676034439553437,0.1436410266033617,-0.36874948171884503,0.3112333971374953,-0.6123888535885353,0.626208818397551,0.1946226867755445,0.0,0.07118292473718632,0.95
23.89151954650879,1788958713.5771022,reach_low,0,0.0,-0.55,0.95,0.55,0.0,0.0,-0.5537670850753784,0.954136073589325,0.5414952039718628,-0.01840776950120926,0.19527595776818185,0.0,0.07200942510400968,-0.008204218229169637,0.45320011641788754,0.00417131942737028,0.8913612877931687,0.1888614203600365,0.006676034439553437,0.1436410266033617,-0.36874948171884503,0.3112333971374953,-0.6123888535885353,0.626208818397551,0.1946226867755445,0.0,0.07118292473718632,0.95
23.8939208984375,1788958713.5771022,reach_low,0,0.0,-0.55,0.95,0.55,0.0,0.0,-0.5537670850753784,0.954136073589325,0.5414952039718628,-0.01840776950120926,0.19527595776818185,0.0,0.07200942510400968,-0.008204218229169637,0.45320011641788754,0.00417131942737028,0.8913612877931687,0.1888614203600365,0.006676034439553437,0.1436410266033617,-0.36874948171884503,0.3112333971374953,-0.6123888535885353,0.626208818397551,0.1946226867755445,0.0,0.07118292473718632,0.95
23.894459009170532,1788958713.6104596,reach_low,0,0.0,-0.55,0.95,0.55,0.0,0.0,-0.5537670850753784,0.954136073589325,0.5414952039718628,-0.01840776950120926,0.19524067425174163,0.0,0.07196559688356616,-0.008203823525806779,0.4532844499507802,0.004172095645405956,0.8913184045728562,0.18876522042372226,0.006672476300653384,0.14346523880126455,-0.36802926509158024,0.3119386941663494,-0.61237375642539,0.6262963304693725,0.1946226867755445,0.0,0.07118292473718632,0.95
23.901507139205933,1788958713.6104596,reach_low,0,0.0,-0.55,0.95,0.55,0.0,0.0,-0.5537670850753784,0.954136073589325,0.5414952039718628,-0.01840776950120926,0.19524067425174163,0.0,0.07196559688356616,-0.008203823525806779,0.4532844499507802,0.004172095645405956,0.8913184045728562,0.18876522042372226,0.006672476300653384,0.14346523880126455,-0.36802926509158024,0.3119386941663494,-0.61237375642539,0.6262963304693725,0.1946226867755445,0.0,0.07118292473718632,0.95
23.911683082580566,1788958713.6104596,reach_low,0,0.0,-0.55,0.95,0.55,0.0,0.0,-0.5537670850753784,0.954136073589325,0.5414952039718628,-0.01840776950120926,0.19524067425174163,0.0,0.07196559688356616,-0.008203823525806779,0.4532844499507802,0.004172095645405956,0.8913184045728562,0.18876522042372226,0.006672476300653384,0.14346523880126455,-0.36802926509158024,0.3119386941663494,-0.61237375642539,0.6262963304693725,0.1946226867755445,0.0,0.07118292473718632,0.95
23.918477058410645,1788958713.6104596,reach_low,0,0.0,-0.55,0.95,0.55,0.0,0.0,-0.5537670850753784,0.954136073589325,0.5414952039718628,-0.01840776950120926,0.19524067425174163,0.0,0.07196559688356616,-0.008203823525806779,0.4532844499507802,0.004172095645405956,0.8913184045728562,0.18876522042372226,0.006672476300653384,0.14346523880126455,-0.36802926509158024,0.3119386941663494,-0.61237375642539,0.6262963304693725,0.1946226867755445,0.0,0.07118292473718632,0.95
23.919034481048584,1788958713.6438165,reach_low,0,0.0,-0.55,0.95,0.55,0.0,0.0,-0.5537670850753784,0.954136073589325,0.5414952039718628,-0.01840776950120926,0.19506755078186264,0.0,0.07175079336149623,-0.008201887138538783,0.4536978985840693,0.004175901086432517,0.8911080224742018,0.18885928689461814,0.006670833690473124,0.143651198938527,-0.36883504062956907,0.3114288996157334,-0.6121074022808198,0.6263363963246464,0.1946226867755445,0.0,0.07118292473718632,0.95
23.980910301208496,1788958713.6438165,reach_low,0,0.0,-0.55,0.95,0.55,0.0,0.0,-0.5537670850753784,0.954136073589325,0.5414952039718628,-0.01840776950120926,0.19506755078186264,0.0,0.07175079336149623,-0.008201887138538783,0.4536978985840693,0.004175901086432517,0.8911080224742018,0.18885928689461814,0.006670833690473124,0.143651198938527,-0.36883504062956907,0.3114288996157334,-0.6121074022808198,0.6263363963246464,0.1946226867755445,0.0,0.07118292473718632,0.95
23.981383562088013,1788958713.6438165,reach_low,0,0.0,-0.55,0.95,0.55,0.0,0.0,-0.5537670850753784,0.954136073589325,0.5414952039718628,-0.01840776950120926,0.19506755078186264,0.0,0.07175079336149623,-0.008201887138538783,0.4536978985840693,0.004175901086432517,0.8911080224742018,0.18885928689461814,0.006670833690473124,0.143651198938527,-0.36883504062956907,0.3114288996157334,-0.6121074022808198,0.6263363963246464,0.1946226867755445,0.0,0.07118292473718632,0.95
23.981839418411255,1788958713.6771736,reach_low,0,0.0,-0.55,0.95,0.55,0.0,0.0,-0.5537670850753784,0.9526020884513855,0.5414952039718628,-0.01840776950120926,0.19506755078186264,0.0,0.07175079336149623,-0.008201887138538783,0.4536978985840693,0.004175901086432517,0.8911080224742018,0.18884008742336925,0.0066684887124920066,0.143603169279867,-0.3686974504531456,0.3117365589872316,-0.6121770496853359,0.6261962692788169,0.1946226867755445,0.0,0.07118292473718632,0.95
23.982295036315918,1788958713.6771736,reach_low,0,0.0,-0.55,0.95,0.55,0.0,0.0,-0.5537670850753784,0.9526020884513855,0.5414952039718628,-0.01840776950120926,0.19506755078186264,0.0,0.07175079336149623,-0.008201887138538783,0.4536978985840693,0.004175901086432517,0.8911080224742018,0.18884008742336925,0.0066684887124920066,0.143603169279867,-0.3686974504531456,0.3117365589872316,-0.6121770496853359,0.6261962692788169,0.1946226867755445,0.0,0.07118292473718632,0.95
23.982617616653442,1788958713.6771736,reach_low,0,0.0,-0.55,0.95,0.55,0.0,0.0,-0.5537670850753784,0.9526020884513855,0.5414952039718628,-0.01840776950120926,0.19506755078186264,0.0,0.07175079336149623,-0.008201887138538783,0.4536978985840693,0.004175901086432517,0.8911080224742018,0.18884008742336925,0.0066684887124920066,0.143603169279867,-0.3686974504531456,0.3117365589872316,-0.6121770496853359,0.6261962692788169,0.1946226867755445,0.0,0.07118292473718632,0.95
23.983267784118652,1788958713.6771736,reach_low,0,0.0,-0.55,0.95,0.55,0.0,0.0,-0.5537670850753784,0.9526020884513855,0.5414952039718628,-0.01840776950120926,0.19506755078186264,0.0,0.07175079336149623,-0.008201887138538783,0.4536978985840693,0.004175901086432517,0.8911080224742018,0.18884008742336925,0.0066684887124920066,0.143603169279867,-0.3686974504531456,0.3117365589872316,-0.6121770496853359,0.6261962692788169,0.1946226867755445,0.0,0.07118292473718632,0.95
23.983575582504272,1788958713.6771736,reach_low,0,0.0,-0.55,0.95,0.55,0.0,0.0,-0.5537670850753784,0.9526020884513855,0.5414952039718628,-0.01840776950120926,0.19506755078186264,0.0,0.07175079336149623,-0.008201887138538783,0.4536978985840693,0.004175901086432517,0.8911080224742018,0.18884008742336925,0.0066684887124920066,0.143603169279867,-0.3686974504531456,0.3117365589872316,-0.6121770496853359,0.6261962692788169,0.1946226867755445,0.0,0.07118292473718632,0.95
23.984012365341187,1788958713.6771736,reach_low,0,0.0,-0.55,0.95,0.55,0.0,0.0,-0.5537670850753784,0.9526020884513855,0.5414952039718628,-0.01840776950120926,0.19506755078186264,0.0,0.07175079336149623,-0.008201887138538783,0.4536978985840693,0.004175901086432517,0.8911080224742018,0.18884008742336925,0.0066684887124920066,0.143603169279867,-0.3686974504531456,0.3117365589872316,-0.6121770496853359,0.6261962692788169,0.1946226867755445,0.0,0.07118292473718632,0.95
23.984419345855713,1788958713.6771736,reach_low,0,0.0,-0.55,0.95,0.55,0.0,0.0,-0.5537670850753784,0.9526020884513855,0.5414952039718628,-0.01840776950120926,0.19506755078186264,0.0,0.07175079336149623,-0.008201887138538783,0.4536978985840693,0.004175901086432517,0.8911080224742018,0.18884008742336925,0.0066684887124920066,0.143603169279867,-0.3686974504531456,0.3117365589872316,-0.6121770496853359,0.6261962692788169,0.1946226867755445,0.0,0.07118292473718632,0.95
23.984850645065308,1788958713.6771736,reach_low,0,0.0,-0.55,0.95,0.55,0.0,0.0,-0.5537670850753784,0.9526020884513855,0.5414952039718628,-0.01840776950120926,0.19506755078186264,0.0,0.07175079336149623,-0.008201887138538783,0.4536978985840693,0.004175901086432517,0.8911080224742018,0.18884008742336925,0.0066684887124920066,0.143603169279867,-0.3686974504531456,0.3117365589872316,-0.6121770496853359,0.6261962692788169,0.1946226867755445,0.0,0.07118292473718632,0.95
23.991573810577393,1788958713.6771736,reach_low,0,0.0,-0.55,0.95,0.55,0.0,0.0,-0.5537670850753784,0.9526020884513855,0.5414952039718628,-0.01840776950120926,0.19506755078186264,0.0,0.07175079336149623,-0.008201887138538783,0.4536978985840693,0.004175901086432517,0.8911080224742018,0.18884008742336925,0.0066684887124920066,0.143603169279867,-0.3686974504531456,0.3117365589872316,-0.6121770496853359,0.6261962692788169,0.1946226867755445,0.0,0.07118292473718632,0.95
23.994383811950684,1788958713.6771736,reach_low,0,0.0,-0.55,0.95,0.55,0.0,0.0,-0.5537670850753784,0.9526020884513855,0.5414952039718628,-0.01840776950120926,0.19506755078186264,0.0,0.07175079336149623,-0.008201887138538783,0.4536978985840693,0.004175901086432517,0.8911080224742018,0.18884008742336925,0.0066684887124920066,0.143603169279867,-0.3686974504531456,0.3117365589872316,-0.6121770496853359,0.6261962692788169,0.1946226867755445,0.0,0.07118292473718632,0.95
23.994855880737305,1788958713.7105308,reach_low,0,0.0,-0.55,0.95,0.55,0.0,0.0,-0.5537670850753784,0.954136073589325,0.5414952039718628,-0.01840776950120926,0.19506755078186264,0.0,0.07175079336149623,-0.008201887138538783,0.4536978985840693,0.004175901086432517,0.8911080224742018,0.18888808500389945,0.006672084627351974,0.14370796315963547,-0.36842698003726077,0.3119950714408509,-0.6122995549901944,0.6261069323494609,0.1946226867755445,0.0,0.07118292473718632,0.95
24.001508235931396,1788958713.7105308,reach_low,0,0.0,-0.55,0.95,0.55,0.0,0.0,-0.5537670850753784,0.954136073589325,0.5414952039718628,-0.01840776950120926,0.19506755078186264,0.0,0.07175079336149623,-0.008201887138538783,0.4536978985840693,0.004175901086432517,0.8911080224742018,0.18888808500389945,0.006672084627351974,0.14370796315963547,-0.36842698003726077,0.3119950714408509,-0.6122995549901944,0.6261069323494609,0.1946226867755445,0.0,0.07118292473718632,0.95
24.01146125793457,1788958713.7105308,reach_low,0,0.0,-0.55,0.95,0.55,0.0,0.0,-0.5537670850753784,0.954136073589325,0.5414952039718628,-0.01840776950120926,0.19506755078186264,0.0,0.07175079336149623,-0.008201887138538783,0.4536978985840693,0.004175901086432517,0.8911080224742018,0.18888808500389945,0.006672084627351974,0.14370796315963547,-0.36842698003726077,0.3119950714408509,-0.6122995549901944,0.6261069323494609,0.1946226867755445,0.0,0.07118292473718632,0.95
24.021576642990112,1788958713.7105308,reach_low,0,0.0,-0.55,0.95,0.55,0.0,0.0,-0.5537670850753784,0.954136073589325,0.5414952039718628,-0.01840776950120926,0.19506755078186264,0.0,0.07175079336149623,-0.008201887138538783,0.4536978985840693,0.004175901086432517,0.8911080224742018,0.18888808500389945,0.006672084627351974,0.14370796315963547,-0.36842698003726077,0.3119950714408509,-0.6122995549901944,0.6261069323494609,0.1946226867755445,0.0,0.07118292473718632,0.95
24.028117895126343,1788958713.7105308,reach_low,0,0.0,-0.55,0.95,0.55,0.0,0.0,-0.5537670850753784,0.954136073589325,0.5414952039718628,-0.01840776950120926,0.19506755078186264,0.0,0.07175079336149623,-0.008201887138538783,0.4536978985840693,0.004175901086432517,0.8911080224742018,0.18888808500389945,0.006672084627351974,0.14370796315963547,-0.36842698003726077,0.3119950714408509,-0.6122995549901944,0.6261069323494609,0.1946226867755445,0.0,0.07118292473718632,0.95
24.02872395515442,1788958713.7438877,reach_low,0,0.0,-0.55,0.95,0.55,0.0,0.0,-0.5537670850753784,0.954136073589325,0.5414952039718628,-0.01840776950120926,0.19506755078186264,0.0,0.07175079336149623,-0.008201887138538783,0.4536978985840693,0.004175901086432517,0.8911080224742018,0.18885488960506763,0.006670599567023423,0.14364915681180612,-0.3694667776975858,0.31097358201884784,-0.6119381584378268,0.626355667102846,0.1946226867755445,0.0,0.07118292473718632,0.95
24.091057300567627,1788958713.7438877,reach_low,0,0.0,-0.55,0.95,0.55,0.0,0.0,-0.5537670850753784,0.954136073589325,0.5414952039718628,-0.01840776950120926,0.19506755078186264,0.0,0.07175079336149623,-0.008201887138538783,0.4536978985840693,0.004175901086432517,0.8911080224742018,0.18885488960506763,0.006670599567023423,0.14364915681180612,-0.3694667776975858,0.31097358201884784,-0.6119381584378268,0.626355667102846,0.1946226867755445,0.0,0.07118292473718632,0.95
24.09175133705139,1788958713.7438877,reach_low,0,0.0,-0.55,0.95,0.55,0.0,0.0,-0.5537670850753784,0.954136073589325,0.5414952039718628,-0.01840776950120926,0.19506755078186264,0.0,0.07175079336149623,-0.008201887138538783,0.4536978985840693,0.004175901086432517,0.8911080224742018,0.18885488960506763,0.006670599567023423,0.14364915681180612,-0.3694667776975858,0.31097358201884784,-0.6119381584378268,0.626355667102846,0.1946226867755445,0.0,0.07118292473718632,0.95
24.092398405075073,1788958713.7772448,reach_low,0,0.0,-0.55,0.95,0.55,0.0,0.0,-0.5537670850753784,0.954136073589325,0.5414952039718628,-0.01840776950120926,0.19506755078186264,0.0,0.07175079336149623,-0.008201887138538783,0.4536978985840693,0.004175901086432517,0.8911080224742018,0.18885946920530372,0.006666502269607694,0.14363874438404434,-0.3684775369055485,0.3117862649713449,-0.6122902013562254,0.6261903377523419,0.1946226867755445,0.0,0.07118292473718632,0.95
24.093001127243042,1788958713.7772448,reach_low,0,0.0,-0.55,0.95,0.55,0.0,0.0,-0.5537670850753784,0.954136073589325,0.5414952039718628,-0.01840776950120926,0.19506755078186264,0.0,0.07175079336149623,-0.008201887138538783,0.4536978985840693,0.004175901086432517,0.8911080224742018,0.18885946920530372,0.006666502269607694,0.14363874438404434,-0.3684775369055485,0.3117862649713449,-0.6122902013562254,0.6261903377523419,0.1946226867755445,0.0,0.07118292473718632,0.95
24.093486547470093,1788958713.7772448,reach_low,0,0.0,-0.55,0.95,0.55,0.0,0.0,-0.5537670850753784,0.954136073589325,0.5414952039718628,-0.01840776950120926,0.19506755078186264,0.0,0.07175079336149623,-0.008201887138538783,0.4536978985840693,0.004175901086432517,0.8911080224742018,0.18885946920530372,0.006666502269607694,0.14363874438404434,-0.3684775369055485,0.3117862649713449,-0.6122902013562254,0.6261903377523419,0.1946226867755445,0.0,0.07118292473718632,0.95
24.094477891921997,1788958713.7772448,reach_low,0,0.0,-0.55,0.95,0.55,0.0,0.0,-0.5537670850753784,0.954136073589325,0.5414952039718628,-0.01840776950120926,0.19506755078186264,0.0,0.07175079336149623,-0.008201887138538783,0.4536978985840693,0.004175901086432517,0.8911080224742018,0.18885946920530372,0.006666502269607694,0.14363874438404434,-0.3684775369055485,0.3117862649713449,-0.6122902013562254,0.6261903377523419,0.1946226867755445,0.0,0.07118292473718632,0.95
24.094956159591675,1788958713.7772448,reach_low,0,0.0,-0.55,0.95,0.55,0.0,0.0,-0.5537670850753784,0.954136073589325,0.5414952039718628,-0.01840776950120926,0.19506755078186264,0.0,0.07175079336149623,-0.008201887138538783,0.4536978985840693,0.004175901086432517,0.8911080224742018,0.18885946920530372,0.006666502269607694,0.14363874438404434,-0.3684775369055485,0.3117862649713449,-0.6122902013562254,0.6261903377523419,0.1946226867755445,0.0,0.07118292473718632,0.95
24.095436573028564,1788958713.7772448,reach_low,0,0.0,-0.55,0.95,0.55,0.0,0.0,-0.5537670850753784,0.954136073589325,0.5414952039718628,-0.01840776950120926,0.19506755078186264,0.0,0.07175079336149623,-0.008201887138538783,0.4536978985840693,0.004175901086432517,0.8911080224742018,0.18885946920530372,0.006666502269607694,0.14363874438404434,-0.3684775369055485,0.3117862649713449,-0.6122902013562254,0.6261903377523419,0.1946226867755445,0.0,0.07118292473718632,0.95
24.09579610824585,1788958713.7772448,reach_low,0,0.0,-0.55,0.95,0.55,0.0,0.0,-0.5537670850753784,0.954136073589325,0.5414952039718628,-0.01840776950120926,0.19506755078186264,0.0,0.07175079336149623,-0.008201887138538783,0.4536978985840693,0.004175901086432517,0.8911080224742018,0.18885946920530372,0.006666502269607694,0.14363874438404434,-0.3684775369055485,0.3117862649713449,-0.6122902013562254,0.6261903377523419,0.1946226867755445,0.0,0.07118292473718632,0.95
24.096222639083862,1788958713.810602,reach_low,0,0.0,-0.55,0.95,0.55,0.0,0.0,-0.5537670850753784,0.954136073589325,0.5414952039718628,-0.01840776950120926,0.19506755078186264,0.0,0.07175079336149623,-0.008201887138538783,0.4536978985840693,0.004175901086432517,0.8911080224742018,0.1888076237988795,0.006668162783274239,0.14356276248371136,-0.3684305425899822,0.3116012992363245,-0.6122621517694011,0.6263374674341214,0.1946226867755445,0.0,0.07118292473718632,0.95
24.0966477394104,1788958713.810602,reach_low,0,0.0,-0.55,0.95,0.55,0.0,0.0,-0.5537670850753784,0.954136073589325,0.5414952039718628,-0.01840776950120926,0.19506755078186264,0.0,0.07175079336149623,-0.008201887138538783,0.4536978985840693,0.004175901086432517,0.8911080224742018,0.1888076237988795,0.006668162783274239,0.14356276248371136,-0.3684305425899822,0.3116012992363245,-0.6122621517694011,0.6263374674341214,0.1946226867755445,0.0,0.07118292473718632,0.95
24.101544857025146,1788958713.810602,reach_low,0,0.0,-0.55,0.95,0.55,0.0,0.0,-0.5537670850753784,0.954136073589325,0.5414952039718628,-0.01840776950120926,0.19506755078186264,0.0,0.07175079336149623,-0.008201887138538783,0.4536978985840693,0.004175901086432517,0.8911080224742018,0.1888076237988795,0.006668162783274239,0.14356276248371136,-0.3684305425899822,0.3116012992363245,-0.6122621517694011,0.6263374674341214,0.1946226867755445,0.0,0.07118292473718632,0.95
24.111613035202026,1788958713.810602,reach_low,0,0.0,-0.55,0.95,0.55,0.0,0.0,-0.5537670850753784,0.954136073589325,0.5414952039718628,-0.01840776950120926,0.19506755078186264,0.0,0.07175079336149623,-0.008201887138538783,0.4536978985840693,0.004175901086432517,0.8911080224742018,0.1888076237988795,0.006668162783274239,0.14356276248371136,-0.3684305425899822,0.3116012992363245,-0.6122621517694011,0.6263374674341214,0.1946226867755445,0.0,0.07118292473718632,0.95
24.117490768432617,1788958713.810602,reach_low,0,0.0,-0.55,0.95,0.55,0.0,0.0,-0.5537670850753784,0.954136073589325,0.5414952039718628,-0.01840776950120926,0.19506755078186264,0.0,0.07175079336149623,-0.008201887138538783,0.4536978985840693,0.004175901086432517,0.8911080224742018,0.1888076237988795,0.006668162783274239,0.14356276248371136,-0.3684305425899822,0.3116012992363245,-0.6122621517694011,0.6263374674341214,0.1946226867755445,0.0,0.07118292473718632,0.95
24.11797285079956,1788958713.843959,reach_low,0,0.0,-0.55,0.95,0.55,0.0,0.0,-0.5537670850753784,0.954136073589325,0.5414952039718628,-0.01840776950120926,0.19506755078186264,0.0,0.07175079336149623,-0.008201887138538783,0.4536978985840693,0.004175901086432517,0.8911080224742018,0.18877262123304128,0.006666968366720009,0.14348130501066175,-0.3683594332992363,0.31151600542374847,-0.61233321207761,0.6263522520523204,0.1946226867755445,0.0,0.07118292473718632,0.95
24.12153124809265,1788958713.843959,reach_low,0,0.0,-0.55,0.95,0.55,0.0,0.0,-0.5537670850753784,0.954136073589325,0.5414952039718628,-0.01840776950120926,0.19506755078186264,0.0,0.07175079336149623,-0.008201887138538783,0.4536978985840693,0.004175901086432517,0.8911080224742018,0.18877262123304128,0.006666968366720009,0.14348130501066175,-0.3683594332992363,0.31151600542374847,-0.61233321207761,0.6263522520523204,0.1946226867755445,0.0,0.07118292473718632,0.95
24.13168716430664,1788958713.843959,reach_low,0,0.0,-0.55,0.95,0.55,0.0,0.0,-0.5537670850753784,0.954136073589325,0.5414952039718628,-0.01840776950120926,0.19506755078186264,0.0,0.07175079336149623,-0.008201887138538783,0.4536978985840693,0.004175901086432517,0.8911080224742018,0.18877262123304128,0.006666968366720009,0.14348130501066175,-0.3683594332992363,0.31151600542374847,-0.61233321207761,0.6263522520523204,0.1946226867755445,0.0,0.07118292473718632,0.95
24.141623497009277,1788958713.843959,reach_low,0,0.0,-0.55,0.95,0.55,0.0,0.0,-0.5537670850753784,0.954136073589325,0.5414952039718628,-0.01840776950120926,0.19506755078186264,0.0,0.07175079336149623,-0.008201887138538783,0.4536978985840693,0.004175901086432517,0.8911080224742018,0.18877262123304128,0.006666968366720009,0.14348130501066175,-0.3683594332992363,0.31151600542374847,-0.61233321207761,0.6263522520523204,0.1946226867755445,0.0,0.07118292473718632,0.95
24.142403841018677,1788958713.843959,reach_low,0,0.0,-0.55,0.95,0.55,0.0,0.0,-0.5537670850753784,0.954136073589325,0.5414952039718628,-0.01840776950120926,0.19506755078186264,0.0,0.07175079336149623,-0.008201887138538783,0.4536978985840693,0.004175901086432517,0.8911080224742018,0.18877262123304128,0.006666968366720009,0.14348130501066175,-0.3683594332992363,0.31151600542374847,-0.61233321207761,0.6263522520523204,0.1946226867755445,0.0,0.07118292473718632,0.95
24.15156364440918,1788958713.843959,reach_low,0,0.0,-0.55,0.95,0.55,0.0,0.0,-0.5537670850753784,0.954136073589325,0.5414952039718628,-0.01840776950120926,0.19506755078186264,0.0,0.07175079336149623,-0.008201887138538783,0.4536978985840693,0.004175901086432517,0.8911080224742018,0.18877262123304128,0.006666968366720009,0.14348130501066175,-0.3683594332992363,0.31151600542374847,-0.61233321207761,0.6263522520523204,0.1946226867755445,0.0,0.07118292473718632,0.95
24.161362886428833,1788958713.843959,reach_low,0,0.0,-0.55,0.95,0.55,0.0,0.0,-0.5537670850753784,0.954136073589325,0.5414952039718628,-0.01840776950120926,0.19506755078186264,0.0,0.07175079336149623,-0.008201887138538783,0.4536978985840693,0.004175901086432517,0.8911080224742018,0.18877262123304128,0.006666968366720009,0.14348130501066175,-0.3683594332992363,0.31151600542374847,-0.61233321207761,0.6263522520523204,0.1946226867755445,0.0,0.07118292473718632,0.95
24.162070989608765,1788958713.8773162,reach_low,0,0.0,-0.55,0.95,0.55,0.0,0.0,-0.5537670850753784,0.9526020884513855,0.5414952039718628,-0.01840776950120926,0.19506755078186264,0.0,0.07175079336149623,-0.008201887138538783,0.4536978985840693,0.004175901086432517,0.8911080224742018,0.1888223441659439,0.006670262738279628,0.1435965304275016,-0.36859950317290524,0.31169083191909425,-0.6121903132641144,0.626263723924559,0.1946226867755445,0.0,0.07118292473718632,0.95
24.162585735321045,1788958713.8773162,reach_low,0,0.0,-0.55,0.95,0.55,0.0,0.0,-0.5537670850753784,0.9526020884513855,0.5414952039718628,-0.01840776950120926,0.19506755078186264,0.0,0.07175079336149623,-0.008201887138538783,0.4536978985840693,0.004175901086432517,0.8911080224742018,0.1888223441659439,0.006670262738279628,0.1435965304275016,-0.36859950317290524,0.31169083191909425,-0.6121903132641144,0.626263723924559,0.1946226867755445,0.0,0.07118292473718632,0.95
24.17156672477722,1788958713.8773162,reach_low,0,0.0,-0.55,0.95,0.55,0.0,0.0,-0.5537670850753784,0.9526020884513855,0.5414952039718628,-0.01840776950120926,0.19506755078186264,0.0,0.07175079336149623,-0.008201887138538783,0.4536978985840693,0.004175901086432517,0.8911080224742018,0.1888223441659439,0.006670262738279628,0.1435965304275016,-0.36859950317290524,0.31169083191909425,-0.6121903132641144,0.626263723924559,0.1946226867755445,0.0,0.07118292473718632,0.95
24.18167018890381,1788958713.8773162,reach_low,0,0.0,-0.55,0.95,0.55,0.0,0.0,-0.5537670850753784,0.9526020884513855,0.5414952039718628,-0.01840776950120926,0.19506755078186264,0.0,0.07175079336149623,-0.008201887138538783,0.4536978985840693,0.004175901086432517,0.8911080224742018,0.1888223441659439,0.006670262738279628,0.1435965304275016,-0.36859950317290524,0.31169083191909425,-0.6121903132641144,0.626263723924559,0.1946226867755445,0.0,0.07118292473718632,0.95
24.191587924957275,1788958713.8773162,reach_low,0,0.0,-0.55,0.95,0.55,0.0,0.0,-0.5537670850753784,0.9526020884513855,0.5414952039718628,-0.01840776950120926,0.19506755078186264,0.0,0.07175079336149623,-0.008201887138538783,0.4536978985840693,0.004175901086432517,0.8911080224742018,0.1888223441659439,0.006670262738279628,0.1435965304275016,-0.36859950317290524,0.31169083191909425,-0.6121903132641144,0.626263723924559,0.1946226867755445,0.0,0.07118292473718632,0.95
24.194801568984985,1788958713.8773162,reach_low,0,0.0,-0.55,0.95,0.55,0.0,0.0,-0.5537670850753784,0.9526020884513855,0.5414952039718628,-0.01840776950120926,0.19506755078186264,0.0,0.07175079336149623,-0.008201887138538783,0.4536978985840693,0.004175901086432517,0.8911080224742018,0.1888223441659439,0.006670262738279628,0.1435965304275016,-0.36859950317290524,0.31169083191909425,-0.6121903132641144,0.626263723924559,0.1946226867755445,0.0,0.07118292473718632,0.95
24.195285320281982,1788958713.9106731,reach_low,0,0.0,-0.55,0.95,0.55,0.0,0.0,-0.5537670850753784,0.954136073589325,0.5414952039718628,-0.01840776950120926,0.19506755078186264,0.0,0.07175079336149623,-0.008201887138538783,0.4536978985840693,0.004175901086432517,0.8911080224742018,0.18890016830978426,0.006672716406486028,0.1437355237132899,-0.36934875029384384,0.31099933038763455,-0.6120736721740488,0.6262800787077568,0.1946226867755445,0.0,0.07118292473718632,0.95
24.201486349105835,1788958713.9106731,reach_low,0,0.0,-0.55,0.95,0.55,0.0,0.0,-0.5537670850753784,0.954136073589325,0.5414952039718628,-0.01840776950120926,0.19506755078186264,0.0,0.07175079336149623,-0.008201887138538783,0.4536978985840693,0.004175901086432517,0.8911080224742018,0.18890016830978426,0.006672716406486028,0.1437355237132899,-0.36934875029384384,0.31099933038763455,-0.6120736721740488,0.6262800787077568,0.1946226867755445,0.0,0.07118292473718632,0.95
24.202228784561157,1788958713.9106731,reach_low,0,0.0,-0.55,0.95,0.55,0.0,0.0,-0.5537670850753784,0.954136073589325,0.5414952039718628,-0.01840776950120926,0.19506755078186264,0.0,0.07175079336149623,-0.008201887138538783,0.4536978985840693,0.004175901086432517,0.8911080224742018,0.18890016830978426,0.006672716406486028,0.1437355237132899,-0.36934875029384384,0.31099933038763455,-0.6120736721740488,0.6262800787077568,0.1946226867755445,0.0,0.07118292473718632,0.95
24.211602926254272,1788958713.9106731,reach_low,0,0.0,-0.55,0.95,0.55,0.0,0.0,-0.5537670850753784,0.954136073589325,0.5414952039718628,-0.01840776950120926,0.19506755078186264,0.0,0.07175079336149623,-0.008201887138538783,0.4536978985840693,0.004175901086432517,0.8911080224742018,0.18890016830978426,0.006672716406486028,0.1437355237132899,-0.36934875029384384,0.31099933038763455,-0.6120736721740488,0.6262800787077568,0.1946226867755445,0.0,0.07118292473718632,0.95
24.221575021743774,1788958713.9106731,reach_low,0,0.0,-0.55,0.95,0.55,0.0,0.0,-0.5537670850753784,0.954136073589325,0.5414952039718628,-0.01840776950120926,0.19506755078186264,0.0,0.07175079336149623,-0.008201887138538783,0.4536978985840693,0.004175901086432517,0.8911080224742018,0.18890016830978426,0.006672716406486028,0.1437355237132899,-0.36934875029384384,0.31099933038763455,-0.6120736721740488,0.6262800787077568,0.1946226867755445,0.0,0.07118292473718632,0.95
24.22867441177368,1788958713.9106731,reach_low,0,0.0,-0.55,0.95,0.55,0.0,0.0,-0.5537670850753784,0.954136073589325,0.5414952039718628,-0.01840776950120926,0.19506755078186264,0.0,0.07175079336149623,-0.008201887138538783,0.4536978985840693,0.004175901086432517,0.8911080224742018,0.18890016830978426,0.006672716406486028,0.1437355237132899,-0.36934875029384384,0.31099933038763455,-0.6120736721740488,0.6262800787077568,0.1946226867755445,0.0,0.07118292473718632,0.95
24.22932529449463,1788958713.9440303,reach_low,0,0.0,-0.55,0.95,0.55,0.0,0.0,-0.5537670850753784,0.9526020884513855,0.5414952039718628,-0.01840776950120926,0.19506755078186264,0.0,0.07175079336149623,-0.008201887138538783,0.4536978985840693,0.004175901086432517,0.8911080224742018,0.1888170203838096,0.006678730102862308,0.14357668879352514,-0.3691154121012382,0.31131664994031905,-0.612116327749193,0.6262182984567864,0.1946226867755445,0.0,0.07118292473718632,0.95
24.231563806533813,1788958713.9440303,reach_low,0,0.0,-0.55,0.95,0.55,0.0,0.0,-0.5537670850753784,0.9526020884513855,0.5414952039718628,-0.01840776950120926,0.19506755078186264,0.0,0.07175079336149623,-0.008201887138538783,0.4536978985840693,0.004175901086432517,0.8911080224742018,0.1888170203838096,0.006678730102862308,0.14357668879352514,-0.3691154121012382,0.31131664994031905,-0.612116327749193,0.6262182984567864,0.1946226867755445,0.0,0.07118292473718632,0.95
24.24144983291626,1788958713.9440303,reach_low,0,0.0,-0.55,0.95,0.55,0.0,0.0,-0.5537670850753784,0.9526020884513855,0.5414952039718628,-0.01840776950120926,0.19506755078186264,0.0,0.07175079336149623,-0.008201887138538783,0.4536978985840693,0.004175901086432517,0.8911080224742018,0.1888170203838096,0.006678730102862308,0.14357668879352514,-0.3691154121012382,0.31131664994031905,-0.612116327749193,0.6262182984567864,0.1946226867755445,0.0,0.07118292473718632,0.95
24.25146508216858,1788958713.9440303,reach_low,0,0.0,-0.55,0.95,0.55,0.0,0.0,-0.5537670850753784,0.9526020884513855,0.5414952039718628,-0.01840776950120926,0.19506755078186264,0.0,0.07175079336149623,-0.008201887138538783,0.4536978985840693,0.004175901086432517,0.8911080224742018,0.1888170203838096,0.006678730102862308,0.14357668879352514,-0.3691154121012382,0.31131664994031905,-0.612116327749193,0.6262182984567864,0.1946226867755445,0.0,0.07118292473718632,0.95
24.261340856552124,1788958713.9440303,reach_low,0,0.0,-0.55,0.95,0.55,0.0,0.0,-0.5537670850753784,0.9526020884513855,0.5414952039718628,-0.01840776950120926,0.19506755078186264,0.0,0.07175079336149623,-0.008201887138538783,0.4536978985840693,0.004175901086432517,0.8911080224742018,0.1888170203838096,0.006678730102862308,0.14357668879352514,-0.3691154121012382,0.31131664994031905,-0.612116327749193,0.6262182984567864,0.1946226867755445,0.0,0.07118292473718632,0.95
24.26206660270691,1788958713.9773872,reach_low,0,0.0,-0.55,0.95,0.55,0.0,0.0,-0.5537670850753784,0.954136073589325,0.5414952039718628,-0.01840776950120926,0.19506755078186264,0.0,0.07175079336149623,-0.008201887138538783,0.4536978985840693,0.004175901086432517,0.8911080224742018,0.18883737414081952,0.006673514419494852,0.14360248491974714,-0.3688726153340437,0.31139858683900135,-0.61215640066892,0.6262814502213591,0.1946226867755445,0.0,0.07118292473718632,0.95
24.323880910873413,1788958713.9773872,reach_low,0,0.0,-0.55,0.95,0.55,0.0,0.0,-0.5537670850753784,0.954136073589325,0.5414952039718628,-0.01840776950120926,0.19509966050317012,0.0,0.07179060280399233,-0.008202246250994742,0.45362125835222544,0.004175195678652536,0.8911470388597084,0.18883737414081952,0.006673514419494852,0.14360248491974714,-0.3688726153340437,0.31139858683900135,-0.61215640066892,0.6262814502213591,0.1946226867755445,0.0,0.07118292473718632,0.95
24.324352264404297,1788958713.9773872,reach_low,0,0.0,-0.55,0.95,0.55,0.0,0.0,-0.5537670850753784,0.954136073589325,0.5414952039718628,-0.01840776950120926,0.19509966050317012,0.0,0.07179060280399233,-0.008202246250994742,0.45362125835222544,0.004175195678652536,0.8911470388597084,0.18883737414081952,0.006673514419494852,0.14360248491974714,-0.3688726153340437,0.31139858683900135,-0.61215640066892,0.6262814502213591,0.1946226867755445,0.0,0.07118292473718632,0.95
24.324809551239014,1788958714.010744,reach_low,0,0.0,-0.55,0.95,0.55,0.0,0.0,-0.5537670850753784,0.954136073589325,0.5414952039718628,-0.01840776950120926,0.1952587337301217,0.0,0.07198802775321034,-0.008204025547950161,0.4532412877463441,0.0041716983742328675,0.8913403536133202,0.1887905337889164,0.006676652493340209,0.14352195818856173,-0.36888441187729515,0.31118765164423084,-0.612275541741637,0.626262881802104,0.1946226867755445,0.0,0.07118292473718632,0.95
24.325296640396118,1788958714.010744,reach_low,0,0.0,-0.55,0.95,0.55,0.0,0.0,-0.5537670850753784,0.954136073589325,0.5414952039718628,-0.01840776950120926,0.1952587337301217,0.0,0.07198802775321034,-0.008204025547950161,0.4532412877463441,0.0041716983742328675,0.8913403536133202,0.1887905337889164,0.006676652493340209,0.14352195818856173,-0.36888441187729515,0.31118765164423084,-0.612275541741637,0.626262881802104,0.1946226867755445,0.0,0.07118292473718632,0.95
24.325637817382812,1788958714.010744,reach_low,0,0.0,-0.55,0.95,0.55,0.0,0.0,-0.5537670850753784,0.954136073589325,0.5414952039718628,-0.01840776950120926,0.1952587337301217,0.0,0.07198802775321034,-0.008204025547950161,0.4532412877463441,0.0041716983742328675,0.8913403536133202,0.1887905337889164,0.006676652493340209,0.14352195818856173,-0.36888441187729515,0.31118765164423084,-0.612275541741637,0.626262881802104,0.1946226867755445,0.0,0.07118292473718632,0.95
24.32627272605896,1788958714.010744,reach_low,0,0.0,-0.55,0.95,0.55,0.0,0.0,-0.5537670850753784,0.954136073589325,0.5414952039718628,-0.01840776950120926,0.1952587337301217,0.0,0.07198802775321034,-0.008204025547950161,0.4532412877463441,0.0041716983742328675,0.8913403536133202,0.1887905337889164,0.006676652493340209,0.14352195818856173,-0.36888441187729515,0.31118765164423084,-0.612275541741637,0.626262881802104,0.1946226867755445,0.0,0.07118292473718632,0.95
24.326584577560425,1788958714.010744,reach_low,0,0.0,-0.55,0.95,0.55,0.0,0.0,-0.5537670850753784,0.954136073589325,0.5414952039718628,-0.01840776950120926,0.1952587337301217,0.0,0.07198802775321034,-0.008204025547950161,0.4532412877463441,0.0041716983742328675,0.8913403536133202,0.1887905337889164,0.006676652493340209,0.14352195818856173,-0.36888441187729515,0.31118765164423084,-0.612275541741637,0.626262881802104,0.1946226867755445,0.0,0.07118292473718632,0.95
24.32701301574707,1788958714.010744,reach_low,0,0.0,-0.55,0.95,0.55,0.0,0.0,-0.5537670850753784,0.954136073589325,0.5414952039718628,-0.01840776950120926,0.1952587337301217,0.0,0.07198802775321034,-0.008204025547950161,0.4532412877463441,0.0041716983742328675,0.8913403536133202,0.1887905337889164,0.006676652493340209,0.14352195818856173,-0.36888441187729515,0.31118765164423084,-0.612275541741637,0.626262881802104,0.1946226867755445,0.0,0.07118292473718632,0.95
24.3274245262146,1788958714.010744,reach_low,0,0.0,-0.55,0.95,0.55,0.0,0.0,-0.5537670850753784,0.954136073589325,0.5414952039718628,-0.01840776950120926,0.1952587337301217,0.0,0.07198802775321034,-0.008204025547950161,0.4532412877463441,0.0041716983742328675,0.8913403536133202,0.1887905337889164,0.006676652493340209,0.14352195818856173,-0.36888441187729515,0.31118765164423084,-0.612275541741637,0.626262881802104,0.1946226867755445,0.0,0.07118292473718632,0.95
24.32792592048645,1788958714.010744,reach_low,0,0.0,-0.55,0.95,0.55,0.0,0.0,-0.5537670850753784,0.954136073589325,0.5414952039718628,-0.01840776950120926,0.1952587337301217,0.0,0.07198802775321034,-0.008204025547950161,0.4532412877463441,0.0041716983742328675,0.8913403536133202,0.1887905337889164,0.006676652493340209,0.14352195818856173,-0.36888441187729515,0.31118765164423084,-0.612275541741637,0.626262881802104,0.1946226867755445,0.0,0.07118292473718632,0.95
24.328337907791138,1788958714.044101,reach_low,0,0.0,-0.55,0.95,0.55,0.0,0.0,-0.5537670850753784,0.954136073589325,0.5414952039718628,-0.01840776950120926,0.19535366785747957,0.0,0.07210601436976229,-0.008205087610833668,0.4530142919695452,0.00416960907226804,0.8914557432474226,0.18873910381333237,0.006674440703206875,0.1434130974712251,-0.3688599202472198,0.3111124267549966,-0.6122205009876229,0.6263684820649073,0.1946226867755445,0.0,0.07118292473718632,0.95
24.331517696380615,1788958714.044101,reach_low,0,0.0,-0.55,0.95,0.55,0.0,0.0,-0.5537670850753784,0.954136073589325,0.5414952039718628,-0.01840776950120926,0.19535366785747957,0.0,0.07210601436976229,-0.008205087610833668,0.4530142919695452,0.00416960907226804,0.8914557432474226,0.18873910381333237,0.006674440703206875,0.1434130974712251,-0.3688599202472198,0.3111124267549966,-0.6122205009876229,0.6263684820649073,0.1946226867755445,0.0,0.07118292473718632,0.95
24.34165048599243,1788958714.044101,reach_low,0,0.0,-0.55,0.95,0.55,0.0,0.0,-0.5537670850753784,0.954136073589325,0.5414952039718628,-0.01840776950120926,0.19535366785747957,0.0,0.07210601436976229,-0.008205087610833668,0.4530142919695452,0.00416960907226804,0.8914557432474226,0.18873910381333237,0.006674440703206875,0.1434130974712251,-0.3688599202472198,0.3111124267549966,-0.6122205009876229,0.6263684820649073,0.1946226867755445,0.0,0.07118292473718632,0.95
24.35128951072693,1788958714.044101,reach_low,0,0.0,-0.55,0.95,0.55,0.0,0.0,-0.5537670850753784,0.954136073589325,0.5414952039718628,-0.01840776950120926,0.19535366785747957,0.0,0.07210601436976229,-0.008205087610833668,0.4530142919695452,0.00416960907226804,0.8914557432474226,0.18873910381333237,0.006674440703206875,0.1434130974712251,-0.3688599202472198,0.3111124267549966,-0.6122205009876229,0.6263684820649073,0.1946226867755445,0.0,0.07118292473718632,0.95
24.351919174194336,1788958714.077458,reach_low,0,0.0,-0.55,0.95,0.55,0.0,0.0,-0.5537670850753784,0.954136073589325,0.5414952039718628,-0.01840776950120926,0.19535366785747957,0.0,0.07210601436976229,-0.008205087610833668,0.4530142919695452,0.00416960907226804,0.8914557432474226,0.18884837865632795,0.006671894909971184,0.14362745738730992,-0.368821227081613,0.31173802299662695,-0.6121994568509129,0.6261007367058558,0.1946226867755445,0.0,0.07118292473718632,0.95
24.352436542510986,1788958714.077458,reach_low,0,0.0,-0.55,0.95,0.55,0.0,0.0,-0.5537670850753784,0.954136073589325,0.5414952039718628,-0.01840776950120926,0.19535366785747957,0.0,0.07210601436976229,-0.008205087610833668,0.4530142919695452,0.00416960907226804,0.8914557432474226,0.18884837865632795,0.006671894909971184,0.14362745738730992,-0.368821227081613,0.31173802299662695,-0.6121994568509129,0.6261007367058558,0.1946226867755445,0.0,0.07118292473718632,0.95
24.36149573326111,1788958714.077458,reach_low,0,0.0,-0.55,0.95,0.55,0.0,0.0,-0.5537670850753784,0.954136073589325,0.5414952039718628,-0.01840776950120926,0.19535366785747957,0.0,0.07210601436976229,-0.008205087610833668,0.4530142919695452,0.00416960907226804,0.8914557432474226,0.18884837865632795,0.006671894909971184,0.14362745738730992,-0.368821227081613,0.31173802299662695,-0.6121994568509129,0.6261007367058558,0.1946226867755445,0.0,0.07118292473718632,0.95
24.371469259262085,1788958714.077458,reach_low,0,0.0,-0.55,0.95,0.55,0.0,0.0,-0.5537670850753784,0.954136073589325,0.5414952039718628,-0.01840776950120926,0.19535366785747957,0.0,0.07210601436976229,-0.008205087610833668,0.4530142919695452,0.00416960907226804,0.8914557432474226,0.18884837865632795,0.006671894909971184,0.14362745738730992,-0.368821227081613,0.31173802299662695,-0.6121994568509129,0.6261007367058558,0.1946226867755445,0.0,0.07118292473718632,0.95
24.381658792495728,1788958714.077458,reach_low,0,0.0,-0.55,0.95,0.55,0.0,0.0,-0.5537670850753784,0.954136073589325,0.5414952039718628,-0.01840776950120926,0.19535366785747957,0.0,0.07210601436976229,-0.008205087610833668,0.4530142919695452,0.00416960907226804,0.8914557432474226,0.18884837865632795,0.006671894909971184,0.14362745738730992,-0.368821227081613,0.31173802299662695,-0.6121994568509129,0.6261007367058558,0.1946226867755445,0.0,0.07118292473718632,0.95
24.382418870925903,1788958714.077458,reach_low,0,0.0,-0.55,0.95,0.55,0.0,0.0,-0.5537670850753784,0.954136073589325,0.5414952039718628,-0.01840776950120926,0.19535366785747957,0.0,0.07210601436976229,-0.008205087610833668,0.4530142919695452,0.00416960907226804,0.8914557432474226,0.18884837865632795,0.006671894909971184,0.14362745738730992,-0.368821227081613,0.31173802299662695,-0.6121994568509129,0.6261007367058558,0.1946226867755445,0.0,0.07118292473718632,0.95
24.39151382446289,1788958714.077458,reach_low,0,0.0,-0.55,0.95,0.55,0.0,0.0,-0.5537670850753784,0.954136073589325,0.5414952039718628,-0.01840776950120926,0.19535366785747957,0.0,0.07210601436976229,-0.008205087610833668,0.4530142919695452,0.00416960907226804,0.8914557432474226,0.18884837865632795,0.006671894909971184,0.14362745738730992,-0.368821227081613,0.31173802299662695,-0.6121994568509129,0.6261007367058558,0.1946226867755445,0.0,0.07118292473718632,0.95
24.39441752433777,1788958714.077458,reach_low,0,0.0,-0.55,0.95,0.55,0.0,0.0,-0.5537670850753784,0.954136073589325,0.5414952039718628,-0.01840776950120926,0.19535366785747957,0.0,0.07210601436976229,-0.008205087610833668,0.4530142919695452,0.00416960907226804,0.8914557432474226,0.18884837865632795,0.006671894909971184,0.14362745738730992,-0.368821227081613,0.31173802299662695,-0.6121994568509129,0.6261007367058558,0.1946226867755445,0.0,0.07118292473718632,0.95
24.39486813545227,1788958714.1108148,reach_low,0,0.0,-0.55,0.95,0.55,0.0,0.0,-0.5537670850753784,0.954136073589325,0.5414952039718628,-0.01840776950120926,0.19535366785747957,0.0,0.07210601436976229,-0.008205087610833668,0.4530142919695452,0.00416960907226804,0.8914557432474226,0.18890602697087203,0.006666807588738184,0.14373898244941213,-0.368372570642592,0.31235882406581145,-0.6121036500894272,0.6261491322149958,0.1946226867755445,0.0,0.07118292473718632,0.95
24.401596546173096,1788958714.1108148,reach_low,0,0.0,-0.55,0.95,0.55,0.0,0.0,-0.5537670850753784,0.954136073589325,0.5414952039718628,-0.01840776950120926,0.19535366785747957,0.0,0.07210601436976229,-0.008205087610833668,0.4530142919695452,0.00416960907226804,0.8914557432474226,0.18890602697087203,0.006666807588738184,0.14373898244941213,-0.368372570642592,0.31235882406581145,-0.6121036500894272,0.6261491322149958,0.1946226867755445,0.0,0.07118292473718632,0.95
24.411571264266968,1788958714.1108148,reach_low,0,0.0,-0.55,0.95,0.55,0.0,0.0,-0.5537670850753784,0.954136073589325,0.5414952039718628,-0.01840776950120926,0.19535366785747957,0.0,0.07210601436976229,-0.008205087610833668,0.4530142919695452,0.00416960907226804,0.8914557432474226,0.18890602697087203,0.006666807588738184,0.14373898244941213,-0.368372570642592,0.31235882406581145,-0.6121036500894272,0.6261491322149958,0.1946226867755445,0.0,0.07118292473718632,0.95
24.417289972305298,1788958714.1108148,reach_low,0,0.0,-0.55,0.95,0.55,0.0,0.0,-0.5537670850753784,0.954136073589325,0.5414952039718628,-0.01840776950120926,0.19535366785747957,0.0,0.07210601436976229,-0.008205087610833668,0.4530142919695452,0.00416960907226804,0.8914557432474226,0.18890602697087203,0.006666807588738184,0.14373898244941213,-0.368372570642592,0.31235882406581145,-0.6121036500894272,0.6261491322149958,0.1946226867755445,0.0,0.07118292473718632,0.95
24.417749404907227,1788958714.1441717,reach_low,0,0.0,-0.55,0.95,0.55,0.0,0.0,-0.5537670850753784,0.954136073589325,0.5414952039718628,-0.01840776950120926,0.19535366785747957,0.0,0.07210601436976229,-0.008205087610833668,0.4530142919695452,0.00416960907226804,0.8914557432474226,0.18881130681094052,0.006666826604584041,0.1435570284062796,-0.3681125118787793,0.3118478380031321,-0.6122385240030038,0.626424851245296,0.1946226867755445,0.0,0.07118292473718632,0.95
24.42153286933899,1788958714.1441717,reach_low,0,0.0,-0.55,0.95,0.55,0.0,0.0,-0.5537670850753784,0.954136073589325,0.5414952039718628,-0.01840776950120926,0.19535366785747957,0.0,0.07210601436976229,-0.008205087610833668,0.4530142919695452,0.00416960907226804,0.8914557432474226,0.18881130681094052,0.006666826604584041,0.1435570284062796,-0.3681125118787793,0.3118478380031321,-0.6122385240030038,0.626424851245296,0.1946226867755445,0.0,0.07118292473718632,0.95
24.43163537979126,1788958714.1441717,reach_low,0,0.0,-0.55,0.95,0.55,0.0,0.0,-0.5537670850753784,0.954136073589325,0.5414952039718628,-0.01840776950120926,0.19535366785747957,0.0,0.07210601436976229,-0.008205087610833668,0.4530142919695452,0.00416960907226804,0.8914557432474226,0.18881130681094052,0.006666826604584041,0.1435570284062796,-0.3681125118787793,0.3118478380031321,-0.6122385240030038,0.626424851245296,0.1946226867755445,0.0,0.07118292473718632,0.95
24.441696643829346,1788958714.1441717,reach_low,0,0.0,-0.55,0.95,0.55,0.0,0.0,-0.5537670850753784,0.954136073589325,0.5414952039718628,-0.01840776950120926,0.19535366785747957,0.0,0.07210601436976229,-0.008205087610833668,0.4530142919695452,0.00416960907226804,0.8914557432474226,0.18881130681094052,0.006666826604584041,0.1435570284062796,-0.3681125118787793,0.3118478380031321,-0.6122385240030038,0.626424851245296,0.1946226867755445,0.0,0.07118292473718632,0.95
24.442749738693237,1788958714.1441717,reach_low,0,0.0,-0.55,0.95,0.55,0.0,0.0,-0.5537670850753784,0.954136073589325,0.5414952039718628,-0.01840776950120926,0.19535366785747957,0.0,0.07210601436976229,-0.008205087610833668,0.4530142919695452,0.00416960907226804,0.8914557432474226,0.18881130681094052,0.006666826604584041,0.1435570284062796,-0.3681125118787793,0.3118478380031321,-0.6122385240030038,0.626424851245296,0.1946226867755445,0.0,0.07118292473718632,0.95
24.45147395133972,1788958714.1441717,reach_low,0,0.0,-0.55,0.95,0.55,0.0,0.0,-0.5537670850753784,0.954136073589325,0.5414952039718628,-0.01840776950120926,0.19535366785747957,0.0,0.07210601436976229,-0.008205087610833668,0.4530142919695452,0.00416960907226804,0.8914557432474226,0.18881130681094052,0.006666826604584041,0.1435570284062796,-0.3681125118787793,0.3118478380031321,-0.6122385240030038,0.626424851245296,0.1946226867755445,0.0,0.07118292473718632,0.95
24.461382150650024,1788958714.1441717,reach_low,0,0.0,-0.55,0.95,0.55,0.0,0.0,-0.5537670850753784,0.954136073589325,0.5414952039718628,-0.01840776950120926,0.19535366785747957,0.0,0.07210601436976229,-0.008205087610833668,0.4530142919695452,0.00416960907226804,0.8914557432474226,0.18881130681094052,0.006666826604584041,0.1435570284062796,-0.3681125118787793,0.3118478380031321,-0.6122385240030038,0.626424851245296,0.1946226867755445,0.0,0.07118292473718632,0.95
24.46201205253601,1788958714.1775286,reach_low,0,0.0,-0.55,0.95,0.55,0.0,0.0,-0.5537670850753784,0.954136073589325,0.5414952039718628,-0.01840776950120926,0.19522577357344162,0.0,0.07194709276606506,-0.008203656843355226,0.4533200579054058,0.004172423386171056,0.891300295073508,0.18882351124588911,0.00667163749221694,0.14358023396444808,-0.36845449312795536,0.3116255302188209,-0.6120930075304798,0.6264766280891513,0.1946226867755445,0.0,0.07118292473718632,0.95
24.4625084400177,1788958714.1775286,reach_low,0,0.0,-0.55,0.95,0.55,0.0,0.0,-0.5537670850753784,0.954136073589325,0.5414952039718628,-0.01840776950120926,0.19522577357344162,0.0,0.07194709276606506,-0.008203656843355226,0.4533200579054058,0.004172423386171056,0.891300295073508,0.18882351124588911,0.00667163749221694,0.14358023396444808,-0.36845449312795536,0.3116255302188209,-0.6120930075304798,0.6264766280891513,0.1946226867755445,0.0,0.07118292473718632,0.95
24.47150421142578,1788958714.1775286,reach_low,0,0.0,-0.55,0.95,0.55,0.0,0.0,-0.5537670850753784,0.954136073589325,0.5414952039718628,-0.01840776950120926,0.19522577357344162,0.0,0.07194709276606506,-0.008203656843355226,0.4533200579054058,0.004172423386171056,0.891300295073508,0.18882351124588911,0.00667163749221694,0.14358023396444808,-0.36845449312795536,0.3116255302188209,-0.6120930075304798,0.6264766280891513,0.1946226867755445,0.0,0.07118292473718632,0.95
24.481562852859497,1788958714.1775286,reach_low,0,0.0,-0.55,0.95,0.55,0.0,0.0,-0.5537670850753784,0.954136073589325,0.5414952039718628,-0.01840776950120926,0.19522577357344162,0.0,0.07194709276606506,-0.008203656843355226,0.4533200579054058,0.004172423386171056,0.891300295073508,0.18882351124588911,0.00667163749221694,0.14358023396444808,-0.36845449312795536,0.3116255302188209,-0.6120930075304798,0.6264766280891513,0.1946226867755445,0.0,0.07118292473718632,0.95
24.491551160812378,1788958714.1775286,reach_low,0,0.0,-0.55,0.95,0.55,0.0,0.0,-0.5537670850753784,0.954136073589325,0.5414952039718628,-0.01840776950120926,0.19522577357344162,0.0,0.07194709276606506,-0.008203656843355226,0.4533200579054058,0.004172423386171056,0.891300295073508,0.18882351124588911,0.00667163749221694,0.14358023396444808,-0.36845449312795536,0.3116255302188209,-0.6120930075304798,0.6264766280891513,0.1946226867755445,0.0,0.07118292473718632,0.95
24.492326974868774,1788958714.1775286,reach_low,0,0.0,-0.55,0.95,0.55,0.0,0.0,-0.5537670850753784,0.954136073589325,0.5414952039718628,-0.01840776950120926,0.19522577357344162,0.0,0.07194709276606506,-0.008203656843355226,0.4533200579054058,0.004172423386171056,0.891300295073508,0.18882351124588911,0.00667163749221694,0.14358023396444808,-0.36845449312795536,0.3116255302188209,-0.6120930075304798,0.6264766280891513,0.1946226867755445,0.0,0.07118292473718632,0.95
24.49510931968689,1788958714.1775286,reach_low,0,0.0,-0.55,0.95,0.55,0.0,0.0,-0.5537670850753784,0.954136073589325,0.5414952039718628,-0.01840776950120926,0.19522577357344162,0.0,0.07194709276606506,-0.008203656843355226,0.4533200579054058,0.004172423386171056,0.891300295073508,0.18882351124588911,0.00667163749221694,0.14358023396444808,-0.36845449312795536,0.3116255302188209,-0.6120930075304798,0.6264766280891513,0.1946226867755445,0.0,0.07118292473718632,0.95
24.495542287826538,1788958714.2108853,reach_low,0,0.0,-0.55,0.95,0.55,0.0,0.0,-0.5537670850753784,0.954136073589325,0.5414952039718628,-0.01840776950120926,0.19506755078186264,0.0,0.07175079336149623,-0.008201887138538783,0.4536978985840693,0.004175901086432517,0.8911080224742018,0.18895377373486777,0.006673131218176831,0.14383425962252078,-0.36943744049584404,0.31093074058174364,-0.6119891703404229,0.626344400076515,0.1946226867755445,0.0,0.07118292473718632,0.95
24.50153112411499,1788958714.2108853,reach_low,0,0.0,-0.55,0.95,0.55,0.0,0.0,-0.5537670850753784,0.954136073589325,0.5414952039718628,-0.01840776950120926,0.19506755078186264,0.0,0.07175079336149623,-0.008201887138538783,0.4536978985840693,0.004175901086432517,0.8911080224742018,0.18895377373486777,0.006673131218176831,0.14383425962252078,-0.36943744049584404,0.31093074058174364,-0.6119891703404229,0.626344400076515,0.1946226867755445,0.0,0.07118292473718632,0.95
24.511648893356323,1788958714.2108853,reach_low,0,0.0,-0.55,0.95,0.55,0.0,0.0,-0.5537670850753784,0.954136073589325,0.5414952039718628,-0.01840776950120926,0.19506755078186264,0.0,0.07175079336149623,-0.008201887138538783,0.4536978985840693,0.004175901086432517,0.8911080224742018,0.18895377373486777,0.006673131218176831,0.14383425962252078,-0.36943744049584404,0.31093074058174364,-0.6119891703404229,0.626344400076515,0.1946226867755445,0.0,0.07118292473718632,0.95
24.5179500579834,1788958714.2108853,reach_low,0,0.0,-0.55,0.95,0.55,0.0,0.0,-0.5537670850753784,0.954136073589325,0.5414952039718628,-0.01840776950120926,0.19506755078186264,0.0,0.07175079336149623,-0.008201887138538783,0.4536978985840693,0.004175901086432517,0.8911080224742018,0.18895377373486777,0.006673131218176831,0.14383425962252078,-0.36943744049584404,0.31093074058174364,-0.6119891703404229,0.626344400076515,0.1946226867755445,0.0,0.07118292473718632,0.95
24.518367290496826,1788958714.2442422,reach_low,0,0.0,-0.55,0.95,0.55,0.0,0.0,-0.5537670850753784,0.9526020884513855,0.5414952039718628,-0.01840776950120926,0.19506755078186264,0.0,0.07175079336149623,-0.008201887138538783,0.4536978985840693,0.004175901086432517,0.8911080224742018,0.18879483575307934,0.00667502256847766,0.14352816568982357,-0.36862864924443295,0.3115332181036515,-0.612118209548196,0.6263954585672844,0.1946226867755445,0.0,0.07118292473718632,0.95
24.521639347076416,1788958714.2442422,reach_low,0,0.0,-0.55,0.95,0.55,0.0,0.0,-0.5537670850753784,0.9526020884513855,0.5414952039718628,-0.01840776950120926,0.19506755078186264,0.0,0.07175079336149623,-0.008201887138538783,0.4536978985840693,0.004175901086432517,0.8911080224742018,0.18879483575307934,0.00667502256847766,0.14352816568982357,-0.36862864924443295,0.3115332181036515,-0.612118209548196,0.6263954585672844,0.1946226867755445,0.0,0.07118292473718632,0.95
24.531574964523315,1788958714.2442422,reach_low,0,0.0,-0.55,0.95,0.55,0.0,0.0,-0.5537670850753784,0.9526020884513855,0.5414952039718628,-0.01840776950120926,0.19506755078186264,0.0,0.07175079336149623,-0.008201887138538783,0.4536978985840693,0.004175901086432517,0.8911080224742018,0.18879483575307934,0.00667502256847766,0.14352816568982357,-0.36862864924443295,0.3115332181036515,-0.612118209548196,0.6263954585672844,0.1946226867755445,0.0,0.07118292473718632,0.95
24.54188108444214,1788958714.2442422,reach_low,0,0.0,-0.55,0.95,0.55,0.0,0.0,-0.5537670850753784,0.9526020884513855,0.5414952039718628,-0.01840776950120926,0.19506755078186264,0.0,0.07175079336149623,-0.008201887138538783,0.4536978985840693,0.004175901086432517,0.8911080224742018,0.18879483575307934,0.00667502256847766,0.14352816568982357,-0.36862864924443295,0.3115332181036515,-0.612118209548196,0.6263954585672844,0.1946226867755445,0.0,0.07118292473718632,0.95
24.543457746505737,1788958714.2442422,reach_low,0,0.0,-0.55,0.95,0.55,0.0,0.0,-0.5537670850753784,0.9526020884513855,0.5414952039718628,-0.01840776950120926,0.19506755078186264,0.0,0.07175079336149623,-0.008201887138538783,0.4536978985840693,0.004175901086432517,0.8911080224742018,0.18879483575307934,0.00667502256847766,0.14352816568982357,-0.36862864924443295,0.3115332181036515,-0.612118209548196,0.6263954585672844,0.1946226867755445,0.0,0.07118292473718632,0.95
24.551722049713135,1788958714.2442422,reach_low,0,0.0,-0.55,0.95,0.55,0.0,0.0,-0.5537670850753784,0.9526020884513855,0.5414952039718628,-0.01840776950120926,0.19506755078186264,0.0,0.07175079336149623,-0.008201887138538783,0.4536978985840693,0.004175901086432517,0.8911080224742018,0.18879483575307934,0.00667502256847766,0.14352816568982357,-0.36862864924443295,0.3115332181036515,-0.612118209548196,0.6263954585672844,0.1946226867755445,0.0,0.07118292473718632,0.95
24.55261778831482,1788958714.2442422,reach_low,0,0.0,-0.55,0.95,0.55,0.0,0.0,-0.5537670850753784,0.9526020884513855,0.5414952039718628,-0.01840776950120926,0.19506755078186264,0.0,0.07175079336149623,-0.008201887138538783,0.4536978985840693,0.004175901086432517,0.8911080224742018,0.18879483575307934,0.00667502256847766,0.14352816568982357,-0.36862864924443295,0.3115332181036515,-0.612118209548196,0.6263954585672844,0.1946226867755445,0.0,0.07118292473718632,0.95
24.553099632263184,1788958714.277599,reach_low,0,0.0,-0.55,0.95,0.55,0.0,0.0,-0.5537670850753784,0.954136073589325,0.5414952039718628,-0.01840776950120926,0.19506755078186264,0.0,0.07175079336149623,-0.008201887138538783,0.4536978985840693,0.004175901086432517,0.8911080224742018,0.18887678009057116,0.006675333704999143,0.14368345843562175,-0.3690475442927321,0.3111715213728086,-0.6122200150815394,0.6262290694878317,0.1946226867755445,0.0,0.07118292473718632,0.95
24.56152319908142,1788958714.277599,reach_low,0,0.0,-0.55,0.95,0.55,0.0,0.0,-0.5537670850753784,0.954136073589325,0.5414952039718628,-0.01840776950120926,0.19506755078186264,0.0,0.07175079336149623,-0.008201887138538783,0.4536978985840693,0.004175901086432517,0.8911080224742018,0.18887678009057116,0.006675333704999143,0.14368345843562175,-0.3690475442927321,0.3111715213728086,-0.6122200150815394,0.6262290694878317,0.1946226867755445,0.0,0.07118292473718632,0.95
24.57148838043213,1788958714.277599,reach_low,0,0.0,-0.55,0.95,0.55,0.0,0.0,-0.5537670850753784,0.954136073589325,0.5414952039718628,-0.01840776950120926,0.19506755078186264,0.0,0.07175079336149623,-0.008201887138538783,0.4536978985840693,0.004175901086432517,0.8911080224742018,0.18887678009057116,0.006675333704999143,0.14368345843562175,-0.3690475442927321,0.3111715213728086,-0.6122200150815394,0.6262290694878317,0.1946226867755445,0.0,0.07118292473718632,0.95
24.581544160842896,1788958714.277599,reach_low,0,0.0,-0.55,0.95,0.55,0.0,0.0,-0.5537670850753784,0.954136073589325,0.5414952039718628,-0.01840776950120926,0.19506755078186264,0.0,0.07175079336149623,-0.008201887138538783,0.4536978985840693,0.004175901086432517,0.8911080224742018,0.18887678009057116,0.006675333704999143,0.14368345843562175,-0.3690475442927321,0.3111715213728086,-0.6122200150815394,0.6262290694878317,0.1946226867755445,0.0,0.07118292473718632,0.95
24.591469764709473,1788958714.277599,reach_low,0,0.0,-0.55,0.95,0.55,0.0,0.0,-0.5537670850753784,0.954136073589325,0.5414952039718628,-0.01840776950120926,0.19506755078186264,0.0,0.07175079336149623,-0.008201887138538783,0.4536978985840693,0.004175901086432517,0.8911080224742018,0.18887678009057116,0.006675333704999143,0.14368345843562175,-0.3690475442927321,0.3111715213728086,-0.6122200150815394,0.6262290694878317,0.1946226867755445,0.0,0.07118292473718632,0.95
24.594452619552612,1788958714.277599,reach_low,0,0.0,-0.55,0.95,0.55,0.0,0.0,-0.5537670850753784,0.954136073589325,0.5414952039718628,-0.01840776950120926,0.19506755078186264,0.0,0.07175079336149623,-0.008201887138538783,0.4536978985840693,0.004175901086432517,0.8911080224742018,0.18887678009057116,0.006675333704999143,0.14368345843562175,-0.3690475442927321,0.3111715213728086,-0.6122200150815394,0.6262290694878317,0.1946226867755445,0.0,0.07118292473718632,0.95
24.594919204711914,1788958714.3109558,reach_low,0,0.0,-0.55,0.95,0.55,0.0,0.0,-0.5537670850753784,0.954136073589325,0.5414952039718628,-0.01840776950120926,0.19506755078186264,0.0,0.07175079336149623,-0.008201887138538783,0.4536978985840693,0.004175901086432517,0.8911080224742018,0.1888892404354808,0.006672800496324684,0.14371332886904292,-0.36863052978036986,0.31199460232639664,-0.6120619334460367,0.6262196821079143,0.1946226867755445,0.0,0.07118292473718632,0.95
24.657111167907715,1788958714.3109558,reach_low,0,0.0,-0.55,0.95,0.55,0.0,0.0,-0.5537670850753784,0.954136073589325,0.5414952039718628,-0.01840776950120926,0.19506862243158268,0.0,0.0717521217604723,-0.008201899123523575,0.45369534106324155,0.004175877546640866,0.8911093246033238,0.1888892404354808,0.006672800496324684,0.14371332886904292,-0.36863052978036986,0.31199460232639664,-0.6120619334460367,0.6262196821079143,0.1946226867755445,0.0,0.07118292473718632,0.95
24.6577627658844,1788958714.3109558,reach_low,0,0.0,-0.55,0.95,0.55,0.0,0.0,-0.5537670850753784,0.954136073589325,0.5414952039718628,-0.01840776950120926,0.19506862243158268,0.0,0.0717521217604723,-0.008201899123523575,0.45369534106324155,0.004175877546640866,0.8911093246033238,0.1888892404354808,0.006672800496324684,0.14371332886904292,-0.36863052978036986,0.31199460232639664,-0.6120619334460367,0.6262196821079143,0.1946226867755445,0.0,0.07118292473718632,0.95
24.65839982032776,1788958714.3443127,reach_low,0,0.0,-0.55,0.95,0.55,0.0,0.0,-0.5537670850753784,0.954136073589325,0.5414952039718628,-0.01840776950120926,0.19522807835301892,0.0,0.07194995471389168,-0.008203682624930155,0.4533145504822811,0.004172372695051962,0.8913030961567061,0.1888961193130213,0.006676934860424907,0.14372714217834232,-0.3686156504117549,0.31163243200919144,-0.6120606819033718,0.6264099705939676,0.1946226867755445,0.0,0.07118292473718632,0.95
24.65914511680603,1788958714.3443127,reach_low,0,0.0,-0.55,0.95,0.55,0.0,0.0,-0.5537670850753784,0.954136073589325,0.5414952039718628,-0.01840776950120926,0.19522807835301892,0.0,0.07194995471389168,-0.008203682624930155,0.4533145504822811,0.004172372695051962,0.8913030961567061,0.1888961193130213,0.006676934860424907,0.14372714217834232,-0.3686156504117549,0.31163243200919144,-0.6120606819033718,0.6264099705939676,0.1946226867755445,0.0,0.07118292473718632,0.95
24.659640550613403,1788958714.3443127,reach_low,0,0.0,-0.55,0.95,0.55,0.0,0.0,-0.5537670850753784,0.954136073589325,0.5414952039718628,-0.01840776950120926,0.19522807835301892,0.0,0.07194995471389168,-0.008203682624930155,0.4533145504822811,0.004172372695051962,0.8913030961567061,0.1888961193130213,0.006676934860424907,0.14372714217834232,-0.3686156504117549,0.31163243200919144,-0.6120606819033718,0.6264099705939676,0.1946226867755445,0.0,0.07118292473718632,0.95
24.66065216064453,1788958714.3443127,reach_low,0,0.0,-0.55,0.95,0.55,0.0,0.0,-0.5537670850753784,0.954136073589325,0.5414952039718628,-0.01840776950120926,0.19522807835301892,0.0,0.07194995471389168,-0.008203682624930155,0.4533145504822811,0.004172372695051962,0.8913030961567061,0.1888961193130213,0.006676934860424907,0.14372714217834232,-0.3686156504117549,0.31163243200919144,-0.6120606819033718,0.6264099705939676,0.1946226867755445,0.0,0.07118292473718632,0.95
24.661158084869385,1788958714.3443127,reach_low,0,0.0,-0.55,0.95,0.55,0.0,0.0,-0.5537670850753784,0.954136073589325,0.5414952039718628,-0.01840776950120926,0.19522807835301892,0.0,0.07194995471389168,-0.008203682624930155,0.4533145504822811,0.004172372695051962,0.8913030961567061,0.1888961193130213,0.006676934860424907,0.14372714217834232,-0.3686156504117549,0.31163243200919144,-0.6120606819033718,0.6264099705939676,0.1946226867755445,0.0,0.07118292473718632,0.95
24.6617591381073,1788958714.3443127,reach_low,0,0.0,-0.55,0.95,0.55,0.0,0.0,-0.5537670850753784,0.954136073589325,0.5414952039718628,-0.01840776950120926,0.19522807835301892,0.0,0.07194995471389168,-0.008203682624930155,0.4533145504822811,0.004172372695051962,0.8913030961567061,0.1888961193130213,0.006676934860424907,0.14372714217834232,-0.3686156504117549,0.31163243200919144,-0.6120606819033718,0.6264099705939676,0.1946226867755445,0.0,0.07118292473718632,0.95
24.662306785583496,1788958714.3443127,reach_low,0,0.0,-0.55,0.95,0.55,0.0,0.0,-0.5537670850753784,0.954136073589325,0.5414952039718628,-0.01840776950120926,0.19522807835301892,0.0,0.07194995471389168,-0.008203682624930155,0.4533145504822811,0.004172372695051962,0.8913030961567061,0.1888961193130213,0.006676934860424907,0.14372714217834232,-0.3686156504117549,0.31163243200919144,-0.6120606819033718,0.6264099705939676,0.1946226867755445,0.0,0.07118292473718632,0.95
24.662628173828125,1788958714.3443127,reach_low,0,0.0,-0.55,0.95,0.55,0.0,0.0,-0.5537670850753784,0.954136073589325,0.5414952039718628,-0.01840776950120926,0.19522807835301892,0.0,0.07194995471389168,-0.008203682624930155,0.4533145504822811,0.004172372695051962,0.8913030961567061,0.1888961193130213,0.006676934860424907,0.14372714217834232,-0.3686156504117549,0.31163243200919144,-0.6120606819033718,0.6264099705939676,0.1946226867755445,0.0,0.07118292473718632,0.95
24.663031578063965,1788958714.3776696,reach_low,0,0.0,-0.55,0.95,0.55,0.0,0.0,-0.5537670850753784,0.954136073589325,0.5414952039718628,-0.01840776950120926,0.19535366785747957,0.0,0.07210601436976229,-0.008205087610833668,0.4530142919695452,0.00416960907226804,0.8914557432474226,0.188870904554477,0.006676585294294465,0.14366945710345636,-0.36880937655429086,0.310980566595954,-0.6121638273988973,0.6265190973862074,0.1946226867755445,0.0,0.07118292473718632,0.95
24.663447380065918,1788958714.3776696,reach_low,0,0.0,-0.55,0.95,0.55,0.0,0.0,-0.5537670850753784,0.954136073589325,0.5414952039718628,-0.01840776950120926,0.19535366785747957,0.0,0.07210601436976229,-0.008205087610833668,0.4530142919695452,0.00416960907226804,0.8914557432474226,0.188870904554477,0.006676585294294465,0.14366945710345636,-0.36880937655429086,0.310980566595954,-0.6121638273988973,0.6265190973862074,0.1946226867755445,0.0,0.07118292473718632,0.95
24.671544313430786,1788958714.3776696,reach_low,0,0.0,-0.55,0.95,0.55,0.0,0.0,-0.5537670850753784,0.954136073589325,0.5414952039718628,-0.01840776950120926,0.19535366785747957,0.0,0.07210601436976229,-0.008205087610833668,0.4530142919695452,0.00416960907226804,0.8914557432474226,0.188870904554477,0.006676585294294465,0.14366945710345636,-0.36880937655429086,0.310980566595954,-0.6121638273988973,0.6265190973862074,0.1946226867755445,0.0,0.07118292473718632,0.95
24.681644439697266,1788958714.3776696,reach_low,0,0.0,-0.55,0.95,0.55,0.0,0.0,-0.5537670850753784,0.954136073589325,0.5414952039718628,-0.01840776950120926,0.19535366785747957,0.0,0.07210601436976229,-0.008205087610833668,0.4530142919695452,0.00416960907226804,0.8914557432474226,0.188870904554477,0.006676585294294465,0.14366945710345636,-0.36880937655429086,0.310980566595954,-0.6121638273988973,0.6265190973862074,0.1946226867755445,0.0,0.07118292473718632,0.95
24.684651136398315,1788958714.3776696,reach_low,0,0.0,-0.55,0.95,0.55,0.0,0.0,-0.5537670850753784,0.954136073589325,0.5414952039718628,-0.01840776950120926,0.19535366785747957,0.0,0.07210601436976229,-0.008205087610833668,0.4530142919695452,0.00416960907226804,0.8914557432474226,0.188870904554477,0.006676585294294465,0.14366945710345636,-0.36880937655429086,0.310980566595954,-0.6121638273988973,0.6265190973862074,0.1946226867755445,0.0,0.07118292473718632,0.95
24.685138940811157,1788958714.4110265,reach_low,0,0.0,-0.55,0.95,0.55,0.0,0.0,-0.5553010702133179,0.954136073589325,0.5414952039718628,-0.01840776950120926,0.19535366785747957,0.0,0.07210601436976229,-0.008205087610833668,0.4530142919695452,0.00416960907226804,0.8914557432474226,0.1888922660720361,0.006679342273443517,0.14371551844615976,-0.3690426611257246,0.31126315896749945,-0.6121149820519249,0.6262890777319918,0.1946226867755445,0.0,0.07118292473718632,0.95
24.6915066242218,1788958714.4110265,reach_low,0,0.0,-0.55,0.95,0.55,0.0,0.0,-0.5553010702133179,0.954136073589325,0.5414952039718628,-0.01840776950120926,0.19535366785747957,0.0,0.07210601436976229,-0.008205087610833668,0.4530142919695452,0.00416960907226804,0.8914557432474226,0.1888922660720361,0.006679342273443517,0.14371551844615976,-0.3690426611257246,0.31126315896749945,-0.6121149820519249,0.6262890777319918,0.1946226867755445,0.0,0.07118292473718632,0.95
24.70160174369812,1788958714.4110265,reach_low,0,0.0,-0.55,0.95,0.55,0.0,0.0,-0.5553010702133179,0.954136073589325,0.5414952039718628,-0.01840776950120926,0.19535366785747957,0.0,0.07210601436976229,-0.008205087610833668,0.4530142919695452,0.00416960907226804,0.8914557432474226,0.1888922660720361,0.006679342273443517,0.14371551844615976,-0.3690426611257246,0.31126315896749945,-0.6121149820519249,0.6262890777319918,0.1946226867755445,0.0,0.07118292473718632,0.95
24.702304124832153,1788958714.4110265,reach_low,0,0.0,-0.55,0.95,0.55,0.0,0.0,-0.5553010702133179,0.954136073589325,0.5414952039718628,-0.01840776950120926,0.19535366785747957,0.0,0.07210601436976229,-0.008205087610833668,0.4530142919695452,0.00416960907226804,0.8914557432474226,0.1888922660720361,0.006679342273443517,0.14371551844615976,-0.3690426611257246,0.31126315896749945,-0.6121149820519249,0.6262890777319918,0.1946226867755445,0.0,0.07118292473718632,0.95
24.71146869659424,1788958714.4110265,reach_low,0,0.0,-0.55,0.95,0.55,0.0,0.0,-0.5553010702133179,0.954136073589325,0.5414952039718628,-0.01840776950120926,0.19535366785747957,0.0,0.07210601436976229,-0.008205087610833668,0.4530142919695452,0.00416960907226804,0.8914557432474226,0.1888922660720361,0.006679342273443517,0.14371551844615976,-0.3690426611257246,0.31126315896749945,-0.6121149820519249,0.6262890777319918,0.1946226867755445,0.0,0.07118292473718632,0.95
24.72156858444214,1788958714.4110265,reach_low,0,0.0,-0.55,0.95,0.55,0.0,0.0,-0.5553010702133179,0.954136073589325,0.5414952039718628,-0.01840776950120926,0.19535366785747957,0.0,0.07210601436976229,-0.008205087610833668,0.4530142919695452,0.00416960907226804,0.8914557432474226,0.1888922660720361,0.006679342273443517,0.14371551844615976,-0.3690426611257246,0.31126315896749945,-0.6121149820519249,0.6262890777319918,0.1946226867755445,0.0,0.07118292473718632,0.95
24.727298259735107,1788958714.4110265,reach_low,0,0.0,-0.55,0.95,0.55,0.0,0.0,-0.5553010702133179,0.954136073589325,0.5414952039718628,-0.01840776950120926,0.19535366785747957,0.0,0.07210601436976229,-0.008205087610833668,0.4530142919695452,0.00416960907226804,0.8914557432474226,0.1888922660720361,0.006679342273443517,0.14371551844615976,-0.3690426611257246,0.31126315896749945,-0.6121149820519249,0.6262890777319918,0.1946226867755445,0.0,0.07118292473718632,0.95
24.727781295776367,1788958714.4443834,reach_low,0,0.0,-0.55,0.95,0.55,0.0,-0.0015339808305725455,-0.5537670850753784,0.954136073589325,0.5414952039718628,-0.01840776950120926,0.19521781755359405,0.0,0.071937213976879,-0.008203567846878273,0.4533390685582938,0.0041725983629701474,0.891290625899421,0.18896666754129873,0.0066766587553841236,0.14384713241776553,-0.3691327122127087,0.3114696900314957,-0.6120365028909793,0.626210022352848,0.1946226867755445,0.0,0.07118292473718632,0.95
24.731398820877075,1788958714.4443834,reach_low,0,0.0,-0.55,0.95,0.55,0.0,-0.0015339808305725455,-0.5537670850753784,0.954136073589325,0.5414952039718628,-0.01840776950120926,0.19521781755359405,0.0,0.071937213976879,-0.008203567846878273,0.4533390685582938,0.0041725983629701474,0.891290625899421,0.18896666754129873,0.0066766587553841236,0.14384713241776553,-0.3691327122127087,0.3114696900314957,-0.6120365028909793,0.626210022352848,0.1946226867755445,0.0,0.07118292473718632,0.95
24.74144673347473,1788958714.4443834,reach_low,0,0.0,-0.55,0.95,0.55,0.0,-0.0015339808305725455,-0.5537670850753784,0.954136073589325,0.5414952039718628,-0.01840776950120926,0.19521781755359405,0.0,0.071937213976879,-0.008203567846878273,0.4533390685582938,0.0041725983629701474,0.891290625899421,0.18896666754129873,0.0066766587553841236,0.14384713241776553,-0.3691327122127087,0.3114696900314957,-0.6120365028909793,0.626210022352848,0.1946226867755445,0.0,0.07118292473718632,0.95
24.751471996307373,1788958714.4443834,reach_low,0,0.0,-0.55,0.95,0.55,0.0,-0.0015339808305725455,-0.5537670850753784,0.954136073589325,0.5414952039718628,-0.01840776950120926,0.19521781755359405,0.0,0.071937213976879,-0.008203567846878273,0.4533390685582938,0.0041725983629701474,0.891290625899421,0.18896666754129873,0.0066766587553841236,0.14384713241776553,-0.3691327122127087,0.3114696900314957,-0.6120365028909793,0.626210022352848,0.1946226867755445,0.0,0.07118292473718632,0.95
24.752262830734253,1788958714.4443834,reach_low,0,0.0,-0.55,0.95,0.55,0.0,-0.0015339808305725455,-0.5537670850753784,0.954136073589325,0.5414952039718628,-0.01840776950120926,0.19521781755359405,0.0,0.071937213976879,-0.008203567846878273,0.4533390685582938,0.0041725983629701474,0.891290625899421,0.18896666754129873,0.0066766587553841236,0.14384713241776553,-0.3691327122127087,0.3114696900314957,-0.6120365028909793,0.626210022352848,0.1946226867755445,0.0,0.07118292473718632,0.95
24.7613685131073,1788958714.4443834,reach_low,0,0.0,-0.55,0.95,0.55,0.0,-0.0015339808305725455,-0.5537670850753784,0.954136073589325,0.5414952039718628,-0.01840776950120926,0.19521781755359405,0.0,0.071937213976879,-0.008203567846878273,0.4533390685582938,0.0041725983629701474,0.891290625899421,0.18896666754129873,0.0066766587553841236,0.14384713241776553,-0.3691327122127087,0.3114696900314957,-0.6120365028909793,0.626210022352848,0.1946226867755445,0.0,0.07118292473718632,0.95
24.761953353881836,1788958714.47774,reach_low,0,0.0,-0.55,0.95,0.55,0.0,0.0,-0.5537670850753784,0.954136073589325,0.5414952039718628,-0.01840776950120926,0.1951081735245284,0.0,0.07180115954789473,-0.00820234146258822,0.45360093596993983,0.004175008628506326,0.8911573832857346,0.18888672335958867,0.0066754487711774115,0.14369515555931567,-0.3685821968692315,0.3119035995698623,-0.6121351547625525,0.6262218944034457,0.1946226867755445,0.0,0.07118292473718632,0.95
24.762431383132935,1788958714.47774,reach_low,0,0.0,-0.55,0.95,0.55,0.0,0.0,-0.5537670850753784,0.954136073589325,0.5414952039718628,-0.01840776950120926,0.1951081735245284,0.0,0.07180115954789473,-0.00820234146258822,0.45360093596993983,0.004175008628506326,0.8911573832857346,0.18888672335958867,0.0066754487711774115,0.14369515555931567,-0.3685821968692315,0.3119035995698623,-0.6121351547625525,0.6262218944034457,0.1946226867755445,0.0,0.07118292473718632,0.95
24.77143144607544,1788958714.47774,reach_low,0,0.0,-0.55,0.95,0.55,0.0,0.0,-0.5537670850753784,0.954136073589325,0.5414952039718628,-0.01840776950120926,0.1951081735245284,0.0,0.07180115954789473,-0.00820234146258822,0.45360093596993983,0.004175008628506326,0.8911573832857346,0.18888672335958867,0.0066754487711774115,0.14369515555931567,-0.3685821968692315,0.3119035995698623,-0.6121351547625525,0.6262218944034457,0.1946226867755445,0.0,0.07118292473718632,0.95
24.781611442565918,1788958714.47774,reach_low,0,0.0,-0.55,0.95,0.55,0.0,0.0,-0.5537670850753784,0.954136073589325,0.5414952039718628,-0.01840776950120926,0.1951081735245284,0.0,0.07180115954789473,-0.00820234146258822,0.45360093596993983,0.004175008628506326,0.8911573832857346,0.18888672335958867,0.0066754487711774115,0.14369515555931567,-0.3685821968692315,0.3119035995698623,-0.6121351547625525,0.6262218944034457,0.1946226867755445,0.0,0.07118292473718632,0.95
24.79161548614502,1788958714.47774,reach_low,0,0.0,-0.55,0.95,0.55,0.0,0.0,-0.5537670850753784,0.954136073589325,0.5414952039718628,-0.01840776950120926,0.1951081735245284,0.0,0.07180115954789473,-0.00820234146258822,0.45360093596993983,0.004175008628506326,0.8911573832857346,0.18888672335958867,0.0066754487711774115,0.14369515555931567,-0.3685821968692315,0.3119035995698623,-0.6121351547625525,0.6262218944034457,0.1946226867755445,0.0,0.07118292473718632,0.95
24.795525550842285,1788958714.47774,reach_low,0,0.0,-0.55,0.95,0.55,0.0,0.0,-0.5537670850753784,0.954136073589325,0.5414952039718628,-0.01840776950120926,0.1951081735245284,0.0,0.07180115954789473,-0.00820234146258822,0.45360093596993983,0.004175008628506326,0.8911573832857346,0.18888672335958867,0.0066754487711774115,0.14369515555931567,-0.3685821968692315,0.3119035995698623,-0.6121351547625525,0.6262218944034457,0.1946226867755445,0.0,0.07118292473718632,0.95
24.796024560928345,1788958714.5110967,reach_low,0,0.0,-0.55,0.95,0.55,0.0,0.0,-0.5537670850753784,0.954136073589325,0.5414952039718628,-0.01840776950120926,0.1952990287759874,0.0,0.07203809246287787,-0.008204476326274194,0.4531449599162557,0.004170811758950815,0.8913893291934665,0.18888406306740896,0.006673767581950424,0.1436908473983412,-0.3694433714325598,0.31109726703877155,-0.6119429974288079,0.6263033239919754,0.1946226867755445,0.0,0.07118292473718632,0.95
24.801482915878296,1788958714.5110967,reach_low,0,0.0,-0.55,0.95,0.55,0.0,0.0,-0.5537670850753784,0.954136073589325,0.5414952039718628,-0.01840776950120926,0.1952990287759874,0.0,0.07203809246287787,-0.008204476326274194,0.4531449599162557,0.004170811758950815,0.8913893291934665,0.18888406306740896,0.006673767581950424,0.1436908473983412,-0.3694433714325598,0.31109726703877155,-0.6119429974288079,0.6263033239919754,0.1946226867755445,0.0,0.07118292473718632,0.95
24.81194496154785,1788958714.5110967,reach_low,0,0.0,-0.55,0.95,0.55,0.0,0.0,-0.5537670850753784,0.954136073589325,0.5414952039718628,-0.01840776950120926,0.1952990287759874,0.0,0.07203809246287787,-0.008204476326274194,0.4531449599162557,0.004170811758950815,0.8913893291934665,0.18888406306740896,0.006673767581950424,0.1436908473983412,-0.3694433714325598,0.31109726703877155,-0.6119429974288079,0.6263033239919754,0.1946226867755445,0.0,0.07118292473718632,0.95
24.81234836578369,1788958714.5110967,reach_low,0,0.0,-0.55,0.95,0.55,0.0,0.0,-0.5537670850753784,0.954136073589325,0.5414952039718628,-0.01840776950120926,0.1952990287759874,0.0,0.07203809246287787,-0.008204476326274194,0.4531449599162557,0.004170811758950815,0.8913893291934665,0.18888406306740896,0.006673767581950424,0.1436908473983412,-0.3694433714325598,0.31109726703877155,-0.6119429974288079,0.6263033239919754,0.1946226867755445,0.0,0.07118292473718632,0.95
24.821388959884644,1788958714.5110967,reach_low,0,0.0,-0.55,0.95,0.55,0.0,0.0,-0.5537670850753784,0.954136073589325,0.5414952039718628,-0.01840776950120926,0.1952990287759874,0.0,0.07203809246287787,-0.008204476326274194,0.4531449599162557,0.004170811758950815,0.8913893291934665,0.18888406306740896,0.006673767581950424,0.1436908473983412,-0.3694433714325598,0.31109726703877155,-0.6119429974288079,0.6263033239919754,0.1946226867755445,0.0,0.07118292473718632,0.95
24.82793426513672,1788958714.5110967,reach_low,0,0.0,-0.55,0.95,0.55,0.0,0.0,-0.5537670850753784,0.954136073589325,0.5414952039718628,-0.01840776950120926,0.1952990287759874,0.0,0.07203809246287787,-0.008204476326274194,0.4531449599162557,0.004170811758950815,0.8913893291934665,0.18888406306740896,0.006673767581950424,0.1436908473983412,-0.3694433714325598,0.31109726703877155,-0.6119429974288079,0.6263033239919754,0.1946226867755445,0.0,0.07118292473718632,0.95
24.828399658203125,1788958714.5444536,reach_low,0,0.0,-0.55,0.95,0.55,0.0,0.0,-0.5537670850753784,0.954136073589325,0.5414952039718628,-0.01840776950120926,0.19524014852129218,0.0,0.07196494396392283,-0.008203817644805109,0.45328570635435445,0.004172107209526193,0.8913177656213955,0.18882164148073838,0.006673563049745719,0.14356896956992415,-0.3684578801553584,0.31159552164806203,-0.6122688469337906,0.6263177153128103,0.1946226867755445,0.0,0.07118292473718632,0.95
24.831549167633057,1788958714.5444536,reach_low,0,0.0,-0.55,0.95,0.55,0.0,0.0,-0.5537670850753784,0.954136073589325,0.5414952039718628,-0.01840776950120926,0.19524014852129218,0.0,0.07196494396392283,-0.008203817644805109,0.45328570635435445,0.004172107209526193,0.8913177656213955,0.18882164148073838,0.006673563049745719,0.14356896956992415,-0.3684578801553584,0.31159552164806203,-0.6122688469337906,0.6263177153128103,0.1946226867755445,0.0,0.07118292473718632,0.95
24.841596126556396,1788958714.5444536,reach_low,0,0.0,-0.55,0.95,0.55,0.0,0.0,-0.5537670850753784,0.954136073589325,0.5414952039718628,-0.01840776950120926,0.19524014852129218,0.0,0.07196494396392283,-0.008203817644805109,0.45328570635435445,0.004172107209526193,0.8913177656213955,0.18882164148073838,0.006673563049745719,0.14356896956992415,-0.3684578801553584,0.31159552164806203,-0.6122688469337906,0.6263177153128103,0.1946226867755445,0.0,0.07118292473718632,0.95
24.851568460464478,1788958714.5444536,reach_low,0,0.0,-0.55,0.95,0.55,0.0,0.0,-0.5537670850753784,0.954136073589325,0.5414952039718628,-0.01840776950120926,0.19524014852129218,0.0,0.07196494396392283,-0.008203817644805109,0.45328570635435445,0.004172107209526193,0.8913177656213955,0.18882164148073838,0.006673563049745719,0.14356896956992415,-0.3684578801553584,0.31159552164806203,-0.6122688469337906,0.6263177153128103,0.1946226867755445,0.0,0.07118292473718632,0.95
24.861289978027344,1788958714.5444536,reach_low,0,0.0,-0.55,0.95,0.55,0.0,0.0,-0.5537670850753784,0.954136073589325,0.5414952039718628,-0.01840776950120926,0.19524014852129218,0.0,0.07196494396392283,-0.008203817644805109,0.45328570635435445,0.004172107209526193,0.8913177656213955,0.18882164148073838,0.006673563049745719,0.14356896956992415,-0.3684578801553584,0.31159552164806203,-0.6122688469337906,0.6263177153128103,0.1946226867755445,0.0,0.07118292473718632,0.95
24.86185574531555,1788958714.5778103,reach_low,0,0.0,-0.55,0.95,0.55,0.0,0.0,-0.5537670850753784,0.954136073589325,0.5414952039718628,-0.01840776950120926,0.19508089912205753,0.0,0.07176734085292441,-0.008202036423334058,0.45366604084670575,0.004175607863209567,0.8911242417754991,0.18889166187129863,0.00667774406977289,0.14371322802736314,-0.36900807239374717,0.31128294840588894,-0.6120791210165791,0.6263346694504144,0.1946226867755445,0.0,0.07118292473718632,0.95
24.862383127212524,1788958714.5778103,reach_low,0,0.0,-0.55,0.95,0.55,0.0,0.0,-0.5537670850753784,0.954136073589325,0.5414952039718628,-0.01840776950120926,0.19508089912205753,0.0,0.07176734085292441,-0.008202036423334058,0.45366604084670575,0.004175607863209567,0.8911242417754991,0.18889166187129863,0.00667774406977289,0.14371322802736314,-0.36900807239374717,0.31128294840588894,-0.6120791210165791,0.6263346694504144,0.1946226867755445,0.0,0.07118292473718632,0.95
24.87177300453186,1788958714.5778103,reach_low,0,0.0,-0.55,0.95,0.55,0.0,0.0,-0.5537670850753784,0.954136073589325,0.5414952039718628,-0.01840776950120926,0.19508089912205753,0.0,0.07176734085292441,-0.008202036423334058,0.45366604084670575,0.004175607863209567,0.8911242417754991,0.18889166187129863,0.00667774406977289,0.14371322802736314,-0.36900807239374717,0.31128294840588894,-0.6120791210165791,0.6263346694504144,0.1946226867755445,0.0,0.07118292473718632,0.95
24.87211537361145,1788958714.5778103,reach_low,0,0.0,-0.55,0.95,0.55,0.0,0.0,-0.5537670850753784,0.954136073589325,0.5414952039718628,-0.01840776950120926,0.19508089912205753,0.0,0.07176734085292441,-0.008202036423334058,0.45366604084670575,0.004175607863209567,0.8911242417754991,0.18889166187129863,0.00667774406977289,0.14371322802736314,-0.36900807239374717,0.31128294840588894,-0.6120791210165791,0.6263346694504144,0.1946226867755445,0.0,0.07118292473718632,0.95
24.8814594745636,1788958714.5778103,reach_low,0,0.0,-0.55,0.95,0.55,0.0,0.0,-0.5537670850753784,0.954136073589325,0.5414952039718628,-0.01840776950120926,0.19508089912205753,0.0,0.07176734085292441,-0.008202036423334058,0.45366604084670575,0.004175607863209567,0.8911242417754991,0.18889166187129863,0.00667774406977289,0.14371322802736314,-0.36900807239374717,0.31128294840588894,-0.6120791210165791,0.6263346694504144,0.1946226867755445,0.0,0.07118292473718632,0.95
24.89155650138855,1788958714.5778103,reach_low,0,0.0,-0.55,0.95,0.55,0.0,0.0,-0.5537670850753784,0.954136073589325,0.5414952039718628,-0.01840776950120926,0.19508089912205753,0.0,0.07176734085292441,-0.008202036423334058,0.45366604084670575,0.004175607863209567,0.8911242417754991,0.18889166187129863,0.00667774406977289,0.14371322802736314,-0.36900807239374717,0.31128294840588894,-0.6120791210165791,0.6263346694504144,0.1946226867755445,0.0,0.07118292473718632,0.95
24.894892692565918,1788958714.5778103,reach_low,0,0.0,-0.55,0.95,0.55,0.0,0.0,-0.5537670850753784,0.954136073589325,0.5414952039718628,-0.01840776950120926,0.19508089912205753,0.0,0.07176734085292441,-0.008202036423334058,0.45366604084670575,0.004175607863209567,0.8911242417754991,0.18889166187129863,0.00667774406977289,0.14371322802736314,-0.36900807239374717,0.31128294840588894,-0.6120791210165791,0.6263346694504144,0.1946226867755445,0.0,0.07118292473718632,0.95
24.89544701576233,1788958714.6111672,reach_low,0,0.0,-0.55,0.95,0.55,0.0,0.0,-0.5537670850753784,0.954136073589325,0.5414952039718628,-0.01840776950120926,0.19521339234477036,0.0,0.07193171968001538,-0.008203518346673114,0.4533496419270671,0.004172695681785785,0.8912852478651732,0.18886142709695525,0.006676126230557097,0.14366043225551195,-0.36833222061128557,0.3116554257379256,-0.6123266862434826,0.6263052771466542,0.1946226867755445,0.0,0.07118292473718632,0.95
24.90149235725403,1788958714.6111672,reach_low,0,0.0,-0.55,0.95,0.55,0.0,0.0,-0.5537670850753784,0.954136073589325,0.5414952039718628,-0.01840776950120926,0.19521339234477036,0.0,0.07193171968001538,-0.008203518346673114,0.4533496419270671,0.004172695681785785,0.8912852478651732,0.18886142709695525,0.006676126230557097,0.14366043225551195,-0.36833222061128557,0.3116554257379256,-0.6123266862434826,0.6263052771466542,0.1946226867755445,0.0,0.07118292473718632,0.95
24.9118230342865,1788958714.6111672,reach_low,0,0.0,-0.55,0.95,0.55,0.0,0.0,-0.5537670850753784,0.954136073589325,0.5414952039718628,-0.01840776950120926,0.19521339234477036,0.0,0.07193171968001538,-0.008203518346673114,0.4533496419270671,0.004172695681785785,0.8912852478651732,0.18886142709695525,0.006676126230557097,0.14366043225551195,-0.36833222061128557,0.3116554257379256,-0.6123266862434826,0.6263052771466542,0.1946226867755445,0.0,0.07118292473718632,0.95
24.921451807022095,1788958714.6111672,reach_low,0,0.0,-0.55,0.95,0.55,0.0,0.0,-0.5537670850753784,0.954136073589325,0.5414952039718628,-0.01840776950120926,0.19521339234477036,0.0,0.07193171968001538,-0.008203518346673114,0.4533496419270671,0.004172695681785785,0.8912852478651732,0.18886142709695525,0.006676126230557097,0.14366043225551195,-0.36833222061128557,0.3116554257379256,-0.6123266862434826,0.6263052771466542,0.1946226867755445,0.0,0.07118292473718632,0.95
24.922309637069702,1788958714.6111672,reach_low,0,0.0,-0.55,0.95,0.55,0.0,0.0,-0.5537670850753784,0.954136073589325,0.5414952039718628,-0.01840776950120926,0.19521339234477036,0.0,0.07193171968001538,-0.008203518346673114,0.4533496419270671,0.004172695681785785,0.8912852478651732,0.18886142709695525,0.006676126230557097,0.14366043225551195,-0.36833222061128557,0.3116554257379256,-0.6123266862434826,0.6263052771466542,0.1946226867755445,0.0,0.07118292473718632,0.95
24.928542137145996,1788958714.6111672,reach_low,0,0.0,-0.55,0.95,0.55,0.0,0.0,-0.5537670850753784,0.954136073589325,0.5414952039718628,-0.01840776950120926,0.19521339234477036,0.0,0.07193171968001538,-0.008203518346673114,0.4533496419270671,0.004172695681785785,0.8912852478651732,0.18886142709695525,0.006676126230557097,0.14366043225551195,-0.36833222061128557,0.3116554257379256,-0.6123266862434826,0.6263052771466542,0.1946226867755445,0.0,0.07118292473718632,0.95
24.929022789001465,1788958714.6445239,reach_low,0,0.0,-0.55,0.95,0.55,0.0,0.0,-0.5537670850753784,0.9526020884513855,0.5414952039718628,-0.01840776950120926,0.19533118801230068,0.0,0.07207806471093758,-0.008204836107891234,0.45306805888111745,0.004170103950699592,0.89142841828112,0.18885165302346077,0.0066804523199060495,0.14363452684653655,-0.3683249962404094,0.31213952109889687,-0.6122923121588602,0.626102021226422,0.1946226867755445,0.0,0.07118292473718632,0.95
24.93142342567444,1788958714.6445239,reach_low,0,0.0,-0.55,0.95,0.55,0.0,0.0,-0.5537670850753784,0.9526020884513855,0.5414952039718628,-0.01840776950120926,0.19533118801230068,0.0,0.07207806471093758,-0.008204836107891234,0.45306805888111745,0.004170103950699592,0.89142841828112,0.18885165302346077,0.0066804523199060495,0.14363452684653655,-0.3683249962404094,0.31213952109889687,-0.6122923121588602,0.626102021226422,0.1946226867755445,0.0,0.07118292473718632,0.95
24.94150424003601,1788958714.6445239,reach_low,0,0.0,-0.55,0.95,0.55,0.0,0.0,-0.5537670850753784,0.9526020884513855,0.5414952039718628,-0.01840776950120926,0.19533118801230068,0.0,0.07207806471093758,-0.008204836107891234,0.45306805888111745,0.004170103950699592,0.89142841828112,0.18885165302346077,0.0066804523199060495,0.14363452684653655,-0.3683249962404094,0.31213952109889687,-0.6122923121588602,0.626102021226422,0.1946226867755445,0.0,0.07118292473718632,0.95
24.95145297050476,1788958714.6445239,reach_low,0,0.0,-0.55,0.95,0.55,0.0,0.0,-0.5537670850753784,0.9526020884513855,0.5414952039718628,-0.01840776950120926,0.19533118801230068,0.0,0.07207806471093758,-0.008204836107891234,0.45306805888111745,0.004170103950699592,0.89142841828112,0.18885165302346077,0.0066804523199060495,0.14363452684653655,-0.3683249962404094,0.31213952109889687,-0.6122923121588602,0.626102021226422,0.1946226867755445,0.0,0.07118292473718632,0.95
24.961570739746094,1788958714.6445239,reach_low,0,0.0,-0.55,0.95,0.55,0.0,0.0,-0.5537670850753784,0.9526020884513855,0.5414952039718628,-0.01840776950120926,0.19533118801230068,0.0,0.07207806471093758,-0.008204836107891234,0.45306805888111745,0.004170103950699592,0.89142841828112,0.18885165302346077,0.0066804523199060495,0.14363452684653655,-0.3683249962404094,0.31213952109889687,-0.6122923121588602,0.626102021226422,0.1946226867755445,0.0,0.07118292473718632,0.95
24.96244215965271,1788958714.6445239,reach_low,0,0.0,-0.55,0.95,0.55,0.0,0.0,-0.5537670850753784,0.9526020884513855,0.5414952039718628,-0.01840776950120926,0.19533118801230068,0.0,0.07207806471093758,-0.008204836107891234,0.45306805888111745,0.004170103950699592,0.89142841828112,0.18885165302346077,0.0066804523199060495,0.14363452684653655,-0.3683249962404094,0.31213952109889687,-0.6122923121588602,0.626102021226422,0.1946226867755445,0.0,0.07118292473718632,0.95
24.963000774383545,1788958714.6778805,reach_low,0,0.0,-0.55,0.95,0.55,0.0,0.0,-0.5537670850753784,0.954136073589325,0.5414952039718628,-0.01840776950120926,0.1951403735405698,0.0,0.07184109874177486,-0.008202701605120313,0.4535240551890326,0.004174301006677972,0.8911965115856201,0.18872365540206437,0.006673430015681589,0.14339023981863097,-0.3682185644481362,0.31166804193300296,-0.6123308273600818,0.6263617790845158,0.1946226867755445,0.0,0.07118292473718632,0.95
24.9714412689209,1788958714.6778805,reach_low,0,0.0,-0.55,0.95,0.55,0.0,0.0,-0.5537670850753784,0.954136073589325,0.5414952039718628,-0.01840776950120926,0.1951403735405698,0.0,0.07184109874177486,-0.008202701605120313,0.4535240551890326,0.004174301006677972,0.8911965115856201,0.18872365540206437,0.006673430015681589,0.14339023981863097,-0.3682185644481362,0.31166804193300296,-0.6123308273600818,0.6263617790845158,0.1946226867755445,0.0,0.07118292473718632,0.95
24.981441259384155,1788958714.6778805,reach_low,0,0.0,-0.55,0.95,0.55,0.0,0.0,-0.5537670850753784,0.954136073589325,0.5414952039718628,-0.01840776950120926,0.1951403735405698,0.0,0.07184109874177486,-0.008202701605120313,0.4535240551890326,0.004174301006677972,0.8911965115856201,0.18872365540206437,0.006673430015681589,0.14339023981863097,-0.3682185644481362,0.31166804193300296,-0.6123308273600818,0.6263617790845158,0.1946226867755445,0.0,0.07118292473718632,0.95
24.982239246368408,1788958714.6778805,reach_low,0,0.0,-0.55,0.95,0.55,0.0,0.0,-0.5537670850753784,0.954136073589325,0.5414952039718628,-0.01840776950120926,0.1951403735405698,0.0,0.07184109874177486,-0.008202701605120313,0.4535240551890326,0.004174301006677972,0.8911965115856201,0.18872365540206437,0.006673430015681589,0.14339023981863097,-0.3682185644481362,0.31166804193300296,-0.6123308273600818,0.6263617790845158,0.1946226867755445,0.0,0.07118292473718632,0.95
24.991482257843018,1788958714.6778805,reach_low,0,0.0,-0.55,0.95,0.55,0.0,0.0,-0.5537670850753784,0.954136073589325,0.5414952039718628,-0.01840776950120926,0.1951403735405698,0.0,0.07184109874177486,-0.008202701605120313,0.4535240551890326,0.004174301006677972,0.8911965115856201,0.18872365540206437,0.006673430015681589,0.14339023981863097,-0.3682185644481362,0.31166804193300296,-0.6123308273600818,0.6263617790845158,0.1946226867755445,0.0,0.07118292473718632,0.95
24.99490261077881,1788958714.6778805,reach_low,0,0.0,-0.55,0.95,0.55,0.0,0.0,-0.5537670850753784,0.954136073589325,0.5414952039718628,-0.01840776950120926,0.1951403735405698,0.0,0.07184109874177486,-0.008202701605120313,0.4535240551890326,0.004174301006677972,0.8911965115856201,0.18872365540206437,0.006673430015681589,0.14339023981863097,-0.3682185644481362,0.31166804193300296,-0.6123308273600818,0.6263617790845158,0.1946226867755445,0.0,0.07118292473718632,0.95
24.995487928390503,1788958714.7112374,reach_low,0,0.0,-0.55,0.95,0.55,0.0,0.0,-0.5537670850753784,0.9526020884513855,0.5414952039718628,-0.01840776950120926,0.19516602127072993,0.0,0.07187292092048994,-0.008202988474788037,0.4534628044592412,0.004173737246100993,0.8912276790301359,0.18885860577865293,0.006669756007725274,0.14365084478339546,-0.36919053885548175,0.31121250755489466,-0.6120292078317884,0.6263109211260711,0.1946226867755445,0.0,0.07118292473718632,0.95
25.001399993896484,1788958714.7112374,reach_low,0,0.0,-0.55,0.95,0.55,0.0,0.0,-0.5537670850753784,0.9526020884513855,0.5414952039718628,-0.01840776950120926,0.19516602127072993,0.0,0.07187292092048994,-0.008202988474788037,0.4534628044592412,0.004173737246100993,0.8912276790301359,0.18885860577865293,0.006669756007725274,0.14365084478339546,-0.36919053885548175,0.31121250755489466,-0.6120292078317884,0.6263109211260711,0.1946226867755445,0.0,0.07118292473718632,0.95
25.011547088623047,1788958714.7112374,reach_low,0,0.0,-0.55,0.95,0.55,0.0,0.0,-0.5537670850753784,0.9526020884513855,0.5414952039718628,-0.01840776950120926,0.19516602127072993,0.0,0.07187292092048994,-0.008202988474788037,0.4534628044592412,0.004173737246100993,0.8912276790301359,0.18885860577865293,0.006669756007725274,0.14365084478339546,-0.36919053885548175,0.31121250755489466,-0.6120292078317884,0.6263109211260711,0.1946226867755445,0.0,0.07118292473718632,0.95
25.017899751663208,1788958714.7112374,reach_low,0,0.0,-0.55,0.95,0.55,0.0,0.0,-0.5537670850753784,0.9526020884513855,0.5414952039718628,-0.01840776950120926,0.19516602127072993,0.0,0.07187292092048994,-0.008202988474788037,0.4534628044592412,0.004173737246100993,0.8912276790301359,0.18885860577865293,0.006669756007725274,0.14365084478339546,-0.36919053885548175,0.31121250755489466,-0.6120292078317884,0.6263109211260711,0.1946226867755445,0.0,0.07118292473718632,0.95
25.01838970184326,1788958714.7445943,reach_low,0,0.0,-0.55,0.95,0.55,0.0,0.0,-0.5537670850753784,0.954136073589325,0.5414952039718628,-0.01840776950120926,0.19532504320930721,0.0,0.07207042595095679,-0.00820476736163299,0.4530827542264627,0.0041702392087838444,0.8914209492265962,0.1888010996053902,0.006672123067833102,0.14353369207240246,-0.3684732567821431,0.31153338829569516,-0.6123762491609479,0.6262345698513725,0.1946226867755445,0.0,0.07118292473718632,0.95
25.021559953689575,1788958714.7445943,reach_low,0,0.0,-0.55,0.95,0.55,0.0,0.0,-0.5537670850753784,0.954136073589325,0.5414952039718628,-0.01840776950120926,0.19532504320930721,0.0,0.07207042595095679,-0.00820476736163299,0.4530827542264627,0.0041702392087838444,0.8914209492265962,0.1888010996053902,0.006672123067833102,0.14353369207240246,-0.3684732567821431,0.31153338829569516,-0.6123762491609479,0.6262345698513725,0.1946226867755445,0.0,0.07118292473718632,0.95
25.031493186950684,1788958714.7445943,reach_low,0,0.0,-0.55,0.95,0.55,0.0,0.0,-0.5537670850753784,0.954136073589325,0.5414952039718628,-0.01840776950120926,0.19532504320930721,0.0,0.07207042595095679,-0.00820476736163299,0.4530827542264627,0.0041702392087838444,0.8914209492265962,0.1888010996053902,0.006672123067833102,0.14353369207240246,-0.3684732567821431,0.31153338829569516,-0.6123762491609479,0.6262345698513725,0.1946226867755445,0.0,0.07118292473718632,0.95
25.041503190994263,1788958714.7445943,reach_low,0,0.0,-0.55,0.95,0.55,0.0,0.0,-0.5537670850753784,0.954136073589325,0.5414952039718628,-0.01840776950120926,0.19532504320930721,0.0,0.07207042595095679,-0.00820476736163299,0.4530827542264627,0.0041702392087838444,0.8914209492265962,0.1888010996053902,0.006672123067833102,0.14353369207240246,-0.3684732567821431,0.31153338829569516,-0.6123762491609479,0.6262345698513725,0.1946226867755445,0.0,0.07118292473718632,0.95
25.042282581329346,1788958714.7445943,reach_low,0,0.0,-0.55,0.95,0.55,0.0,0.0,-0.5537670850753784,0.954136073589325,0.5414952039718628,-0.01840776950120926,0.19532504320930721,0.0,0.07207042595095679,-0.00820476736163299,0.4530827542264627,0.0041702392087838444,0.8914209492265962,0.1888010996053902,0.006672123067833102,0.14353369207240246,-0.3684732567821431,0.31153338829569516,-0.6123762491609479,0.6262345698513725,0.1946226867755445,0.0,0.07118292473718632,0.95
25.051629066467285,1788958714.7445943,reach_low,0,0.0,-0.55,0.95,0.55,0.0,0.0,-0.5537670850753784,0.954136073589325,0.5414952039718628,-0.01840776950120926,0.19532504320930721,0.0,0.07207042595095679,-0.00820476736163299,0.4530827542264627,0.0041702392087838444,0.8914209492265962,0.1888010996053902,0.006672123067833102,0.14353369207240246,-0.3684732567821431,0.31153338829569516,-0.6123762491609479,0.6262345698513725,0.1946226867755445,0.0,0.07118292473718632,0.95
25.06154489517212,1788958714.7445943,reach_low,0,0.0,-0.55,0.95,0.55,0.0,0.0,-0.5537670850753784,0.954136073589325,0.5414952039718628,-0.01840776950120926,0.19532504320930721,0.0,0.07207042595095679,-0.00820476736163299,0.4530827542264627,0.0041702392087838444,0.8914209492265962,0.1888010996053902,0.006672123067833102,0.14353369207240246,-0.3684732567821431,0.31153338829569516,-0.6123762491609479,0.6262345698513725,0.1946226867755445,0.0,0.07118292473718632,0.95
25.062002658843994,1788958714.7445943,reach_low,0,0.0,-0.55,0.95,0.55,0.0,0.0,-0.5537670850753784,0.954136073589325,0.5414952039718628,-0.01840776950120926,0.19532504320930721,0.0,0.07207042595095679,-0.00820476736163299,0.4530827542264627,0.0041702392087838444,0.8914209492265962,0.1888010996053902,0.006672123067833102,0.14353369207240246,-0.3684732567821431,0.31153338829569516,-0.6123762491609479,0.6262345698513725,0.1946226867755445,0.0,0.07118292473718632,0.95
25.06240439414978,1788958714.777951,reach_low,0,0.0,-0.55,0.95,0.55,0.0,0.0,-0.5537670850753784,0.954136073589325,0.5414952039718628,-0.01840776950120926,0.19522339534479255,-0.00013637267157644,0.07194419883282545,-0.008045295726205723,0.45332846457650655,0.0038611679663491634,0.8912988655907291,0.18878088114793823,0.006673237575771854,0.14349392493053392,-0.3685000183678764,0.31130079772473035,-0.6123590400310536,0.626351303895081,0.1946226867755445,0.0,0.07118292473718632,0.95
25.071521520614624,1788958714.777951,reach_low,0,0.0,-0.55,0.95,0.55,0.0,0.0,-0.5537670850753784,0.954136073589325,0.5414952039718628,-0.01840776950120926,0.19522339534479255,-0.00013637267157644,0.07194419883282545,-0.008045295726205723,0.45332846457650655,0.0038611679663491634,0.8912988655907291,0.18878088114793823,0.006673237575771854,0.14349392493053392,-0.3685000183678764,0.31130079772473035,-0.6123590400310536,0.626351303895081,0.1946226867755445,0.0,0.07118292473718632,0.95
25.081509590148926,1788958714.777951,reach_low,0,0.0,-0.55,0.95,0.55,0.0,0.0,-0.5537670850753784,0.954136073589325,0.5414952039718628,-0.01840776950120926,0.19522339534479255,-0.00013637267157644,0.07194419883282545,-0.008045295726205723,0.45332846457650655,0.0038611679663491634,0.8912988655907291,0.18878088114793823,0.006673237575771854,0.14349392493053392,-0.3685000183678764,0.31130079772473035,-0.6123590400310536,0.626351303895081,0.1946226867755445,0.0,0.07118292473718632,0.95
25.09157371520996,1788958714.777951,reach_low,0,0.0,-0.55,0.95,0.55,0.0,0.0,-0.5537670850753784,0.954136073589325,0.5414952039718628,-0.01840776950120926,0.19522339534479255,-0.00013637267157644,0.07194419883282545,-0.008045295726205723,0.45332846457650655,0.0038611679663491634,0.8912988655907291,0.18878088114793823,0.006673237575771854,0.14349392493053392,-0.3685000183678764,0.31130079772473035,-0.6123590400310536,0.626351303895081,0.1946226867755445,0.0,0.07118292473718632,0.95
25.094593048095703,1788958714.777951,reach_low,0,0.0,-0.55,0.95,0.55,0.0,0.0,-0.5537670850753784,0.954136073589325,0.5414952039718628,-0.01840776950120926,0.19522339534479255,-0.00013637267157644,0.07194419883282545,-0.008045295726205723,0.45332846457650655,0.0038611679663491634,0.8912988655907291,0.18878088114793823,0.006673237575771854,0.14349392493053392,-0.3685000183678764,0.31130079772473035,-0.6123590400310536,0.626351303895081,0.1946226867755445,0.0,0.07118292473718632,0.95
25.095033407211304,1788958714.8113077,reach_low,0,0.0,-0.55,0.95,0.55,0.0,-0.0015339808305725455,-0.5537670850753784,0.954136073589325,0.5414952039718628,-0.01840776950120926,0.19506732127545498,-0.0002992297662132949,0.07175079336149622,-0.007853902820527838,0.4537040559028754,0.003492428612933953,0.8911109632420363,0.18875667175155336,0.0066655585239011605,0.1434334994601862,-0.3682603877772787,0.31136082077798094,-0.6124148608546781,0.6264078258474554,0.1946226867755445,0.0,0.07118292473718632,0.95
25.157161951065063,1788958714.8113077,reach_low,0,0.0,-0.55,0.95,0.55,0.0,-0.0015339808305725455,-0.5537670850753784,0.954136073589325,0.5414952039718628,-0.01840776950120926,0.19506732621805634,-0.0002959901568395861,0.07175079336149623,-0.007857670298797572,0.4537039906698079,0.003499828241244347,0.8911109342108019,0.18875667175155336,0.0066655585239011605,0.1434334994601862,-0.3682603877772787,0.31136082077798094,-0.6124148608546781,0.6264078258474554,0.1946226867755445,0.0,0.07118292473718632,0.95
25.15762495994568,1788958714.8113077,reach_low,0,0.0,-0.55,0.95,0.55,0.0,-0.0015339808305725455,-0.5537670850753784,0.954136073589325,0.5414952039718628,-0.01840776950120926,0.19506732621805634,-0.0002959901568395861,0.07175079336149623,-0.007857670298797572,0.4537039906698079,0.003499828241244347,0.8911109342108019,0.18875667175155336,0.0066655585239011605,0.1434334994601862,-0.3682603877772787,0.31136082077798094,-0.6124148608546781,0.6264078258474554,0.1946226867755445,0.0,0.07118292473718632,0.95
25.15807580947876,1788958714.8446646,reach_low,0,0.0,-0.55,0.95,0.55,0.0,0.0,-0.5537670850753784,0.954136073589325,0.5414952039718628,-0.01840776950120926,0.19506750782213042,-0.00012946079575520126,0.07175079336149623,-0.008051333470957892,0.4537005952845699,0.0038801992916430023,0.8911093591255921,0.1888419312255665,0.006668895713901492,0.1436157316262865,-0.36865832552815675,0.31159619879801315,-0.6121267185220091,0.6263383497638336,0.1946226867755445,0.0,0.07118292473718632,0.95
25.15853190422058,1788958714.8446646,reach_low,0,0.0,-0.55,0.95,0.55,0.0,0.0,-0.5537670850753784,0.954136073589325,0.5414952039718628,-0.01840776950120926,0.19506750782213042,-0.00012946079575520126,0.07175079336149623,-0.008051333470957892,0.4537005952845699,0.0038801992916430023,0.8911093591255921,0.1888419312255665,0.006668895713901492,0.1436157316262865,-0.36865832552815675,0.31159619879801315,-0.6121267185220091,0.6263383497638336,0.1946226867755445,0.0,0.07118292473718632,0.95
25.158980131149292,1788958714.8446646,reach_low,0,0.0,-0.55,0.95,0.55,0.0,0.0,-0.5537670850753784,0.954136073589325,0.5414952039718628,-0.01840776950120926,0.19506750782213042,-0.00012946079575520126,0.07175079336149623,-0.008051333470957892,0.4537005952845699,0.0038801992916430023,0.8911093591255921,0.1888419312255665,0.006668895713901492,0.1436157316262865,-0.36865832552815675,0.31159619879801315,-0.6121267185220091,0.6263383497638336,0.1946226867755445,0.0,0.07118292473718632,0.95
25.15973424911499,1788958714.8446646,reach_low,0,0.0,-0.55,0.95,0.55,0.0,0.0,-0.5537670850753784,0.954136073589325,0.5414952039718628,-0.01840776950120926,0.19506750782213042,-0.00012946079575520126,0.07175079336149623,-0.008051333470957892,0.4537005952845699,0.0038801992916430023,0.8911093591255921,0.1888419312255665,0.006668895713901492,0.1436157316262865,-0.36865832552815675,0.31159619879801315,-0.6121267185220091,0.6263383497638336,0.1946226867755445,0.0,0.07118292473718632,0.95
25.1600661277771,1788958714.8446646,reach_low,0,0.0,-0.55,0.95,0.55,0.0,0.0,-0.5537670850753784,0.954136073589325,0.5414952039718628,-0.01840776950120926,0.19506750782213042,-0.00012946079575520126,0.07175079336149623,-0.008051333470957892,0.4537005952845699,0.0038801992916430023,0.8911093591255921,0.1888419312255665,0.006668895713901492,0.1436157316262865,-0.36865832552815675,0.31159619879801315,-0.6121267185220091,0.6263383497638336,0.1946226867755445,0.0,0.07118292473718632,0.95
25.160468339920044,1788958714.8446646,reach_low,0,0.0,-0.55,0.95,0.55,0.0,0.0,-0.5537670850753784,0.954136073589325,0.5414952039718628,-0.01840776950120926,0.19506750782213042,-0.00012946079575520126,0.07175079336149623,-0.008051333470957892,0.4537005952845699,0.0038801992916430023,0.8911093591255921,0.1888419312255665,0.006668895713901492,0.1436157316262865,-0.36865832552815675,0.31159619879801315,-0.6121267185220091,0.6263383497638336,0.1946226867755445,0.0,0.07118292473718632,0.95
25.160900354385376,1788958714.8446646,reach_low,0,0.0,-0.55,0.95,0.55,0.0,0.0,-0.5537670850753784,0.954136073589325,0.5414952039718628,-0.01840776950120926,0.19506750782213042,-0.00012946079575520126,0.07175079336149623,-0.008051333470957892,0.4537005952845699,0.0038801992916430023,0.8911093591255921,0.1888419312255665,0.006668895713901492,0.1436157316262865,-0.36865832552815675,0.31159619879801315,-0.6121267185220091,0.6263383497638336,0.1946226867755445,0.0,0.07118292473718632,0.95
25.161476373672485,1788958714.8446646,reach_low,0,0.0,-0.55,0.95,0.55,0.0,0.0,-0.5537670850753784,0.954136073589325,0.5414952039718628,-0.01840776950120926,0.19506750782213042,-0.00012946079575520126,0.07175079336149623,-0.008051333470957892,0.4537005952845699,0.0038801992916430023,0.8911093591255921,0.1888419312255665,0.006668895713901492,0.1436157316262865,-0.36865832552815675,0.31159619879801315,-0.6121267185220091,0.6263383497638336,0.1946226867755445,0.0,0.07118292473718632,0.95
25.162018060684204,1788958714.8446646,reach_low,0,0.0,-0.55,0.95,0.55,0.0,0.0,-0.5537670850753784,0.954136073589325,0.5414952039718628,-0.01840776950120926,0.19506750782213042,-0.00012946079575520126,0.07175079336149623,-0.008051333470957892,0.4537005952845699,0.0038801992916430023,0.8911093591255921,0.1888419312255665,0.006668895713901492,0.1436157316262865,-0.36865832552815675,0.31159619879801315,-0.6121267185220091,0.6263383497638336,0.1946226867755445,0.0,0.07118292473718632,0.95
25.162407636642456,1788958714.8780212,reach_low,0,0.0,-0.55,0.95,0.55,0.0,0.0,-0.5537670850753784,0.954136073589325,0.5414952039718628,-0.01840776950120926,0.19506755078186264,0.0,0.07175079336149623,-0.008201887138538783,0.4536978985840693,0.004175901086432517,0.8911080224742018,0.1888765110779521,0.006673016712907055,0.1436763119366914,-0.3686015654904419,0.3116544719995472,-0.6122045408653872,0.626266697297948,0.1946226867755445,0.0,0.07118292473718632,0.95
25.171565771102905,1788958714.8780212,reach_low,0,0.0,-0.55,0.95,0.55,0.0,0.0,-0.5537670850753784,0.954136073589325,0.5414952039718628,-0.01840776950120926,0.19506755078186264,0.0,0.07175079336149623,-0.008201887138538783,0.4536978985840693,0.004175901086432517,0.8911080224742018,0.1888765110779521,0.006673016712907055,0.1436763119366914,-0.3686015654904419,0.3116544719995472,-0.6122045408653872,0.626266697297948,0.1946226867755445,0.0,0.07118292473718632,0.95
25.181531190872192,1788958714.8780212,reach_low,0,0.0,-0.55,0.95,0.55,0.0,0.0,-0.5537670850753784,0.954136073589325,0.5414952039718628,-0.01840776950120926,0.19506755078186264,0.0,0.07175079336149623,-0.008201887138538783,0.4536978985840693,0.004175901086432517,0.8911080224742018,0.1888765110779521,0.006673016712907055,0.1436763119366914,-0.3686015654904419,0.3116544719995472,-0.6122045408653872,0.626266697297948,0.1946226867755445,0.0,0.07118292473718632,0.95
25.19157099723816,1788958714.8780212,reach_low,0,0.0,-0.55,0.95,0.55,0.0,0.0,-0.5537670850753784,0.954136073589325,0.5414952039718628,-0.01840776950120926,0.19506755078186264,0.0,0.07175079336149623,-0.008201887138538783,0.4536978985840693,0.004175901086432517,0.8911080224742018,0.1888765110779521,0.006673016712907055,0.1436763119366914,-0.3686015654904419,0.3116544719995472,-0.6122045408653872,0.626266697297948,0.1946226867755445,0.0,0.07118292473718632,0.95
25.194538354873657,1788958714.8780212,reach_low,0,0.0,-0.55,0.95,0.55,0.0,0.0,-0.5537670850753784,0.954136073589325,0.5414952039718628,-0.01840776950120926,0.19506755078186264,0.0,0.07175079336149623,-0.008201887138538783,0.4536978985840693,0.004175901086432517,0.8911080224742018,0.1888765110779521,0.006673016712907055,0.1436763119366914,-0.3686015654904419,0.3116544719995472,-0.6122045408653872,0.626266697297948,0.1946226867755445,0.0,0.07118292473718632,0.95
25.195037603378296,1788958714.911378,reach_low,0,0.0,-0.55,0.95,0.55,0.0,0.0,-0.5537670850753784,0.954136073589325,0.5414952039718628,-0.01840776950120926,0.19506755078186264,0.0,0.07175079336149623,-0.008201887138538783,0.4536978985840693,0.004175901086432517,0.8911080224742018,0.18882784939787298,0.006675714984351565,0.14357432223875366,-0.36796927633149723,0.31221943783875755,-0.6122855866676019,0.6262778893357448,0.1946226867755445,0.0,0.07118292473718632,0.95
25.201451778411865,1788958714.911378,reach_low,0,0.0,-0.55,0.95,0.55,0.0,0.0,-0.5537670850753784,0.954136073589325,0.5414952039718628,-0.01840776950120926,0.19506755078186264,0.0,0.07175079336149623,-0.008201887138538783,0.4536978985840693,0.004175901086432517,0.8911080224742018,0.18882784939787298,0.006675714984351565,0.14357432223875366,-0.36796927633149723,0.31221943783875755,-0.6122855866676019,0.6262778893357448,0.1946226867755445,0.0,0.07118292473718632,0.95
25.202173948287964,1788958714.911378,reach_low,0,0.0,-0.55,0.95,0.55,0.0,0.0,-0.5537670850753784,0.954136073589325,0.5414952039718628,-0.01840776950120926,0.19506755078186264,0.0,0.07175079336149623,-0.008201887138538783,0.4536978985840693,0.004175901086432517,0.8911080224742018,0.18882784939787298,0.006675714984351565,0.14357432223875366,-0.36796927633149723,0.31221943783875755,-0.6122855866676019,0.6262778893357448,0.1946226867755445,0.0,0.07118292473718632,0.95
25.21151852607727,1788958714.911378,reach_low,0,0.0,-0.55,0.95,0.55,0.0,0.0,-0.5537670850753784,0.954136073589325,0.5414952039718628,-0.01840776950120926,0.19506755078186264,0.0,0.07175079336149623,-0.008201887138538783,0.4536978985840693,0.004175901086432517,0.8911080224742018,0.18882784939787298,0.006675714984351565,0.14357432223875366,-0.36796927633149723,0.31221943783875755,-0.6122855866676019,0.6262778893357448,0.1946226867755445,0.0,0.07118292473718632,0.95
25.217804431915283,1788958714.911378,reach_low,0,0.0,-0.55,0.95,0.55,0.0,0.0,-0.5537670850753784,0.954136073589325,0.5414952039718628,-0.01840776950120926,0.19506755078186264,0.0,0.07175079336149623,-0.008201887138538783,0.4536978985840693,0.004175901086432517,0.8911080224742018,0.18882784939787298,0.006675714984351565,0.14357432223875366,-0.36796927633149723,0.31221943783875755,-0.6122855866676019,0.6262778893357448,0.1946226867755445,0.0,0.07118292473718632,0.95
25.21825671195984,1788958714.9447346,reach_low,0,0.0,-0.55,0.95,0.55,0.0,0.0,-0.5537670850753784,0.954136073589325,0.5414952039718628,-0.01840776950120926,0.19506755078186264,0.0,0.07175079336149623,-0.008201887138538783,0.4536978985840693,0.004175901086432517,0.8911080224742018,0.1887757157871166,0.0066766675050717265,0.143485463372527,-0.3683537635670987,0.3114674380957469,-0.6123284236197574,0.6263844199047174,0.1946226867755445,0.0,0.07118292473718632,0.95
25.221452951431274,1788958714.9447346,reach_low,0,0.0,-0.55,0.95,0.55,0.0,0.0,-0.5537670850753784,0.954136073589325,0.5414952039718628,-0.01840776950120926,0.19506755078186264,0.0,0.07175079336149623,-0.008201887138538783,0.4536978985840693,0.004175901086432517,0.8911080224742018,0.1887757157871166,0.0066766675050717265,0.143485463372527,-0.3683537635670987,0.3114674380957469,-0.6123284236197574,0.6263844199047174,0.1946226867755445,0.0,0.07118292473718632,0.95
25.23138403892517,1788958714.9447346,reach_low,0,0.0,-0.55,0.95,0.55,0.0,0.0,-0.5537670850753784,0.954136073589325,0.5414952039718628,-0.01840776950120926,0.19506755078186264,0.0,0.07175079336149623,-0.008201887138538783,0.4536978985840693,0.004175901086432517,0.8911080224742018,0.1887757157871166,0.0066766675050717265,0.143485463372527,-0.3683537635670987,0.3114674380957469,-0.6123284236197574,0.6263844199047174,0.1946226867755445,0.0,0.07118292473718632,0.95
25.241506576538086,1788958714.9447346,reach_low,0,0.0,-0.55,0.95,0.55,0.0,0.0,-0.5537670850753784,0.954136073589325,0.5414952039718628,-0.01840776950120926,0.19506755078186264,0.0,0.07175079336149623,-0.008201887138538783,0.4536978985840693,0.004175901086432517,0.8911080224742018,0.1887757157871166,0.0066766675050717265,0.143485463372527,-0.3683537635670987,0.3114674380957469,-0.6123284236197574,0.6263844199047174,0.1946226867755445,0.0,0.07118292473718632,0.95
25.25158977508545,1788958714.9447346,reach_low,0,0.0,-0.55,0.95,0.55,0.0,0.0,-0.5537670850753784,0.954136073589325,0.5414952039718628,-0.01840776950120926,0.19506755078186264,0.0,0.07175079336149623,-0.008201887138538783,0.4536978985840693,0.004175901086432517,0.8911080224742018,0.1887757157871166,0.0066766675050717265,0.143485463372527,-0.3683537635670987,0.3114674380957469,-0.6123284236197574,0.6263844199047174,0.1946226867755445,0.0,0.07118292473718632,0.95
25.261685609817505,1788958714.9447346,reach_low,0,0.0,-0.55,0.95,0.55,0.0,0.0,-0.5537670850753784,0.954136073589325,0.5414952039718628,-0.01840776950120926,0.19506755078186264,0.0,0.07175079336149623,-0.008201887138538783,0.4536978985840693,0.004175901086432517,0.8911080224742018,0.1887757157871166,0.0066766675050717265,0.143485463372527,-0.3683537635670987,0.3114674380957469,-0.6123284236197574,0.6263844199047174,0.1946226867755445,0.0,0.07118292473718632,0.95
25.262838125228882,1788958714.9447346,reach_low,0,0.0,-0.55,0.95,0.55,0.0,0.0,-0.5537670850753784,0.954136073589325,0.5414952039718628,-0.01840776950120926,0.19506755078186264,0.0,0.07175079336149623,-0.008201887138538783,0.4536978985840693,0.004175901086432517,0.8911080224742018,0.1887757157871166,0.0066766675050717265,0.143485463372527,-0.3683537635670987,0.3114674380957469,-0.6123284236197574,0.6263844199047174,0.1946226867755445,0.0,0.07118292473718632,0.95
25.263432502746582,1788958714.9780912,reach_low,0,0.0,-0.55,0.95,0.55,0.0,0.0,-0.5537670850753784,0.954136073589325,0.5414952039718628,-0.01840776950120926,0.1950675507818626,0.0,0.0717507933614962,-0.008201887138538783,0.4536978985840693,0.004175901086432517,0.8911080224742018,0.1889163656439381,0.006678778921800655,0.14375619571895065,-0.3688941412637947,0.3114273080416488,-0.6120613613784931,0.6263473750680892,0.1946226867755445,0.0,0.07118292473718632,0.95
25.263984203338623,1788958714.9780912,reach_low,0,0.0,-0.55,0.95,0.55,0.0,0.0,-0.5537670850753784,0.954136073589325,0.5414952039718628,-0.01840776950120926,0.1950675507818626,0.0,0.0717507933614962,-0.008201887138538783,0.4536978985840693,0.004175901086432517,0.8911080224742018,0.1889163656439381,0.006678778921800655,0.14375619571895065,-0.3688941412637947,0.3114273080416488,-0.6120613613784931,0.6263473750680892,0.1946226867755445,0.0,0.07118292473718632,0.95
25.2714626789093,1788958714.9780912,reach_low,0,0.0,-0.55,0.95,0.55,0.0,0.0,-0.5537670850753784,0.954136073589325,0.5414952039718628,-0.01840776950120926,0.1950675507818626,0.0,0.0717507933614962,-0.008201887138538783,0.4536978985840693,0.004175901086432517,0.8911080224742018,0.1889163656439381,0.006678778921800655,0.14375619571895065,-0.3688941412637947,0.3114273080416488,-0.6120613613784931,0.6263473750680892,0.1946226867755445,0.0,0.07118292473718632,0.95
25.281530141830444,1788958714.9780912,reach_low,0,0.0,-0.55,0.95,0.55,0.0,0.0,-0.5537670850753784,0.954136073589325,0.5414952039718628,-0.01840776950120926,0.1950675507818626,0.0,0.0717507933614962,-0.008201887138538783,0.4536978985840693,0.004175901086432517,0.8911080224742018,0.1889163656439381,0.006678778921800655,0.14375619571895065,-0.3688941412637947,0.3114273080416488,-0.6120613613784931,0.6263473750680892,0.1946226867755445,0.0,0.07118292473718632,0.95
25.29162073135376,1788958714.9780912,reach_low,0,0.0,-0.55,0.95,0.55,0.0,0.0,-0.5537670850753784,0.954136073589325,0.5414952039718628,-0.01840776950120926,0.1950675507818626,0.0,0.0717507933614962,-0.008201887138538783,0.4536978985840693,0.004175901086432517,0.8911080224742018,0.1889163656439381,0.006678778921800655,0.14375619571895065,-0.3688941412637947,0.3114273080416488,-0.6120613613784931,0.6263473750680892,0.1946226867755445,0.0,0.07118292473718632,0.95
25.29475712776184,1788958714.9780912,reach_low,0,0.0,-0.55,0.95,0.55,0.0,0.0,-0.5537670850753784,0.954136073589325,0.5414952039718628,-0.01840776950120926,0.1950675507818626,0.0,0.0717507933614962,-0.008201887138538783,0.4536978985840693,0.004175901086432517,0.8911080224742018,0.1889163656439381,0.006678778921800655,0.14375619571895065,-0.3688941412637947,0.3114273080416488,-0.6120613613784931,0.6263473750680892,0.1946226867755445,0.0,0.07118292473718632,0.95
25.295321226119995,1788958715.011447,reach_low,0,0.0,-0.55,0.95,0.55,0.0,0.0,-0.5537670850753784,0.954136073589325,0.5414952039718628,-0.01840776950120926,0.19506755078186264,0.0,0.07175079336149623,-0.008201887138538783,0.4536978985840693,0.004175901086432517,0.8911080224742018,0.18888611116868065,0.006673349007957833,0.14370032035128388,-0.36865353199399614,0.31154853075715755,-0.6121986611975073,0.6262945677230388,0.1946226867755445,0.0,0.07118292473718632,0.95
25.30139994621277,1788958715.011447,reach_low,0,0.0,-0.55,0.95,0.55,0.0,0.0,-0.5537670850753784,0.954136073589325,0.5414952039718628,-0.01840776950120926,0.19506755078186264,0.0,0.07175079336149623,-0.008201887138538783,0.4536978985840693,0.004175901086432517,0.8911080224742018,0.18888611116868065,0.006673349007957833,0.14370032035128388,-0.36865353199399614,0.31154853075715755,-0.6121986611975073,0.6262945677230388,0.1946226867755445,0.0,0.07118292473718632,0.95
25.31152629852295,1788958715.011447,reach_low,0,0.0,-0.55,0.95,0.55,0.0,0.0,-0.5537670850753784,0.954136073589325,0.5414952039718628,-0.01840776950120926,0.19506755078186264,0.0,0.07175079336149623,-0.008201887138538783,0.4536978985840693,0.004175901086432517,0.8911080224742018,0.18888611116868065,0.006673349007957833,0.14370032035128388,-0.36865353199399614,0.31154853075715755,-0.6121986611975073,0.6262945677230388,0.1946226867755445,0.0,0.07118292473718632,0.95
25.312517166137695,1788958715.011447,reach_low,0,0.0,-0.55,0.95,0.55,0.0,0.0,-0.5537670850753784,0.954136073589325,0.5414952039718628,-0.01840776950120926,0.19506755078186264,0.0,0.07175079336149623,-0.008201887138538783,0.4536978985840693,0.004175901086432517,0.8911080224742018,0.18888611116868065,0.006673349007957833,0.14370032035128388,-0.36865353199399614,0.31154853075715755,-0.6121986611975073,0.6262945677230388,0.1946226867755445,0.0,0.07118292473718632,0.95
25.318405389785767,1788958715.011447,reach_low,0,0.0,-0.55,0.95,0.55,0.0,0.0,-0.5537670850753784,0.954136073589325,0.5414952039718628,-0.01840776950120926,0.19506755078186264,0.0,0.07175079336149623,-0.008201887138538783,0.4536978985840693,0.004175901086432517,0.8911080224742018,0.18888611116868065,0.006673349007957833,0.14370032035128388,-0.36865353199399614,0.31154853075715755,-0.6121986611975073,0.6262945677230388,0.1946226867755445,0.0,0.07118292473718632,0.95
25.318900108337402,1788958715.0448027,reach_low,0,0.0,-0.55,0.95,0.55,0.0,0.0,-0.5537670850753784,0.954136073589325,0.5414952039718628,-0.01840776950120926,0.19514879329020107,0.0,0.07185154447947621,-0.00820279577883401,0.4535039489180146,0.00417411594565113,0.8912067432494268,0.1888488526461004,0.006674306635949572,0.14363203015188547,-0.36836681939294524,0.31179727996187906,-0.6121677490569052,0.6263696908322601,0.1946226867755445,0.0,0.07118292473718632,0.95
25.321372985839844,1788958715.0448027,reach_low,0,0.0,-0.55,0.95,0.55,0.0,0.0,-0.5537670850753784,0.954136073589325,0.5414952039718628,-0.01840776950120926,0.19514879329020107,0.0,0.07185154447947621,-0.00820279577883401,0.4535039489180146,0.00417411594565113,0.8912067432494268,0.1888488526461004,0.006674306635949572,0.14363203015188547,-0.36836681939294524,0.31179727996187906,-0.6121677490569052,0.6263696908322601,0.1946226867755445,0.0,0.07118292473718632,0.95
25.331430196762085,1788958715.0448027,reach_low,0,0.0,-0.55,0.95,0.55,0.0,0.0,-0.5537670850753784,0.954136073589325,0.5414952039718628,-0.01840776950120926,0.19514879329020107,0.0,0.07185154447947621,-0.00820279577883401,0.4535039489180146,0.00417411594565113,0.8912067432494268,0.1888488526461004,0.006674306635949572,0.14363203015188547,-0.36836681939294524,0.31179727996187906,-0.6121677490569052,0.6263696908322601,0.1946226867755445,0.0,0.07118292473718632,0.95
25.341483116149902,1788958715.0448027,reach_low,0,0.0,-0.55,0.95,0.55,0.0,0.0,-0.5537670850753784,0.954136073589325,0.5414952039718628,-0.01840776950120926,0.19514879329020107,0.0,0.07185154447947621,-0.00820279577883401,0.4535039489180146,0.00417411594565113,0.8912067432494268,0.1888488526461004,0.006674306635949572,0.14363203015188547,-0.36836681939294524,0.31179727996187906,-0.6121677490569052,0.6263696908322601,0.1946226867755445,0.0,0.07118292473718632,0.95
25.351388454437256,1788958715.0448027,reach_low,0,0.0,-0.55,0.95,0.55,0.0,0.0,-0.5537670850753784,0.954136073589325,0.5414952039718628,-0.01840776950120926,0.19514879329020107,0.0,0.07185154447947621,-0.00820279577883401,0.4535039489180146,0.00417411594565113,0.8912067432494268,0.1888488526461004,0.006674306635949572,0.14363203015188547,-0.36836681939294524,0.31179727996187906,-0.6121677490569052,0.6263696908322601,0.1946226867755445,0.0,0.07118292473718632,0.95
25.36147713661194,1788958715.0448027,reach_low,0,0.0,-0.55,0.95,0.55,0.0,0.0,-0.5537670850753784,0.954136073589325,0.5414952039718628,-0.01840776950120926,0.19514879329020107,0.0,0.07185154447947621,-0.00820279577883401,0.4535039489180146,0.00417411594565113,0.8912067432494268,0.1888488526461004,0.006674306635949572,0.14363203015188547,-0.36836681939294524,0.31179727996187906,-0.6121677490569052,0.6263696908322601,0.1946226867755445,0.0,0.07118292473718632,0.95
25.36219310760498,1788958715.0448027,reach_low,0,0.0,-0.55,0.95,0.55,0.0,0.0,-0.5537670850753784,0.954136073589325,0.5414952039718628,-0.01840776950120926,0.19514879329020107,0.0,0.07185154447947621,-0.00820279577883401,0.4535039489180146,0.00417411594565113,0.8912067432494268,0.1888488526461004,0.006674306635949572,0.14363203015188547,-0.36836681939294524,0.31179727996187906,-0.6121677490569052,0.6263696908322601,0.1946226867755445,0.0,0.07118292473718632,0.95
25.362678050994873,1788958715.0781584,reach_low,0,0.0,-0.55,0.95,0.55,0.0,0.0,-0.5537670850753784,0.9526020884513855,0.5414952039718628,-0.01840776950120926,0.19533952847793812,0.0,0.0720884337797332,-0.008204929419521466,0.45304811143038354,0.004169920351477616,0.8914385562823979,0.18885805604144681,0.00667024716690762,0.1436485110211062,-0.3687573799898845,0.3115403005111899,-0.612259794684631,0.6261777540548109,0.1946226867755445,0.0,0.07118292473718632,0.95
25.37143874168396,1788958715.0781584,reach_low,0,0.0,-0.55,0.95,0.55,0.0,0.0,-0.5537670850753784,0.9526020884513855,0.5414952039718628,-0.01840776950120926,0.19533952847793812,0.0,0.0720884337797332,-0.008204929419521466,0.45304811143038354,0.004169920351477616,0.8914385562823979,0.18885805604144681,0.00667024716690762,0.1436485110211062,-0.3687573799898845,0.3115403005111899,-0.612259794684631,0.6261777540548109,0.1946226867755445,0.0,0.07118292473718632,0.95
25.372310638427734,1788958715.0781584,reach_low,0,0.0,-0.55,0.95,0.55,0.0,0.0,-0.5537670850753784,0.9526020884513855,0.5414952039718628,-0.01840776950120926,0.19533952847793812,0.0,0.0720884337797332,-0.008204929419521466,0.45304811143038354,0.004169920351477616,0.8914385562823979,0.18885805604144681,0.00667024716690762,0.1436485110211062,-0.3687573799898845,0.3115403005111899,-0.612259794684631,0.6261777540548109,0.1946226867755445,0.0,0.07118292473718632,0.95
25.381519556045532,1788958715.0781584,reach_low,0,0.0,-0.55,0.95,0.55,0.0,0.0,-0.5537670850753784,0.9526020884513855,0.5414952039718628,-0.01840776950120926,0.19533952847793812,0.0,0.0720884337797332,-0.008204929419521466,0.45304811143038354,0.004169920351477616,0.8914385562823979,0.18885805604144681,0.00667024716690762,0.1436485110211062,-0.3687573799898845,0.3115403005111899,-0.612259794684631,0.6261777540548109,0.1946226867755445,0.0,0.07118292473718632,0.95
25.39157509803772,1788958715.0781584,reach_low,0,0.0,-0.55,0.95,0.55,0.0,0.0,-0.5537670850753784,0.9526020884513855,0.5414952039718628,-0.01840776950120926,0.19533952847793812,0.0,0.0720884337797332,-0.008204929419521466,0.45304811143038354,0.004169920351477616,0.8914385562823979,0.18885805604144681,0.00667024716690762,0.1436485110211062,-0.3687573799898845,0.3115403005111899,-0.612259794684631,0.6261777540548109,0.1946226867755445,0.0,0.07118292473718632,0.95
25.39547300338745,1788958715.0781584,reach_low,0,0.0,-0.55,0.95,0.55,0.0,0.0,-0.5537670850753784,0.9526020884513855,0.5414952039718628,-0.01840776950120926,0.19533952847793812,0.0,0.0720884337797332,-0.008204929419521466,0.45304811143038354,0.004169920351477616,0.8914385562823979,0.18885805604144681,0.00667024716690762,0.1436485110211062,-0.3687573799898845,0.3115403005111899,-0.612259794684631,0.6261777540548109,0.1946226867755445,0.0,0.07118292473718632,0.95
25.396214485168457,1788958715.111514,reach_low,0,0.0,-0.55,0.95,0.55,0.0,0.0,-0.5537670850753784,0.954136073589325,0.5414952039718628,-0.01840776950120926,0.19520639706205622,0.0,0.07192303494832211,-0.008203440098345786,0.45336635533417674,0.004172849514402435,0.8912767464421407,0.1888496894877768,0.006675580999817538,0.14362482998490644,-0.36894130464177266,0.31128471041952005,-0.6120659244893693,0.6263860206511925,0.1946226867755445,0.0,0.07118292473718632,0.95
25.4013671875,1788958715.111514,reach_low,0,0.0,-0.55,0.95,0.55,0.0,0.0,-0.5537670850753784,0.954136073589325,0.5414952039718628,-0.01840776950120926,0.19520639706205622,0.0,0.07192303494832211,-0.008203440098345786,0.45336635533417674,0.004172849514402435,0.8912767464421407,0.1888496894877768,0.006675580999817538,0.14362482998490644,-0.36894130464177266,0.31128471041952005,-0.6120659244893693,0.6263860206511925,0.1946226867755445,0.0,0.07118292473718632,0.95
25.41149401664734,1788958715.111514,reach_low,0,0.0,-0.55,0.95,0.55,0.0,0.0,-0.5537670850753784,0.954136073589325,0.5414952039718628,-0.01840776950120926,0.19520639706205622,0.0,0.07192303494832211,-0.008203440098345786,0.45336635533417674,0.004172849514402435,0.8912767464421407,0.1888496894877768,0.006675580999817538,0.14362482998490644,-0.36894130464177266,0.31128471041952005,-0.6120659244893693,0.6263860206511925,0.1946226867755445,0.0,0.07118292473718632,0.95
25.41809630393982,1788958715.111514,reach_low,0,0.0,-0.55,0.95,0.55,0.0,0.0,-0.5537670850753784,0.954136073589325,0.5414952039718628,-0.01840776950120926,0.19520639706205622,0.0,0.07192303494832211,-0.008203440098345786,0.45336635533417674,0.004172849514402435,0.8912767464421407,0.1888496894877768,0.006675580999817538,0.14362482998490644,-0.36894130464177266,0.31128471041952005,-0.6120659244893693,0.6263860206511925,0.1946226867755445,0.0,0.07118292473718632,0.95
25.418583869934082,1788958715.1448698,reach_low,0,0.0,-0.55,0.95,0.55,0.0,0.0,-0.5537670850753784,0.954136073589325,0.5414952039718628,-0.01840776950120926,0.19506755078186264,0.0,0.07175079336149623,-0.008201887138538783,0.4536978985840693,0.004175901086432517,0.8911080224742018,0.18889573476304433,0.006680204878695811,0.14372330059708044,-0.36902652986448886,0.3113715700964447,-0.6120980379377406,0.6262612534275267,0.1946226867755445,0.0,0.07118292473718632,0.95
37.49276161193848,1788958727.1869519,side_neg,0,-0.6,-0.9,1.1,0.2,0.6,-0.5967185497283936,-0.898912787437439,1.087592363357544,0.200951486825943,0.6028544902801514,0.1718368475331926,-0.11673397218721579,0.14877802398567253,0.332698773053117,0.09090735787547986,-0.3302821074431869,0.878613173242888,0.12539651148817343,-0.1061613812890423,0.20779635958687104,-0.14296465606497807,-0.30524415353107115,0.850898933195639,-0.40293686768257647,0.17055452839328952,-0.11668263070320763,0.14542542747112042,0.4000000000000001
37.49403119087219,1788958727.1869519,side_neg,0,-0.6,-0.9,1.1,0.2,0.6,-0.5967185497283936,-0.898912787437439,1.087592363357544,0.200951486825943,0.6028544902801514,0.1718368475331926,-0.11673397218721579,0.14877802398567253,0.332698773053117,0.09090735787547986,-0.3302821074431869,0.878613173242888,0.12539651148817343,-0.1061613812890423,0.20779635958687104,-0.14296465606497807,-0.30524415353107115,0.850898933195639,-0.40293686768257647,0.17055452839328952,-0.11668263070320763,0.14542542747112042,0.4000000000000001
37.494664669036865,1788958727.22031,side_neg,0,-0.6,-0.9,1.1,0.2,0.6,-0.5967185497283936,-0.898912787437439,1.087592363357544,0.200951486825943,0.6028544902801514,0.1718500169334725,-0.11674291855947566,0.1487031447287636,0.3327385088404327,0.09107178296530205,-0.3303224926726039,0.8785659143836185,0.12516675378709374,-0.10625274365922796,0.2074947284589213,-0.14186505228870083,-0.30590370881900925,0.8506872282718175,-0.4032722002879844,0.17055452839328952,-0.11668263070320763,0.14542542747112042,0.4000000000000001
37.50187373161316,1788958727.22031,side_neg,0,-0.6,-0.9,1.1,0.2,0.6,-0.5967185497283936,-0.898912787437439,1.087592363357544,0.200951486825943,0.6028544902801514,0.1718500169334725,-0.11674291855947566,0.1487031447287636,0.3327385088404327,0.09107178296530205,-0.3303224926726039,0.8785659143836185,0.12516675378709374,-0.10625274365922796,0.2074947284589213,-0.14186505228870083,-0.30590370881900925,0.8506872282718175,-0.4032722002879844,0.17055452839328952,-0.11668263070320763,0.14542542747112042,0.4000000000000001
37.512033224105835,1788958727.22031,side_neg,0,-0.6,-0.9,1.1,0.2,0.6,-0.5967185497283936,-0.898912787437439,1.087592363357544,0.200951486825943,0.6028544902801514,0.1718500169334725,-0.11674291855947566,0.1487031447287636,0.3327385088404327,0.09107178296530205,-0.3303224926726039,0.8785659143836185,0.12516675378709374,-0.10625274365922796,0.2074947284589213,-0.14186505228870083,-0.30590370881900925,0.8506872282718175,-0.4032722002879844,0.17055452839328952,-0.11668263070320763,0.14542542747112042,0.4000000000000001
37.52197813987732,1788958727.22031,side_neg,0,-0.6,-0.9,1.1,0.2,0.6,-0.5967185497283936,-0.898912787437439,1.087592363357544,0.200951486825943,0.6028544902801514,0.1718500169334725,-0.11674291855947566,0.1487031447287636,0.3327385088404327,0.09107178296530205,-0.3303224926726039,0.8785659143836185,0.12516675378709374,-0.10625274365922796,0.2074947284589213,-0.14186505228870083,-0.30590370881900925,0.8506872282718175,-0.4032722002879844,0.17055452839328952,-0.11668263070320763,0.14542542747112042,0.4000000000000001
37.527519941329956,1788958727.22031,side_neg,0,-0.6,-0.9,1.1,0.2,0.6,-0.5967185497283936,-0.898912787437439,1.087592363357544,0.200951486825943,0.6028544902801514,0.1718500169334725,-0.11674291855947566,0.1487031447287636,0.3327385088404327,0.09107178296530205,-0.3303224926726039,0.8785659143836185,0.12516675378709374,-0.10625274365922796,0.2074947284589213,-0.14186505228870083,-0.30590370881900925,0.8506872282718175,-0.4032722002879844,0.17055452839328952,-0.11668263070320763,0.14542542747112042,0.4000000000000001
37.52801585197449,1788958727.2536683,side_neg,0,-0.6,-0.9,1.1,0.2,0.6,-0.5967185497283936,-0.898912787437439,1.087592363357544,0.200951486825943,0.6028544902801514,0.1718500169334725,-0.11674291855947566,0.1487031447287636,0.3327385088404327,0.09107178296530205,-0.3303224926726039,0.8785659143836185,0.1253657420843487,-0.10617149510020892,0.2077540298845006,-0.14273069397904065,-0.30573096968659014,0.8508289181676584,-0.4027985540942409,0.17055452839328952,-0.11668263070320763,0.14542542747112042,0.4000000000000001
37.531851053237915,1788958727.2536683,side_neg,0,-0.6,-0.9,1.1,0.2,0.6,-0.5967185497283936,-0.898912787437439,1.087592363357544,0.200951486825943,0.6028544902801514,0.1718500169334725,-0.11674291855947566,0.1487031447287636,0.3327385088404327,0.09107178296530205,-0.3303224926726039,0.8785659143836185,0.1253657420843487,-0.10617149510020892,0.2077540298845006,-0.14273069397904065,-0.30573096968659014,0.8508289181676584,-0.4027985540942409,0.17055452839328952,-0.11668263070320763,0.14542542747112042,0.4000000000000001
37.54204440116882,1788958727.2536683,side_neg,0,-0.6,-0.9,1.1,0.2,0.6,-0.5967185497283936,-0.898912787437439,1.087592363357544,0.200951486825943,0.6028544902801514,0.1718500169334725,-0.11674291855947566,0.1487031447287636,0.3327385088404327,0.09107178296530205,-0.3303224926726039,0.8785659143836185,0.1253657420843487,-0.10617149510020892,0.2077540298845006,-0.14273069397904065,-0.30573096968659014,0.8508289181676584,-0.4027985540942409,0.17055452839328952,-0.11668263070320763,0.14542542747112042,0.4000000000000001
37.54287004470825,1788958727.2536683,side_neg,0,-0.6,-0.9,1.1,0.2,0.6,-0.5967185497283936,-0.898912787437439,1.087592363357544,0.200951486825943,0.6028544902801514,0.1718500169334725,-0.11674291855947566,0.1487031447287636,0.3327385088404327,0.09107178296530205,-0.3303224926726039,0.8785659143836185,0.1253657420843487,-0.10617149510020892,0.2077540298845006,-0.14273069397904065,-0.30573096968659014,0.8508289181676584,-0.4027985540942409,0.17055452839328952,-0.11668263070320763,0.14542542747112042,0.4000000000000001
37.55209827423096,1788958727.2536683,side_neg,0,-0.6,-0.9,1.1,0.2,0.6,-0.5967185497283936,-0.898912787437439,1.087592363357544,0.200951486825943,0.6028544902801514,0.1718500169334725,-0.11674291855947566,0.1487031447287636,0.3327385088404327,0.09107178296530205,-0.3303224926726039,0.8785659143836185,0.1253657420843487,-0.10617149510020892,0.2077540298845006,-0.14273069397904065,-0.30573096968659014,0.8508289181676584,-0.4027985540942409,0.17055452839328952,-0.11668263070320763,0.14542542747112042,0.4000000000000001
37.56149172782898,1788958727.2536683,side_neg,0,-0.6,-0.9,1.1,0.2,0.6,-0.5967185497283936,-0.898912787437439,1.087592363357544,0.200951486825943,0.6028544902801514,0.1718500169334725,-0.11674291855947566,0.1487031447287636,0.3327385088404327,0.09107178296530205,-0.3303224926726039,0.8785659143836185,0.1253657420843487,-0.10617149510020892,0.2077540298845006,-0.14273069397904065,-0.30573096968659014,0.8508289181676584,-0.4027985540942409,0.17055452839328952,-0.11668263070320763,0.14542542747112042,0.4000000000000001
37.562249183654785,1788958727.2870264,side_neg,0,-0.6,-0.9,1.1,0.2,0.6,-0.5967185497283936,-0.898912787437439,1.087592363357544,0.200951486825943,0.6028544902801514,0.1718500169334725,-0.11674291855947566,0.1487031447287636,0.3327385088404327,0.09107178296530205,-0.3303224926726039,0.8785659143836185,0.12512837855540687,-0.10625984555681386,0.20744695620528192,-0.1427441298626341,-0.3049535926918744,0.8509801473491967,-0.40306352912613885,0.17055452839328952,-0.11668263070320763,0.14542542747112042,0.4000000000000001
37.5627863407135,1788958727.2870264,side_neg,0,-0.6,-0.9,1.1,0.2,0.6,-0.5967185497283936,-0.898912787437439,1.087592363357544,0.200951486825943,0.6028544902801514,0.1718500169334725,-0.11674291855947566,0.1487031447287636,0.3327385088404327,0.09107178296530205,-0.3303224926726039,0.8785659143836185,0.12512837855540687,-0.10625984555681386,0.20744695620528192,-0.1427441298626341,-0.3049535926918744,0.8509801473491967,-0.40306352912613885,0.17055452839328952,-0.11668263070320763,0.14542542747112042,0.4000000000000001
37.57188653945923,1788958727.2870264,side_neg,0,-0.6,-0.9,1.1,0.2,0.6,-0.5967185497283936,-0.898912787437439,1.087592363357544,0.200951486825943,0.6028544902801514,0.1718500169334725,-0.11674291855947566,0.1487031447287636,0.3327385088404327,0.09107178296530205,-0.3303224926726039,0.8785659143836185,0.12512837855540687,-0.10625984555681386,0.20744695620528192,-0.1427441298626341,-0.3049535926918744,0.8509801473491967,-0.40306352912613885,0.17055452839328952,-0.11668263070320763,0.14542542747112042,0.4000000000000001
37.58185958862305,1788958727.2870264,side_neg,0,-0.6,-0.9,1.1,0.2,0.6,-0.5967185497283936,-0.898912787437439,1.087592363357544,0.200951486825943,0.6028544902801514,0.1718500169334725,-0.11674291855947566,0.1487031447287636,0.3327385088404327,0.09107178296530205,-0.3303224926726039,0.8785659143836185,0.12512837855540687,-0.10625984555681386,0.20744695620528192,-0.1427441298626341,-0.3049535926918744,0.8509801473491967,-0.40306352912613885,0.17055452839328952,-0.11668263070320763,0.14542542747112042,0.4000000000000001
37.591925382614136,1788958727.2870264,side_neg,0,-0.6,-0.9,1.1,0.2,0.6,-0.5967185497283936,-0.898912787437439,1.087592363357544,0.200951486825943,0.6028544902801514,0.1718500169334725,-0.11674291855947566,0.1487031447287636,0.3327385088404327,0.09107178296530205,-0.3303224926726039,0.8785659143836185,0.12512837855540687,-0.10625984555681386,0.20744695620528192,-0.1427441298626341,-0.3049535926918744,0.8509801473491967,-0.40306352912613885,0.17055452839328952,-0.11668263070320763,0.14542542747112042,0.4000000000000001
37.60189199447632,1788958727.2870264,side_neg,0,-0.6,-0.9,1.1,0.2,0.6,-0.5967185497283936,-0.898912787437439,1.087592363357544,0.200951486825943,0.6028544902801514,0.1718500169334725,-0.11674291855947566,0.1487031447287636,0.3327385088404327,0.09107178296530205,-0.3303224926726039,0.8785659143836185,0.12512837855540687,-0.10625984555681386,0.20744695620528192,-0.1427441298626341,-0.3049535926918744,0.8509801473491967,-0.40306352912613885,0.17055452839328952,-0.11668263070320763,0.14542542747112042,0.4000000000000001
37.60268688201904,1788958727.2870264,side_neg,0,-0.6,-0.9,1.1,0.2,0.6,-0.5967185497283936,-0.898912787437439,1.087592363357544,0.200951486825943,0.6028544902801514,0.1718500169334725,-0.11674291855947566,0.1487031447287636,0.3327385088404327,0.09107178296530205,-0.3303224926726039,0.8785659143836185,0.12512837855540687,-0.10625984555681386,0.20744695620528192,-0.1427441298626341,-0.3049535926918744,0.8509801473491967,-0.40306352912613885,0.17055452839328952,-0.11668263070320763,0.14542542747112042,0.4000000000000001
37.60393047332764,1788958727.2870264,side_neg,0,-0.6,-0.9,1.1,0.2,0.6,-0.5967185497283936,-0.898912787437439,1.087592363357544,0.200951486825943,0.6028544902801514,0.1718500169334725,-0.11674291855947566,0.1487031447287636,0.3327385088404327,0.09107178296530205,-0.3303224926726039,0.8785659143836185,0.12512837855540687,-0.10625984555681386,0.20744695620528192,-0.1427441298626341,-0.3049535926918744,0.8509801473491967,-0.40306352912613885,0.17055452839328952,-0.11668263070320763,0.14542542747112042,0.4000000000000001
37.604350328445435,1788958727.3203845,side_neg,0,-0.6,-0.9,1.1,0.2,0.6,-0.5967185497283936,-0.898912787437439,1.087592363357544,0.200951486825943,0.6028544902801514,0.1718500169334725,-0.11674291855947566,0.14870314472876361,0.3327385088404327,0.09107178296530205,-0.3303224926726039,0.8785659143836185,0.1254076034218991,-0.10615705067787043,0.20781081683059105,-0.14266400881876298,-0.3057222379084818,0.8505783601360724,-0.4033575920993925,0.17055452839328952,-0.11668263070320763,0.14542542747112042,0.4000000000000001
37.611926555633545,1788958727.3203845,side_neg,0,-0.6,-0.9,1.1,0.2,0.6,-0.5967185497283936,-0.898912787437439,1.087592363357544,0.200951486825943,0.6028544902801514,0.1718500169334725,-0.11674291855947566,0.14870314472876361,0.3327385088404327,0.09107178296530205,-0.3303224926726039,0.8785659143836185,0.1254076034218991,-0.10615705067787043,0.20781081683059105,-0.14266400881876298,-0.3057222379084818,0.8505783601360724,-0.4033575920993925,0.17055452839328952,-0.11668263070320763,0.14542542747112042,0.4000000000000001
37.621997117996216,1788958727.3203845,side_neg,0,-0.6,-0.9,1.1,0.2,0.6,-0.5967185497283936,-0.898912787437439,1.087592363357544,0.200951486825943,0.6028544902801514,0.1718500169334725,-0.11674291855947566,0.14870314472876361,0.3327385088404327,0.09107178296530205,-0.3303224926726039,0.8785659143836185,0.1254076034218991,-0.10615705067787043,0.20781081683059105,-0.14266400881876298,-0.3057222379084818,0.8505783601360724,-0.4033575920993925,0.17055452839328952,-0.11668263070320763,0.14542542747112042,0.4000000000000001
37.62726163864136,1788958727.3203845,side_neg,0,-0.6,-0.9,1.1,0.2,0.6,-0.5967185497283936,-0.898912787437439,1.087592363357544,0.200951486825943,0.6028544902801514,0.1718500169334725,-0.11674291855947566,0.14870314472876361,0.3327385088404327,0.09107178296530205,-0.3303224926726039,0.8785659143836185,0.1254076034218991,-0.10615705067787043,0.20781081683059105,-0.14266400881876298,-0.3057222379084818,0.8505783601360724,-0.4033575920993925,0.17055452839328952,-0.11668263070320763,0.14542542747112042,0.4000000000000001
37.62791395187378,1788958727.3537426,side_neg,0,-0.6,-0.9,1.1,0.2,0.6,-0.5967185497283936,-0.898912787437439,1.087592363357544,0.200951486825943,0.6028544902801514,0.1718500169334725,-0.11674291855947566,0.1487031447287636,0.3327385088404327,0.09107178296530205,-0.3303224926726039,0.8785659143836185,0.12516720424757616,-0.10624395166865959,0.20751778527945786,-0.14259212938954033,-0.3058009417195307,0.8505777093691306,-0.40332471905893363,0.17055452839328952,-0.11668263070320763,0.14542542747112042,0.4000000000000001
37.63191223144531,1788958727.3537426,side_neg,0,-0.6,-0.9,1.1,0.2,0.6,-0.5967185497283936,-0.898912787437439,1.087592363357544,0.200951486825943,0.6028544902801514,0.1718500169334725,-0.11674291855947566,0.1487031447287636,0.3327385088404327,0.09107178296530205,-0.3303224926726039,0.8785659143836185,0.12516720424757616,-0.10624395166865959,0.20751778527945786,-0.14259212938954033,-0.3058009417195307,0.8505777093691306,-0.40332471905893363,0.17055452839328952,-0.11668263070320763,0.14542542747112042,0.4000000000000001
37.64182114601135,1788958727.3537426,side_neg,0,-0.6,-0.9,1.1,0.2,0.6,-0.5967185497283936,-0.898912787437439,1.087592363357544,0.200951486825943,0.6028544902801514,0.1718500169334725,-0.11674291855947566,0.1487031447287636,0.3327385088404327,0.09107178296530205,-0.3303224926726039,0.8785659143836185,0.12516720424757616,-0.10624395166865959,0.20751778527945786,-0.14259212938954033,-0.3058009417195307,0.8505777093691306,-0.40332471905893363,0.17055452839328952,-0.11668263070320763,0.14542542747112042,0.4000000000000001
37.652024269104004,1788958727.3537426,side_neg,0,-0.6,-0.9,1.1,0.2,0.6,-0.5967185497283936,-0.898912787437439,1.087592363357544,0.200951486825943,0.6028544902801514,0.1718500169334725,-0.11674291855947566,0.1487031447287636,0.3327385088404327,0.09107178296530205,-0.3303224926726039,0.8785659143836185,0.12516720424757616,-0.10624395166865959,0.20751778527945786,-0.14259212938954033,-0.3058009417195307,0.8505777093691306,-0.40332471905893363,0.17055452839328952,-0.11668263070320763,0.14542542747112042,0.4000000000000001
37.652987241744995,1788958727.3537426,side_neg,0,-0.6,-0.9,1.1,0.2,0.6,-0.5967185497283936,-0.898912787437439,1.087592363357544,0.200951486825943,0.6028544902801514,0.1718500169334725,-0.11674291855947566,0.1487031447287636,0.3327385088404327,0.09107178296530205,-0.3303224926726039,0.8785659143836185,0.12516720424757616,-0.10624395166865959,0.20751778527945786,-0.14259212938954033,-0.3058009417195307,0.8505777093691306,-0.40332471905893363,0.17055452839328952,-0.11668263070320763,0.14542542747112042,0.4000000000000001
37.66160798072815,1788958727.3537426,side_neg,0,-0.6,-0.9,1.1,0.2,0.6,-0.5967185497283936,-0.898912787437439,1.087592363357544,0.200951486825943,0.6028544902801514,0.1718500169334725,-0.11674291855947566,0.1487031447287636,0.3327385088404327,0.09107178296530205,-0.3303224926726039,0.8785659143836185,0.12516720424757616,-0.10624395166865959,0.20751778527945786,-0.14259212938954033,-0.3058009417195307,0.8505777093691306,-0.40332471905893363,0.17055452839328952,-0.11668263070320763,0.14542542747112042,0.4000000000000001
37.66223359107971,1788958727.387101,side_neg,0,-0.6,-0.9,1.1,0.2,0.6,-0.5967185497283936,-0.898912787437439,1.087592363357544,0.200951486825943,0.6028544902801514,0.17183199222681514,-0.11673067383061903,0.14880559711230912,0.33268413747492936,0.0908468069624865,-0.3302672327252321,0.8786305693095935,0.1253124704491131,-0.10618997357926634,0.20769577128335087,-0.142336543985853,-0.30619722033135355,0.8507235978986566,-0.40280631882566204,0.17055452839328952,-0.11668263070320763,0.14542542747112042,0.4000000000000001
37.662760734558105,1788958727.387101,side_neg,0,-0.6,-0.9,1.1,0.2,0.6,-0.5967185497283936,-0.898912787437439,1.087592363357544,0.200951486825943,0.6028544902801514,0.17183199222681514,-0.11673067383061903,0.14880559711230912,0.33268413747492936,0.0908468069624865,-0.3302672327252321,0.8786305693095935,0.1253124704491131,-0.10618997357926634,0.20769577128335087,-0.142336543985853,-0.30619722033135355,0.8507235978986566,-0.40280631882566204,0.17055452839328952,-0.11668263070320763,0.14542542747112042,0.4000000000000001
37.670783042907715,1788958727.387101,side_neg,0,-0.6,-0.9,1.1,0.2,0.6,-0.5967185497283936,-0.898912787437439,1.087592363357544,0.200951486825943,0.6028544902801514,0.17183199222681514,-0.11673067383061903,0.14880559711230912,0.33268413747492936,0.0908468069624865,-0.3302672327252321,0.8786305693095935,0.1253124704491131,-0.10618997357926634,0.20769577128335087,-0.142336543985853,-0.30619722033135355,0.8507235978986566,-0.40280631882566204,0.17055452839328952,-0.11668263070320763,0.14542542747112042,0.4000000000000001
37.681785345077515,1788958727.387101,side_neg,0,-0.6,-0.9,1.1,0.2,0.6,-0.5967185497283936,-0.898912787437439,1.087592363357544,0.200951486825943,0.6028544902801514,0.17183199222681514,-0.11673067383061903,0.14880559711230912,0.33268413747492936,0.0908468069624865,-0.3302672327252321,0.8786305693095935,0.1253124704491131,-0.10618997357926634,0.20769577128335087,-0.142336543985853,-0.30619722033135355,0.8507235978986566,-0.40280631882566204,0.17055452839328952,-0.11668263070320763,0.14542542747112042,0.4000000000000001
37.69196343421936,1788958727.387101,side_neg,0,-0.6,-0.9,1.1,0.2,0.6,-0.5967185497283936,-0.898912787437439,1.087592363357544,0.200951486825943,0.6028544902801514,0.17183199222681514,-0.11673067383061903,0.14880559711230912,0.33268413747492936,0.0908468069624865,-0.3302672327252321,0.8786305693095935,0.1253124704491131,-0.10618997357926634,0.20769577128335087,-0.142336543985853,-0.30619722033135355,0.8507235978986566,-0.40280631882566204,0.17055452839328952,-0.11668263070320763,0.14542542747112042,0.4000000000000001
37.693883657455444,1788958727.387101,side_neg,0,-0.6,-0.9,1.1,0.2,0.6,-0.5967185497283936,-0.898912787437439,1.087592363357544,0.200951486825943,0.6028544902801514,0.17183199222681514,-0.11673067383061903,0.14880559711230912,0.33268413747492936,0.0908468069624865,-0.3302672327252321,0.8786305693095935,0.1253124704491131,-0.10618997357926634,0.20769577128335087,-0.142336543985853,-0.30619722033135355,0.8507235978986566,-0.40280631882566204,0.17055452839328952,-0.11668263070320763,0.14542542747112042,0.4000000000000001
37.694342613220215,1788958727.4204588,side_neg,0,-0.6,-0.9,1.1,0.2,0.6,-0.5967185497283936,-0.9004467725753784,1.087592363357544,0.200951486825943,0.6028544902801514,0.1717944657522415,-0.11670518096048059,0.14901810559914308,0.33257127672541936,0.09038006487940285,-0.3301525290349063,0.8787645289504321,0.12535984652612625,-0.10618217965018575,0.20774679034028004,-0.14275837388575102,-0.3053763027895725,0.8508894909119851,-0.4029298135353235,0.17055452839328952,-0.11668263070320763,0.14542542747112042,0.4000000000000001
37.70184254646301,1788958727.4204588,side_neg,0,-0.6,-0.9,1.1,0.2,0.6,-0.5967185497283936,-0.9004467725753784,1.087592363357544,0.200951486825943,0.6028544902801514,0.1717944657522415,-0.11670518096048059,0.14901810559914308,0.33257127672541936,0.09038006487940285,-0.3301525290349063,0.8787645289504321,0.12535984652612625,-0.10618217965018575,0.20774679034028004,-0.14275837388575102,-0.3053763027895725,0.8508894909119851,-0.4029298135353235,0.17055452839328952,-0.11668263070320763,0.14542542747112042,0.4000000000000001
37.711946964263916,1788958727.4204588,side_neg,0,-0.6,-0.9,1.1,0.2,0.6,-0.5967185497283936,-0.9004467725753784,1.087592363357544,0.200951486825943,0.6028544902801514,0.1717944657522415,-0.11670518096048059,0.14901810559914308,0.33257127672541936,0.09038006487940285,-0.3301525290349063,0.8787645289504321,0.12535984652612625,-0.10618217965018575,0.20774679034028004,-0.14275837388575102,-0.3053763027895725,0.8508894909119851,-0.4029298135353235,0.17055452839328952,-0.11668263070320763,0.14542542747112042,0.4000000000000001
37.712634801864624,1788958727.4204588,side_neg,0,-0.6,-0.9,1.1,0.2,0.6,-0.5967185497283936,-0.9004467725753784,1.087592363357544,0.200951486825943,0.6028544902801514,0.1717944657522415,-0.11670518096048059,0.14901810559914308,0.33257127672541936,0.09038006487940285,-0.3301525290349063,0.8787645289504321,0.12535984652612625,-0.10618217965018575,0.20774679034028004,-0.14275837388575102,-0.3053763027895725,0.8508894909119851,-0.4029298135353235,0.17055452839328952,-0.11668263070320763,0.14542542747112042,0.4000000000000001
37.722086668014526,1788958727.4204588,side_neg,0,-0.6,-0.9,1.1,0.2,0.6,-0.5967185497283936,-0.9004467725753784,1.087592363357544,0.200951486825943,0.6028544902801514,0.1717944657522415,-0.11670518096048059,0.14901810559914308,0.33257127672541936,0.09038006487940285,-0.3301525290349063,0.8787645289504321,0.12535984652612625,-0.10618217965018575,0.20774679034028004,-0.14275837388575102,-0.3053763027895725,0.8508894909119851,-0.4029298135353235,0.17055452839328952,-0.11668263070320763,0.14542542747112042,0.4000000000000001
37.72723078727722,1788958727.4204588,side_neg,0,-0.6,-0.9,1.1,0.2,0.6,-0.5967185497283936,-0.9004467725753784,1.087592363357544,0.200951486825943,0.6028544902801514,0.1717944657522415,-0.11670518096048059,0.14901810559914308,0.33257127672541936,0.09038006487940285,-0.3301525290349063,0.8787645289504321,0.12535984652612625,-0.10618217965018575,0.20774679034028004,-0.14275837388575102,-0.3053763027895725,0.8508894909119851,-0.4029298135353235,0.17055452839328952,-0.11668263070320763,0.14542542747112042,0.4000000000000001
37.72770881652832,1788958727.453817,side_neg,0,-0.6,-0.9,1.1,0.2,0.6,-0.5967185497283936,-0.9004467725753784,1.087592363357544,0.200951486825943,0.6028544902801514,0.1718245834929916,-0.11672564085346357,0.14884763648025218,0.33266181972387343,0.09075448394762402,-0.33024455037720524,0.8786570857209081,0.12535276495288672,-0.10618231399025882,0.20772794071297546,-0.14279578490857664,-0.30510200445622454,0.8507254675686909,-0.40347033288603773,0.17055452839328952,-0.11668263070320763,0.14542542747112042,0.4000000000000001
37.73085618019104,1788958727.453817,side_neg,0,-0.6,-0.9,1.1,0.2,0.6,-0.5967185497283936,-0.9004467725753784,1.087592363357544,0.200951486825943,0.6028544902801514,0.1718245834929916,-0.11672564085346357,0.14884763648025218,0.33266181972387343,0.09075448394762402,-0.33024455037720524,0.8786570857209081,0.12535276495288672,-0.10618231399025882,0.20772794071297546,-0.14279578490857664,-0.30510200445622454,0.8507254675686909,-0.40347033288603773,0.17055452839328952,-0.11668263070320763,0.14542542747112042,0.4000000000000001
37.74093675613403,1788958727.453817,side_neg,0,-0.6,-0.9,1.1,0.2,0.6,-0.5967185497283936,-0.9004467725753784,1.087592363357544,0.200951486825943,0.6028544902801514,0.1718245834929916,-0.11672564085346357,0.14884763648025218,0.33266181972387343,0.09075448394762402,-0.33024455037720524,0.8786570857209081,0.12535276495288672,-0.10618231399025882,0.20772794071297546,-0.14279578490857664,-0.30510200445622454,0.8507254675686909,-0.40347033288603773,0.17055452839328952,-0.11668263070320763,0.14542542747112042,0.4000000000000001
37.751110792160034,1788958727.453817,side_neg,0,-0.6,-0.9,1.1,0.2,0.6,-0.5967185497283936,-0.9004467725753784,1.087592363357544,0.200951486825943,0.6028544902801514,0.1718245834929916,-0.11672564085346357,0.14884763648025218,0.33266181972387343,0.09075448394762402,-0.33024455037720524,0.8786570857209081,0.12535276495288672,-0.10618231399025882,0.20772794071297546,-0.14279578490857664,-0.30510200445622454,0.8507254675686909,-0.40347033288603773,0.17055452839328952,-0.11668263070320763,0.14542542747112042,0.4000000000000001
37.761980295181274,1788958727.453817,side_neg,0,-0.6,-0.9,1.1,0.2,0.6,-0.5967185497283936,-0.9004467725753784,1.087592363357544,0.200951486825943,0.6028544902801514,0.1718245834929916,-0.11672564085346357,0.14884763648025218,0.33266181972387343,0.09075448394762402,-0.33024455037720524,0.8786570857209081,0.12535276495288672,-0.10618231399025882,0.20772794071297546,-0.14279578490857664,-0.30510200445622454,0.8507254675686909,-0.40347033288603773,0.17055452839328952,-0.11668263070320763,0.14542542747112042,0.4000000000000001
37.771021366119385,1788958727.453817,side_neg,0,-0.6,-0.9,1.1,0.2,0.6,-0.5967185497283936,-0.9004467725753784,1.087592363357544,0.200951486825943,0.6028544902801514,0.1718245834929916,-0.11672564085346357,0.14884763648025218,0.33266181972387343,0.09075448394762402,-0.33024455037720524,0.8786570857209081,0.12535276495288672,-0.10618231399025882,0.20772794071297546,-0.14279578490857664,-0.30510200445622454,0.8507254675686909,-0.40347033288603773,0.17055452839328952,-0.11668263070320763,0.14542542747112042,0.4000000000000001
37.771857023239136,1788958727.453817,side_neg,0,-0.6,-0.9,1.1,0.2,0.6,-0.5967185497283936,-0.9004467725753784,1.087592363357544,0.200951486825943,0.6028544902801514,0.1718245834929916,-0.11672564085346357,0.14884763648025218,0.33266181972387343,0.09075448394762402,-0.33024455037720524,0.8786570857209081,0.12535276495288672,-0.10618231399025882,0.20772794071297546,-0.14279578490857664,-0.30510200445622454,0.8507254675686909,-0.40347033288603773,0.17055452839328952,-0.11668263070320763,0.14542542747112042,0.4000000000000001
37.7723822593689,1788958727.453817,side_neg,0,-0.6,-0.9,1.1,0.2,0.6,-0.5967185497283936,-0.9004467725753784,1.087592363357544,0.200951486825943,0.6028544902801514,0.1718245834929916,-0.11672564085346357,0.14884763648025218,0.33266181972387343,0.09075448394762402,-0.33024455037720524,0.8786570857209081,0.12535276495288672,-0.10618231399025882,0.20772794071297546,-0.14279578490857664,-0.30510200445622454,0.8507254675686909,-0.40347033288603773,0.17055452839328952,-0.11668263070320763,0.14542542747112042,0.4000000000000001
37.772828578948975,1788958727.487175,side_neg,0,-0.6,-0.9,1.1,0.2,0.6,-0.5967185497283936,-0.898912787437439,1.087592363357544,0.200951486825943,0.6028544902801514,0.1718500169334725,-0.11674291855947566,0.14870314472876361,0.3327385088404327,0.09107178296530205,-0.3303224926726039,0.8785659143836185,0.12527819843874766,-0.10620967270908545,0.20762837306125742,-0.1425085633269211,-0.30603430367869444,0.850600351626172,-0.4031294533568918,0.17055452839328952,-0.11668263070320763,0.14542542747112042,0.4000000000000001
37.78082251548767,1788958727.487175,side_neg,0,-0.6,-0.9,1.1,0.2,0.6,-0.5967185497283936,-0.898912787437439,1.087592363357544,0.200951486825943,0.6028544902801514,0.1718500169334725,-0.11674291855947566,0.14870314472876361,0.3327385088404327,0.09107178296530205,-0.3303224926726039,0.8785659143836185,0.12527819843874766,-0.10620967270908545,0.20762837306125742,-0.1425085633269211,-0.30603430367869444,0.850600351626172,-0.4031294533568918,0.17055452839328952,-0.11668263070320763,0.14542542747112042,0.4000000000000001
37.79198360443115,1788958727.487175,side_neg,0,-0.6,-0.9,1.1,0.2,0.6,-0.5967185497283936,-0.898912787437439,1.087592363357544,0.200951486825943,0.6028544902801514,0.1718500169334725,-0.11674291855947566,0.14870314472876361,0.3327385088404327,0.09107178296530205,-0.3303224926726039,0.8785659143836185,0.12527819843874766,-0.10620967270908545,0.20762837306125742,-0.1425085633269211,-0.30603430367869444,0.850600351626172,-0.4031294533568918,0.17055452839328952,-0.11668263070320763,0.14542542747112042,0.4000000000000001
37.79406666755676,1788958727.487175,side_neg,0,-0.6,-0.9,1.1,0.2,0.6,-0.5967185497283936,-0.898912787437439,1.087592363357544,0.200951486825943,0.6028544902801514,0.1718500169334725,-0.11674291855947566,0.14870314472876361,0.3327385088404327,0.09107178296530205,-0.3303224926726039,0.8785659143836185,0.12527819843874766,-0.10620967270908545,0.20762837306125742,-0.1425085633269211,-0.30603430367869444,0.850600351626172,-0.4031294533568918,0.17055452839328952,-0.11668263070320763,0.14542542747112042,0.4000000000000001
37.79455614089966,1788958727.520533,side_neg,0,-0.6,-0.9,1.1,0.2,0.6,-0.5967185497283936,-0.898912787437439,1.087592363357544,0.200951486825943,0.6028544902801514,0.1718500169334725,-0.11674291855947566,0.1487031447287636,0.3327385088404327,0.09107178296530205,-0.3303224926726039,0.8785659143836185,0.12529932570846897,-0.1061967822977084,0.20768782646412948,-0.14259708515100616,-0.3059958144217729,0.8506946167546326,-0.4029284078933648,0.17055452839328952,-0.11668263070320763,0.14542542747112042,0.4000000000000001
37.8008291721344,1788958727.520533,side_neg,0,-0.6,-0.9,1.1,0.2,0.6,-0.5967185497283936,-0.898912787437439,1.087592363357544,0.200951486825943,0.6028544902801514,0.1718500169334725,-0.11674291855947566,0.1487031447287636,0.3327385088404327,0.09107178296530205,-0.3303224926726039,0.8785659143836185,0.12529932570846897,-0.1061967822977084,0.20768782646412948,-0.14259708515100616,-0.3059958144217729,0.8506946167546326,-0.4029284078933648,0.17055452839328952,-0.11668263070320763,0.14542542747112042,0.4000000000000001
37.81086230278015,1788958727.520533,side_neg,0,-0.6,-0.9,1.1,0.2,0.6,-0.5967185497283936,-0.898912787437439,1.087592363357544,0.200951486825943,0.6028544902801514,0.1718500169334725,-0.11674291855947566,0.1487031447287636,0.3327385088404327,0.09107178296530205,-0.3303224926726039,0.8785659143836185,0.12529932570846897,-0.1061967822977084,0.20768782646412948,-0.14259708515100616,-0.3059958144217729,0.8506946167546326,-0.4029284078933648,0.17055452839328952,-0.11668263070320763,0.14542542747112042,0.4000000000000001
37.82087063789368,1788958727.520533,side_neg,0,-0.6,-0.9,1.1,0.2,0.6,-0.5967185497283936,-0.898912787437439,1.087592363357544,0.200951486825943,0.6028544902801514,0.1718500169334725,-0.11674291855947566,0.1487031447287636,0.3327385088404327,0.09107178296530205,-0.3303224926726039,0.8785659143836185,0.12529932570846897,-0.1061967822977084,0.20768782646412948,-0.14259708515100616,-0.3059958144217729,0.8506946167546326,-0.4029284078933648,0.17055452839328952,-0.11668263070320763,0.14542542747112042,0.4000000000000001
37.82180380821228,1788958727.520533,side_neg,0,-0.6,-0.9,1.1,0.2,0.6,-0.5967185497283936,-0.898912787437439,1.087592363357544,0.200951486825943,0.6028544902801514,0.1718500169334725,-0.11674291855947566,0.1487031447287636,0.3327385088404327,0.09107178296530205,-0.3303224926726039,0.8785659143836185,0.12529932570846897,-0.1061967822977084,0.20768782646412948,-0.14259708515100616,-0.3059958144217729,0.8506946167546326,-0.4029284078933648,0.17055452839328952,-0.11668263070320763,0.14542542747112042,0.4000000000000001
37.827372312545776,1788958727.520533,side_neg,0,-0.6,-0.9,1.1,0.2,0.6,-0.5967185497283936,-0.898912787437439,1.087592363357544,0.200951486825943,0.6028544902801514,0.1718500169334725,-0.11674291855947566,0.1487031447287636,0.3327385088404327,0.09107178296530205,-0.3303224926726039,0.8785659143836185,0.12529932570846897,-0.1061967822977084,0.20768782646412948,-0.14259708515100616,-0.3059958144217729,0.8506946167546326,-0.4029284078933648,0.17055452839328952,-0.11668263070320763,0.14542542747112042,0.4000000000000001
37.8277952671051,1788958727.5538914,side_neg,0,-0.6,-0.9,1.1,0.2,0.6,-0.5967185497283936,-0.898912787437439,1.087592363357544,0.200951486825943,0.6028544902801514,0.1718500169334725,-0.11674291855947566,0.1487031447287636,0.3327385088404327,0.09107178296530205,-0.3303224926726039,0.8785659143836185,0.125137999833912,-0.10626757561949807,0.20743732931581088,-0.14212920198795187,-0.30569641080895027,0.8508101877202285,-0.4030769390975662,0.17055452839328952,-0.11668263070320763,0.14542542747112042,0.4000000000000001
37.831820011138916,1788958727.5538914,side_neg,0,-0.6,-0.9,1.1,0.2,0.6,-0.5967185497283936,-0.898912787437439,1.087592363357544,0.200951486825943,0.6028544902801514,0.1718500169334725,-0.11674291855947566,0.1487031447287636,0.3327385088404327,0.09107178296530205,-0.3303224926726039,0.8785659143836185,0.125137999833912,-0.10626757561949807,0.20743732931581088,-0.14212920198795187,-0.30569641080895027,0.8508101877202285,-0.4030769390975662,0.17055452839328952,-0.11668263070320763,0.14542542747112042,0.4000000000000001
37.84085988998413,1788958727.5538914,side_neg,0,-0.6,-0.9,1.1,0.2,0.6,-0.5967185497283936,-0.898912787437439,1.087592363357544,0.200951486825943,0.6028544902801514,0.1718500169334725,-0.11674291855947566,0.1487031447287636,0.3327385088404327,0.09107178296530205,-0.3303224926726039,0.8785659143836185,0.125137999833912,-0.10626757561949807,0.20743732931581088,-0.14212920198795187,-0.30569641080895027,0.8508101877202285,-0.4030769390975662,0.17055452839328952,-0.11668263070320763,0.14542542747112042,0.4000000000000001
37.85086107254028,1788958727.5538914,side_neg,0,-0.6,-0.9,1.1,0.2,0.6,-0.5967185497283936,-0.898912787437439,1.087592363357544,0.200951486825943,0.6028544902801514,0.1718500169334725,-0.11674291855947566,0.1487031447287636,0.3327385088404327,0.09107178296530205,-0.3303224926726039,0.8785659143836185,0.125137999833912,-0.10626757561949807,0.20743732931581088,-0.14212920198795187,-0.30569641080895027,0.8508101877202285,-0.4030769390975662,0.17055452839328952,-0.11668263070320763,0.14542542747112042,0.4000000000000001
37.861520290374756,1788958727.5538914,side_neg,0,-0.6,-0.9,1.1,0.2,0.6,-0.5967185497283936,-0.898912787437439,1.087592363357544,0.200951486825943,0.6028544902801514,0.1718500169334725,-0.11674291855947566,0.1487031447287636,0.3327385088404327,0.09107178296530205,-0.3303224926726039,0.8785659143836185,0.125137999833912,-0.10626757561949807,0.20743732931581088,-0.14212920198795187,-0.30569641080895027,0.8508101877202285,-0.4030769390975662,0.17055452839328952,-0.11668263070320763,0.14542542747112042,0.4000000000000001
37.86228537559509,1788958727.5872495,side_neg,0,-0.6,-0.9,1.1,0.2,0.6,-0.5967185497283936,-0.898912787437439,1.087592363357544,0.200951486825943,0.6028544902801514,0.1718500169334725,-0.11674291855947566,0.1487031447287636,0.3327385088404327,0.09107178296530205,-0.3303224926726039,0.8785659143836185,0.12526799089342855,-0.1062208216293583,0.2076217570950038,-0.14285918633750047,-0.30565454362801325,0.8506860647097207,-0.40311260479824673,0.17055452839328952,-0.11668263070320763,0.14542542747112042,0.4000000000000001
37.862895011901855,1788958727.5872495,side_neg,0,-0.6,-0.9,1.1,0.2,0.6,-0.5967185497283936,-0.898912787437439,1.087592363357544,0.200951486825943,0.6028544902801514,0.1718500169334725,-0.11674291855947566,0.1487031447287636,0.3327385088404327,0.09107178296530205,-0.3303224926726039,0.8785659143836185,0.12526799089342855,-0.1062208216293583,0.2076217570950038,-0.14285918633750047,-0.30565454362801325,0.8506860647097207,-0.40311260479824673,0.17055452839328952,-0.11668263070320763,0.14542542747112042,0.4000000000000001
37.870887756347656,1788958727.5872495,side_neg,0,-0.6,-0.9,1.1,0.2,0.6,-0.5967185497283936,-0.898912787437439,1.087592363357544,0.200951486825943,0.6028544902801514,0.1718500169334725,-0.11674291855947566,0.1487031447287636,0.3327385088404327,0.09107178296530205,-0.3303224926726039,0.8785659143836185,0.12526799089342855,-0.1062208216293583,0.2076217570950038,-0.14285918633750047,-0.30565454362801325,0.8506860647097207,-0.40311260479824673,0.17055452839328952,-0.11668263070320763,0.14542542747112042,0.4000000000000001
37.871755838394165,1788958727.5872495,side_neg,0,-0.6,-0.9,1.1,0.2,0.6,-0.5967185497283936,-0.898912787437439,1.087592363357544,0.200951486825943,0.6028544902801514,0.1718500169334725,-0.11674291855947566,0.1487031447287636,0.3327385088404327,0.09107178296530205,-0.3303224926726039,0.8785659143836185,0.12526799089342855,-0.1062208216293583,0.2076217570950038,-0.14285918633750047,-0.30565454362801325,0.8506860647097207,-0.40311260479824673,0.17055452839328952,-0.11668263070320763,0.14542542747112042,0.4000000000000001
37.881874322891235,1788958727.5872495,side_neg,0,-0.6,-0.9,1.1,0.2,0.6,-0.5967185497283936,-0.898912787437439,1.087592363357544,0.200951486825943,0.6028544902801514,0.1718500169334725,-0.11674291855947566,0.1487031447287636,0.3327385088404327,0.09107178296530205,-0.3303224926726039,0.8785659143836185,0.12526799089342855,-0.1062208216293583,0.2076217570950038,-0.14285918633750047,-0.30565454362801325,0.8506860647097207,-0.40311260479824673,0.17055452839328952,-0.11668263070320763,0.14542542747112042,0.4000000000000001
37.890944480895996,1788958727.5872495,side_neg,0,-0.6,-0.9,1.1,0.2,0.6,-0.5967185497283936,-0.898912787437439,1.087592363357544,0.200951486825943,0.6028544902801514,0.1718500169334725,-0.11674291855947566,0.1487031447287636,0.3327385088404327,0.09107178296530205,-0.3303224926726039,0.8785659143836185,0.12526799089342855,-0.1062208216293583,0.2076217570950038,-0.14285918633750047,-0.30565454362801325,0.8506860647097207,-0.40311260479824673,0.17055452839328952,-0.11668263070320763,0.14542542747112042,0.4000000000000001
37.90186262130737,1788958727.5872495,side_neg,0,-0.6,-0.9,1.1,0.2,0.6,-0.5967185497283936,-0.898912787437439,1.087592363357544,0.200951486825943,0.6028544902801514,0.1718500169334725,-0.11674291855947566,0.1487031447287636,0.3327385088404327,0.09107178296530205,-0.3303224926726039,0.8785659143836185,0.12526799089342855,-0.1062208216293583,0.2076217570950038,-0.14285918633750047,-0.30565454362801325,0.8506860647097207,-0.40311260479824673,0.17055452839328952,-0.11668263070320763,0.14542542747112042,0.4000000000000001
37.90445637702942,1788958727.5872495,side_neg,0,-0.6,-0.9,1.1,0.2,0.6,-0.5967185497283936,-0.898912787437439,1.087592363357544,0.200951486825943,0.6028544902801514,0.1718500169334725,-0.11674291855947566,0.1487031447287636,0.3327385088404327,0.09107178296530205,-0.3303224926726039,0.8785659143836185,0.12526799089342855,-0.1062208216293583,0.2076217570950038,-0.14285918633750047,-0.30565454362801325,0.8506860647097207,-0.40311260479824673,0.17055452839328952,-0.11668263070320763,0.14542542747112042,0.4000000000000001
37.904932498931885,1788958727.6206076,side_neg,0,-0.6,-0.9,1.1,0.2,0.6,-0.5967185497283936,-0.898912787437439,1.087592363357544,0.200951486825943,0.6028544902801514,0.17181570376109562,-0.11671960858278907,0.14889796781749767,0.33263509420656223,0.09064394440683034,-0.33021738836060593,0.8786888219778738,0.1253995001534211,-0.10615751821569329,0.20780444545899923,-0.14244533146076047,-0.30613584292512197,0.850898563139395,-0.4024447893424295,0.17055452839328952,-0.11668263070320763,0.14542542747112042,0.4000000000000001
37.91085457801819,1788958727.6206076,side_neg,0,-0.6,-0.9,1.1,0.2,0.6,-0.5967185497283936,-0.898912787437439,1.087592363357544,0.200951486825943,0.6028544902801514,0.17181570376109562,-0.11671960858278907,0.14889796781749767,0.33263509420656223,0.09064394440683034,-0.33021738836060593,0.8786888219778738,0.1253995001534211,-0.10615751821569329,0.20780444545899923,-0.14244533146076047,-0.30613584292512197,0.850898563139395,-0.4024447893424295,0.17055452839328952,-0.11668263070320763,0.14542542747112042,0.4000000000000001
37.920984983444214,1788958727.6206076,side_neg,0,-0.6,-0.9,1.1,0.2,0.6,-0.5967185497283936,-0.898912787437439,1.087592363357544,0.200951486825943,0.6028544902801514,0.17181570376109562,-0.11671960858278907,0.14889796781749767,0.33263509420656223,0.09064394440683034,-0.33021738836060593,0.8786888219778738,0.1253995001534211,-0.10615751821569329,0.20780444545899923,-0.14244533146076047,-0.30613584292512197,0.850898563139395,-0.4024447893424295,0.17055452839328952,-0.11668263070320763,0.14542542747112042,0.4000000000000001
37.92173671722412,1788958727.6206076,side_neg,0,-0.6,-0.9,1.1,0.2,0.6,-0.5967185497283936,-0.898912787437439,1.087592363357544,0.200951486825943,0.6028544902801514,0.17181570376109562,-0.11671960858278907,0.14889796781749767,0.33263509420656223,0.09064394440683034,-0.33021738836060593,0.8786888219778738,0.1253995001534211,-0.10615751821569329,0.20780444545899923,-0.14244533146076047,-0.30613584292512197,0.850898563139395,-0.4024447893424295,0.17055452839328952,-0.11668263070320763,0.14542542747112042,0.4000000000000001
37.92725706100464,1788958727.6206076,side_neg,0,-0.6,-0.9,1.1,0.2,0.6,-0.5967185497283936,-0.898912787437439,1.087592363357544,0.200951486825943,0.6028544902801514,0.17181570376109562,-0.11671960858278907,0.14889796781749767,0.33263509420656223,0.09064394440683034,-0.33021738836060593,0.8786888219778738,0.1253995001534211,-0.10615751821569329,0.20780444545899923,-0.14244533146076047,-0.30613584292512197,0.850898563139395,-0.4024447893424295,0.17055452839328952,-0.11668263070320763,0.14542542747112042,0.4000000000000001
37.92772579193115,1788958727.6539657,side_neg,0,-0.6,-0.9,1.1,0.2,0.6,-0.5967185497283936,-0.898912787437439,1.087592363357544,0.200951486825943,0.6028544902801514,0.17180948120545783,-0.11671538141238189,0.1489332023995428,0.332616381211546,0.09056655672403033,-0.3301983698008286,0.878711032327331,0.12521598376926452,-0.10624028350149765,0.20755168624808185,-0.14231997285834064,-0.30590782258542853,0.8506868799686796,-0.40310949090265386,0.17055452839328952,-0.11668263070320763,0.14542542747112042,0.4000000000000001
37.93182373046875,1788958727.6539657,side_neg,0,-0.6,-0.9,1.1,0.2,0.6,-0.5967185497283936,-0.898912787437439,1.087592363357544,0.200951486825943,0.6028544902801514,0.17180948120545783,-0.11671538141238189,0.1489332023995428,0.332616381211546,0.09056655672403033,-0.3301983698008286,0.878711032327331,0.12521598376926452,-0.10624028350149765,0.20755168624808185,-0.14231997285834064,-0.30590782258542853,0.8506868799686796,-0.40310949090265386,0.17055452839328952,-0.11668263070320763,0.14542542747112042,0.4000000000000001
37.94076585769653,1788958727.6539657,side_neg,0,-0.6,-0.9,1.1,0.2,0.6,-0.5967185497283936,-0.898912787437439,1.087592363357544,0.200951486825943,0.6028544902801514,0.17180948120545783,-0.11671538141238189,0.1489332023995428,0.332616381211546,0.09056655672403033,-0.3301983698008286,0.878711032327331,0.12521598376926452,-0.10624028350149765,0.20755168624808185,-0.14231997285834064,-0.30590782258542853,0.8506868799686796,-0.40310949090265386,0.17055452839328952,-0.11668263070320763,0.14542542747112042,0.4000000000000001
37.95078802108765,1788958727.6539657,side_neg,0,-0.6,-0.9,1.1,0.2,0.6,-0.5967185497283936,-0.898912787437439,1.087592363357544,0.200951486825943,0.6028544902801514,0.17180948120545783,-0.11671538141238189,0.1489332023995428,0.332616381211546,0.09056655672403033,-0.3301983698008286,0.878711032327331,0.12521598376926452,-0.10624028350149765,0.20755168624808185,-0.14231997285834064,-0.30590782258542853,0.8506868799686796,-0.40310949090265386,0.17055452839328952,-0.11668263070320763,0.14542542747112042,0.4000000000000001
37.96086525917053,1788958727.6539657,side_neg,0,-0.6,-0.9,1.1,0.2,0.6,-0.5967185497283936,-0.898912787437439,1.087592363357544,0.200951486825943,0.6028544902801514,0.17180948120545783,-0.11671538141238189,0.1489332023995428,0.332616381211546,0.09056655672403033,-0.3301983698008286,0.878711032327331,0.12521598376926452,-0.10624028350149765,0.20755168624808185,-0.14231997285834064,-0.30590782258542853,0.8506868799686796,-0.40310949090265386,0.17055452839328952,-0.11668263070320763,0.14542542747112042,0.4000000000000001
37.97091102600098,1788958727.6539657,side_neg,0,-0.6,-0.9,1.1,0.2,0.6,-0.5967185497283936,-0.898912787437439,1.087592363357544,0.200951486825943,0.6028544902801514,0.17180948120545783,-0.11671538141238189,0.1489332023995428,0.332616381211546,0.09056655672403033,-0.3301983698008286,0.878711032327331,0.12521598376926452,-0.10624028350149765,0.20755168624808185,-0.14231997285834064,-0.30590782258542853,0.8506868799686796,-0.40310949090265386,0.17055452839328952,-0.11668263070320763,0.14542542747112042,0.4000000000000001
37.971641540527344,1788958727.6873243,side_neg,0,-0.6,-0.9,1.1,0.2,0.6,-0.5967185497283936,-0.898912787437439,1.087592363357544,0.200951486825943,0.6028544902801514,0.17184691046801537,-0.11674080824345509,0.1487208195929804,0.33272913066066345,0.09103297266933545,-0.3303129611927714,0.8785770718410798,0.12541504404904513,-0.10616028993724891,0.20780263273381244,-0.1429284587173168,-0.3054003236701295,0.8503900395122114,-0.4039045415556658,0.17055452839328952,-0.11668263070320763,0.14542542747112042,0.4000000000000001
37.972166299819946,1788958727.6873243,side_neg,0,-0.6,-0.9,1.1,0.2,0.6,-0.5967185497283936,-0.898912787437439,1.087592363357544,0.200951486825943,0.6028544902801514,0.17184691046801537,-0.11674080824345509,0.1487208195929804,0.33272913066066345,0.09103297266933545,-0.3303129611927714,0.8785770718410798,0.12541504404904513,-0.10616028993724891,0.20780263273381244,-0.1429284587173168,-0.3054003236701295,0.8503900395122114,-0.4039045415556658,0.17055452839328952,-0.11668263070320763,0.14542542747112042,0.4000000000000001
37.98078489303589,1788958727.6873243,side_neg,0,-0.6,-0.9,1.1,0.2,0.6,-0.5967185497283936,-0.898912787437439,1.087592363357544,0.200951486825943,0.6028544902801514,0.17184691046801537,-0.11674080824345509,0.1487208195929804,0.33272913066066345,0.09103297266933545,-0.3303129611927714,0.8785770718410798,0.12541504404904513,-0.10616028993724891,0.20780263273381244,-0.1429284587173168,-0.3054003236701295,0.8503900395122114,-0.4039045415556658,0.17055452839328952,-0.11668263070320763,0.14542542747112042,0.4000000000000001
37.98153781890869,1788958727.6873243,side_neg,0,-0.6,-0.9,1.1,0.2,0.6,-0.5967185497283936,-0.898912787437439,1.087592363357544,0.200951486825943,0.6028544902801514,0.17184691046801537,-0.11674080824345509,0.1487208195929804,0.33272913066066345,0.09103297266933545,-0.3303129611927714,0.8785770718410798,0.12541504404904513,-0.10616028993724891,0.20780263273381244,-0.1429284587173168,-0.3054003236701295,0.8503900395122114,-0.4039045415556658,0.17055452839328952,-0.11668263070320763,0.14542542747112042,0.4000000000000001
37.99084782600403,1788958727.6873243,side_neg,0,-0.6,-0.9,1.1,0.2,0.6,-0.5967185497283936,-0.898912787437439,1.087592363357544,0.200951486825943,0.6028544902801514,0.17184691046801537,-0.11674080824345509,0.1487208195929804,0.33272913066066345,0.09103297266933545,-0.3303129611927714,0.8785770718410798,0.12541504404904513,-0.10616028993724891,0.20780263273381244,-0.1429284587173168,-0.3054003236701295,0.8503900395122114,-0.4039045415556658,0.17055452839328952,-0.11668263070320763,0.14542542747112042,0.4000000000000001
38.00092101097107,1788958727.6873243,side_neg,0,-0.6,-0.9,1.1,0.2,0.6,-0.5967185497283936,-0.898912787437439,1.087592363357544,0.200951486825943,0.6028544902801514,0.17184691046801537,-0.11674080824345509,0.1487208195929804,0.33272913066066345,0.09103297266933545,-0.3303129611927714,0.8785770718410798,0.12541504404904513,-0.10616028993724891,0.20780263273381244,-0.1429284587173168,-0.3054003236701295,0.8503900395122114,-0.4039045415556658,0.17055452839328952,-0.11668263070320763,0.14542542747112042,0.4000000000000001
38.00448179244995,1788958727.6873243,side_neg,0,-0.6,-0.9,1.1,0.2,0.6,-0.5967185497283936,-0.898912787437439,1.087592363357544,0.200951486825943,0.6028544902801514,0.17184691046801537,-0.11674080824345509,0.1487208195929804,0.33272913066066345,0.09103297266933545,-0.3303129611927714,0.8785770718410798,0.12541504404904513,-0.10616028993724891,0.20780263273381244,-0.1429284587173168,-0.3054003236701295,0.8503900395122114,-0.4039045415556658,0.17055452839328952,-0.11668263070320763,0.14542542747112042,0.4000000000000001
38.00492882728577,1788958727.7206824,side_neg,0,-0.6,-0.9,1.1,0.2,0.6,-0.5967185497283936,-0.898912787437439,1.087592363357544,0.200951486825943,0.6028544902801514,0.1718500169334725,-0.11674291855947566,0.1487031447287636,0.3327385088404327,0.09107178296530205,-0.3303224926726039,0.8785659143836185,0.1253044640978095,-0.10619500426156107,0.20768482130340304,-0.1426827236475292,-0.3053900476176466,0.8508512961704262,-0.40302683656764154,0.17055452839328952,-0.11668263070320763,0.14542542747112042,0.4000000000000001
38.01087737083435,1788958727.7206824,side_neg,0,-0.6,-0.9,1.1,0.2,0.6,-0.5967185497283936,-0.898912787437439,1.087592363357544,0.200951486825943,0.6028544902801514,0.1718500169334725,-0.11674291855947566,0.1487031447287636,0.3327385088404327,0.09107178296530205,-0.3303224926726039,0.8785659143836185,0.1253044640978095,-0.10619500426156107,0.20768482130340304,-0.1426827236475292,-0.3053900476176466,0.8508512961704262,-0.40302683656764154,0.17055452839328952,-0.11668263070320763,0.14542542747112042,0.4000000000000001
38.02195191383362,1788958727.7206824,side_neg,0,-0.6,-0.9,1.1,0.2,0.6,-0.5967185497283936,-0.898912787437439,1.087592363357544,0.200951486825943,0.6028544902801514,0.1718500169334725,-0.11674291855947566,0.1487031447287636,0.3327385088404327,0.09107178296530205,-0.3303224926726039,0.8785659143836185,0.1253044640978095,-0.10619500426156107,0.20768482130340304,-0.1426827236475292,-0.3053900476176466,0.8508512961704262,-0.40302683656764154,0.17055452839328952,-0.11668263070320763,0.14542542747112042,0.4000000000000001
38.03114032745361,1788958727.7206824,side_neg,0,-0.6,-0.9,1.1,0.2,0.6,-0.5967185497283936,-0.898912787437439,1.087592363357544,0.200951486825943,0.6028544902801514,0.1718500169334725,-0.11674291855947566,0.1487031447287636,0.3327385088404327,0.09107178296530205,-0.3303224926726039,0.8785659143836185,0.1253044640978095,-0.10619500426156107,0.20768482130340304,-0.1426827236475292,-0.3053900476176466,0.8508512961704262,-0.40302683656764154,0.17055452839328952,-0.11668263070320763,0.14542542747112042,0.4000000000000001
38.031524658203125,1788958727.7206824,side_neg,0,-0.6,-0.9,1.1,0.2,0.6,-0.5967185497283936,-0.898912787437439,1.087592363357544,0.200951486825943,0.6028544902801514,0.1718500169334725,-0.11674291855947566,0.1487031447287636,0.3327385088404327,0.09107178296530205,-0.3303224926726039,0.8785659143836185,0.1253044640978095,-0.10619500426156107,0.20768482130340304,-0.1426827236475292,-0.3053900476176466,0.8508512961704262,-0.40302683656764154,0.17055452839328952,-0.11668263070320763,0.14542542747112042,0.4000000000000001
38.03769636154175,1788958727.7206824,side_neg,0,-0.6,-0.9,1.1,0.2,0.6,-0.5967185497283936,-0.898912787437439,1.087592363357544,0.200951486825943,0.6028544902801514,0.1718500169334725,-0.11674291855947566,0.1487031447287636,0.3327385088404327,0.09107178296530205,-0.3303224926726039,0.8785659143836185,0.1253044640978095,-0.10619500426156107,0.20768482130340304,-0.1426827236475292,-0.3053900476176466,0.8508512961704262,-0.40302683656764154,0.17055452839328952,-0.11668263070320763,0.14542542747112042,0.4000000000000001
38.03814196586609,1788958727.7540405,side_neg,0,-0.6,-0.9,1.1,0.2,0.6,-0.5967185497283936,-0.898912787437439,1.087592363357544,0.200951486825943,0.6028544902801514,0.1718500169334725,-0.11674291855947566,0.1487031447287636,0.3327385088404327,0.09107178296530205,-0.3303224926726039,0.8785659143836185,0.12524958104427059,-0.10621915854193434,0.2076097637697854,-0.1423795707887985,-0.30629867924452736,0.850552378255915,-0.40307546285808943,0.17055452839328952,-0.11668263070320763,0.14542542747112042,0.4000000000000001
38.04093289375305,1788958727.7540405,side_neg,0,-0.6,-0.9,1.1,0.2,0.6,-0.5967185497283936,-0.898912787437439,1.087592363357544,0.200951486825943,0.6028544902801514,0.1718500169334725,-0.11674291855947566,0.1487031447287636,0.3327385088404327,0.09107178296530205,-0.3303224926726039,0.8785659143836185,0.12524958104427059,-0.10621915854193434,0.2076097637697854,-0.1423795707887985,-0.30629867924452736,0.850552378255915,-0.40307546285808943,0.17055452839328952,-0.11668263070320763,0.14542542747112042,0.4000000000000001
38.050918102264404,1788958727.7540405,side_neg,0,-0.6,-0.9,1.1,0.2,0.6,-0.5967185497283936,-0.898912787437439,1.087592363357544,0.200951486825943,0.6028544902801514,0.1718500169334725,-0.11674291855947566,0.1487031447287636,0.3327385088404327,0.09107178296530205,-0.3303224926726039,0.8785659143836185,0.12524958104427059,-0.10621915854193434,0.2076097637697854,-0.1423795707887985,-0.30629867924452736,0.850552378255915,-0.40307546285808943,0.17055452839328952,-0.11668263070320763,0.14542542747112042,0.4000000000000001
38.06181740760803,1788958727.7540405,side_neg,0,-0.6,-0.9,1.1,0.2,0.6,-0.5967185497283936,-0.898912787437439,1.087592363357544,0.200951486825943,0.6028544902801514,0.1718500169334725,-0.11674291855947566,0.1487031447287636,0.3327385088404327,0.09107178296530205,-0.3303224926726039,0.8785659143836185,0.12524958104427059,-0.10621915854193434,0.2076097637697854,-0.1423795707887985,-0.30629867924452736,0.850552378255915,-0.40307546285808943,0.17055452839328952,-0.11668263070320763,0.14542542747112042,0.4000000000000001
38.0708589553833,1788958727.7540405,side_neg,0,-0.6,-0.9,1.1,0.2,0.6,-0.5967185497283936,-0.898912787437439,1.087592363357544,0.200951486825943,0.6028544902801514,0.1718500169334725,-0.11674291855947566,0.1487031447287636,0.3327385088404327,0.09107178296530205,-0.3303224926726039,0.8785659143836185,0.12524958104427059,-0.10621915854193434,0.2076097637697854,-0.1423795707887985,-0.30629867924452736,0.850552378255915,-0.40307546285808943,0.17055452839328952,-0.11668263070320763,0.14542542747112042,0.4000000000000001
38.07163333892822,1788958727.7540405,side_neg,0,-0.6,-0.9,1.1,0.2,0.6,-0.5967185497283936,-0.898912787437439,1.087592363357544,0.200951486825943,0.6028544902801514,0.1718500169334725,-0.11674291855947566,0.1487031447287636,0.3327385088404327,0.09107178296530205,-0.3303224926726039,0.8785659143836185,0.12524958104427059,-0.10621915854193434,0.2076097637697854,-0.1423795707887985,-0.30629867924452736,0.850552378255915,-0.40307546285808943,0.17055452839328952,-0.11668263070320763,0.14542542747112042,0.4000000000000001
38.07208728790283,1788958727.7873986,side_neg,0,-0.6,-0.9,1.1,0.2,0.6,-0.5967185497283936,-0.898912787437439,1.087592363357544,0.200951486825943,0.6028544902801514,0.1718500169334725,-0.11674291855947566,0.1487031447287636,0.3327385088404327,0.09107178296530205,-0.3303224926726039,0.8785659143836185,0.1252731510038091,-0.10621016438999807,0.2076242301768889,-0.14211593540142867,-0.30564825317789057,0.8509474551275897,-0.40282829449550867,0.17055452839328952,-0.11668263070320763,0.14542542747112042,0.4000000000000001
38.08194637298584,1788958727.7873986,side_neg,0,-0.6,-0.9,1.1,0.2,0.6,-0.5967185497283936,-0.898912787437439,1.087592363357544,0.200951486825943,0.6028544902801514,0.1718500169334725,-0.11674291855947566,0.1487031447287636,0.3327385088404327,0.09107178296530205,-0.3303224926726039,0.8785659143836185,0.1252731510038091,-0.10621016438999807,0.2076242301768889,-0.14211593540142867,-0.30564825317789057,0.8509474551275897,-0.40282829449550867,0.17055452839328952,-0.11668263070320763,0.14542542747112042,0.4000000000000001
38.08265209197998,1788958727.7873986,side_neg,0,-0.6,-0.9,1.1,0.2,0.6,-0.5967185497283936,-0.898912787437439,1.087592363357544,0.200951486825943,0.6028544902801514,0.1718500169334725,-0.11674291855947566,0.1487031447287636,0.3327385088404327,0.09107178296530205,-0.3303224926726039,0.8785659143836185,0.1252731510038091,-0.10621016438999807,0.2076242301768889,-0.14211593540142867,-0.30564825317789057,0.8509474551275897,-0.40282829449550867,0.17055452839328952,-0.11668263070320763,0.14542542747112042,0.4000000000000001
38.09202265739441,1788958727.7873986,side_neg,0,-0.6,-0.9,1.1,0.2,0.6,-0.5967185497283936,-0.898912787437439,1.087592363357544,0.200951486825943,0.6028544902801514,0.1718500169334725,-0.11674291855947566,0.1487031447287636,0.3327385088404327,0.09107178296530205,-0.3303224926726039,0.8785659143836185,0.1252731510038091,-0.10621016438999807,0.2076242301768889,-0.14211593540142867,-0.30564825317789057,0.8509474551275897,-0.40282829449550867,0.17055452839328952,-0.11668263070320763,0.14542542747112042,0.4000000000000001
38.10096859931946,1788958727.7873986,side_neg,0,-0.6,-0.9,1.1,0.2,0.6,-0.5967185497283936,-0.898912787437439,1.087592363357544,0.200951486825943,0.6028544902801514,0.1718500169334725,-0.11674291855947566,0.1487031447287636,0.3327385088404327,0.09107178296530205,-0.3303224926726039,0.8785659143836185,0.1252731510038091,-0.10621016438999807,0.2076242301768889,-0.14211593540142867,-0.30564825317789057,0.8509474551275897,-0.40282829449550867,0.17055452839328952,-0.11668263070320763,0.14542542747112042,0.4000000000000001
38.104716539382935,1788958727.7873986,side_neg,0,-0.6,-0.9,1.1,0.2,0.6,-0.5967185497283936,-0.898912787437439,1.087592363357544,0.200951486825943,0.6028544902801514,0.1718500169334725,-0.11674291855947566,0.1487031447287636,0.3327385088404327,0.09107178296530205,-0.3303224926726039,0.8785659143836185,0.1252731510038091,-0.10621016438999807,0.2076242301768889,-0.14211593540142867,-0.30564825317789057,0.8509474551275897,-0.40282829449550867,0.17055452839328952,-0.11668263070320763,0.14542542747112042,0.4000000000000001
38.10546684265137,1788958727.820757,side_neg,0,-0.6,-0.9,1.1,0.2,0.6,-0.5967185497283936,-0.898912787437439,1.087592363357544,0.200951486825943,0.6028544902801514,0.1718500169334725,-0.11674291855947566,0.1487031447287636,0.3327385088404327,0.09107178296530205,-0.3303224926726039,0.8785659143836185,0.12530190552863202,-0.10620689220056155,0.20767439622395556,-0.14244706731275297,-0.306268223378357,0.850622838026213,-0.4029260425821248,0.17055452839328952,-0.11668263070320763,0.14542542747112042,0.4000000000000001
38.110848903656006,1788958727.820757,side_neg,0,-0.6,-0.9,1.1,0.2,0.6,-0.5967185497283936,-0.898912787437439,1.087592363357544,0.200951486825943,0.6028544902801514,0.1718500169334725,-0.11674291855947566,0.1487031447287636,0.3327385088404327,0.09107178296530205,-0.3303224926726039,0.8785659143836185,0.12530190552863202,-0.10620689220056155,0.20767439622395556,-0.14244706731275297,-0.306268223378357,0.850622838026213,-0.4029260425821248,0.17055452839328952,-0.11668263070320763,0.14542542747112042,0.4000000000000001
38.12089395523071,1788958727.820757,side_neg,0,-0.6,-0.9,1.1,0.2,0.6,-0.5967185497283936,-0.898912787437439,1.087592363357544,0.200951486825943,0.6028544902801514,0.1718500169334725,-0.11674291855947566,0.1487031447287636,0.3327385088404327,0.09107178296530205,-0.3303224926726039,0.8785659143836185,0.12530190552863202,-0.10620689220056155,0.20767439622395556,-0.14244706731275297,-0.306268223378357,0.850622838026213,-0.4029260425821248,0.17055452839328952,-0.11668263070320763,0.14542542747112042,0.4000000000000001
38.12760257720947,1788958727.820757,side_neg,0,-0.6,-0.9,1.1,0.2,0.6,-0.5967185497283936,-0.898912787437439,1.087592363357544,0.200951486825943,0.6028544902801514,0.1718500169334725,-0.11674291855947566,0.1487031447287636,0.3327385088404327,0.09107178296530205,-0.3303224926726039,0.8785659143836185,0.12530190552863202,-0.10620689220056155,0.20767439622395556,-0.14244706731275297,-0.306268223378357,0.850622838026213,-0.4029260425821248,0.17055452839328952,-0.11668263070320763,0.14542542747112042,0.4000000000000001
38.1281259059906,1788958727.854115,side_neg,0,-0.6,-0.9,1.1,0.2,0.6,-0.5967185497283936,-0.898912787437439,1.087592363357544,0.200951486825943,0.6028544902801514,0.1718500169334725,-0.11674291855947566,0.1487031447287636,0.3327385088404327,0.09107178296530205,-0.3303224926726039,0.8785659143836185,0.12523362397615007,-0.10622967112118027,0.20756401933689445,-0.14248550490070833,-0.30555413657526287,0.8507396306827039,-0.40320792564233243,0.17055452839328952,-0.11668263070320763,0.14542542747112042,0.4000000000000001
38.18984079360962,1788958727.854115,side_neg,0,-0.6,-0.9,1.1,0.2,0.6,-0.5967185497283936,-0.898912787437439,1.087592363357544,0.200951486825943,0.6028544902801514,0.1718500169334725,-0.11674291855947566,0.1487031447287636,0.3327385088404327,0.09107178296530205,-0.3303224926726039,0.8785659143836185,0.12523362397615007,-0.10622967112118027,0.20756401933689445,-0.14248550490070833,-0.30555413657526287,0.8507396306827039,-0.40320792564233243,0.17055452839328952,-0.11668263070320763,0.14542542747112042,0.4000000000000001
38.19029688835144,1788958727.854115,side_neg,0,-0.6,-0.9,1.1,0.2,0.6,-0.5967185497283936,-0.898912787437439,1.087592363357544,0.200951486825943,0.6028544902801514,0.1718500169334725,-0.11674291855947566,0.1487031447287636,0.3327385088404327,0.09107178296530205,-0.3303224926726039,0.8785659143836185,0.12523362397615007,-0.10622967112118027,0.20756401933689445,-0.14248550490070833,-0.30555413657526287,0.8507396306827039,-0.40320792564233243,0.17055452839328952,-0.11668263070320763,0.14542542747112042,0.4000000000000001
38.190765142440796,1788958727.887473,side_neg,0,-0.6,-0.9,1.1,0.2,0.6,-0.5967185497283936,-0.898912787437439,1.087592363357544,0.200951486825943,0.6028544902801514,0.1718500169334725,-0.11674291855947566,0.1487031447287636,0.3327385088404327,0.09107178296530205,-0.3303224926726039,0.8785659143836185,0.1253513867640894,-0.10618208995700217,0.2077359727199944,-0.14277649218725516,-0.30568979799550433,0.8503759046840065,-0.40376904464437124,0.17055452839328952,-0.11668263070320763,0.14542542747112042,0.4000000000000001
38.191293478012085,1788958727.887473,side_neg,0,-0.6,-0.9,1.1,0.2,0.6,-0.5967185497283936,-0.898912787437439,1.087592363357544,0.200951486825943,0.6028544902801514,0.1718500169334725,-0.11674291855947566,0.1487031447287636,0.3327385088404327,0.09107178296530205,-0.3303224926726039,0.8785659143836185,0.1253513867640894,-0.10618208995700217,0.2077359727199944,-0.14277649218725516,-0.30568979799550433,0.8503759046840065,-0.40376904464437124,0.17055452839328952,-0.11668263070320763,0.14542542747112042,0.4000000000000001
38.19163751602173,1788958727.887473,side_neg,0,-0.6,-0.9,1.1,0.2,0.6,-0.5967185497283936,-0.898912787437439,1.087592363357544,0.200951486825943,0.6028544902801514,0.1718500169334725,-0.11674291855947566,0.1487031447287636,0.3327385088404327,0.09107178296530205,-0.3303224926726039,0.8785659143836185,0.1253513867640894,-0.10618208995700217,0.2077359727199944,-0.14277649218725516,-0.30568979799550433,0.8503759046840065,-0.40376904464437124,0.17055452839328952,-0.11668263070320763,0.14542542747112042,0.4000000000000001
38.192283630371094,1788958727.887473,side_neg,0,-0.6,-0.9,1.1,0.2,0.6,-0.5967185497283936,-0.898912787437439,1.087592363357544,0.200951486825943,0.6028544902801514,0.1718500169334725,-0.11674291855947566,0.1487031447287636,0.3327385088404327,0.09107178296530205,-0.3303224926726039,0.8785659143836185,0.1253513867640894,-0.10618208995700217,0.2077359727199944,-0.14277649218725516,-0.30568979799550433,0.8503759046840065,-0.40376904464437124,0.17055452839328952,-0.11668263070320763,0.14542542747112042,0.4000000000000001
38.1926383972168,1788958727.887473,side_neg,0,-0.6,-0.9,1.1,0.2,0.6,-0.5967185497283936,-0.898912787437439,1.087592363357544,0.200951486825943,0.6028544902801514,0.1718500169334725,-0.11674291855947566,0.1487031447287636,0.3327385088404327,0.09107178296530205,-0.3303224926726039,0.8785659143836185,0.1253513867640894,-0.10618208995700217,0.2077359727199944,-0.14277649218725516,-0.30568979799550433,0.8503759046840065,-0.40376904464437124,0.17055452839328952,-0.11668263070320763,0.14542542747112042,0.4000000000000001
38.19304871559143,1788958727.887473,side_neg,0,-0.6,-0.9,1.1,0.2,0.6,-0.5967185497283936,-0.898912787437439,1.087592363357544,0.200951486825943,0.6028544902801514,0.1718500169334725,-0.11674291855947566,0.1487031447287636,0.3327385088404327,0.09107178296530205,-0.3303224926726039,0.8785659143836185,0.1253513867640894,-0.10618208995700217,0.2077359727199944,-0.14277649218725516,-0.30568979799550433,0.8503759046840065,-0.40376904464437124,0.17055452839328952,-0.11668263070320763,0.14542542747112042,0.4000000000000001
38.19351840019226,1788958727.887473,side_neg,0,-0.6,-0.9,1.1,0.2,0.6,-0.5967185497283936,-0.898912787437439,1.087592363357544,0.200951486825943,0.6028544902801514,0.1718500169334725,-0.11674291855947566,0.1487031447287636,0.3327385088404327,0.09107178296530205,-0.3303224926726039,0.8785659143836185,0.1253513867640894,-0.10618208995700217,0.2077359727199944,-0.14277649218725516,-0.30568979799550433,0.8503759046840065,-0.40376904464437124,0.17055452839328952,-0.11668263070320763,0.14542542747112042,0.4000000000000001
38.19397330284119,1788958727.887473,side_neg,0,-0.6,-0.9,1.1,0.2,0.6,-0.5967185497283936,-0.898912787437439,1.087592363357544,0.200951486825943,0.6028544902801514,0.1718500169334725,-0.11674291855947566,0.1487031447287636,0.3327385088404327,0.09107178296530205,-0.3303224926726039,0.8785659143836185,0.1253513867640894,-0.10618208995700217,0.2077359727199944,-0.14277649218725516,-0.30568979799550433,0.8503759046840065,-0.40376904464437124,0.17055452839328952,-0.11668263070320763,0.14542542747112042,0.4000000000000001
38.19429874420166,1788958727.887473,side_neg,0,-0.6,-0.9,1.1,0.2,0.6,-0.5967185497283936,-0.898912787437439,1.087592363357544,0.200951486825943,0.6028544902801514,0.1718500169334725,-0.11674291855947566,0.1487031447287636,0.3327385088404327,0.09107178296530205,-0.3303224926726039,0.8785659143836185,0.1253513867640894,-0.10618208995700217,0.2077359727199944,-0.14277649218725516,-0.30568979799550433,0.8503759046840065,-0.40376904464437124,0.17055452839328952,-0.11668263070320763,0.14542542747112042,0.4000000000000001
38.19467544555664,1788958727.9208312,side_neg,0,-0.6,-0.9,1.1,0.2,0.6,-0.5967185497283936,-0.898912787437439,1.087592363357544,0.200951486825943,0.6028544902801514,0.1718876352752006,-0.11676847383775303,0.1488546032433275,0.3326817219038602,0.09083681370735988,-0.3302647776879778,0.8786334399539365,0.12536312982530784,-0.10618000187231108,0.2077472137091938,-0.1428099863143267,-0.30564739532190405,0.850603619513415,-0.403309384979466,0.17055452839328952,-0.11668263070320763,0.14542542747112042,0.4000000000000001
38.20086073875427,1788958727.9208312,side_neg,0,-0.6,-0.9,1.1,0.2,0.6,-0.5967185497283936,-0.898912787437439,1.087592363357544,0.200951486825943,0.6028544902801514,0.1718876352752006,-0.11676847383775303,0.1488546032433275,0.3326817219038602,0.09083681370735988,-0.3302647776879778,0.8786334399539365,0.12536312982530784,-0.10618000187231108,0.2077472137091938,-0.1428099863143267,-0.30564739532190405,0.850603619513415,-0.403309384979466,0.17055452839328952,-0.11668263070320763,0.14542542747112042,0.4000000000000001
38.210830211639404,1788958727.9208312,side_neg,0,-0.6,-0.9,1.1,0.2,0.6,-0.5967185497283936,-0.898912787437439,1.087592363357544,0.200951486825943,0.6028544902801514,0.1718876352752006,-0.11676847383775303,0.1488546032433275,0.3326817219038602,0.09083681370735988,-0.3302647776879778,0.8786334399539365,0.12536312982530784,-0.10618000187231108,0.2077472137091938,-0.1428099863143267,-0.30564739532190405,0.850603619513415,-0.403309384979466,0.17055452839328952,-0.11668263070320763,0.14542542747112042,0.4000000000000001
38.22202706336975,1788958727.9208312,side_neg,0,-0.6,-0.9,1.1,0.2,0.6,-0.5967185497283936,-0.898912787437439,1.087592363357544,0.200951486825943,0.6028544902801514,0.1718876352752006,-0.11676847383775303,0.1488546032433275,0.3326817219038602,0.09083681370735988,-0.3302647776879778,0.8786334399539365,0.12536312982530784,-0.10618000187231108,0.2077472137091938,-0.1428099863143267,-0.30564739532190405,0.850603619513415,-0.403309384979466,0.17055452839328952,-0.11668263070320763,0.14542542747112042,0.4000000000000001
38.23095774650574,1788958727.9208312,side_neg,0,-0.6,-0.9,1.1,0.2,0.6,-0.5967185497283936,-0.898912787437439,1.087592363357544,0.200951486825943,0.6028544902801514,0.1718876352752006,-0.11676847383775303,0.1488546032433275,0.3326817219038602,0.09083681370735988,-0.3302647776879778,0.8786334399539365,0.12536312982530784,-0.10618000187231108,0.2077472137091938,-0.1428099863143267,-0.30564739532190405,0.850603619513415,-0.403309384979466,0.17055452839328952,-0.11668263070320763,0.14542542747112042,0.4000000000000001
38.23888945579529,1788958727.9208312,side_neg,0,-0.6,-0.9,1.1,0.2,0.6,-0.5967185497283936,-0.898912787437439,1.087592363357544,0.200951486825943,0.6028544902801514,0.1718876352752006,-0.11676847383775303,0.1488546032433275,0.3326817219038602,0.09083681370735988,-0.3302647776879778,0.8786334399539365,0.12536312982530784,-0.10618000187231108,0.2077472137091938,-0.1428099863143267,-0.30564739532190405,0.850603619513415,-0.403309384979466,0.17055452839328952,-0.11668263070320763,0.14542542747112042,0.4000000000000001
38.23951816558838,1788958727.9541895,side_neg,0,-0.6,-0.9,1.1,0.2,0.6,-0.5967185497283936,-0.9004467725753784,1.087592363357544,0.200951486825943,0.6028544902801514,0.17195085846906916,-0.11681142326717162,0.14910979212900882,0.3325860128748497,0.09044098798683764,-0.33016750569927655,0.8787470568441713,0.125425692655195,-0.1061634950839244,0.20783026392929,-0.14222586930167602,-0.30674104730440455,0.8504605752260103,-0.40298702458791874,0.17055452839328952,-0.11668263070320763,0.14542542747112042,0.4000000000000001
38.24185228347778,1788958727.9541895,side_neg,0,-0.6,-0.9,1.1,0.2,0.6,-0.5967185497283936,-0.9004467725753784,1.087592363357544,0.200951486825943,0.6028544902801514,0.17195085846906916,-0.11681142326717162,0.14910979212900882,0.3325860128748497,0.09044098798683764,-0.33016750569927655,0.8787470568441713,0.125425692655195,-0.1061634950839244,0.20783026392929,-0.14222586930167602,-0.30674104730440455,0.8504605752260103,-0.40298702458791874,0.17055452839328952,-0.11668263070320763,0.14542542747112042,0.4000000000000001
38.24259042739868,1788958727.9541895,side_neg,0,-0.6,-0.9,1.1,0.2,0.6,-0.5967185497283936,-0.9004467725753784,1.087592363357544,0.200951486825943,0.6028544902801514,0.17195085846906916,-0.11681142326717162,0.14910979212900882,0.3325860128748497,0.09044098798683764,-0.33016750569927655,0.8787470568441713,0.125425692655195,-0.1061634950839244,0.20783026392929,-0.14222586930167602,-0.30674104730440455,0.8504605752260103,-0.40298702458791874,0.17055452839328952,-0.11668263070320763,0.14542542747112042,0.4000000000000001
38.250896692276,1788958727.9541895,side_neg,0,-0.6,-0.9,1.1,0.2,0.6,-0.5967185497283936,-0.9004467725753784,1.087592363357544,0.200951486825943,0.6028544902801514,0.17195085846906916,-0.11681142326717162,0.14910979212900882,0.3325860128748497,0.09044098798683764,-0.33016750569927655,0.8787470568441713,0.125425692655195,-0.1061634950839244,0.20783026392929,-0.14222586930167602,-0.30674104730440455,0.8504605752260103,-0.40298702458791874,0.17055452839328952,-0.11668263070320763,0.14542542747112042,0.4000000000000001
38.26273250579834,1788958727.9541895,side_neg,0,-0.6,-0.9,1.1,0.2,0.6,-0.5967185497283936,-0.9004467725753784,1.087592363357544,0.200951486825943,0.6028544902801514,0.17195085846906916,-0.11681142326717162,0.14910979212900882,0.3325860128748497,0.09044098798683764,-0.33016750569927655,0.8787470568441713,0.125425692655195,-0.1061634950839244,0.20783026392929,-0.14222586930167602,-0.30674104730440455,0.8504605752260103,-0.40298702458791874,0.17055452839328952,-0.11668263070320763,0.14542542747112042,0.4000000000000001
38.271235704422,1788958727.9541895,side_neg,0,-0.6,-0.9,1.1,0.2,0.6,-0.5967185497283936,-0.9004467725753784,1.087592363357544,0.200951486825943,0.6028544902801514,0.17195085846906916,-0.11681142326717162,0.14910979212900882,0.3325860128748497,0.09044098798683764,-0.33016750569927655,0.8787470568441713,0.125425692655195,-0.1061634950839244,0.20783026392929,-0.14222586930167602,-0.30674104730440455,0.8504605752260103,-0.40298702458791874,0.17055452839328952,-0.11668263070320763,0.14542542747112042,0.4000000000000001
38.27171182632446,1788958727.9875479,side_neg,0,-0.6,-0.9,1.1,0.2,0.6,-0.5967185497283936,-0.898912787437439,1.087592363357544,0.200951486825943,0.6028544902801514,0.17190149883193864,-0.11677789177150769,0.1489104920603715,0.33266076393398314,0.09075011673205499,-0.33024347734125137,0.8786583398144785,0.12553721620292496,-0.10611239885239332,0.20798870440066725,-0.1427926905352653,-0.30580445744139667,0.8507595560912004,-0.40286729708202573,0.17055452839328952,-0.11668263070320763,0.14542542747112042,0.4000000000000001
38.272207498550415,1788958727.9875479,side_neg,0,-0.6,-0.9,1.1,0.2,0.6,-0.5967185497283936,-0.898912787437439,1.087592363357544,0.200951486825943,0.6028544902801514,0.17190149883193864,-0.11677789177150769,0.1489104920603715,0.33266076393398314,0.09075011673205499,-0.33024347734125137,0.8786583398144785,0.12553721620292496,-0.10611239885239332,0.20798870440066725,-0.1427926905352653,-0.30580445744139667,0.8507595560912004,-0.40286729708202573,0.17055452839328952,-0.11668263070320763,0.14542542747112042,0.4000000000000001
38.280948877334595,1788958727.9875479,side_neg,0,-0.6,-0.9,1.1,0.2,0.6,-0.5967185497283936,-0.898912787437439,1.087592363357544,0.200951486825943,0.6028544902801514,0.17190149883193864,-0.11677789177150769,0.1489104920603715,0.33266076393398314,0.09075011673205499,-0.33024347734125137,0.8786583398144785,0.12553721620292496,-0.10611239885239332,0.20798870440066725,-0.1427926905352653,-0.30580445744139667,0.8507595560912004,-0.40286729708202573,0.17055452839328952,-0.11668263070320763,0.14542542747112042,0.4000000000000001
38.29200744628906,1788958727.9875479,side_neg,0,-0.6,-0.9,1.1,0.2,0.6,-0.5967185497283936,-0.898912787437439,1.087592363357544,0.200951486825943,0.6028544902801514,0.17190149883193864,-0.11677789177150769,0.1489104920603715,0.33266076393398314,0.09075011673205499,-0.33024347734125137,0.8786583398144785,0.12553721620292496,-0.10611239885239332,0.20798870440066725,-0.1427926905352653,-0.30580445744139667,0.8507595560912004,-0.40286729708202573,0.17055452839328952,-0.11668263070320763,0.14542542747112042,0.4000000000000001
38.29299330711365,1788958727.9875479,side_neg,0,-0.6,-0.9,1.1,0.2,0.6,-0.5967185497283936,-0.898912787437439,1.087592363357544,0.200951486825943,0.6028544902801514,0.17190149883193864,-0.11677789177150769,0.1489104920603715,0.33266076393398314,0.09075011673205499,-0.33024347734125137,0.8786583398144785,0.12553721620292496,-0.10611239885239332,0.20798870440066725,-0.1427926905352653,-0.30580445744139667,0.8507595560912004,-0.40286729708202573,0.17055452839328952,-0.11668263070320763,0.14542542747112042,0.4000000000000001
38.294142961502075,1788958727.9875479,side_neg,0,-0.6,-0.9,1.1,0.2,0.6,-0.5967185497283936,-0.898912787437439,1.087592363357544,0.200951486825943,0.6028544902801514,0.17190149883193864,-0.11677789177150769,0.1489104920603715,0.33266076393398314,0.09075011673205499,-0.33024347734125137,0.8786583398144785,0.12553721620292496,-0.10611239885239332,0.20798870440066725,-0.1427926905352653,-0.30580445744139667,0.8507595560912004,-0.40286729708202573,0.17055452839328952,-0.11668263070320763,0.14542542747112042,0.4000000000000001
38.29456424713135,1788958728.0209067,side_neg,0,-0.6,-0.9,1.1,0.2,0.6,-0.5967185497283936,-0.898912787437439,1.087592363357544,0.200951486825943,0.6028544902801514,0.1718500169334725,-0.11674291855947566,0.1487031447287636,0.3327385088404327,0.09107178296530205,-0.3303224926726039,0.8785659143836185,0.1250946694458988,-0.10627027128954966,0.2073870125018673,-0.14275752446105044,-0.30511214841962553,0.8510762324886169,-0.4027357850868175,0.17055452839328952,-0.11668263070320763,0.14542542747112042,0.4000000000000001
38.30187487602234,1788958728.0209067,side_neg,0,-0.6,-0.9,1.1,0.2,0.6,-0.5967185497283936,-0.898912787437439,1.087592363357544,0.200951486825943,0.6028544902801514,0.1718500169334725,-0.11674291855947566,0.1487031447287636,0.3327385088404327,0.09107178296530205,-0.3303224926726039,0.8785659143836185,0.1250946694458988,-0.10627027128954966,0.2073870125018673,-0.14275752446105044,-0.30511214841962553,0.8510762324886169,-0.4027357850868175,0.17055452839328952,-0.11668263070320763,0.14542542747112042,0.4000000000000001
38.31086564064026,1788958728.0209067,side_neg,0,-0.6,-0.9,1.1,0.2,0.6,-0.5967185497283936,-0.898912787437439,1.087592363357544,0.200951486825943,0.6028544902801514,0.1718500169334725,-0.11674291855947566,0.1487031447287636,0.3327385088404327,0.09107178296530205,-0.3303224926726039,0.8785659143836185,0.1250946694458988,-0.10627027128954966,0.2073870125018673,-0.14275752446105044,-0.30511214841962553,0.8510762324886169,-0.4027357850868175,0.17055452839328952,-0.11668263070320763,0.14542542747112042,0.4000000000000001
38.32195544242859,1788958728.0209067,side_neg,0,-0.6,-0.9,1.1,0.2,0.6,-0.5967185497283936,-0.898912787437439,1.087592363357544,0.200951486825943,0.6028544902801514,0.1718500169334725,-0.11674291855947566,0.1487031447287636,0.3327385088404327,0.09107178296530205,-0.3303224926726039,0.8785659143836185,0.1250946694458988,-0.10627027128954966,0.2073870125018673,-0.14275752446105044,-0.30511214841962553,0.8510762324886169,-0.4027357850868175,0.17055452839328952,-0.11668263070320763,0.14542542747112042,0.4000000000000001
38.32778334617615,1788958728.0209067,side_neg,0,-0.6,-0.9,1.1,0.2,0.6,-0.5967185497283936,-0.898912787437439,1.087592363357544,0.200951486825943,0.6028544902801514,0.1718500169334725,-0.11674291855947566,0.1487031447287636,0.3327385088404327,0.09107178296530205,-0.3303224926726039,0.8785659143836185,0.1250946694458988,-0.10627027128954966,0.2073870125018673,-0.14275752446105044,-0.30511214841962553,0.8510762324886169,-0.4027357850868175,0.17055452839328952,-0.11668263070320763,0.14542542747112042,0.4000000000000001
38.328245401382446,1788958728.054266,side_neg,0,-0.6,-0.9,1.1,0.2,0.6,-0.5967185497283936,-0.9004467725753784,1.087592363357544,0.200951486825943,0.6028544902801514,0.1718500169334725,-0.11674291855947566,0.1487031447287636,0.3327385088404327,0.09107178296530205,-0.3303224926726039,0.8785659143836185,0.1253792441607795,-0.10617600703372189,0.20777336354652892,-0.14274470497325376,-0.3056320222178609,0.8508498591237108,-0.40282444492145925,0.17055452839328952,-0.11668263070320763,0.14542542747112042,0.4000000000000001
38.33185076713562,1788958728.054266,side_neg,0,-0.6,-0.9,1.1,0.2,0.6,-0.5967185497283936,-0.9004467725753784,1.087592363357544,0.200951486825943,0.6028544902801514,0.1718500169334725,-0.11674291855947566,0.1487031447287636,0.3327385088404327,0.09107178296530205,-0.3303224926726039,0.8785659143836185,0.1253792441607795,-0.10617600703372189,0.20777336354652892,-0.14274470497325376,-0.3056320222178609,0.8508498591237108,-0.40282444492145925,0.17055452839328952,-0.11668263070320763,0.14542542747112042,0.4000000000000001
38.34193706512451,1788958728.054266,side_neg,0,-0.6,-0.9,1.1,0.2,0.6,-0.5967185497283936,-0.9004467725753784,1.087592363357544,0.200951486825943,0.6028544902801514,0.1718500169334725,-0.11674291855947566,0.1487031447287636,0.3327385088404327,0.09107178296530205,-0.3303224926726039,0.8785659143836185,0.1253792441607795,-0.10617600703372189,0.20777336354652892,-0.14274470497325376,-0.3056320222178609,0.8508498591237108,-0.40282444492145925,0.17055452839328952,-0.11668263070320763,0.14542542747112042,0.4000000000000001
38.35130572319031,1788958728.054266,side_neg,0,-0.6,-0.9,1.1,0.2,0.6,-0.5967185497283936,-0.9004467725753784,1.087592363357544,0.200951486825943,0.6028544902801514,0.1718500169334725,-0.11674291855947566,0.1487031447287636,0.3327385088404327,0.09107178296530205,-0.3303224926726039,0.8785659143836185,0.1253792441607795,-0.10617600703372189,0.20777336354652892,-0.14274470497325376,-0.3056320222178609,0.8508498591237108,-0.40282444492145925,0.17055452839328952,-0.11668263070320763,0.14542542747112042,0.4000000000000001
38.35184621810913,1788958728.054266,side_neg,0,-0.6,-0.9,1.1,0.2,0.6,-0.5967185497283936,-0.9004467725753784,1.087592363357544,0.200951486825943,0.6028544902801514,0.1718500169334725,-0.11674291855947566,0.1487031447287636,0.3327385088404327,0.09107178296530205,-0.3303224926726039,0.8785659143836185,0.1253792441607795,-0.10617600703372189,0.20777336354652892,-0.14274470497325376,-0.3056320222178609,0.8508498591237108,-0.40282444492145925,0.17055452839328952,-0.11668263070320763,0.14542542747112042,0.4000000000000001
38.361857652664185,1788958728.054266,side_neg,0,-0.6,-0.9,1.1,0.2,0.6,-0.5967185497283936,-0.9004467725753784,1.087592363357544,0.200951486825943,0.6028544902801514,0.1718500169334725,-0.11674291855947566,0.1487031447287636,0.3327385088404327,0.09107178296530205,-0.3303224926726039,0.8785659143836185,0.1253792441607795,-0.10617600703372189,0.20777336354652892,-0.14274470497325376,-0.3056320222178609,0.8508498591237108,-0.40282444492145925,0.17055452839328952,-0.11668263070320763,0.14542542747112042,0.4000000000000001
38.371788024902344,1788958728.054266,side_neg,0,-0.6,-0.9,1.1,0.2,0.6,-0.5967185497283936,-0.9004467725753784,1.087592363357544,0.200951486825943,0.6028544902801514,0.1718500169334725,-0.11674291855947566,0.1487031447287636,0.3327385088404327,0.09107178296530205,-0.3303224926726039,0.8785659143836185,0.1253792441607795,-0.10617600703372189,0.20777336354652892,-0.14274470497325376,-0.3056320222178609,0.8508498591237108,-0.40282444492145925,0.17055452839328952,-0.11668263070320763,0.14542542747112042,0.4000000000000001
38.37238144874573,1788958728.087625,side_neg,0,-0.6,-0.9,1.1,0.2,0.6,-0.5967185497283936,-0.9004467725753784,1.087592363357544,0.200951486825943,0.6028544902801514,0.1718500169334725,-0.11674291855947566,0.1487031447287636,0.3327385088404327,0.09107178296530205,-0.3303224926726039,0.8785659143836185,0.125527274323036,-0.10612846330288464,0.20794875464772972,-0.14247702786403782,-0.30571920822044163,0.8507940324862845,-0.40297093758957825,0.17055452839328952,-0.11668263070320763,0.14542542747112042,0.4000000000000001
38.372904777526855,1788958728.087625,side_neg,0,-0.6,-0.9,1.1,0.2,0.6,-0.5967185497283936,-0.9004467725753784,1.087592363357544,0.200951486825943,0.6028544902801514,0.1718500169334725,-0.11674291855947566,0.1487031447287636,0.3327385088404327,0.09107178296530205,-0.3303224926726039,0.8785659143836185,0.125527274323036,-0.10612846330288464,0.20794875464772972,-0.14247702786403782,-0.30571920822044163,0.8507940324862845,-0.40297093758957825,0.17055452839328952,-0.11668263070320763,0.14542542747112042,0.4000000000000001
38.38092851638794,1788958728.087625,side_neg,0,-0.6,-0.9,1.1,0.2,0.6,-0.5967185497283936,-0.9004467725753784,1.087592363357544,0.200951486825943,0.6028544902801514,0.1718500169334725,-0.11674291855947566,0.1487031447287636,0.3327385088404327,0.09107178296530205,-0.3303224926726039,0.8785659143836185,0.125527274323036,-0.10612846330288464,0.20794875464772972,-0.14247702786403782,-0.30571920822044163,0.8507940324862845,-0.40297093758957825,0.17055452839328952,-0.11668263070320763,0.14542542747112042,0.4000000000000001
38.390817403793335,1788958728.087625,side_neg,0,-0.6,-0.9,1.1,0.2,0.6,-0.5967185497283936,-0.9004467725753784,1.087592363357544,0.200951486825943,0.6028544902801514,0.1718500169334725,-0.11674291855947566,0.1487031447287636,0.3327385088404327,0.09107178296530205,-0.3303224926726039,0.8785659143836185,0.125527274323036,-0.10612846330288464,0.20794875464772972,-0.14247702786403782,-0.30571920822044163,0.8507940324862845,-0.40297093758957825,0.17055452839328952,-0.11668263070320763,0.14542542747112042,0.4000000000000001
38.40080952644348,1788958728.087625,side_neg,0,-0.6,-0.9,1.1,0.2,0.6,-0.5967185497283936,-0.9004467725753784,1.087592363357544,0.200951486825943,0.6028544902801514,0.1718500169334725,-0.11674291855947566,0.1487031447287636,0.3327385088404327,0.09107178296530205,-0.3303224926726039,0.8785659143836185,0.125527274323036,-0.10612846330288464,0.20794875464772972,-0.14247702786403782,-0.30571920822044163,0.8507940324862845,-0.40297093758957825,0.17055452839328952,-0.11668263070320763,0.14542542747112042,0.4000000000000001
38.40437173843384,1788958728.087625,side_neg,0,-0.6,-0.9,1.1,0.2,0.6,-0.5967185497283936,-0.9004467725753784,1.087592363357544,0.200951486825943,0.6028544902801514,0.1718500169334725,-0.11674291855947566,0.1487031447287636,0.3327385088404327,0.09107178296530205,-0.3303224926726039,0.8785659143836185,0.125527274323036,-0.10612846330288464,0.20794875464772972,-0.14247702786403782,-0.30571920822044163,0.8507940324862845,-0.40297093758957825,0.17055452839328952,-0.11668263070320763,0.14542542747112042,0.4000000000000001
38.40484070777893,1788958728.120984,side_neg,0,-0.6,-0.9,1.1,0.2,0.6,-0.5967185497283936,-0.898912787437439,1.087592363357544,0.200951486825943,0.6028544902801514,0.1718500169334725,-0.11674291855947566,0.1487031447287636,0.3327385088404327,0.09107178296530205,-0.3303224926726039,0.8785659143836185,0.1254575268039464,-0.10613690489187409,0.20787736096477955,-0.14349907784246588,-0.3053956188407194,0.8507930393811521,-0.4028557245365116,0.17055452839328952,-0.11668263070320763,0.14542542747112042,0.4000000000000001
38.46687173843384,1788958728.120984,side_neg,0,-0.6,-0.9,1.1,0.2,0.6,-0.5967185497283936,-0.898912787437439,1.087592363357544,0.200951486825943,0.6028544902801514,0.1718500169334725,-0.11674291855947566,0.1487031447287636,0.3327385088404327,0.09107178296530205,-0.3303224926726039,0.8785659143836185,0.1254575268039464,-0.10613690489187409,0.20787736096477955,-0.14349907784246588,-0.3053956188407194,0.8507930393811521,-0.4028557245365116,0.17055452839328952,-0.11668263070320763,0.14542542747112042,0.4000000000000001
38.46732544898987,1788958728.120984,side_neg,0,-0.6,-0.9,1.1,0.2,0.6,-0.5967185497283936,-0.898912787437439,1.087592363357544,0.200951486825943,0.6028544902801514,0.1718500169334725,-0.11674291855947566,0.1487031447287636,0.3327385088404327,0.09107178296530205,-0.3303224926726039,0.8785659143836185,0.1254575268039464,-0.10613690489187409,0.20787736096477955,-0.14349907784246588,-0.3053956188407194,0.8507930393811521,-0.4028557245365116,0.17055452839328952,-0.11668263070320763,0.14542542747112042,0.4000000000000001
38.467742919921875,1788958728.1543434,side_neg,0,-0.6,-0.9,1.1,0.2,0.6,-0.5967185497283936,-0.9004467725753784,1.087592363357544,0.200951486825943,0.6028544902801514,0.1718500169334725,-0.11674291855947566,0.1487031447287636,0.3327385088404327,0.09107178296530205,-0.3303224926726039,0.8785659143836185,0.12519327755823673,-0.10623456617117977,0.2075420551195689,-0.14200892715021435,-0.3062945477403261,0.8509855842019585,-0.4022942332604906,0.17055452839328952,-0.11668263070320763,0.14542542747112042,0.4000000000000001
38.46819615364075,1788958728.1543434,side_neg,0,-0.6,-0.9,1.1,0.2,0.6,-0.5967185497283936,-0.9004467725753784,1.087592363357544,0.200951486825943,0.6028544902801514,0.1718500169334725,-0.11674291855947566,0.1487031447287636,0.3327385088404327,0.09107178296530205,-0.3303224926726039,0.8785659143836185,0.12519327755823673,-0.10623456617117977,0.2075420551195689,-0.14200892715021435,-0.3062945477403261,0.8509855842019585,-0.4022942332604906,0.17055452839328952,-0.11668263070320763,0.14542542747112042,0.4000000000000001
38.46851325035095,1788958728.1543434,side_neg,0,-0.6,-0.9,1.1,0.2,0.6,-0.5967185497283936,-0.9004467725753784,1.087592363357544,0.200951486825943,0.6028544902801514,0.1718500169334725,-0.11674291855947566,0.1487031447287636,0.3327385088404327,0.09107178296530205,-0.3303224926726039,0.8785659143836185,0.12519327755823673,-0.10623456617117977,0.2075420551195689,-0.14200892715021435,-0.3062945477403261,0.8509855842019585,-0.4022942332604906,0.17055452839328952,-0.11668263070320763,0.14542542747112042,0.4000000000000001
38.46888613700867,1788958728.1877024,side_neg,0,-0.6,-0.9,1.1,0.2,0.6,-0.5967185497283936,-0.898912787437439,1.087592363357544,0.200951486825943,0.6028544902801514,0.1718500169334725,-0.11674291855947566,0.1487031447287636,0.3327385088404327,0.09107178296530205,-0.3303224926726039,0.8785659143836185,0.12532191659379738,-0.10620479353327762,0.20768942011135993,-0.1425032365185772,-0.30579242052356714,0.8505846868304877,-0.403347881687198,0.17055452839328952,-0.11668263070320763,0.14542542747112042,0.4000000000000001
38.53046226501465,1788958728.1877024,side_neg,0,-0.6,-0.9,1.1,0.2,0.6,-0.5967185497283936,-0.898912787437439,1.087592363357544,0.200951486825943,0.6028544902801514,0.1718500169334725,-0.11674291855947566,0.1487031447287636,0.3327385088404327,0.09107178296530205,-0.3303224926726039,0.8785659143836185,0.12532191659379738,-0.10620479353327762,0.20768942011135993,-0.1425032365185772,-0.30579242052356714,0.8505846868304877,-0.403347881687198,0.17055452839328952,-0.11668263070320763,0.14542542747112042,0.4000000000000001
38.59202027320862,1788958728.1877024,side_neg,0,-0.6,-0.9,1.1,0.2,0.6,-0.5967185497283936,-0.898912787437439,1.087592363357544,0.200951486825943,0.6028544902801514,0.1718500169334725,-0.11674291855947566,0.1487031447287636,0.3327385088404327,0.09107178296530205,-0.3303224926726039,0.8785659143836185,0.12532191659379738,-0.10620479353327762,0.20768942011135993,-0.1425032365185772,-0.30579242052356714,0.8505846868304877,-0.403347881687198,0.17055452839328952,-0.11668263070320763,0.14542542747112042,0.4000000000000001
38.65363335609436,1788958728.2210615,side_neg,0,-0.6,-0.9,1.1,0.2,0.6,-0.5967185497283936,-0.898912787437439,1.087592363357544,0.200951486825943,0.6028544902801514,0.1718500169334725,-0.11674291855947566,0.1487031447287636,0.3327385088404327,0.09107178296530205,-0.3303224926726039,0.8785659143836185,0.12526276737775144,-0.10621253231443546,0.20762225115147998,-0.14238751224578713,-0.3064782166781933,0.8505454146839007,-0.40295086129502455,0.17055452839328952,-0.11668263070320763,0.14542542747112042,0.4000000000000001
38.71548509597778,1788958728.2210615,side_neg,0,-0.6,-0.9,1.1,0.2,0.6,-0.5967185497283936,-0.898912787437439,1.087592363357544,0.200951486825943,0.6028544902801514,0.1718500169334725,-0.11674291855947566,0.1487031447287636,0.3327385088404327,0.09107178296530205,-0.3303224926726039,0.8785659143836185,0.12526276737775144,-0.10621253231443546,0.20762225115147998,-0.14238751224578713,-0.3064782166781933,0.8505454146839007,-0.40295086129502455,0.17055452839328952,-0.11668263070320763,0.14542542747112042,0.4000000000000001
38.71597123146057,1788958728.2210615,side_neg,0,-0.6,-0.9,1.1,0.2,0.6,-0.5967185497283936,-0.898912787437439,1.087592363357544,0.200951486825943,0.6028544902801514,0.1718500169334725,-0.11674291855947566,0.1487031447287636,0.3327385088404327,0.09107178296530205,-0.3303224926726039,0.8785659143836185,0.12526276737775144,-0.10621253231443546,0.20762225115147998,-0.14238751224578713,-0.3064782166781933,0.8505454146839007,-0.40295086129502455,0.17055452839328952,-0.11668263070320763,0.14542542747112042,0.4000000000000001
38.71641564369202,1788958728.2877798,side_neg,0,-0.6,-0.9,1.1,0.2,0.6,-0.5967185497283936,-0.898912787437439,1.087592363357544,0.200951486825943,0.6028544902801514,0.1718500169334725,-0.11674291855947566,0.1487031447287636,0.3327385088404327,0.09107178296530205,-0.3303224926726039,0.8785659143836185,0.12557424726960303,-0.10608396421890139,0.20805560868606388,-0.1431559463994656,-0.30523544158359817,0.8507766854780439,-0.403133639949252,0.17055452839328952,-0.11668263070320763,0.14542542747112042,0.4000000000000001
38.77828764915466,1788958728.2877798,side_neg,0,-0.6,-0.9,1.1,0.2,0.6,-0.5967185497283936,-0.898912787437439,1.087592363357544,0.200951486825943,0.6028544902801514,0.1718500169334725,-0.11674291855947566,0.1487031447287636,0.3327385088404327,0.09107178296530205,-0.3303224926726039,0.8785659143836185,0.12557424726960303,-0.10608396421890139,0.20805560868606388,-0.1431559463994656,-0.30523544158359817,0.8507766854780439,-0.403133639949252,0.17055452839328952,-0.11668263070320763,0.14542542747112042,0.4000000000000001
38.83998465538025,1788958728.2877798,side_neg,0,-0.6,-0.9,1.1,0.2,0.6,-0.5967185497283936,-0.898912787437439,1.087592363357544,0.200951486825943,0.6028544902801514,0.1718500169334725,-0.11674291855947566,0.1487031447287636,0.3327385088404327,0.09107178296530205,-0.3303224926726039,0.8785659143836185,0.12557424726960303,-0.10608396421890139,0.20805560868606388,-0.1431559463994656,-0.30523544158359817,0.8507766854780439,-0.403133639949252,0.17055452839328952,-0.11668263070320763,0.14542542747112042,0.4000000000000001
38.90180969238281,1788958728.4879353,side_neg,0,-0.6,-0.9,1.1,0.2,0.6,-0.5967185497283936,-0.898912787437439,1.087592363357544,0.200951486825943,0.6028544902801514,0.1718500169334725,-0.11674291855947566,0.1487031447287636,0.3327385088404327,0.09107178296530205,-0.3303224926726039,0.8785659143836185,0.12542428902247577,-0.10615754093933116,0.20785000831289752,-0.14240570135747543,-0.3060269392084242,0.8508582781146747,-0.40262677415112375,0.17055452839328952,-0.11668263070320763,0.14542542747112042,0.4000000000000001
38.9637668132782,1788958728.4879353,side_neg,0,-0.6,-0.9,1.1,0.2,0.6,-0.5967185497283936,-0.898912787437439,1.087592363357544,0.200951486825943,0.6028544902801514,0.1718500169334725,-0.11674291855947566,0.1487031447287636,0.3327385088404327,0.09107178296530205,-0.3303224926726039,0.8785659143836185,0.12542428902247577,-0.10615754093933116,0.20785000831289752,-0.14240570135747543,-0.3060269392084242,0.8508582781146747,-0.40262677415112375,0.17055452839328952,-0.11668263070320763,0.14542542747112042,0.4000000000000001
39.02535104751587,1788958728.4879353,side_neg,0,-0.6,-0.9,1.1,0.2,0.6,-0.5967185497283936,-0.898912787437439,1.087592363357544,0.200951486825943,0.6028544902801514,0.1718500169334725,-0.11674291855947566,0.1487031447287636,0.3327385088404327,0.09107178296530205,-0.3303224926726039,0.8785659143836185,0.12542428902247577,-0.10615754093933116,0.20785000831289752,-0.14240570135747543,-0.3060269392084242,0.8508582781146747,-0.40262677415112375,0.17055452839328952,-0.11668263070320763,0.14542542747112042,0.4000000000000001
39.087135314941406,1788958728.6547318,side_neg,0,-0.6,-0.9,1.1,0.2,0.6,-0.5967185497283936,-0.898912787437439,1.087592363357544,0.200951486825943,0.6028544902801514,0.1718500169334725,-0.11674291855947566,0.1487031447287636,0.3327385088404327,0.09107178296530205,-0.3303224926726039,0.8785659143836185,0.12520598580519432,-0.10623520106743535,0.20753078021940413,-0.1422905646596742,-0.30600833333431365,0.8507335791215709,-0.40294499934083905,0.17055452839328952,-0.11668263070320763,0.14542542747112042,0.4000000000000001
39.14895725250244,1788958728.6547318,side_neg,0,-0.6,-0.9,1.1,0.2,0.6,-0.5967185497283936,-0.898912787437439,1.087592363357544,0.200951486825943,0.6028544902801514,0.1718500169334725,-0.11674291855947566,0.1487031447287636,0.3327385088404327,0.09107178296530205,-0.3303224926726039,0.8785659143836185,0.12520598580519432,-0.10623520106743535,0.20753078021940413,-0.1422905646596742,-0.30600833333431365,0.8507335791215709,-0.40294499934083905,0.17055452839328952,-0.11668263070320763,0.14542542747112042,0.4000000000000001
39.210325479507446,1788958728.6547318,side_neg,0,-0.6,-0.9,1.1,0.2,0.6,-0.5967185497283936,-0.898912787437439,1.087592363357544,0.200951486825943,0.6028544902801514,0.1718500169334725,-0.11674291855947566,0.1487031447287636,0.3327385088404327,0.09107178296530205,-0.3303224926726039,0.8785659143836185,0.12520598580519432,-0.10623520106743535,0.20753078021940413,-0.1422905646596742,-0.30600833333431365,0.8507335791215709,-0.40294499934083905,0.17055452839328952,-0.11668263070320763,0.14542542747112042,0.4000000000000001
39.27202892303467,1788958728.8548877,side_neg,0,-0.6,-0.9,1.1,0.2,0.6,-0.5967185497283936,-0.898912787437439,1.087592363357544,0.200951486825943,0.6028544902801514,0.1718500169334725,-0.11674291855947566,0.1487031447287636,0.3327385088404327,0.09107178296530205,-0.3303224926726039,0.8785659143836185,0.12538622840927616,-0.10616569944157567,0.20777981113073507,-0.14241060470425584,-0.3059772376587806,0.8508222533295504,-0.40273892652895754,0.17055452839328952,-0.11668263070320763,0.14542542747112042,0.4000000000000001
39.333683490753174,1788958728.8548877,side_neg,0,-0.6,-0.9,1.1,0.2,0.6,-0.5967185497283936,-0.898912787437439,1.087592363357544,0.200951486825943,0.6028544902801514,0.1718500169334725,-0.11674291855947566,0.1487031447287636,0.3327385088404327,0.09107178296530205,-0.3303224926726039,0.8785659143836185,0.12538622840927616,-0.10616569944157567,0.20777981113073507,-0.14241060470425584,-0.3059772376587806,0.8508222533295504,-0.40273892652895754,0.17055452839328952,-0.11668263070320763,0.14542542747112042,0.4000000000000001
39.39538359642029,1788958728.8548877,side_neg,0,-0.6,-0.9,1.1,0.2,0.6,-0.5967185497283936,-0.898912787437439,1.087592363357544,0.200951486825943,0.6028544902801514,0.1718500169334725,-0.11674291855947566,0.1487031447287636,0.3327385088404327,0.09107178296530205,-0.3303224926726039,0.8785659143836185,0.12538622840927616,-0.10616569944157567,0.20777981113073507,-0.14241060470425584,-0.3059772376587806,0.8508222533295504,-0.40273892652895754,0.17055452839328952,-0.11668263070320763,0.14542542747112042,0.4000000000000001
39.45774459838867,1788958729.0216844,side_neg,0,-0.6,-0.9,1.1,0.2,0.6,-0.5967185497283936,-0.898912787437439,1.087592363357544,0.200951486825943,0.6028544902801514,0.1718500169334725,-0.11674291855947566,0.1487031447287636,0.3327385088404327,0.09107178296530205,-0.3303224926726039,0.8785659143836185,0.12525547771406587,-0.10620940106688509,0.2076217009343354,-0.14249428742427958,-0.3056133545128438,0.8506380508156532,-0.40337422091576475,0.17055452839328952,-0.11668263070320763,0.14542542747112042,0.4000000000000001
